Date,Open,High,Low,Close,Adj Close,Volume
2000-03-13,220.0000,228.3000,219.1000,223.0000,97.8500,18772100
2000-03-14,225.5000,226.8000,210.0000,214.8000,94.2519,19553400
2000-03-15,213.0000,214.0000,203.8000,205.8000,90.3028,25601300
2000-03-16,210.8000,218.5000,202.0000,217.5000,95.4367,27641100
2000-03-17,216.0000,222.1000,215.9000,221.6000,97.2357,15711200
2000-03-20,111.0000,111.5000,106.3000,107.7000,94.5152,10583600
2000-03-21,106.1000,111.9000,103.6000,111.8000,98.1133,33435100
2000-03-22,113.5000,116.0000,111.1000,114.0000,100.0439,24370200
2000-03-23,114.5000,117.8000,113.6000,116.0000,101.7991,19227400
2000-03-24,117.4800,120.5000,115.0200,117.5600,103.1681,22063000
2000-03-27,118.0000,119.5000,117.1000,117.8000,103.3787,11752600
2000-03-28,117.0000,117.8000,113.1000,114.8000,100.7460,18336300
2000-03-29,115.4000,115.4000,110.0000,110.0000,96.5336,27189500
2000-03-30,107.3000,112.8000,103.5000,107.3000,94.1642,42328700
2000-03-31,108.1000,110.6000,104.0000,109.5000,96.0948,31349900
2000-04-03,107.8000,109.1000,100.8000,102.9000,90.3028,31551300
2000-04-04,103.6000,103.9000,88.3100,101.9000,89.4252,66213000
2000-04-05,97.5000,103.9000,96.2500,100.1000,87.8456,37631500
2000-04-06,102.4000,103.9000,99.7500,102.5000,89.9518,30499900
2000-04-07,104.1000,107.4000,102.6000,106.6000,93.5499,20645500
2000-04-10,107.6000,107.7000,99.2500,99.5000,87.3191,26988200
2000-04-11,97.1300,101.5000,95.0600,97.7500,85.7833,34497100
2000-04-12,97.6200,98.7500,90.2500,92.0000,80.7372,34824400
2000-04-13,92.8100,96.0000,88.0000,88.0000,77.2269,46330500
2000-04-14,86.0600,88.5000,78.0000,80.3800,70.5398,60851300
2000-04-17,78.0200,90.0000,78.0000,89.6300,78.6574,55398500
2000-04-18,89.4800,93.0000,87.3800,92.0000,80.7372,36260900
2000-04-19,92.5000,93.6300,89.0600,89.0600,78.1571,28082500
2000-04-20,90.3800,90.9700,86.0600,87.2500,76.5687,21255600
2000-04-24,83.4400,85.2500,79.8800,84.7500,74.3748,31190900
2000-04-25,86.5000,90.5000,86.0000,90.4700,79.3945,28663200
2000-04-26,90.6300,92.4200,87.1300,87.3800,76.6828,25688300
2000-04-27,84.0000,92.4800,82.2500,91.2500,80.0790,37010400
2000-04-28,93.5600,94.7500,92.1300,94.7500,83.1506,24828400
2000-05-01,95.7500,96.8800,94.2500,95.6300,83.9228,23205700
2000-05-02,94.8800,95.6300,89.7500,90.1300,79.0961,20307900
2000-05-03,89.5000,90.2500,85.5200,89.1300,78.2186,26589700
2000-05-04,89.0000,90.7500,87.6300,89.3100,78.3765,17750700
2000-05-05,88.1300,92.3100,88.0300,91.4400,80.2458,20571200
2000-05-08,90.5000,90.7500,87.7500,87.8800,77.1216,13903000
2000-05-09,88.5000,89.1300,84.3100,86.0000,75.4717,19825800
2000-05-10,84.3800,84.9800,79.5000,79.7500,69.9869,34847500
2000-05-11,82.7500,85.2500,80.8800,84.6300,74.2695,24709700
2000-05-12,85.3800,87.5600,84.0000,84.6300,74.2695,17832000
2000-05-15,84.8100,88.6300,82.6300,88.3100,77.4990,17950800
2000-05-16,90.0000,91.5000,88.0600,90.8100,79.6929,23758800
2000-05-17,89.2500,90.5000,87.7500,88.9400,78.0518,20339400
2000-05-18,89.0000,89.3600,85.3800,85.7500,75.2524,19063000
2000-05-19,83.7500,85.0000,81.3100,81.6900,71.6894,28178100
2000-05-22,81.6300,82.2500,75.5800,81.6300,71.6367,43879800
2000-05-23,81.3800,82.6300,74.2500,74.8100,65.6516,31898500
2000-05-24,75.0000,79.8800,72.2500,79.5000,69.7675,49476000
2000-05-25,80.2500,82.2500,76.5000,77.7500,68.2317,29632700
2000-05-26,77.7500,79.2500,75.7500,77.7500,68.2317,18203200
2000-05-30,80.0000,85.9400,80.0000,85.5600,75.0856,31590400
2000-05-31,84.4700,86.6700,83.3800,83.5000,73.2778,29675400
2000-06-01,85.1900,88.3800,84.0000,87.3800,76.6828,28993500
2000-06-02,92.6300,93.9400,82.5000,93.6300,82.1677,31677200
2000-06-05,92.2500,95.3100,91.8800,93.8600,82.3695,23784300
2000-06-06,93.1900,95.0000,90.8800,91.2500,80.0790,23200500
2000-06-07,91.5600,94.0000,89.5600,93.6900,82.2203,22524400
2000-06-08,94.6300,94.8800,91.6300,93.2500,81.8342,19313800
2000-06-09,94.7500,94.7500,93.0000,93.7500,82.2730,17014600
2000-06-12,94.3100,94.3100,90.0000,90.7500,79.6402,16484700
2000-06-13,90.5000,94.6300,89.3600,94.2500,82.7118,25187900
2000-06-14,94.8800,94.8800,91.5000,92.1300,80.8513,20274500
2000-06-15,91.8800,93.8800,90.8800,93.7500,82.2730,18807800
2000-06-16,94.7500,95.3100,93.0600,94.2500,82.7118,21203400
2000-06-19,94.0200,98.2500,92.6900,98.0000,86.0027,20042500
2000-06-20,98.2500,99.6900,97.1900,97.6300,85.6780,20988300
2000-06-21,96.8100,99.7200,96.6900,98.8800,86.7750,20880600
2000-06-22,98.6300,99.0000,94.5000,95.2500,83.5893,21526700
2000-06-23,95.0000,95.5000,91.3800,91.5000,80.2984,24888100
2000-06-26,93.0600,94.4200,92.0000,94.0000,82.4924,22169200
2000-06-27,93.7700,95.0600,92.3800,92.8800,81.5095,14786000
2000-06-28,92.9800,95.5000,92.5000,94.0000,82.4924,19259800
2000-06-29,92.9400,93.3800,90.6300,91.6400,80.4213,21355800
2000-06-30,91.8100,93.9500,91.3100,93.4400,82.0009,15153100
2000-07-03,93.5000,95.2500,93.2500,95.2500,83.5893,5212000
2000-07-05,93.6300,93.9700,90.8800,91.5600,80.3511,16489000
2000-07-06,91.5600,94.7500,90.0600,94.0000,82.4924,23594700
2000-07-07,95.0000,97.0000,94.4400,95.9400,84.1949,16603200
2000-07-10,94.6900,95.8800,94.0000,94.4800,82.9136,12659400
2000-07-11,94.0600,95.7500,92.8100,95.0000,83.3700,14374600
2000-07-12,95.4400,97.7500,94.6300,97.2500,85.3445,18252600
2000-07-13,97.9400,99.7500,97.1300,98.5000,86.4415,19566700
2000-07-14,100.3000,101.1000,98.8100,100.6000,88.2844,17219400
2000-07-17,100.9000,102.1000,99.8800,101.8000,89.3375,13140500
2000-07-18,100.4000,100.8000,98.3600,99.5000,87.3191,20684000
2000-07-19,98.3100,98.9400,95.6600,97.2500,85.3445,21828500
2000-07-20,97.8800,100.5000,97.2700,100.4000,88.1089,19521200
2000-07-21,98.4400,99.5200,97.0000,97.0000,85.1251,14411400
2000-07-24,97.9400,99.0000,94.2500,95.0000,83.3700,18579200
2000-07-25,95.6300,97.0000,93.8100,95.7500,84.0281,19065700
2000-07-26,95.5000,96.1300,93.2500,95.6300,83.9228,20318700
2000-07-27,93.9400,95.0600,91.5600,91.8800,80.6319,26141800
2000-07-28,92.1900,92.8800,86.0000,86.8800,76.2440,36485600
2000-07-31,87.6300,90.1300,85.7200,89.4400,78.4906,27609900
2000-08-01,89.8100,89.9800,87.6900,88.2500,77.4463,15751800
2000-08-02,87.8800,90.3900,86.5000,86.6900,76.0773,23578200
2000-08-03,84.2500,91.2500,83.3100,90.4400,79.3682,35874700
2000-08-04,92.0000,92.7700,89.1300,90.1300,79.0961,22283400
2000-08-07,90.8800,93.0300,90.2500,92.2500,80.9566,15103300
2000-08-08,92.0600,94.2500,91.5000,94.1300,82.6065,14832300
2000-08-09,93.6900,94.4400,91.3800,91.6300,80.4125,18649800
2000-08-10,91.8100,92.2300,89.5000,89.8100,78.8153,15336200
2000-08-11,89.2500,91.1100,87.8800,91.0600,79.9123,21050600
2000-08-14,91.3800,93.0000,90.2000,93.0000,81.6148,12539300
2000-08-15,92.7500,93.9800,92.0000,93.0000,81.6148,14090300
2000-08-16,93.4400,94.6900,92.0000,93.9400,82.4397,15245300
2000-08-17,92.9400,95.8800,92.8800,95.7500,84.0281,14492400
2000-08-18,95.9400,96.6300,94.6900,95.2500,83.5893,14706700
2000-08-21,96.0000,96.8600,94.3800,95.5000,83.8087,13560100
2000-08-22,96.0000,97.3600,95.2700,95.5000,83.8087,14878200
2000-08-23,94.6900,97.4400,93.8300,97.0600,85.1778,21396400
2000-08-24,97.4400,98.6900,96.0600,98.5600,86.4941,13567700
2000-08-25,98.4800,99.9500,97.0000,98.0300,86.0290,11764700
2000-08-28,98.2500,99.8400,97.9400,98.5000,86.4415,12314200
2000-08-29,98.6300,99.1700,97.8600,99.0000,86.8803,11162800
2000-08-30,98.3100,99.5000,97.7700,98.8800,86.7750,10545300
2000-08-31,99.6300,102.0000,99.5600,102.0000,89.5130,15588700
2000-09-01,103.0000,103.5000,101.2000,102.6000,90.0396,14071900
2000-09-05,101.6000,101.8000,99.4200,99.5000,87.3191,16348300
2000-09-06,99.2500,99.4800,95.5000,96.0000,84.2475,20964900
2000-09-07,96.8100,99.4200,96.5600,98.1300,86.1168,16669700
2000-09-08,97.7700,98.0000,94.7700,95.1300,83.4840,23475200
2000-09-11,94.5000,96.1300,92.0000,92.8100,81.4481,27262100
2000-09-12,93.5000,94.6900,90.8400,91.3800,80.1931,24256000
2000-09-13,90.2500,93.8800,90.0000,93.5000,82.0536,34093100
2000-09-14,95.2500,95.9400,92.6400,93.0000,81.6148,28615300
2000-09-15,93.1300,93.6300,90.6900,91.2500,80.0790,24994600
2000-09-18,91.8100,93.0000,88.0000,89.8800,78.8768,29218500
2000-09-19,90.7500,93.7800,89.8800,93.1900,81.7815,27568700
2000-09-20,93.3800,95.2300,91.3100,94.6300,83.0453,33123200
2000-09-21,93.7500,94.4800,87.0000,87.7500,77.0075,25031400
2000-09-22,87.6300,93.2500,87.5000,92.9400,81.5621,33710100
2000-09-25,93.6300,94.2500,90.0000,90.4700,79.3945,20560800
2000-09-26,90.7700,92.5000,88.9200,89.4400,78.4906,26011200
2000-09-27,90.6300,91.1900,88.0000,89.5600,78.5959,28482900
2000-09-28,88.7200,93.0000,88.7200,91.5600,80.3511,29050000
2000-09-29,92.0000,92.4500,88.6900,88.7500,77.8851,27198800
2000-10-02,90.2500,90.2500,86.0000,86.7500,76.1299,24968200
2000-10-03,88.0600,88.8100,83.2700,84.0000,73.7166,35731200
2000-10-04,83.5000,86.8600,82.1300,85.6300,75.1470,37672100
2000-10-05,85.2500,87.1900,84.5600,85.8800,75.3664,23443100
2000-10-06,85.5600,86.5600,81.2500,83.0000,72.8390,36335800
2000-10-09,82.5600,83.8100,79.3800,82.6300,72.5143,28834600
2000-10-10,81.8100,83.3100,77.8800,78.3100,68.7232,35283200
2000-10-11,76.8800,80.4500,76.0600,77.0600,67.6262,48462600
2000-10-12,79.2500,79.5600,74.4100,75.1300,65.9325,53223600
2000-10-13,74.6900,81.6300,74.6300,81.2500,71.3033,42410200
2000-10-16,81.1300,82.3100,79.7500,82.0000,71.9614,27644900
2000-10-17,83.1300,83.1700,78.0000,78.2500,68.6705,52101400
2000-10-18,76.7500,81.1900,74.5600,78.0000,68.4511,64354400
2000-10-19,82.3900,85.1100,81.4400,85.0600,74.6468,44278900
2000-10-20,84.5000,87.8800,84.3900,86.3100,75.7438,40692200
2000-10-23,86.1900,87.5000,84.1300,86.1900,75.6385,28989200
2000-10-24,86.4400,87.0000,82.3800,82.5000,72.4002,31466200
2000-10-25,81.2500,82.0000,76.8900,77.8800,68.3458,48635400
2000-10-26,78.1900,80.0000,73.6300,79.8800,70.1010,69991300
2000-10-27,80.8600,81.8600,77.4800,79.7200,69.9606,51046400
2000-10-30,78.1900,79.8800,75.7000,76.7700,67.3717,35496700
2000-10-31,78.0000,82.5600,77.8800,81.7000,71.6982,43863800
2000-11-01,80.3100,82.8100,79.1900,81.0000,71.0839,45186400
2000-11-02,82.1900,83.2500,81.0600,82.0000,71.9614,26594300
2000-11-03,82.8800,83.9400,81.6400,83.0600,72.8917,29837100
2000-11-06,83.6300,84.1300,82.0000,82.4400,72.3476,23485800
2000-11-07,81.4400,82.4700,80.2500,82.1300,72.0755,24334400
2000-11-08,82.1300,82.2500,75.6300,75.7000,66.4327,40338200
2000-11-09,74.7500,76.9400,73.0000,75.6900,66.4239,64955900
2000-11-10,74.2500,75.6900,71.7500,71.7500,62.9663,49235500
2000-11-13,70.9500,74.1900,68.2700,71.8600,63.0628,75023400
2000-11-14,73.0000,76.0000,72.7500,75.8400,66.5556,44829500
2000-11-15,75.5600,78.0600,74.8000,77.3800,67.9070,37760900
2000-11-16,75.3800,77.0000,72.8800,72.8800,63.9579,33898700
2000-11-17,73.1900,75.1900,71.0000,72.8300,63.9140,49913800
2000-11-20,70.9400,72.0600,69.2500,69.8600,61.3076,46862300
2000-11-21,70.1900,71.1300,68.4400,69.7500,61.2111,42128600
2000-11-22,68.4400,70.1300,66.5000,66.6300,58.4731,56623700
2000-11-24,68.3800,70.6300,68.1700,70.4400,61.8166,19987900
2000-11-27,72.5600,72.9400,68.7500,69.5600,61.0444,35416600
2000-11-28,68.9400,69.9400,65.3100,65.4500,57.4375,48812700
2000-11-29,65.8100,66.7500,62.5000,62.9400,55.2348,66189300
2000-11-30,61.7500,64.2500,60.5000,62.9800,55.2699,74792600
2000-12-01,64.0600,66.7700,62.1300,64.0000,56.1650,57112500
2000-12-04,64.1300,65.3600,61.7500,65.0000,57.0426,49106300
2000-12-05,66.0600,71.0000,65.5000,70.6900,62.0360,76531800
2000-12-06,70.5900,72.3000,67.7500,68.0000,59.6753,63352100
2000-12-07,67.0000,68.9800,65.5000,66.5000,58.3590,41481100
2000-12-08,71.0900,73.5000,67.6300,68.0000,59.6753,65856900
2000-12-11,72.0600,74.7800,70.9500,74.3800,65.2743,51829800
2000-12-12,73.5000,73.8800,71.3100,71.6600,62.8873,31054500
2000-12-13,73.4400,73.5000,68.3100,68.7300,60.3160,51661600
2000-12-14,68.5200,69.6900,65.2500,65.3800,57.3761,41562700
2000-12-15,64.2500,65.6300,62.5600,63.8800,56.0597,59026100
2000-12-18,65.1600,65.9700,62.5600,64.0000,56.1650,42950000
2000-12-19,63.4500,65.8600,58.7500,59.1300,51.8912,80489200
2000-12-20,57.3100,58.3800,54.7500,55.7300,48.9074,81432100
2000-12-21,55.0200,58.7500,54.2500,56.0600,49.1970,85875600
2000-12-22,57.6300,60.7500,57.5000,60.5000,53.0935,57240000
2000-12-26,60.5900,61.9200,58.0000,60.8800,53.4270,37082800
2000-12-27,59.6900,61.5600,58.9400,61.5600,54.0237,33955500
2000-12-28,60.7800,62.4800,60.2500,61.4400,53.9184,30996900
2000-12-29,61.5600,62.2300,58.0000,58.3800,51.2330,49191000
2001-01-02,58.5600,58.6900,52.4400,53.4400,46.8978,62514100
2001-01-03,52.1900,65.2500,52.1600,62.4400,54.7960,118159600
2001-01-04,61.6300,63.6300,60.2300,61.3100,53.8043,58472800
2001-01-05,61.3100,61.3100,56.0000,56.6300,49.6973,68782900
2001-01-08,56.3100,57.5000,53.5200,57.2500,50.2414,55576500
2001-01-09,57.7500,59.1300,56.6300,57.2500,50.2414,53318900
2001-01-10,56.1300,60.3800,55.7500,60.1900,52.8214,74261100
2001-01-11,59.2700,63.6900,59.1900,61.9400,54.3572,65453900
2001-01-12,62.7500,64.6300,61.5000,62.7300,55.0505,60794200
2001-01-16,62.5600,62.9200,60.5600,61.9800,54.3923,32203300
2001-01-17,64.5000,65.6100,63.1400,63.8800,56.0597,61400500
2001-01-18,64.1300,66.7500,62.6900,66.5600,58.4116,54934700
2001-01-19,68.1400,68.3100,65.5600,66.3100,58.1922,56292500
2001-01-22,65.8800,67.0000,64.7500,66.3800,58.2537,35783800
2001-01-23,65.9100,68.4100,65.3100,67.7700,59.4735,49864400
2001-01-24,68.0600,69.1300,66.7500,67.1300,58.9118,53937500
2001-01-25,66.8800,67.6700,64.3900,64.5000,56.6038,57165100
2001-01-26,63.5600,65.9400,63.0000,65.5500,57.5253,45681500
2001-01-29,64.7500,67.2500,64.2500,67.0000,58.7978,31514100
2001-01-30,67.1500,67.7400,66.0000,66.7500,58.5784,42439300
2001-01-31,67.2500,67.9900,64.3000,64.3000,56.4283,59324200
2001-02-01,64.5500,65.6100,63.6000,65.1500,57.1742,45142600
2001-02-02,64.9400,65.3000,60.0000,61.5500,54.0150,47471000
2001-02-05,61.1900,61.9000,60.1200,61.5000,53.9711,36016300
2001-02-06,61.4900,63.1200,61.1600,61.6000,54.0588,42417700
2001-02-07,60.5100,61.2000,58.5800,60.6000,53.1813,61972200
2001-02-08,60.9000,61.5000,58.5800,58.7900,51.5928,48269500
2001-02-09,58.2500,58.6000,56.0000,56.4000,49.4954,55385200
2001-02-12,56.2500,57.9400,55.6200,57.0800,50.0922,50542900
2001-02-13,57.6500,59.1800,54.9800,55.2500,48.4862,58914000
2001-02-14,55.4000,57.7500,54.1200,57.4500,50.4169,63048200
2001-02-15,58.8000,60.4900,58.3000,58.4000,51.2506,67801300
2001-02-16,55.9600,56.8700,54.5300,55.1300,48.3809,66779700
2001-02-20,55.7400,55.8400,52.3000,52.9900,46.5029,55299800
2001-02-21,51.5500,54.0700,50.9200,51.5000,45.1953,72349000
2001-02-22,51.4500,52.1600,48.8900,51.0000,44.7565,103855500
2001-02-23,50.0900,51.6000,48.2300,51.1800,44.9145,93339300
2001-02-26,52.0800,52.6000,50.2500,52.1500,45.7657,78342700
2001-02-27,51.5400,52.0800,48.9000,49.0000,43.0013,66743500
2001-02-28,49.4500,50.2100,46.8600,47.4500,41.6411,102188800
2001-03-01,46.9700,49.2000,45.7500,48.8000,42.8258,101774300
2001-03-02,47.2000,49.6300,45.6500,46.7000,40.9829,95927300
2001-03-05,47.5000,48.3600,47.0900,47.5500,41.7289,43886400
2001-03-06,49.3000,50.6600,49.1000,49.4000,43.3524,60828600
2001-03-07,50.4000,50.4300,48.9700,49.4200,43.3699,55215500
2001-03-08,49.3500,49.8100,48.1000,48.5000,42.5626,48965000
2001-03-09,47.2500,47.3700,44.9500,45.1000,39.5788,79990900
2001-03-12,44.0000,44.9500,41.8000,42.3000,37.1216,80674000
2001-03-13,42.7800,44.7400,42.1300,44.4500,39.0084,80024400
2001-03-14,42.7000,45.1900,42.3100,43.7500,38.3941,97190000
2001-03-15,45.2000,45.3100,42.0500,42.1500,36.9899,74135500
2001-03-16,41.8800,42.8000,40.5600,41.2000,36.1562,77784500
2001-03-19,41.4400,43.2600,40.7500,43.2600,37.9640,53248200
2001-03-20,43.5500,43.8100,40.2000,40.3500,35.4103,105314800
2001-03-21,40.5200,41.8000,39.7100,40.3500,35.4103,96426600
2001-03-22,40.6300,42.8000,39.4900,42.8000,37.5604,130210700
2001-03-23,43.7000,43.8300,41.5000,42.8000,37.5604,95301500
2001-03-26,43.4000,43.5000,41.5500,41.8100,36.6916,58510000
2001-03-27,41.9000,43.7200,41.4200,43.2500,37.9553,70987700
2001-03-28,41.9000,42.2000,39.6800,39.7000,34.8399,78053200
2001-03-29,39.3800,40.6100,38.4000,38.9500,34.1817,79654900
2001-03-30,39.3000,39.9800,38.0000,39.1500,34.3572,63661800
2001-04-02,39.1700,39.8500,37.3000,37.4000,32.8214,69577400
2001-04-03,37.2000,37.7500,34.6200,34.6600,30.4169,89014700
2001-04-04,34.7400,35.8100,33.6000,34.0500,29.8815,76473900
2001-04-05,36.1500,37.9600,35.7100,37.3100,32.7425,87035800
2001-04-06,36.9000,37.1000,35.5000,36.3000,31.8561,86125600
2001-04-09,36.7900,37.3900,35.8500,37.0500,32.5143,51638000
2001-04-10,37.9000,40.4600,37.7800,39.8000,34.9276,94265100
2001-04-11,42.2000,42.5000,40.4500,41.0000,35.9807,92829500
2001-04-12,40.3000,42.8000,40.0000,42.8000,37.5604,79531500
2001-04-16,41.9500,42.4300,40.0600,40.2500,35.3225,65229200
2001-04-17,39.9500,42.7000,39.9000,41.2500,36.2001,94694300
2001-04-18,43.9400,51.0000,43.2000,45.5500,39.9737,129199600
2001-04-19,46.1000,48.7500,45.5800,48.3000,42.3870,110467100
2001-04-20,48.0500,49.4400,43.0500,48.4000,42.4748,80598100
2001-04-23,46.8500,47.7200,44.8900,45.1500,39.6227,79317600
2001-04-24,45.1000,46.4200,43.7500,44.3000,38.8767,88888300
2001-04-25,43.9000,45.5800,43.1000,45.1000,39.5788,68418400
2001-04-26,45.9500,46.2500,43.8700,43.9500,38.5696,71108900
2001-04-27,45.1500,45.4700,44.2400,45.1500,39.6227,56469800
2001-04-30,46.2500,47.5700,45.3000,46.1500,40.5002,73859100
2001-05-01,46.2000,48.0800,45.4000,48.0500,42.1676,54498300
2001-05-02,48.8000,49.4000,47.5000,48.9800,42.9838,77566500
2001-05-03,47.7000,47.9000,46.2000,46.8000,41.0707,67124900
2001-05-04,45.3000,48.2000,45.1100,48.2000,42.2993,72673600
2001-05-07,47.9500,48.6000,47.1000,47.2000,41.4217,45562200
2001-05-08,48.3000,48.3500,46.9900,48.2000,42.2993,56969700
2001-05-09,46.9500,47.9500,46.4400,46.5500,40.8513,60984600
2001-05-10,47.9200,48.0500,45.7200,45.7700,40.1668,61130300
2001-05-11,45.8400,46.4200,45.0900,45.5500,39.9737,48760400
2001-05-14,45.3000,45.3600,44.1100,44.8200,39.3331,43056800
2001-05-15,44.9000,46.3000,44.5800,45.1500,39.6227,69008100
2001-05-16,44.3100,47.5200,44.0600,47.1500,41.3778,80110500
2001-05-17,47.4500,48.7900,47.2600,47.9000,42.0360,73810700
2001-05-18,47.6400,48.3800,47.0900,48.0400,42.1589,41095100
2001-05-21,48.1700,51.1500,47.6500,51.0500,44.8004,85426900
2001-05-22,51.3100,51.9500,50.1800,50.9000,44.6687,77237400
2001-05-23,50.4500,50.4500,48.6400,48.6500,42.6942,65618000
2001-05-24,48.9700,49.9900,48.2700,49.9000,43.7912,61792800
2001-05-25,49.9600,50.0200,48.0200,48.9900,42.9926,36191100
2001-05-29,48.5000,48.5000,46.1000,46.1200,40.4739,66609600
2001-05-30,45.4000,45.8500,44.0800,44.4300,38.9908,81397400
2001-05-31,44.5600,45.8500,44.3000,44.7300,39.2541,68018300
2001-06-01,45.5500,46.2300,44.3300,46.0500,40.4125,61874300
2001-06-04,46.2900,46.9000,45.2900,45.8300,40.2194,41696100
2001-06-05,46.3000,48.3600,40.1500,47.8500,41.9921,68147500
2001-06-06,48.1000,48.8900,47.0700,47.4800,41.6674,61170400
2001-06-07,47.1400,49.4900,47.0800,48.7000,42.7381,65400200
2001-06-08,48.7000,48.7700,46.9500,47.3500,41.5533,56391400
2001-06-11,46.9000,48.4700,45.4900,46.0500,40.4125,48874400
2001-06-12,44.8500,46.8000,44.2300,45.8000,40.1931,78450500
2001-06-13,46.2700,46.7500,44.5200,44.5500,39.0961,68535400
2001-06-14,44.0000,44.4000,42.0000,42.2500,37.0777,91050300
2001-06-15,41.8000,43.1000,41.2800,42.6000,37.3848,84589400
2001-06-18,42.6500,43.1700,41.4000,42.0300,36.8846,63539100
2001-06-19,43.3500,43.5600,41.2600,41.8200,36.7003,73386900
2001-06-20,41.2800,42.9700,41.2800,42.7700,37.5340,83591600
2001-06-21,42.6700,44.2300,42.3000,43.3500,38.0430,67212600
2001-06-22,43.6200,44.2000,42.5900,43.2500,37.9553,51870400
2001-06-25,43.6500,43.8000,42.6500,43.3600,38.0518,39212100
2001-06-26,42.5000,43.8900,42.4800,43.5100,38.1834,55155100
2001-06-27,43.6800,44.1500,43.0000,43.7900,38.4292,53289400
2001-06-28,44.5000,46.3600,44.3500,44.3500,38.9206,89985900
2001-06-29,45.0900,46.5200,44.7000,45.7000,40.1053,59719600
2001-07-02,45.7000,46.4800,45.1900,45.4500,39.8859,50884300
2001-07-03,45.2500,45.6900,44.8000,45.6400,40.0527,24758400
2001-07-05,44.8900,45.1900,43.4500,43.4500,38.1308,44409800
2001-07-06,43.0000,43.1100,41.4900,41.6500,36.5511,53437400
2001-07-09,41.9000,42.6900,41.5000,42.0100,36.8671,45547400
2001-07-10,42.7900,42.8800,40.4000,40.5000,35.5419,58620000
2001-07-11,40.4000,41.1000,39.8700,41.0000,35.9807,77843600
2001-07-12,42.6500,43.8300,42.3000,43.6000,38.2624,70367600
2001-07-13,43.3800,44.4300,42.9000,43.1500,37.8675,62477800
2001-07-16,43.3700,43.8600,41.9000,42.3500,37.1654,53390800
2001-07-17,41.8300,43.4000,41.5400,43.3000,37.9991,59813000
2001-07-18,42.2500,42.8500,41.1400,41.6500,36.5511,64797200
2001-07-19,42.4500,43.3500,41.7500,42.6400,37.4199,76589300
2001-07-20,41.4900,42.1400,41.3600,41.6500,36.5511,49012800
2001-07-23,42.2800,42.4000,40.5500,40.6100,35.6385,55330500
2001-07-24,40.3800,40.9000,39.3100,40.1500,35.2348,70428900
2001-07-25,40.1400,40.7200,39.4000,40.5000,35.5419,68860900
2001-07-26,40.4500,41.8900,39.9800,41.1000,36.0685,69221800
2001-07-27,41.6500,42.2600,40.9000,41.9500,36.8144,47486200
2001-07-30,42.1500,42.3000,41.4000,41.7000,36.5950,39459400
2001-07-31,41.8400,42.7800,41.5000,41.7600,36.6477,55732500
2001-08-01,42.7000,43.5000,42.4100,43.1000,37.8236,53864800
2001-08-02,43.8000,44.0000,42.8200,43.9100,38.5345,53187300
2001-08-03,43.5200,43.5300,42.5600,43.1800,37.8938,51513700
2001-08-06,43.1800,43.1800,43.1800,43.1800,37.8938,31105700
2001-08-07,42.2200,42.8200,41.9400,42.2800,37.1040,38407500
2001-08-08,41.8500,42.6500,40.3000,40.5000,35.5419,76070200
2001-08-09,40.4500,40.8800,39.9800,40.6700,35.6911,66861400
2001-08-10,40.4300,40.7500,39.2300,40.2800,35.3489,68491900
2001-08-13,40.5900,41.3400,40.2000,41.1000,36.0685,48425700
2001-08-14,41.4900,41.7000,40.5400,40.6000,35.6297,51267600
2001-08-15,40.6200,40.9300,39.0700,39.1000,34.3133,58811300
2001-08-16,38.6500,39.5900,38.0400,39.5600,34.7170,68227200
2001-08-17,38.4000,38.8000,37.7100,37.7600,33.1374,56649300
2001-08-20,37.8500,38.6500,37.5200,38.2800,33.5937,49921300
2001-08-21,38.3000,38.6500,36.6500,36.6900,32.1984,56445100
2001-08-22,37.4500,37.8400,36.5400,37.6900,33.0759,65235400
2001-08-23,37.6800,38.4600,37.3000,37.3200,32.7512,54711800
2001-08-24,37.8600,39.3900,37.7500,39.3000,34.4888,58450700
2001-08-27,39.3000,39.9000,38.8300,39.3500,34.5327,50927500
2001-08-28,39.3400,39.4400,38.0100,38.1200,33.4533,65275500
2001-08-29,38.3700,38.4500,37.1300,37.5600,32.9618,59060500
2001-08-30,36.7500,37.3100,35.7500,36.1700,31.7420,76105800
2001-08-31,36.0400,37.0300,35.9400,36.1700,31.7420,54309000
2001-09-04,36.4500,37.5000,35.3500,35.4700,31.1277,74073600
2001-09-05,35.4900,35.9100,34.1500,35.3300,31.0048,95453300
2001-09-06,34.7400,35.5200,33.7800,33.9000,29.7499,88702400
2001-09-07,33.5800,35.1000,33.3500,33.7000,29.5744,95531000
2001-09-10,33.4900,34.3200,33.3400,34.1000,29.9254,80371300
2001-09-17,31.2500,32.8000,31.0900,31.2000,27.3804,97738700
2001-09-18,31.5300,32.5000,30.3700,30.5000,26.7661,66285300
2001-09-19,31.0000,31.0000,28.2600,29.9700,26.3010,116630800
2001-09-20,30.0900,30.0900,28.8000,28.9700,25.4234,90835200
2001-09-21,28.9700,28.9700,27.2000,28.1900,24.7389,112286600
2001-09-24,29.0800,30.0000,28.5900,29.6100,25.9851,85696500
2001-09-25,29.7100,30.4300,28.9500,29.7000,26.0641,83861500
2001-09-26,29.9500,30.0000,28.4100,28.6700,25.1602,59759800
2001-09-27,28.4000,28.7900,27.4200,28.4800,24.9934,70049900
2001-09-28,28.8400,29.9200,28.3100,28.9800,25.4322,84810100
2001-10-01,28.8500,28.9800,27.8500,28.7300,25.2128,53462000
2001-10-02,28.6500,29.4100,28.4000,28.8200,25.2918,74183400
2001-10-03,31.6100,31.6100,28.3300,31.0000,27.2049,136211900
2001-10-04,33.2000,33.2000,30.9400,31.3000,27.4682,127386900
2001-10-05,31.9000,31.9000,30.2600,31.7600,27.8719,96559200
2001-10-08,32.3500,32.3500,30.9600,31.8600,27.9597,67778800
2001-10-09,32.0200,32.0200,30.8700,31.0900,27.2839,57565700
2001-10-10,30.8500,32.5400,30.7500,32.5000,28.5213,73844600
2001-10-11,33.2000,35.2500,33.1400,34.7000,30.4520,117265300
2001-10-12,34.2200,34.8000,33.1400,34.5500,30.3203,111902800
2001-10-15,34.1200,34.5500,33.6600,34.4000,30.1887,78320900
2001-10-16,34.6700,35.1000,34.0700,34.9600,30.6801,81346800
2001-10-17,35.8700,36.0000,32.3000,32.4500,28.4774,141532700
2001-10-18,32.7000,33.5400,32.4000,33.3300,29.2497,94448300
2001-10-19,32.8100,33.7500,32.0000,33.5500,29.4428,73434200
2001-10-22,33.3700,34.5000,33.2200,34.4500,30.2326,74109400
2001-10-23,34.8300,35.4000,34.0000,34.6300,30.3905,104062200
2001-10-24,35.6800,35.6800,34.3200,35.3800,31.0487,90177600
2001-10-25,34.7100,36.8200,34.2300,36.8000,32.2949,118552200
2001-10-26,36.5000,37.0600,36.0100,36.0100,31.6016,93822800
2001-10-29,36.0000,36.1600,34.0400,34.0400,29.8728,92146500
2001-10-30,34.0900,34.0900,32.8400,33.3800,29.2936,96074500
2001-10-31,34.0800,34.9600,33.6800,33.9000,29.7499,106175100
2001-11-01,34.4400,35.5600,33.7800,35.3400,31.0136,92716000
2001-11-02,35.3000,35.8500,34.8900,35.6000,31.2418,64917700
2001-11-05,36.2500,37.1600,36.1600,36.7600,32.2598,64469300
2001-11-06,36.5700,38.2000,36.3900,38.1900,33.5147,107214800
2001-11-07,38.8400,38.8400,37.5000,38.1400,33.4708,92562500
2001-11-08,38.5500,39.4000,37.2500,37.7500,33.1286,105916300
2001-11-09,37.5400,38.0800,37.1200,37.7300,33.1110,74121900
2001-11-12,36.8000,38.3500,36.3000,38.0000,33.3480,112994400
2001-11-13,39.0300,39.5000,38.6300,39.3600,34.5415,97931800
2001-11-14,39.9800,40.2400,38.7400,39.6400,34.7872,88660100
2001-11-15,39.1600,40.1100,38.9500,39.4800,34.6468,86349300
2001-11-16,39.4800,39.6800,38.9200,39.3700,34.5503,64035500
2001-11-19,39.7900,40.4900,39.4900,40.4900,35.5332,69195800
2001-11-20,40.0800,40.2300,38.4800,38.6200,33.8921,85216500
2001-11-21,38.9500,38.9500,37.9800,38.6400,33.9096,60822900
2001-11-23,39.4300,39.4300,38.5700,39.2800,34.4713,27046000
2001-11-26,39.5300,40.3600,39.0100,40.2500,35.3225,75267500
2001-11-27,40.0500,40.9700,39.2000,40.2000,35.2787,100289700
2001-11-28,40.3700,40.3700,38.6900,38.7500,34.0062,101566800
2001-11-29,39.0400,40.0000,36.7400,39.9500,35.0593,83824700
2001-11-30,39.7300,40.0400,39.3600,39.6500,34.7960,66024000
2001-12-03,39.6000,39.6000,38.8700,38.9700,34.1992,60442300
2001-12-04,39.3400,40.8400,38.4400,40.8300,35.8315,79413000
2001-12-05,41.2300,43.1500,41.1200,42.8500,37.6042,115773700
2001-12-06,43.2400,43.2400,42.3600,42.9100,37.6569,77702100
2001-12-07,42.6000,42.6000,41.1400,41.7300,36.6213,81632600
2001-12-10,41.3000,42.2300,40.8800,41.0000,35.9807,69088000
2001-12-11,41.4600,42.2600,41.1300,41.2300,36.1826,66056500
2001-12-12,41.5200,41.9400,40.6000,41.5600,36.4722,76093400
2001-12-13,41.5600,41.5600,41.5600,41.5600,36.4722,79582600
2001-12-14,39.8700,40.4600,39.5700,40.1100,35.1997,70007400
2001-12-17,40.0200,41.2400,40.0200,40.8000,35.8052,62454400
2001-12-18,41.1600,41.5000,40.1600,41.2600,36.2089,50850400
2001-12-19,40.5000,41.3200,40.3200,40.5100,35.5507,79596200
2001-12-20,40.1200,40.3000,38.6800,38.7900,34.0413,83048800
2001-12-21,39.4500,39.7100,39.1500,39.4800,34.6468,56205000
2001-12-24,39.5400,39.6300,39.1500,39.3200,34.5064,13660400
2001-12-26,39.3700,40.3000,39.1600,39.6900,34.8311,37693900
2001-12-27,40.2000,40.2000,39.6000,40.0100,35.1119,34255200
2001-12-28,40.2900,40.8000,40.2300,40.3300,35.3927,38254000
2001-12-31,40.3100,40.4500,38.9100,38.9100,34.1466,46176000
2002-01-02,39.5600,40.1500,38.9300,40.1100,35.1997,61708800
2002-01-03,40.1100,40.1100,40.1100,40.1100,35.1997,85769100
2002-01-04,42.2900,42.2900,40.9300,41.6700,36.5687,86876900
2002-01-07,42.1100,42.2200,40.1100,41.2100,36.1650,75166200
2002-01-08,41.2100,41.2100,41.2100,41.2100,36.1650,66956800
2002-01-09,42.0000,42.6000,40.9000,41.1100,36.0773,85123000
2002-01-10,41.1700,41.5400,40.6800,41.3800,36.3142,75548000
2002-01-11,41.3100,41.6000,40.4700,40.8500,35.8491,60832900
2002-01-14,40.4700,40.6800,39.7000,39.9600,35.0680,71310700
2002-01-15,40.0400,40.7500,39.5600,40.3400,35.4015,66916100
2002-01-16,39.5400,39.9400,38.7700,38.7800,34.0325,90942000
2002-01-17,39.4800,39.9800,39.0100,39.6500,34.7960,75285900
2002-01-18,38.8300,39.4500,38.2200,38.5900,33.8658,81985600
2002-01-22,39.0000,39.0200,37.3300,37.4000,32.8214,81773800
2002-01-23,38.6900,38.6900,37.3500,38.4300,33.7253,74968800
2002-01-24,38.9400,39.5100,38.3500,38.9400,34.1729,77251200
2002-01-25,38.4700,39.1500,38.3600,38.8300,34.0764,58832100
2002-01-28,39.3900,39.3900,38.4200,39.0500,34.2694,47666800
2002-01-29,39.1300,39.4100,37.5200,37.9800,33.3304,83339800
2002-01-30,38.0000,38.8500,36.8500,38.2700,33.5849,101385500
2002-01-31,38.6000,38.7500,38.0200,38.5100,33.7955,69654000
2002-02-01,38.8800,38.8800,37.7000,38.1400,33.4708,61207100
2002-02-04,37.9600,38.0700,36.6100,36.9200,32.4002,82762900
2002-02-05,36.5900,37.3300,36.1900,36.3100,31.8649,86853800
2002-02-06,36.8400,36.8900,35.7000,36.0600,31.6455,98684900
2002-02-07,36.0000,36.5500,35.0000,35.1900,30.8820,97725400
2002-02-08,35.4600,36.2400,34.9700,36.1700,31.7420,80483100
2002-02-11,36.1400,39.1700,35.2500,36.6300,32.1457,57641200
2002-02-12,36.2700,36.9800,36.0400,36.3300,31.8824,51471400
2002-02-13,36.7200,37.1500,36.6100,36.9500,32.4265,60984700
2002-02-14,37.1500,37.5700,36.0000,36.8800,32.3651,77507500
2002-02-15,36.9100,36.9100,35.6400,35.7800,31.3998,79833700
2002-02-19,35.3800,35.4600,34.0000,34.6800,30.4344,72437200
2002-02-20,35.1700,35.1700,33.9300,35.1500,30.8469,106552700
2002-02-21,34.7900,34.9500,33.4800,33.4800,29.3813,109307800
2002-02-22,33.6500,34.2000,33.0900,33.6500,29.5305,99824200
2002-02-25,34.0100,35.2500,33.9600,35.0100,30.7240,88998400
2002-02-26,35.2300,35.4300,34.3700,34.8800,30.6099,94682900
2002-02-27,35.4000,35.5100,34.0600,34.4000,30.1887,95159300
2002-02-28,34.5100,34.9700,33.7500,33.7800,29.6446,95711200
2002-03-01,34.1500,35.7500,34.0900,35.7400,31.3647,86081600
2002-03-04,35.7500,37.2300,32.7400,37.1500,32.6020,105734600
2002-03-05,36.9400,37.8700,36.8100,37.4200,32.8390,91459800
2002-03-06,37.0500,37.9500,36.6000,37.6000,32.9970,86849400
2002-03-07,38.1800,38.3300,37.0100,37.6800,33.0672,85509000
2002-03-08,38.2900,39.0300,38.1300,38.6700,33.9360,84451200
2002-03-11,38.3500,39.1900,38.0600,38.5300,33.8131,71080200
2002-03-12,38.0000,38.0000,37.3200,38.0000,33.3480,82678600
2002-03-13,37.4100,37.6600,36.0000,37.0800,32.5406,71413500
2002-03-14,37.4000,37.4000,36.7200,36.8600,32.3475,70752100
2002-03-15,36.9000,37.3300,36.6000,37.2300,32.6722,63976400
2002-03-18,37.6400,37.9400,37.0500,37.4400,32.8565,78963600
2002-03-19,37.6000,37.8800,37.2200,37.3800,32.8039,58960500
2002-03-20,36.8800,37.0800,36.0400,36.0600,31.6455,61839900
2002-03-21,37.1400,37.1400,35.9000,37.0200,32.4880,92326900
2002-03-22,36.9400,37.1400,36.4700,36.6800,32.1896,58931200
2002-03-25,36.6900,36.9000,35.5200,35.5600,31.2067,87439100
2002-03-26,35.4300,36.4200,35.4000,35.8900,31.4963,92466600
2002-03-27,36.0000,36.0000,35.4000,35.6100,31.2506,64550400
2002-03-28,36.0200,36.3700,35.9000,36.0600,31.6455,59630700
2002-04-01,36.9000,36.9000,35.3000,36.7500,32.2510,70735900
2002-04-02,35.9900,36.1500,35.0000,35.0900,30.7942,77798800
2002-04-03,35.3000,35.4500,34.3000,35.0300,30.7416,85795900
2002-04-04,34.5100,35.1600,34.2800,34.7600,30.5046,90543700
2002-04-05,35.0100,35.1800,34.1800,34.3700,30.1624,68441400
2002-04-08,33.4800,34.8000,33.4300,34.8000,30.5397,74986400
2002-04-09,34.7800,34.9800,33.5000,33.5900,29.4779,81191900
2002-04-10,33.7600,34.2500,33.1300,33.8400,29.6973,85771400
2002-04-11,33.6600,33.8500,32.8900,33.0000,28.9601,90712200
2002-04-12,33.3300,33.8000,32.9500,33.5200,29.4164,78361800
2002-04-15,33.8000,33.9600,33.2000,33.7900,29.6534,69340200
2002-04-16,34.4300,35.2200,34.4200,35.2000,30.8908,72182200
2002-04-17,35.4000,35.5000,34.4500,35.0200,30.7328,69143800
2002-04-18,34.7900,35.1500,34.0000,34.3500,30.1448,91660100
2002-04-19,35.0500,35.0600,34.3800,34.4600,30.2414,62286800
2002-04-22,34.0100,34.0100,33.2500,33.5900,29.4779,64625600
2002-04-23,33.5900,33.9400,32.7000,33.0100,28.9689,73070304
2002-04-24,33.2100,33.3100,32.2000,32.5000,28.5213,68953904
2002-04-25,32.3000,32.7300,32.0000,32.4200,28.4511,103073696
2002-04-26,32.6600,32.7800,31.0100,31.0400,27.2400,100193400
2002-04-29,31.2400,31.5500,30.5600,31.1200,27.3102,85326800
2002-04-30,31.0300,32.1900,30.9400,31.7300,27.8456,95357904
2002-05-01,31.6700,31.8400,30.5800,31.5600,27.6964,109975696
2002-05-02,31.3900,31.9900,30.4600,30.5100,26.7749,85852200
2002-05-03,30.4700,30.5100,29.4800,29.7400,26.0992,92103200
2002-05-06,29.6300,29.9800,28.8500,28.9700,25.4234,96491200
2002-05-07,29.2700,29.3500,28.4200,28.7000,25.1865,101954400
2002-05-08,30.1300,31.8800,30.0000,31.7700,27.8807,129741504
2002-05-09,31.5700,31.8900,30.8000,30.9500,27.1611,106477200
2002-05-10,31.0100,31.0900,29.5000,29.5600,25.9412,112282800
2002-05-13,29.8700,30.9800,29.6700,30.7600,26.9943,93971200
2002-05-14,32.0500,32.6500,31.8700,32.5700,28.5827,107284704
2002-05-15,32.0800,33.6300,31.8500,32.8100,28.7933,150522096
2002-05-16,32.5400,33.0500,32.2200,32.8600,28.8372,89916304
2002-05-17,33.2900,33.4100,32.4700,32.9300,28.8987,82695000
2002-05-20,32.6000,32.7000,31.9400,32.2100,28.2668,78144200
2002-05-21,32.3600,32.5900,31.0000,31.3300,27.4945,104180000
2002-05-22,30.9700,31.5900,30.4100,31.4000,27.5560,89543104
2002-05-23,31.6300,32.1000,30.8000,32.0300,28.1088,94445800
2002-05-24,31.5900,31.6900,31.0100,31.2400,27.4156,55874600
2002-05-28,31.4700,31.5200,30.4900,31.1000,27.2927,68829400
2002-05-29,30.6600,30.9000,30.2400,30.2800,26.5731,73470200
2002-05-30,30.0100,30.7200,29.9000,30.5400,26.8012,92080496
2002-05-31,30.7600,31.0400,30.0000,30.0400,26.3625,79907400
2002-06-03,30.0000,30.2500,28.7900,28.9800,25.4322,77043696
2002-06-04,28.7500,29.6800,28.6100,29.3600,25.7657,98366200
2002-06-05,29.4200,29.8000,28.9700,29.6600,26.0290,95347104
2002-06-06,29.5100,29.5100,27.9000,28.8800,25.3445,91129696
2002-06-07,27.6300,28.7900,27.5200,28.3000,24.8355,106049200
2002-06-10,28.3600,28.7500,28.1400,28.2500,24.7916,73142896
2002-06-11,28.6000,28.6900,27.3600,27.4600,24.0983,84609504
2002-06-12,27.2400,27.9600,26.8300,27.8600,24.4493,152974400
2002-06-13,27.7600,28.2100,27.3500,27.6800,24.2914,97556304
2002-06-14,26.8600,27.7200,26.2000,27.6200,24.2387,122106800
2002-06-17,28.0000,28.7500,27.9100,28.5600,25.0636,87618096
2002-06-18,28.3100,29.1500,28.2800,29.0200,25.4673,100513400
2002-06-19,28.1000,28.3200,27.2500,27.3400,23.9930,93507600
2002-06-20,27.2700,27.4500,25.6700,26.4600,23.2207,99913200
2002-06-21,26.3600,26.7800,25.6500,25.8200,22.6591,168755104
2002-06-24,25.4500,26.8000,25.2100,26.3300,23.1066,219672096
2002-06-25,26.5800,26.7200,25.3000,25.4600,22.3431,136336400
2002-06-26,24.4300,25.7800,24.3900,25.6500,22.5099,149080304
2002-06-27,26.0000,26.2500,25.0200,26.2100,23.0013,121371104
2002-06-28,26.0500,26.7500,25.8500,26.1000,22.9048,87842000
2002-07-01,25.9700,26.1400,24.7800,24.8500,21.8078,64753900
2002-07-02,24.6000,24.7500,23.0900,23.9500,21.0180,111629600
2002-07-03,23.8500,24.7500,23.6200,24.7500,21.7201,101067000
2002-07-05,25.2600,26.3900,25.0500,26.3400,23.1154,56768300
2002-07-08,26.2000,26.5500,25.0800,25.3800,22.2729,97288496
2002-07-09,25.2500,25.4800,24.5900,24.6600,21.6411,91039600
2002-07-10,24.9900,25.0300,23.8300,23.9000,20.9741,115365200
2002-07-11,23.7600,24.8900,23.5300,24.8000,21.7639,170271200
2002-07-12,25.2500,25.5200,24.5500,24.8000,21.7639,130027800
2002-07-15,24.6800,25.6400,23.7500,25.5700,22.4397,140207200
2002-07-16,25.2500,26.0200,24.9000,25.1900,22.1062,148281696
2002-07-17,26.0700,26.4400,24.8900,25.6500,22.5099,157954704
2002-07-18,25.3800,25.5700,24.5200,24.7300,21.7025,114052304
2002-07-19,24.3300,24.7100,23.8000,23.9900,21.0531,124116400
2002-07-22,23.8500,24.5000,23.0900,23.4000,20.5353,150034800
2002-07-23,23.4500,23.7500,22.2800,22.4000,19.6578,150786800
2002-07-24,21.8100,23.6600,21.6400,23.6200,20.7284,186493600
2002-07-25,23.2500,23.4000,21.8000,22.2500,19.5261,153915504
2002-07-26,22.5600,22.8400,22.0100,22.6700,19.8947,96034200
2002-07-29,23.2700,24.1200,23.0800,23.8300,20.9127,96735200
2002-07-30,23.7300,24.6900,23.5900,24.3100,21.3339,117394304
2002-07-31,24.0000,24.1900,23.3600,23.8500,20.9302,93831296
2002-08-01,23.7400,23.9000,22.6600,22.7300,19.9474,85149696
2002-08-02,22.7800,22.8400,21.8200,22.2500,19.5261,86706000
2002-08-05,22.1100,22.3200,21.3000,21.4400,18.8153,84897800
2002-08-06,21.8000,23.0100,21.7900,22.5000,19.7455,115364600
2002-08-07,23.2000,23.3700,21.9600,22.8000,20.0088,125677104
2002-08-08,22.7500,23.6000,22.3000,23.5700,20.6845,111697904
2002-08-09,23.2000,23.7100,22.8800,23.3300,20.4739,93576896
2002-08-12,23.0500,23.4800,22.9000,23.4000,20.5353,62870900
2002-08-13,23.2300,23.8700,22.5500,22.6000,19.8333,88434400
2002-08-14,22.6700,24.2000,22.4700,24.0400,21.0970,102613504
2002-08-15,24.2400,24.5500,23.7200,24.5300,21.5270,120307800
2002-08-16,24.1300,25.0000,23.7300,24.7000,21.6762,95853000
2002-08-19,24.7700,25.5900,24.6800,25.3000,22.2027,76015904
2002-08-20,25.1800,25.4300,24.8500,25.1900,22.1062,89981296
2002-08-21,25.3900,25.8500,25.0000,25.7500,22.5976,101365504
2002-08-22,25.7400,26.2100,25.4200,26.1600,22.9575,80345504
2002-08-23,25.8000,25.8100,24.9500,25.1500,22.0711,75211200
2002-08-26,25.3000,25.3900,24.6100,25.2500,22.1589,83335400
2002-08-27,25.4300,25.5100,24.1500,24.3700,21.3866,92340400
2002-08-28,24.0200,24.0900,23.3900,23.4800,20.6055,115562304
2002-08-29,23.2000,24.2200,23.0200,23.7900,20.8776,97028200
2002-08-30,23.6200,24.0000,23.3800,23.4900,20.6143,59474900
2002-09-03,23.0600,23.4300,22.3400,22.6400,19.8684,81828096
2002-09-04,22.5000,23.0200,22.2400,22.7300,19.9474,82717600
2002-09-05,22.4000,22.5000,21.9300,22.1700,19.4559,91576600
2002-09-06,22.6600,23.2200,22.6000,22.8500,20.0527,86008800
2002-09-09,22.6700,23.3700,22.3900,23.0800,20.2545,72679504
2002-09-10,23.2300,23.6700,23.0300,23.6500,20.7547,74615800
2002-09-11,24.1200,24.3500,23.4200,23.4500,20.5792,73902800
2002-09-12,23.2300,23.2600,22.7100,22.8100,20.0176,70763504
2002-09-13,22.6000,23.0800,22.5200,22.9900,20.1755,79716096
2002-09-16,22.8600,23.0000,22.3700,22.6600,19.8859,58853600
2002-09-17,23.0500,23.2100,22.1800,22.1800,19.4647,89139696
2002-09-18,22.0100,22.5500,21.7800,21.9300,19.2453,92358304
2002-09-19,21.7000,22.1300,21.5500,21.5800,18.9381,86247696
2002-09-20,21.8300,21.9000,21.4800,21.6700,19.0171,78116896
2002-09-23,21.4500,21.5200,20.8100,21.0200,18.4467,72757504
2002-09-24,20.6800,21.4500,20.6500,21.0300,18.4555,91507296
2002-09-25,21.3500,22.0400,21.1000,21.8700,19.1926,98051904
2002-09-26,22.1600,22.3300,21.3700,21.6000,18.9557,104453504
2002-09-27,21.5500,22.2100,21.3100,21.3100,18.7012,92249696
2002-09-30,21.0700,21.2400,20.4900,20.7200,18.1834,91502496
2002-10-01,20.9100,21.9900,20.4700,21.9800,19.2892,102096000
2002-10-02,21.5100,21.9700,20.9700,21.2500,18.6485,94829696
2002-10-03,21.0600,21.4000,20.6800,20.7400,18.2010,74354800
2002-10-04,20.9400,21.0200,20.1100,20.3500,17.8587,81837104
2002-10-07,20.2600,20.5900,19.8500,20.1600,17.6920,79861800
2002-10-08,20.2800,20.6100,19.7600,20.2000,17.7271,94103104
2002-10-09,19.9400,20.5300,19.8400,20.0600,17.6042,103301000
2002-10-10,20.1000,21.2100,19.9100,21.0800,18.4994,109610496
2002-10-11,21.5500,22.3800,21.4200,22.2200,19.4998,124777400
2002-10-14,21.8700,22.5000,21.7800,22.4800,19.7280,78890304
2002-10-15,23.4400,23.6300,23.1800,23.5600,20.6757,118176000
2002-10-16,22.7100,23.1600,22.0700,22.7800,19.9912,97441904
2002-10-17,23.6000,23.8100,22.5800,23.5500,20.6670,95754496
2002-10-18,23.2800,23.8500,22.9300,23.8100,20.8951,84941904
2002-10-21,23.5200,24.4500,23.3000,24.2900,21.3164,85311504
2002-10-22,23.7300,24.3400,23.6500,24.1400,21.1847,89947000
2002-10-23,23.8500,24.6300,23.6700,24.6000,21.5884,88093504
2002-10-24,24.6800,24.8600,23.9200,23.9800,21.0443,88674800
2002-10-25,23.9900,24.7500,23.9900,24.7000,21.6762,71557296
2002-10-28,25.0000,25.0400,24.1700,24.4900,21.4919,90272000
2002-10-29,24.3100,24.4700,23.3700,23.9200,20.9917,90293800
2002-10-30,24.0600,24.7900,23.8500,24.5600,21.5533,103531104
2002-10-31,24.6600,25.0400,24.3600,24.5500,21.5446,81493104
2002-11-01,24.3700,25.4000,24.1400,25.2500,22.1589,86658400
2002-11-04,26.0500,26.8200,25.8000,25.9000,22.7293,110562400
2002-11-05,25.7100,26.1700,25.5600,26.1000,22.9048,79603296
2002-11-06,26.2900,26.6100,25.6400,26.4700,23.2295,116251696
2002-11-07,25.9900,26.1000,25.3100,25.5400,22.4134,82711600
2002-11-08,25.4900,25.8700,24.9600,25.0700,22.0009,76937600
2002-11-11,24.9500,25.0200,24.1500,24.3100,21.3339,74384304
2002-11-12,24.4000,25.4000,24.4000,24.9300,21.8780,88748800
2002-11-13,24.7000,25.7000,24.4900,25.2300,22.1413,119341800
2002-11-14,25.5800,26.4200,25.5200,26.1000,22.9048,85720096
2002-11-15,25.9000,26.4500,25.7500,26.4400,23.2032,69291296
2002-11-18,26.7100,26.7700,25.9900,26.0500,22.8609,76238000
2002-11-19,25.8000,26.0500,25.3000,25.6500,22.5099,88139200
2002-11-20,25.5600,26.7500,25.5400,26.7400,23.4664,75104704
2002-11-21,26.9300,27.8400,26.7500,27.7300,24.3353,105472896
2002-11-22,27.3700,27.9400,27.3200,27.7200,24.3265,73808600
2002-11-25,27.7600,28.2000,27.5400,27.9900,24.5634,72666096
2002-11-26,27.7800,27.8700,26.9000,27.0500,23.7385,80017904
2002-11-27,27.5300,28.2000,27.4800,27.9100,24.4932,73643904
2002-11-29,28.2100,28.2900,27.2200,27.7200,24.3265,34652100
2002-12-02,28.4200,28.7900,27.5700,28.0000,24.5722,85136000
2002-12-03,27.5500,27.5800,26.9300,27.1700,23.8438,76595504
2002-12-04,26.5600,26.9500,26.2100,26.5700,23.3173,130115904
2002-12-05,26.9500,27.0000,26.1300,26.2000,22.9926,84933200
2002-12-06,25.8100,26.7200,25.7400,26.4700,23.2295,81727904
2002-12-09,26.2200,26.5500,25.2000,25.2200,22.1325,75855200
2002-12-10,25.4200,25.9500,25.3500,25.6000,22.4660,69578304
2002-12-11,25.4400,26.0700,25.3200,25.7200,22.5713,64237600
2002-12-12,26.0000,26.6900,25.5600,25.8600,22.6942,62296400
2002-12-13,25.5200,25.5700,25.0100,25.0400,21.9746,72647800
2002-12-16,25.2200,25.9600,25.0700,25.8500,22.6854,60278500
2002-12-17,25.8100,26.2000,25.6600,25.9300,22.7556,62562700
2002-12-18,25.5500,25.6000,25.0500,25.3800,22.2729,67130704
2002-12-19,25.1700,25.7800,24.8100,25.0600,21.9921,95969696
2002-12-20,25.3300,25.4500,25.0700,25.3200,22.2203,65578600
2002-12-23,25.1800,25.7600,25.1300,25.6700,22.5274,45941700
2002-12-24,25.5000,25.7300,25.3200,25.3500,22.2466,16772700
2002-12-26,25.5300,25.9100,25.1700,25.2800,22.1852,33795400
2002-12-27,25.1800,25.8500,24.7500,24.8200,21.7815,42490200
2002-12-30,24.8400,24.9700,24.3600,24.6300,21.6148,57396400
2002-12-31,24.5400,24.7100,24.2800,24.3700,21.3866,46015400
2003-01-02,24.7200,25.5500,24.4500,25.4000,22.2905,65903200
2003-01-03,25.4600,25.7100,25.2800,25.6800,22.5362,39059500
2003-01-06,25.7100,26.5900,25.2000,26.3200,23.0979,67223400
2003-01-07,26.4100,26.9300,26.2500,26.6500,23.3875,88726096
2003-01-08,26.3900,26.9700,25.8400,25.9000,22.7293,74989904
2003-01-09,26.2400,26.9800,26.2200,26.7000,23.4313,75391104
2003-01-10,26.3500,27.2600,26.2200,27.1000,23.7824,82594304
2003-01-13,27.3300,27.4700,26.7300,26.9400,23.6420,72870304
2003-01-14,26.9100,27.3200,26.8500,27.0800,23.7648,46993800
2003-01-15,27.2400,27.3500,26.5800,26.7400,23.4664,55131000
2003-01-16,26.7900,26.9800,26.2500,26.4400,23.2032,68740304
2003-01-17,25.9000,25.9400,25.2700,25.3100,22.2115,77289400
2003-01-21,25.4100,25.5500,25.0200,25.0300,21.9658,67729600
2003-01-22,24.9600,25.5300,24.8700,24.9300,21.8780,80020200
2003-01-23,25.4000,25.8400,25.1100,25.5100,22.3870,78471104
2003-01-24,25.5300,25.5300,24.6400,24.8200,21.7815,74519696
2003-01-27,24.4500,25.0300,24.3700,24.5300,21.5270,76561000
2003-01-28,24.7700,25.0500,24.4200,24.7800,21.7464,65217200
2003-01-29,24.7600,25.4500,24.3400,25.1500,22.0711,95717504
2003-01-30,25.3200,25.4200,24.4900,24.5000,21.5007,70333800
2003-01-31,24.0600,24.7600,24.0100,24.4400,21.4480,90505600
2003-02-03,24.5200,24.7900,24.3800,24.4900,21.4919,53158800
2003-02-04,24.1800,24.3000,23.8200,24.1900,21.2286,68235696
2003-02-05,24.3300,24.8600,24.0100,24.0800,21.1321,80107696
2003-02-06,24.0400,24.3500,23.8600,24.2100,21.2462,103552000
2003-02-07,24.3600,24.4500,23.6500,23.8100,20.8951,72312400
2003-02-10,23.8900,24.2500,23.6200,24.0200,21.0794,67572600
2003-02-11,24.2500,24.6100,23.9200,24.1500,21.1935,77823296
2003-02-12,24.0700,24.3300,23.7800,23.8200,20.9039,51753000
2003-02-13,23.8500,23.9800,23.3200,23.9400,21.0092,77387400
2003-02-14,23.8300,24.5000,23.6200,24.4900,21.4919,67510400
2003-02-18,24.7000,25.3400,24.6800,25.2500,22.1589,73976800
2003-02-19,25.2000,25.2400,24.7100,25.0800,22.0097,45541400
2003-02-20,25.1500,25.2700,24.8400,24.9800,21.9219,59759800
2003-02-21,24.9300,25.3700,24.5100,25.1700,22.0887,70228496
2003-02-24,25.1300,25.2100,24.7100,24.7400,21.7113,56646600
2003-02-25,24.4500,24.9500,24.0800,24.7700,21.7376,74440704
2003-02-26,24.6800,24.9400,24.2000,24.2200,21.2550,60005600
2003-02-27,24.4200,24.9200,24.2700,24.7700,21.7376,66424000
2003-02-28,24.8100,25.2200,24.7200,25.1600,22.0799,50185800
2003-03-03,25.2700,25.4800,24.5600,24.6500,21.6323,60414400
2003-03-04,24.6600,24.7700,24.4200,24.5000,21.5007,56043500
2003-03-05,24.4000,24.7800,24.3200,24.5500,21.5446,69096496
2003-03-06,24.4300,24.6800,24.2300,24.4900,21.4919,59108600
2003-03-07,24.0800,24.6900,23.9600,24.5400,21.5358,73291000
2003-03-10,24.3300,24.4500,23.9100,24.0100,21.0707,55948000
2003-03-11,24.0600,24.2400,23.7800,23.8000,20.8864,54934200
2003-03-12,23.7600,24.2400,23.5400,24.2300,21.2637,77859800
2003-03-13,24.6400,25.6500,24.4000,25.6200,22.4836,128537600
2003-03-14,25.7300,25.9800,25.3600,25.7200,22.5713,89794400
2003-03-17,25.4300,26.8000,25.3500,26.6000,23.3436,141040800
2003-03-18,26.8000,26.9700,26.4200,26.9300,23.6332,96548704
2003-03-19,26.8500,26.9500,26.3300,26.7000,23.4313,91315104
2003-03-20,26.5400,27.1400,26.1700,26.8000,23.5191,92789696
2003-03-21,27.2100,27.3800,26.2000,27.1700,23.8438,93304600
2003-03-24,26.4700,26.6000,25.9700,26.0400,22.8521,85244496
2003-03-25,26.1500,26.7600,26.0100,26.4100,23.1768,78731504
2003-03-26,26.5000,26.7700,26.3600,26.5600,23.3085,67880200
2003-03-27,26.2700,26.6500,26.1000,26.3700,23.1417,64113100
2003-03-28,26.1400,26.4300,25.9500,26.0800,22.8872,45374700
2003-03-31,25.6000,25.7300,25.2100,25.2500,22.1589,89345296
2003-04-01,25.4400,25.6700,25.2500,25.4500,22.3344,73159504
2003-04-02,26.0600,26.5600,26.0300,26.1500,22.9487,75843800
2003-04-03,26.6400,26.8500,26.3100,26.4800,23.2383,70138200
2003-04-04,26.5700,26.6000,25.9700,26.0500,22.8609,65665700
2003-04-07,27.1100,27.2000,26.0700,26.0900,22.8960,83842704
2003-04-08,26.1500,26.2900,25.8800,26.0600,22.8697,54250600
2003-04-09,26.1000,26.2800,25.4100,25.4600,22.3431,76457104
2003-04-10,25.4600,25.7700,25.3000,25.7700,22.6152,57017500
2003-04-11,26.0200,26.1600,25.3600,25.5100,22.3870,67974496
2003-04-14,25.6000,26.1400,25.4900,26.0300,22.8434,52476200
2003-04-15,25.9700,26.4600,25.8500,26.2800,23.0628,64655700
2003-04-16,26.6500,26.8300,26.1200,26.2200,23.0101,70711600
2003-04-17,26.1600,26.9800,26.1500,26.8200,23.5367,70179904
2003-04-21,26.9400,27.1000,26.6200,26.9200,23.6244,52729600
2003-04-22,26.7300,27.4600,26.6500,27.4300,24.0720,70757200
2003-04-23,27.5000,27.7500,27.2600,27.6300,24.2475,70327104
2003-04-24,27.3600,27.7500,27.2700,27.4800,24.1159,72383904
2003-04-25,27.3200,27.4200,26.8600,26.9500,23.6507,63277900
2003-04-28,27.0500,27.6300,26.9500,27.4800,24.1159,59666200
2003-04-29,27.6400,28.0600,27.4100,27.7300,24.3353,79903800
2003-04-30,27.6500,27.7900,27.4300,27.4500,24.0895,60202100
2003-05-01,27.4400,27.8700,27.1900,27.6900,24.3001,66022600
2003-05-02,27.6100,28.2900,27.5700,28.2800,24.8179,85004096
2003-05-05,28.3300,28.7100,28.1700,28.2500,24.7916,80520304
2003-05-06,28.2200,28.9000,28.2100,28.6100,25.1075,77338304
2003-05-07,28.4100,28.6900,28.1200,28.2900,24.8267,70353200
2003-05-08,27.8500,28.1900,27.7600,27.7700,24.3704,80249104
2003-05-09,28.0400,28.4800,28.0000,28.4100,24.9320,58528200
2003-05-12,28.3600,28.9600,28.1700,28.8400,25.3094,67487296
2003-05-13,28.6300,28.9900,28.5400,28.6600,25.1514,64934300
2003-05-14,28.8700,28.9700,28.3600,28.6000,25.0987,62181200
2003-05-15,28.7500,28.9800,28.5600,28.9200,25.3796,62232100
2003-05-16,28.7300,28.9400,28.4800,28.7000,25.1865,70590400
2003-05-19,28.5200,28.6800,27.6100,27.6900,24.3001,91334800
2003-05-20,27.7600,27.9600,27.4100,27.7700,24.3704,71817800
2003-05-21,27.6500,27.7500,27.4400,27.6900,24.3001,63648500
2003-05-22,27.7600,28.3200,27.6200,28.0900,24.6512,62401400
2003-05-23,28.0400,28.2500,27.9500,28.1000,24.6600,37922500
2003-05-27,27.9300,29.2200,27.9000,29.1000,25.5375,101422096
2003-05-28,29.1600,29.4000,28.9600,29.1900,25.6165,76290400
2003-05-29,29.2300,29.8000,29.1600,29.3100,25.7218,97336000
2003-05-30,29.5300,29.8700,29.4500,29.7900,26.1431,78093696
2003-06-02,30.0800,30.2000,29.3100,29.5800,25.9588,102937000
2003-06-03,29.4400,29.8800,29.3300,29.8600,26.2045,81672600
2003-06-04,29.8100,30.5800,29.7200,30.4200,26.6959,87046096
2003-06-05,30.1300,30.6800,29.9700,30.6400,26.8890,88747904
2003-06-06,31.2100,31.4700,30.0400,30.1300,26.4414,157178096
2003-06-09,30.0000,30.2200,29.5300,29.7300,26.0904,94941800
2003-06-10,29.8600,30.2000,29.6800,30.1800,26.4853,69660096
2003-06-11,30.0700,30.6400,29.8000,30.5200,26.7837,87338200
2003-06-12,30.6400,30.7500,30.2600,30.6500,26.8978,79450496
2003-06-13,30.6600,30.7300,29.8600,29.9600,26.2923,83353600
2003-06-16,30.1700,30.9000,30.0000,30.8800,27.0996,71211800
2003-06-17,31.0200,31.1100,30.5600,30.7600,26.9943,67571200
2003-06-18,30.6600,31.2300,30.4500,30.9200,27.1347,80215696
2003-06-19,30.9800,31.2400,30.3800,30.4200,26.6959,79467200
2003-06-20,30.6900,30.7800,30.2500,30.3800,26.6608,71512400
2003-06-23,30.3300,30.3700,29.5600,29.9100,26.2484,86509400
2003-06-24,29.7300,30.1300,29.5300,29.6800,26.0465,83004400
2003-06-25,29.6700,30.1800,29.4700,29.5200,25.9061,94255296
2003-06-26,29.7100,30.2800,29.6100,30.2200,26.5204,79187504
2003-06-27,30.2500,30.5700,29.7700,29.8300,26.1782,82451904
2003-06-30,30.1600,30.3400,29.8000,29.9500,26.2835,72043000
2003-07-01,29.7000,30.3800,29.2600,30.3500,26.6345,105852496
2003-07-02,30.4100,30.9900,30.3800,30.9700,27.1786,81972496
2003-07-03,30.7000,31.1000,30.4700,30.5800,26.8363,50050400
2003-07-07,30.9700,31.9000,30.9600,31.8900,27.9860,88554600
2003-07-08,31.7800,32.3100,31.6200,32.2800,28.3282,81874496
2003-07-09,32.1800,32.4900,31.9300,32.2000,28.2580,89588400
2003-07-10,31.8500,31.9900,31.3300,31.6000,27.7315,102928704
2003-07-11,31.6500,31.9900,31.6100,31.8400,27.9421,67728096
2003-07-14,32.3400,32.7500,32.0700,32.2200,28.2756,84524600
2003-07-15,32.5300,32.6500,31.9400,32.2600,28.3107,75059000
2003-07-16,32.4600,32.5000,31.7300,32.1600,28.2229,80138704
2003-07-17,31.6800,31.8400,31.0400,31.1800,27.3629,116260400
2003-07-18,31.4000,31.5500,30.9200,31.2800,27.4507,80519000
2003-07-21,31.2400,31.3000,30.6100,30.8800,27.0996,111325296
2003-07-22,31.1100,31.5000,30.8600,31.3400,27.5033,91471504
2003-07-23,31.3900,31.6400,30.9900,31.6000,27.7315,69050400
2003-07-24,31.8500,32.0200,31.0800,31.1800,27.3629,82999696
2003-07-25,31.1300,31.8400,30.7700,31.8000,27.9070,82709600
2003-07-28,31.8600,31.9900,31.6000,31.8900,27.9860,56180800
2003-07-29,31.9300,32.0200,31.2400,31.6500,27.7754,80560096
2003-07-30,31.7100,31.7400,31.3300,31.4200,27.5735,56617300
2003-07-31,31.7900,32.3300,31.5200,31.8000,27.9070,85544096
2003-08-01,31.6900,31.7900,31.3000,31.4600,27.6086,73545400
2003-08-04,31.4200,31.8000,30.8400,31.4500,27.5998,96344600
2003-08-05,31.4100,31.4800,30.1000,30.2100,26.5116,111041800
2003-08-06,30.3600,30.7700,30.1000,30.1900,26.4941,96816000
2003-08-07,30.2200,30.5100,30.0200,30.3100,26.5994,67326600
2003-08-08,30.4300,30.5500,29.9300,30.0700,26.3888,66677100
2003-08-11,30.0800,30.6000,30.0300,30.4000,26.6784,63712200
2003-08-12,30.5100,30.9000,30.3300,30.8600,27.0821,59676100
2003-08-13,30.9800,31.0700,30.6500,30.8700,27.0908,57969700
2003-08-14,30.8800,31.1900,30.6700,30.9000,27.1172,50271500
2003-08-15,31.0000,31.2900,30.9300,31.1700,27.3541,28116300
2003-08-18,31.3100,32.0100,31.2300,31.9700,28.0562,67224096
2003-08-19,32.1100,32.3800,31.8500,32.3700,28.4072,68205000
2003-08-20,32.1000,32.5200,32.0200,32.2900,28.3370,58233500
2003-08-21,32.5900,32.8200,32.2700,32.6400,28.6442,77161400
2003-08-22,33.2600,33.3700,32.3800,32.4400,28.4686,92989800
2003-08-25,32.3600,32.5400,32.2100,32.5100,28.5301,43044700
2003-08-26,32.2800,32.5900,31.8100,32.5400,28.5564,79838496
2003-08-27,32.4900,32.8300,32.3700,32.8000,28.7846,47532100
2003-08-28,32.9400,33.1200,32.5200,33.0900,29.0391,55311000
2003-08-29,33.0400,33.4600,32.9800,33.3900,29.3023,53148800
2003-09-02,33.4900,33.8900,33.1300,33.8700,29.7236,80303104
2003-09-03,34.1000,34.2000,33.6500,33.8500,29.7060,85234800
2003-09-04,33.8300,34.2200,33.7000,34.1600,29.9781,63736100
2003-09-05,33.9700,34.3400,33.6700,33.9400,29.7850,91024096
2003-09-08,34.0000,34.5300,33.9500,34.5000,30.2765,69296000
2003-09-09,34.3200,34.3900,33.9200,34.0900,29.9167,87817504
2003-09-10,33.7500,33.8900,33.1100,33.2700,29.1970,111624496
2003-09-11,33.2800,33.7800,33.0100,33.6400,29.5217,96914896
2003-09-12,33.3400,33.8400,33.0500,33.8200,29.6797,104963000
2003-09-15,33.8400,33.9100,33.4400,33.4900,29.3901,54594200
2003-09-16,33.5200,34.4300,33.5200,34.4000,30.1887,87463800
2003-09-17,34.3300,34.5000,34.0300,34.2600,30.0658,79794704
2003-09-18,34.1700,34.8600,34.0000,34.7800,30.5222,91469904
2003-09-19,34.7900,34.8600,34.3600,34.5800,30.3467,69796000
2003-09-22,34.1300,34.2000,33.7700,33.9200,29.7675,97477504
2003-09-23,33.9700,34.5600,33.9100,34.5200,30.2940,77826496
2003-09-24,34.5100,34.5200,33.1700,33.2200,29.1532,115057400
2003-09-25,33.3800,33.7400,32.7600,32.7900,28.7758,117604800
2003-09-26,32.8900,33.1700,32.5200,32.5800,28.5915,106581000
2003-09-29,32.7600,33.1700,32.4500,33.1400,29.0830,96862800
2003-09-30,32.9200,32.9600,32.3600,32.4200,28.4511,119122496
2003-10-01,32.6100,33.2300,32.4200,33.1500,29.0917,106653600
2003-10-02,33.1000,33.4300,32.9300,33.2600,29.1883,83911104
2003-10-03,33.8500,34.4700,33.8200,34.1900,30.0044,112862800
2003-10-06,34.2800,34.4500,34.0600,34.4400,30.2238,49162900
2003-10-07,34.1600,34.6500,34.0100,34.6500,30.4081,80104600
2003-10-08,34.8100,34.8400,34.2200,34.4300,30.2150,71387400
2003-10-09,34.9100,35.2700,34.4300,34.6900,30.4432,118216096
2003-10-10,34.7700,35.0300,34.6400,35.0100,30.7240,68356200
2003-10-13,35.1400,35.3700,34.9200,35.2400,30.9259,60919800
2003-10-14,35.1000,35.4300,34.9600,35.3300,31.0048,62274900
2003-10-15,35.8000,35.8500,35.0300,35.1800,30.8732,97045200
2003-10-16,35.1000,35.5300,35.0600,35.4600,31.1189,73955000
2003-10-17,35.4100,35.4900,34.6000,34.6100,30.3730,97794400
2003-10-20,34.6500,35.0800,34.5000,35.0400,30.7503,75544304
2003-10-21,35.1400,35.4500,34.9400,35.2500,30.9346,73455600
2003-10-22,34.8900,34.9300,34.4400,34.5700,30.3379,88141400
2003-10-23,34.1500,34.5100,34.0500,34.1700,29.9869,95409600
2003-10-24,33.7900,34.2300,33.4900,34.2000,30.0132,101778600
2003-10-27,34.2800,34.4500,34.0400,34.2100,30.0220,63604500
2003-10-28,34.4300,35.4100,34.3700,35.3600,31.0312,107375696
2003-10-29,35.2000,35.4100,35.0700,35.3200,30.9961,74075200
2003-10-30,35.8100,36.0000,35.1400,35.3900,31.0575,95062600
2003-10-31,35.4400,35.4900,35.0600,35.1800,30.8732,55473200
2003-11-03,35.4300,35.9800,35.3600,35.7600,31.3822,71141200
2003-11-04,35.6900,35.8700,35.4500,35.5200,31.1716,60033900
2003-11-05,35.5200,35.8900,35.1500,35.8400,31.4524,67412704
2003-11-06,35.7900,35.9700,35.3400,35.9400,31.5402,90567400
2003-11-07,36.0800,36.1800,35.6000,35.6300,31.2681,63505200
2003-11-10,35.7000,35.7400,35.0900,35.1900,30.8820,68896400
2003-11-11,35.1500,35.3000,34.8500,35.0600,30.7679,75607104
2003-11-12,35.1700,35.9600,35.1400,35.8100,31.4261,80364600
2003-11-13,35.7100,35.9000,35.5500,35.7700,31.3910,64243000
2003-11-14,35.8100,36.0200,34.9500,35.0400,30.7503,90932200
2003-11-17,34.8400,34.9100,34.2600,34.6800,30.4344,108063104
2003-11-18,34.8700,34.9700,33.8200,33.8800,29.7324,108588496
2003-11-19,34.0100,34.4000,33.8800,34.2100,30.0220,86320304
2003-11-20,33.9200,34.6800,33.8100,33.8800,29.7324,117324496
2003-11-21,34.0800,34.2600,33.7300,34.2300,30.0395,81787504
2003-11-24,34.5200,35.2500,34.4700,35.1800,30.8732,92057504
2003-11-25,35.2900,35.4500,35.0900,35.1800,30.8732,72519800
2003-11-26,35.4000,35.5200,34.8100,35.3400,31.0136,72842896
2003-11-28,35.2600,35.5000,35.2100,35.3800,31.0487,24802600
2003-12-01,35.7100,36.0100,35.4700,35.9000,31.5051,82767296
2003-12-02,35.8200,36.0500,35.5800,35.7000,31.3296,62504500
2003-12-03,35.8400,36.1200,35.2500,35.2500,30.9346,107568496
2003-12-04,35.3800,35.7100,35.0800,35.6300,31.2681,102334800
2003-12-05,35.2700,35.5000,34.9600,35.0400,30.7503,87490200
2003-12-08,35.0200,35.3300,34.7800,35.2400,30.9259,86961200
2003-12-09,35.4400,35.4600,34.3500,34.4300,30.2150,109949504
2003-12-10,34.5000,34.7000,34.1300,34.5600,30.3291,103504200
2003-12-11,34.5000,35.3900,34.4900,35.3000,30.9785,108374704
2003-12-12,35.3100,35.3400,34.9000,35.2400,30.9259,72189400
2003-12-15,35.9300,35.9900,34.6500,34.7800,30.5222,106091400
2003-12-16,34.7900,35.0200,34.4200,34.8500,30.5836,89854704
2003-12-17,34.8100,35.0000,34.5700,34.9100,30.6363,68539904
2003-12-18,34.9500,35.6400,34.9500,35.5600,31.2067,89978096
2003-12-19,35.6100,35.6500,35.2000,35.4600,31.1189,89762304
2003-12-22,35.3500,35.6800,35.2900,35.5700,31.2155,63580000
2003-12-23,35.6000,36.0200,35.5300,35.8400,31.4524,66999800
2003-12-24,35.8400,36.0200,35.8000,35.9000,31.5170,44840300
2003-12-26,35.9600,36.0900,35.8200,35.8500,31.4731,25497600
2003-12-29,36.0300,36.5300,36.0200,36.4400,31.9911,63296200
2003-12-30,36.5300,36.5800,36.3000,36.5600,32.0964,48249400
2003-12-31,36.6200,36.6400,36.2500,36.4600,32.0086,60494600
2004-01-02,36.6600,36.7900,36.2200,36.3600,31.9208,55234100
2004-01-05,36.5800,37.1600,36.5600,37.0900,32.5617,69717904
2004-01-06,37.0800,37.4200,36.9500,37.3400,32.7812,60033000
2004-01-07,37.2800,37.6800,37.0700,37.6800,33.0797,71830000
2004-01-08,37.8500,38.0000,37.6000,37.9800,33.3430,76800896
2004-01-09,37.7100,38.3500,37.5900,37.7300,33.1236,94296496
2004-01-12,37.8500,38.3500,37.6800,38.3300,33.6503,77668400
2004-01-13,38.2700,38.3600,37.6000,37.9500,33.3167,92973904
2004-01-14,38.0800,38.2500,37.7500,38.0800,33.4308,68122400
2004-01-15,37.9300,38.4600,37.6300,38.1800,33.5186,104427696
2004-01-16,38.3800,38.6300,38.1700,38.5700,33.8610,77324096
2004-01-20,38.7300,39.0000,38.3100,38.5400,33.8347,81998096
2004-01-21,38.3900,38.6600,38.0000,38.3800,33.6942,112180304
2004-01-22,38.5500,38.6900,38.0600,38.1500,33.4923,90061904
2004-01-23,38.2100,38.4600,37.7800,38.0100,33.3694,88751296
2004-01-26,37.9800,38.6500,37.8400,38.5900,33.8786,84538000
2004-01-27,38.5100,38.6300,37.6900,37.7400,33.1323,97191600
2004-01-28,37.9400,38.0600,37.0000,37.1000,32.5705,127959696
2004-01-29,37.2400,37.3100,36.6600,37.2400,32.6934,143925904
2004-01-30,37.2000,37.4400,36.9700,37.0700,32.5441,84264704
2004-02-02,37.2000,37.4800,36.8200,36.9700,32.4563,94507904
2004-02-03,36.9100,37.2400,36.8400,36.9300,32.4212,73488704
2004-02-04,36.6200,36.8600,36.3300,36.3300,31.8945,109933000
2004-02-05,36.5100,36.7100,36.3300,36.4700,32.0174,96784496
2004-02-06,36.6000,37.2800,36.5300,37.1300,32.5968,107174096
2004-02-09,37.3400,37.3800,37.0500,37.1200,32.5880,58817700
2004-02-10,37.0600,37.4100,37.0300,37.1800,32.6407,65042700
2004-02-11,37.2400,37.6700,37.0700,37.5800,32.9919,92503000
2004-02-12,37.5200,37.7000,37.2400,37.2500,32.7022,70556400
2004-02-13,37.3900,37.9700,36.7600,36.9400,32.4300,90570400
2004-02-17,37.2800,37.6200,37.2200,37.4400,32.8690,69678600
2004-02-18,37.5100,37.6700,37.3200,37.5500,32.9655,70972096
2004-02-19,37.8700,37.9000,36.8200,36.9800,32.4651,100843800
2004-02-20,37.0000,37.1400,36.5500,36.8600,32.3598,132347600
2004-02-23,37.0000,37.0300,36.1100,36.4500,31.9998,125199800
2004-02-24,36.3000,36.6500,36.1000,36.3600,31.9208,124521904
2004-02-25,36.4300,36.6700,36.3300,36.5800,32.1140,74457104
2004-02-26,36.4700,36.8400,36.3100,36.6700,32.1930,71327600
2004-02-27,36.7600,36.9400,36.2700,36.5700,32.1052,99383904
2004-03-01,36.6800,37.0700,36.4700,37.0500,32.5266,79700704
2004-03-02,36.9800,37.1800,36.6100,36.6200,32.1491,91536000
2004-03-03,36.5100,36.6300,36.2100,36.4200,31.9735,83938304
2004-03-04,36.4400,36.8300,36.3900,36.7600,32.2720,65905600
2004-03-05,36.4200,37.1500,36.3600,36.6300,32.1579,118107104
2004-03-08,36.6900,36.8200,35.7300,35.7700,31.4029,112599504
2004-03-09,35.8100,35.9800,35.5200,35.6600,31.3063,126140400
2004-03-10,35.7500,36.0000,35.1300,35.1900,30.8937,134226096
2004-03-11,35.0700,35.5300,34.8000,34.8700,30.6127,152132000
2004-03-12,35.1800,35.5900,35.1500,35.5100,31.1746,118369600
2004-03-15,35.3600,35.4000,34.8100,34.8900,30.6303,115813600
2004-03-16,35.1100,35.2500,34.6300,34.9500,30.6830,123265104
2004-03-17,35.2100,35.6200,35.1800,35.5000,31.1658,91684704
2004-03-18,35.3700,35.4600,34.9700,35.3400,31.0254,111249696
2004-03-19,35.2800,35.4600,34.7200,34.7500,30.5074,99976704
2004-03-22,34.5300,34.5500,34.0300,34.3100,30.1211,133870400
2004-03-23,34.5900,34.6500,34.0100,34.0300,29.8753,125945800
2004-03-24,34.1500,34.6300,34.0100,34.4200,30.2177,118876800
2004-03-25,34.6500,35.4600,34.6200,35.3400,31.0254,142122000
2004-03-26,35.3000,35.5800,35.2000,35.2200,30.9200,78430800
2004-03-29,35.5100,35.9600,35.4900,35.7900,31.4204,103864000
2004-03-30,35.6700,35.9400,35.5200,35.9100,31.5258,95716496
2004-03-31,35.9200,36.0000,35.6100,35.8400,31.4643,85993904
2004-04-01,35.8100,36.2500,35.7800,36.1600,31.7452,93048600
2004-04-02,36.8900,37.1600,36.5200,37.1000,32.5705,145964000
2004-04-05,37.0100,37.5000,36.9700,37.4500,32.8777,67351600
2004-04-06,37.1600,37.2500,36.9200,36.9800,32.4651,98611400
2004-04-07,36.9900,37.1100,36.6600,36.9400,32.4300,91004896
2004-04-08,37.3500,37.3900,36.7400,36.9400,32.4300,77176304
2004-04-12,37.0200,37.2400,36.9800,37.1700,32.6319,55285700
2004-04-13,37.3400,37.3600,36.4600,36.6300,32.1579,100624400
2004-04-14,36.4100,36.9500,36.3600,36.8100,32.3159,113663200
2004-04-15,36.7500,36.8600,36.0200,36.1500,31.7365,123565504
2004-04-16,36.2000,36.3200,35.7900,36.0900,31.6838,110736600
2004-04-19,36.0100,36.5900,35.9800,36.5300,32.0701,85838704
2004-04-20,36.6100,36.7900,35.6400,35.6800,31.3238,119545104
2004-04-21,35.9000,36.1100,35.6500,35.9900,31.5960,117850496
2004-04-22,36.0000,37.0100,35.9800,36.9200,32.4125,137623296
2004-04-23,37.0800,37.2600,36.9000,37.2100,32.6670,91855600
2004-04-26,37.1800,37.2900,36.6500,36.9400,32.4300,74392200
2004-04-27,36.9500,37.1900,36.6900,36.8700,32.3686,87548496
2004-04-28,36.7100,36.7200,36.0200,36.2000,31.7804,111740704
2004-04-29,36.0900,36.3400,35.3000,35.6400,31.2887,156917104
2004-04-30,35.6600,35.8000,34.7200,34.7700,30.5249,150829200
2004-05-03,35.0000,35.5200,34.8900,35.1000,30.8147,117007200
2004-05-04,35.2100,35.7500,35.0300,35.2500,30.9463,126176000
2004-05-05,35.4200,35.7000,35.2000,35.5300,31.1922,97528496
2004-05-06,35.2300,35.4400,34.8500,35.2600,30.9551,102733296
2004-05-07,35.0900,35.6400,34.9100,34.9700,30.7005,137686000
2004-05-10,34.6700,34.9000,34.4200,34.6700,30.4372,156951392
2004-05-11,34.9700,35.3800,34.9200,35.1900,30.8937,120493600
2004-05-12,35.1200,35.2900,34.2700,35.2600,30.9551,197765408
2004-05-13,35.0600,35.4500,34.9200,35.0100,30.7356,137841696
2004-05-14,35.2000,35.3100,34.6400,34.7500,30.5074,133689904
2004-05-17,34.3800,34.6600,34.1100,34.4200,30.2177,150652400
2004-05-18,34.6600,34.9000,34.6000,34.7300,30.4898,96686400
2004-05-19,35.1600,35.5100,34.6300,34.6900,30.4547,141646896
2004-05-20,34.7800,35.0200,34.5600,34.8500,30.5952,94938496
2004-05-21,35.0100,35.1700,34.7400,35.0200,30.7444,111329200
2004-05-24,35.3000,35.4600,35.0000,35.2600,30.9551,99861800
2004-05-25,35.1500,36.0800,34.9500,35.9600,31.5697,146321408
2004-05-26,35.8600,36.1900,35.8100,36.1900,31.7716,93789696
2004-05-27,36.2900,36.5000,36.0600,36.4200,31.9735,110183400
2004-05-28,36.3800,36.5500,36.2100,36.5500,32.0876,56379500
2004-06-01,36.2700,36.5500,36.1100,36.5000,32.0437,90592704
2004-06-02,36.5600,36.6600,36.1700,36.4200,31.9735,103519800
2004-06-03,36.3000,36.3600,35.8200,35.9800,31.5872,97301400
2004-06-04,36.3400,36.6200,36.1700,36.1900,31.7716,91233200
2004-06-07,36.4400,37.1000,36.3400,37.0500,32.5266,107532600
2004-06-08,36.9000,37.1900,36.8500,37.1000,32.5705,72530896
2004-06-09,36.9800,37.0500,36.5000,36.5800,32.1140,98215200
2004-06-10,36.6900,36.8400,36.5500,36.8400,32.3422,57101300
2004-06-14,36.6100,36.6100,36.1000,36.3200,31.8857,85129904
2004-06-15,36.5600,36.9900,36.5600,36.7900,32.2983,91937696
2004-06-16,36.7700,36.9000,36.6500,36.7300,32.2457,64743300
2004-06-17,36.6500,36.6600,36.2500,36.3900,31.9472,77844200
2004-06-18,36.3000,36.8400,36.2600,36.4400,31.9911,78641504
2004-06-21,36.5200,36.6300,36.0600,36.1500,31.7365,65373100
2004-06-22,36.1600,36.7000,36.0200,36.6800,32.2018,101524304
2004-06-23,36.5700,37.1900,36.5100,37.1200,32.5880,94393904
2004-06-24,37.0200,37.3500,36.9200,37.0500,32.5266,92343200
2004-06-25,37.0000,37.3900,36.9800,37.3300,32.7724,81005400
2004-06-28,37.4900,37.5200,36.9000,37.0200,32.5002,94033200
2004-06-29,37.1000,37.5900,37.0800,37.3700,32.8075,68265904
2004-06-30,37.4500,37.9000,37.3500,37.7400,33.1323,97809504
2004-07-01,37.6600,37.6600,36.7700,37.0400,32.5178,122141800
2004-07-02,37.0400,37.0500,36.6300,36.8200,32.3247,74056400
2004-07-06,36.6000,36.6000,35.8300,36.0300,31.6311,130232600
2004-07-07,35.9600,36.2900,35.9200,36.1000,31.6926,95623104
2004-07-08,35.8100,36.1300,35.5500,35.7000,31.3414,108755400
2004-07-09,35.8400,36.0400,35.6300,35.7500,31.3853,86014704
2004-07-12,35.5700,35.6900,35.2400,35.6000,31.2536,81844496
2004-07-13,35.6800,35.8100,35.4100,35.5500,31.2097,81222000
2004-07-14,35.2000,35.6500,35.0500,35.1900,30.8937,119489200
2004-07-15,35.3200,35.4900,35.0600,35.0700,30.7883,90405696
2004-07-16,35.4300,35.4500,34.6200,34.6700,30.4372,120387104
2004-07-19,34.7800,34.9700,34.4700,34.6000,30.3757,106387904
2004-07-20,34.7400,35.5900,34.7100,35.4300,31.1044,117453696
2004-07-21,35.5700,35.6500,34.3400,34.4000,30.2001,136086800
2004-07-22,34.4800,35.1100,34.2500,34.8700,30.6127,132135800
2004-07-23,34.6200,34.6600,34.0300,34.2100,30.0333,107107104
2004-07-26,34.2400,34.4100,33.7000,34.0600,29.9016,112962200
2004-07-27,34.1900,34.7100,34.0400,34.5300,30.3142,103474704
2004-07-28,34.4100,34.6300,33.8100,34.3800,30.1826,154299808
2004-07-29,34.7100,34.9200,34.5000,34.7800,30.5337,98959800
2004-07-30,34.7600,35.1000,34.6500,34.8900,30.6303,83007800
2004-08-02,34.6100,35.0200,34.4600,34.9600,30.6917,81249000
2004-08-03,34.8400,34.9300,34.1900,34.2300,30.0509,85746496
2004-08-04,34.1500,34.4600,34.0100,34.2400,30.0597,86721000
2004-08-05,34.3500,34.4000,33.6000,33.6000,29.4978,109722896
2004-08-06,33.4000,33.4100,32.6600,32.7200,28.7252,148808608
2004-08-09,32.8100,32.9600,32.6500,32.8000,28.7955,79281904
2004-08-10,32.9600,33.4800,32.9200,33.2100,29.1554,105819800
2004-08-11,32.8500,33.0400,32.5500,32.9200,28.9008,121217696
2004-08-12,32.6900,32.8600,32.3700,32.4700,28.5058,113691800
2004-08-13,32.6500,32.7400,32.3500,32.5200,28.5496,91416096
2004-08-16,32.6100,33.1900,32.5900,32.8900,28.8745,77851296
2004-08-17,33.1200,33.4400,32.9900,33.2600,29.1993,89573104
2004-08-18,33.0600,33.9100,33.0100,33.8500,29.7173,106608496
2004-08-19,33.7300,33.8500,33.4100,33.6700,29.5592,104690200
2004-08-20,33.5700,34.1400,33.5100,34.0100,29.8577,91962400
2004-08-23,34.0500,34.2700,33.9100,34.0900,29.9280,83390800
2004-08-24,34.2500,34.3100,33.8100,34.0800,29.9192,86610496
2004-08-25,34.0700,34.6000,33.9000,34.5500,30.3318,88394600
2004-08-26,34.4600,34.5500,34.3100,34.4000,30.2001,57663400
2004-08-27,34.4700,34.6800,34.4400,34.5600,30.3406,58597200
2004-08-30,34.4100,34.4300,33.9400,33.9800,29.8314,62355700
2004-08-31,34.0200,34.1200,33.6500,34.0200,29.8665,81262000
2004-09-01,33.9300,34.4700,33.8000,34.2700,30.0860,96630600
2004-09-02,34.1800,34.8800,34.1600,34.7800,30.5337,83054000
2004-09-03,34.4400,34.6700,34.0500,34.1400,29.9719,90213696
2004-09-07,34.4000,34.6100,34.1200,34.4300,30.2265,95556496
2004-09-08,34.3100,34.6800,34.1800,34.3000,30.1123,101466096
2004-09-09,34.4500,34.7500,34.1400,34.5900,30.3669,104397504
2004-09-10,34.6100,35.1900,34.4700,35.1200,30.8322,108591600
2004-09-13,35.2500,35.7200,35.1400,35.5800,31.2361,109350496
2004-09-14,35.4500,35.7200,35.3600,35.6300,31.2799,76466304
2004-09-15,35.4200,35.4500,35.1200,35.2500,30.9463,90128704
2004-09-16,35.2600,35.5700,35.1300,35.3200,31.0078,67121000
2004-09-17,35.2300,35.5200,35.1600,35.4300,31.1044,83903400
2004-09-20,35.2900,35.7700,35.1800,35.4300,31.1044,110678096
2004-09-21,35.5400,35.8500,35.4200,35.5700,31.2273,93688400
2004-09-22,35.4400,35.4600,34.8700,34.9500,30.6830,101393400
2004-09-23,34.9800,35.1500,34.8800,34.9200,30.6566,92503200
2004-09-24,34.9900,35.1900,34.7500,34.8000,30.5513,103247400
2004-09-27,34.6200,34.7400,34.3800,34.5000,30.2879,86017600
2004-09-28,34.5500,34.6900,34.2300,34.5700,30.3494,87070304
2004-09-29,34.5400,35.1200,34.5300,35.0800,30.7971,95096200
2004-09-30,35.0200,35.2700,34.8900,35.1400,30.8498,74514600
2004-10-01,35.4500,36.1500,35.3600,36.1000,31.6926,118252704
2004-10-04,36.3600,36.6200,36.2500,36.3100,31.8769,108032600
2004-10-05,36.2300,36.4900,36.1600,36.3600,31.9208,89754400
2004-10-06,36.3100,36.6900,36.1100,36.6500,32.1754,87815504
2004-10-07,36.5400,36.6700,36.1700,36.2400,31.8155,82374304
2004-10-08,36.0800,36.2400,35.5000,35.5800,31.2361,115073000
2004-10-11,35.7200,35.8600,35.6000,35.7500,31.3853,51181600
2004-10-12,35.4300,35.8400,35.2000,35.6900,31.3326,97884096
2004-10-13,36.0500,36.1400,35.4300,35.6100,31.2624,132442496
2004-10-14,35.6900,35.7800,35.3300,35.4500,31.1219,99383696
2004-10-15,35.4900,35.8600,35.2800,35.6300,31.2799,129183400
2004-10-18,35.5100,36.2500,35.4000,36.1400,31.7277,108933400
2004-10-19,36.3800,36.5700,35.7900,35.8800,31.4994,129973504
2004-10-20,35.8300,36.2300,35.6500,36.0500,31.6487,106524200
2004-10-21,36.2400,36.7900,36.1000,36.6000,32.1315,122627600
2004-10-22,36.6100,36.6800,35.7400,35.8000,31.4292,114321104
2004-10-25,35.7300,35.8100,35.4900,35.6300,31.2799,102863000
2004-10-26,35.6500,35.8400,35.4100,35.8200,31.4468,98164496
2004-10-27,35.8400,36.8900,35.7100,36.7300,32.2457,152423392
2004-10-28,36.6800,37.1200,36.5700,36.9600,32.4476,111113904
2004-10-29,36.9100,37.2400,36.6700,36.9000,32.3949,100779200
2004-11-01,36.9800,37.1800,36.8000,37.0400,32.5178,72356000
2004-11-02,37.0900,37.5500,37.0200,37.1600,32.6232,108930704
2004-11-03,37.7600,37.9000,37.1500,37.4100,32.8426,140980096
2004-11-04,37.2600,37.7800,37.1100,37.6200,33.0270,112513696
2004-11-05,38.0200,38.1600,37.6100,37.9600,33.3255,117017904
2004-11-08,37.9500,38.1000,37.8500,38.0000,33.3606,66486000
2004-11-09,37.9300,38.1500,37.8100,37.9200,33.2904,85038704
2004-11-10,37.9300,38.0600,37.6500,37.7900,33.1762,95122304
2004-11-11,37.9100,38.3800,37.8600,38.2900,33.6152,99338800
2004-11-12,38.3400,38.7600,38.1700,38.6600,33.9400,102418096
2004-11-15,38.6400,38.8600,38.5000,38.8300,34.0893,82696000
2004-11-16,38.6600,38.6800,38.3200,38.5900,33.8786,97197504
2004-11-17,38.8300,39.3200,38.8300,39.1100,34.3351,125242496
2004-11-18,38.9800,39.3600,38.8900,39.2900,34.4931,94901104
2004-11-19,39.2400,39.2900,38.5900,38.6800,33.9576,118448896
2004-11-22,38.6100,39.0700,38.4800,39.0500,34.2824,79882600
2004-11-23,39.0100,39.1500,38.6100,38.9900,34.2297,91925296
2004-11-24,39.0900,39.3900,39.0700,39.3300,34.5282,74051696
2004-11-26,39.3700,39.4800,39.1700,39.2100,34.4229,31248900
2004-11-29,39.4600,39.6400,38.9700,39.2000,34.4141,94765400
2004-11-30,39.3000,39.3900,39.0600,39.1200,34.3439,87663104
2004-12-01,39.2700,39.9600,39.2700,39.9200,35.0462,102375000
2004-12-02,39.8200,40.3900,39.7600,40.0700,35.1779,122306100
2004-12-03,40.3100,40.5900,40.0800,40.1300,35.2305,114276500
2004-12-06,40.1200,40.4260,39.9100,40.2700,35.3535,70505100
2004-12-07,40.3210,40.5000,39.5300,39.5800,34.7477,121669400
2004-12-08,39.6600,39.9800,38.8100,39.8100,34.9496,96436600
2004-12-09,39.5000,40.1900,39.2400,40.0500,35.1603,134422500
2004-12-10,39.7400,40.0700,39.7400,39.9300,35.0550,86252300
2004-12-13,40.2320,40.3400,39.9800,40.2800,35.3622,74339200
2004-12-14,40.2600,40.5900,40.2500,40.4770,35.5352,92019700
2004-12-15,40.4900,40.6800,40.1550,40.3300,35.4061,95229900
2004-12-16,40.3400,40.4500,39.8200,39.9500,35.0725,86265000
2004-12-17,39.6500,39.8100,37.2100,39.4750,34.9879,97947000
2004-12-20,39.5800,39.7710,39.0900,39.2000,34.7441,106719800
2004-12-21,39.3900,39.7100,39.2780,39.6800,35.1696,83240600
2004-12-22,39.5350,39.9300,39.4880,39.7300,35.2139,75507400
2004-12-23,39.6100,39.9100,39.5400,39.7580,35.2387,45816300
2004-12-27,39.9800,40.0200,39.4000,39.5900,35.0898,67278300
2004-12-28,39.6710,40.0010,39.6100,39.9700,35.4266,62616600
2004-12-29,39.9200,40.1600,39.9000,40.0200,35.4709,50112100
2004-12-30,40.0700,40.1230,39.9300,39.9900,35.4443,41728200
2004-12-31,40.0300,40.1210,39.7800,39.9150,35.3779,44145500
2005-01-03,40.0700,40.2920,39.3700,39.4990,35.0091,101052200
2005-01-04,39.6900,39.7400,38.5500,38.7800,34.3719,136759200
2005-01-05,38.6800,38.9600,38.4700,38.5400,34.1592,128424200
2005-01-06,38.6200,38.7100,38.3400,38.3470,33.9881,103981100
2005-01-07,38.5600,38.8730,38.2100,38.5500,34.1680,123159200
2005-01-10,38.4500,38.8700,38.3890,38.5300,34.1503,88824600
2005-01-11,38.3700,38.4960,38.0690,38.2590,33.9101,107283300
2005-01-12,38.4400,38.6000,38.0100,38.5800,34.1946,127885800
2005-01-13,38.6000,38.8500,38.0100,38.0700,33.7426,102117500
2005-01-14,38.2000,38.5200,38.1900,38.4300,34.0617,93530000
2005-01-18,38.2800,38.7900,38.2200,38.7200,34.3187,92042100
2005-01-19,38.7500,38.7500,38.0600,38.0800,33.7514,105302800
2005-01-20,37.6500,37.8110,37.3200,37.3500,33.1044,121107300
2005-01-21,37.4900,37.5500,36.9900,37.0500,32.8385,115496600
2005-01-24,37.0000,37.2000,36.4600,36.5300,32.3776,137586400
2005-01-25,36.7700,37.0900,36.6600,36.7100,32.5372,120045500
2005-01-26,36.9600,37.2900,36.8240,37.1500,32.9272,107711300
2005-01-27,37.0700,37.2700,36.8700,37.1000,32.8828,109788700
2005-01-28,37.2200,37.2700,36.6200,36.9200,32.7233,111793200
2005-01-31,37.3600,37.5300,37.2600,37.4000,33.1487,89381300
2005-02-01,37.4900,37.6482,37.3700,37.5200,33.2551,76815200
2005-02-02,37.6400,37.7300,37.3100,37.5800,33.3083,101911100
2005-02-03,37.3800,37.4130,37.0000,37.1540,32.9307,90926300
2005-02-04,37.1500,37.8200,37.1500,37.7500,33.4590,99370300
2005-02-07,37.8000,37.9100,37.5200,37.6740,33.3916,71633000
2005-02-08,37.6600,38.0100,37.6200,37.7400,33.4501,73225100
2005-02-09,37.7700,37.8000,37.0650,37.1100,32.8917,93432500
2005-02-10,37.2600,37.3200,36.8800,37.1500,32.9272,110426500
2005-02-11,37.0300,37.8500,36.9270,37.7000,33.4146,108768900
2005-02-14,37.8000,37.9400,37.6880,37.8690,33.5644,55056900
2005-02-15,37.9000,38.4800,37.8200,38.1200,33.7869,133212200
2005-02-16,38.0300,38.1600,37.8300,37.9800,33.6628,80616300
2005-02-17,38.0500,38.1400,37.4300,37.4700,33.2108,116323000
2005-02-18,37.4800,37.5700,37.2600,37.3500,33.1044,69387100
2005-02-22,37.0310,37.5482,36.7900,36.8900,32.6967,122634900
2005-02-23,37.0300,37.0700,36.6970,36.9400,32.7410,95421000
2005-02-24,36.8500,37.4400,36.7600,37.4100,33.1576,99841000
2005-02-25,37.3800,37.7000,37.2900,37.6200,33.3437,80143600
2005-02-28,37.4600,37.6000,36.9230,37.2200,32.9892,96018800
2005-03-01,37.3790,37.7000,37.3300,37.6300,33.3526,79293500
2005-03-02,37.4200,38.0200,37.3560,37.6100,33.3349,107985100
2005-03-03,37.6970,37.7300,37.0200,37.3000,33.0601,90101300
2005-03-04,37.6000,37.7500,37.4000,37.5200,33.2551,86649800
2005-03-07,37.5970,38.2900,37.5600,38.0600,33.7337,94886300
2005-03-08,37.9800,38.2100,37.6500,37.6800,33.3969,89618400
2005-03-09,37.6700,37.9300,37.4700,37.5700,33.2994,98090800
2005-03-10,37.6100,37.6700,37.0800,37.5200,33.2551,98047600
2005-03-11,37.6850,37.8220,37.0199,37.1700,32.9449,102865400
2005-03-14,37.2300,37.3600,37.0305,37.3400,33.0956,71602300
2005-03-15,37.4500,37.4800,36.9900,37.0400,32.8297,93917500
2005-03-16,36.9100,37.1800,36.5300,36.6150,32.4530,159757400
2005-03-17,36.6100,36.8900,36.5400,36.7100,32.5372,101801100
2005-03-18,36.7500,36.7850,36.3500,36.5100,32.3599,109185200
2005-03-21,36.6000,36.7500,36.2500,36.5800,32.4219,92838600
2005-03-22,36.6300,36.7500,36.1100,36.1300,32.0231,114134300
2005-03-23,36.0900,36.4940,36.0700,36.2600,32.1383,97523900
2005-03-24,36.5190,36.6500,36.2700,36.2700,32.1472,77711600
2005-03-28,36.4100,36.6110,36.3100,36.3400,32.2092,59773900
2005-03-29,36.2600,36.5800,35.9400,36.0500,31.9522,119633300
2005-03-30,36.2300,36.7800,36.2200,36.7300,32.5549,115019500
2005-03-31,36.7300,36.7500,36.4400,36.5700,32.4131,86651100
2005-04-01,36.8200,36.8840,36.1300,36.2000,32.0851,143853500
2005-04-04,36.2500,36.6000,36.0300,36.4600,32.3156,100153700
2005-04-05,36.4900,36.6690,36.4150,36.5600,32.4042,66463000
2005-04-06,36.6600,36.9050,36.4200,36.5000,32.3510,82219300
2005-04-07,36.5320,36.9520,36.5100,36.9400,32.7410,88708900
2005-04-08,37.0000,37.0700,36.6000,36.6400,32.4751,92409800
2005-04-11,36.7500,36.7800,36.4000,36.4800,32.3333,71013400
2005-04-12,36.4400,36.7400,35.9100,36.6600,32.4929,145341300
2005-04-13,36.5610,36.6000,35.9800,36.0600,31.9611,109071000
2005-04-14,36.0640,36.1000,35.5000,35.5500,31.5090,158933900
2005-04-15,35.2400,35.3700,34.6800,34.7400,30.7911,170274300
2005-04-18,34.7300,35.1000,34.6400,34.7500,30.8000,110713900
2005-04-19,35.0200,35.1000,34.7500,34.9900,31.0127,97511400
2005-04-20,35.2100,35.2900,34.5900,34.7040,30.7592,140456000
2005-04-21,35.1000,35.7100,34.9600,35.6660,31.6118,109944400
2005-04-22,35.4550,35.4700,34.8170,35.0900,31.1013,115150700
2005-04-25,35.3000,35.4630,35.1490,35.3750,31.3539,72220000
2005-04-26,35.2900,35.7000,35.0400,35.0500,31.0659,108099400
2005-04-27,34.8700,35.2500,34.7300,35.1000,31.1102,112639700
2005-04-28,34.9200,35.1500,34.7200,34.7500,30.8000,98661300
2005-04-29,35.0000,35.0640,34.3500,34.9800,31.0038,144508300
2005-05-02,35.1000,35.2636,34.8860,35.1200,31.1279,68205300
2005-05-03,35.0400,35.6000,35.0300,35.3000,31.2874,104075300
2005-05-04,35.2900,35.8320,35.2400,35.7280,31.6668,90934800
2005-05-05,35.7500,35.9240,35.5300,35.7600,31.6952,79625200
2005-05-06,35.9700,36.0200,35.7230,35.8570,31.7811,77397600
2005-05-09,35.8800,36.0600,35.6570,36.0300,31.9345,66371700
2005-05-10,35.8590,35.9600,35.6190,35.7660,31.7005,77475600
2005-05-11,35.8230,36.0260,35.3000,35.9500,31.8636,132093900
2005-05-12,36.0000,36.2000,35.6560,35.8500,31.7749,116671400
2005-05-13,35.9900,36.4700,35.8880,36.2400,32.1206,133310000
2005-05-16,36.2400,36.5380,36.1300,36.4840,32.3369,79136900
2005-05-17,36.3490,36.7400,36.2100,36.7000,32.5283,91708900
2005-05-18,36.7940,37.3600,36.7100,37.2000,32.9715,128146700
2005-05-19,37.2900,37.5200,37.2000,37.5120,33.2480,93998400
2005-05-20,37.4500,37.6900,37.3500,37.6600,33.3792,66708400
2005-05-23,37.6600,37.9860,37.6000,37.8500,33.5476,93084800
2005-05-24,37.7600,38.0000,37.7000,37.9700,33.6539,100988400
2005-05-25,37.8400,37.8810,37.5900,37.8100,33.5121,76490800
2005-05-26,37.9900,38.2700,37.9800,38.1900,33.8489,84087800
2005-05-27,38.1400,38.2500,38.0200,38.2100,33.8667,50134100
2005-05-31,38.1900,38.2400,37.9200,38.0800,33.7514,75294900
2005-06-01,38.0300,38.6800,38.0200,38.3900,34.0262,110985200
2005-06-02,38.3400,38.6600,38.3000,38.6600,34.2655,76148700
2005-06-03,38.6300,38.6400,38.0200,38.1000,33.7692,97066500
2005-06-06,38.1200,38.1900,37.9600,38.1100,33.7780,53078500
2005-06-07,38.1500,38.4710,37.7380,37.7900,33.4944,109623100
2005-06-08,37.9000,37.9500,37.5600,37.7100,33.4235,79250400
2005-06-09,37.6600,38.0600,37.5000,37.9500,33.6362,99440600
2005-06-10,37.8900,37.9000,37.3800,37.5470,33.2790,86005600
2005-06-13,37.4800,37.9500,37.4600,37.7300,33.4412,82360300
2005-06-14,37.6900,37.8400,37.5000,37.5800,33.3083,62764600
2005-06-15,37.8300,37.8700,37.2500,37.7000,33.4146,104082200
2005-06-16,37.7400,38.0000,37.6600,37.9000,33.5919,90509300
2005-06-17,38.1100,38.2100,37.7500,37.8700,33.5961,89171200
2005-06-20,37.7200,38.0800,37.5800,37.8700,33.5961,68165200
2005-06-21,37.8400,38.0110,37.7000,37.8500,33.5784,97916200
2005-06-22,38.0000,38.1000,37.6300,37.8100,33.5429,75517500
2005-06-23,37.8700,38.1800,37.3300,37.3900,33.1703,122223700
2005-06-24,37.3800,37.4100,36.9580,36.9700,32.7977,142329900
2005-06-27,36.9500,37.0600,36.7000,36.8000,32.6469,72888200
2005-06-28,36.9500,37.2600,36.9000,37.1500,32.9574,73382000
2005-06-29,37.2500,37.2600,36.9700,37.0680,32.8846,71580300
2005-06-30,37.1400,37.2100,36.7500,36.7800,32.6291,87963200
2005-07-01,36.8600,37.0010,36.6800,36.7250,32.5803,55292700
2005-07-05,36.6300,37.1900,36.6000,37.1100,32.9219,79288600
2005-07-06,37.0300,37.2800,36.8640,36.9300,32.7622,79331900
2005-07-07,36.5800,37.0900,36.5498,37.0600,32.8775,120216300
2005-07-08,37.0800,37.8100,36.9930,37.7700,33.5074,101469200
2005-07-11,37.8700,38.1600,37.8000,38.1200,33.8179,96455400
2005-07-12,38.1200,38.4600,38.0100,38.3000,33.9776,86105500
2005-07-13,38.3200,38.4300,38.1700,38.3900,34.0574,72552500
2005-07-14,38.6590,38.8800,38.5200,38.7700,34.3946,103210900
2005-07-15,38.8400,39.0000,38.6490,38.8900,34.5010,67732800
2005-07-18,38.7700,38.8900,38.6880,38.7330,34.3617,59117100
2005-07-19,38.9100,39.1960,38.8400,39.1800,34.7583,78687400
2005-07-20,38.9300,39.5700,38.9000,39.4600,35.0067,91982200
2005-07-21,39.5600,39.6930,39.2100,39.4700,35.0156,127792600
2005-07-22,39.4700,39.5900,39.2200,39.4200,34.9712,71717300
2005-07-25,39.4600,39.6260,39.2000,39.2700,34.8381,52058500
2005-07-26,39.3900,39.5300,39.1900,39.4200,34.9712,69662800
2005-07-27,39.4300,39.7600,39.2260,39.7200,35.2373,83631400
2005-07-28,39.7500,39.9210,39.6400,39.9100,35.4059,67122700
2005-07-29,39.8700,39.9200,39.5200,39.5750,35.1087,74758600
2005-08-01,39.6400,39.8300,39.5200,39.6500,35.1752,59877200
2005-08-02,39.7000,40.1400,39.6540,40.0800,35.5567,79724700
2005-08-03,39.9100,40.1300,39.8800,40.0600,35.5390,61975600
2005-08-04,39.8800,39.9400,39.5700,39.6730,35.1956,72061700
2005-08-05,39.6100,39.7900,39.4270,39.4800,35.0244,71262700
2005-08-08,39.5200,39.6100,39.1400,39.1900,34.7672,64634700
2005-08-09,39.3700,39.5900,39.3060,39.4500,34.9978,64615400
2005-08-10,39.5500,39.6850,38.9700,39.1100,34.6962,104471000
2005-08-11,39.1300,39.5410,39.1000,39.4320,34.9818,93638000
2005-08-12,39.1200,39.3200,38.9700,39.2100,34.7849,86470000
2005-08-15,39.1400,39.6300,39.0770,39.4460,34.9943,63066300
2005-08-16,39.3000,39.3300,38.7400,38.8100,34.4300,94913000
2005-08-17,38.9200,39.1700,38.7900,39.0400,34.6341,75633800
2005-08-18,38.8700,39.1000,38.7700,38.8430,34.4593,72727100
2005-08-19,38.8900,39.0010,38.7900,38.8200,34.4389,52177600
2005-08-22,38.8800,39.1800,38.5970,38.8400,34.4567,93266700
2005-08-23,38.8400,38.9200,38.6100,38.7300,34.3591,57532000
2005-08-24,38.8400,39.1800,38.4600,38.5000,34.1550,95038000
2005-08-25,38.5600,38.6920,38.4900,38.5880,34.2331,52338600
2005-08-26,38.5300,38.6000,38.2700,38.4599,34.1194,63884100
2005-08-29,38.2600,38.8500,38.2600,38.7600,34.3857,74971100
2005-08-30,38.5600,38.6550,38.3200,38.6200,34.2615,87506200
2005-08-31,38.6420,39.0100,38.4780,38.9800,34.5809,93451900
2005-09-01,38.9800,39.1500,38.7800,38.9200,34.5276,74917100
2005-09-02,38.9900,39.0310,38.7400,38.7700,34.3946,53270300
2005-09-06,38.9300,39.4100,38.9000,39.3400,34.9002,78129700
2005-09-07,39.3000,39.4790,39.2100,39.4090,34.9614,57470400
2005-09-08,39.2900,39.5700,39.2700,39.4000,34.9535,73544500
2005-09-09,39.4100,39.6900,39.3100,39.6190,35.1477,75389900
2005-09-12,39.6300,39.8630,39.5800,39.7300,35.2462,51700900
2005-09-13,39.6790,39.9100,39.5400,39.6300,35.1575,66186100
2005-09-14,39.6500,39.6800,39.1500,39.1800,34.7583,98671600
2005-09-15,39.2600,39.3400,39.0500,39.1600,34.7405,80476100
2005-09-16,39.2500,39.4600,39.1090,39.4000,34.9535,71052700
2005-09-19,39.3200,39.3800,38.9100,39.0900,34.6784,73395500
2005-09-20,39.1600,39.5410,38.8090,38.9300,34.5365,115514200
2005-09-21,38.8200,38.8700,38.4700,38.5000,34.1550,116424000
2005-09-22,38.4400,38.7300,38.2400,38.6400,34.2792,119165100
2005-09-23,38.4400,38.8800,38.4100,38.7500,34.3768,70170100
2005-09-26,38.9700,39.0300,38.5500,38.7600,34.3857,69345100
2005-09-27,38.8000,38.9000,38.5100,38.6700,34.3058,64094300
2005-09-28,38.7700,38.9500,38.5580,38.6800,34.3147,72059400
2005-09-29,38.6300,39.2110,38.4450,39.2000,34.7760,117774000
2005-09-30,39.1530,39.4800,39.1300,39.4600,35.0067,79260000
2005-10-03,39.5400,39.7500,39.5100,39.5600,35.0954,81694200
2005-10-04,39.6000,39.8800,39.2900,39.3000,34.8647,85379600
2005-10-05,39.3100,39.3400,38.7300,38.7600,34.3857,106227400
2005-10-06,38.7300,38.8600,37.9200,38.2500,33.9332,162273300
2005-10-07,38.4100,38.5700,38.1790,38.3400,34.0131,91132500
2005-10-10,38.2900,38.4610,38.0600,38.1300,33.8268,64031800
2005-10-11,38.2100,38.2400,37.8000,37.9400,33.6582,114769600
2005-10-12,37.7600,38.0560,37.4300,37.4870,33.2563,146123700
2005-10-13,37.4700,37.9100,37.3300,37.7800,33.5163,138583600
2005-10-14,37.8700,38.0700,37.6400,38.0600,33.7647,131480500
2005-10-17,38.0560,38.1900,37.8200,38.1800,33.8711,64214100
2005-10-18,38.1450,38.1800,37.9100,37.9100,33.6316,88096000
2005-10-19,37.7400,38.6720,37.6100,38.6700,34.3058,132942200
2005-10-20,38.6600,38.8500,38.1000,38.3060,33.9829,132676900
2005-10-21,38.6990,38.8600,38.3288,38.5500,34.1994,110053000
2005-10-24,38.7120,39.1810,38.4670,39.1600,34.7405,111785100
2005-10-25,39.0800,39.1901,38.7700,39.0100,34.6075,86963900
2005-10-26,38.9600,39.2740,38.7600,38.8100,34.4300,90028000
2005-10-27,38.7800,38.8000,38.0300,38.0300,33.7381,135443100
2005-10-28,38.1700,38.3920,37.9200,38.3220,33.9971,95367400
2005-10-31,38.4300,39.0500,38.4200,38.8700,34.4833,115430900
2005-11-01,38.7600,39.0100,38.7100,38.8400,34.4567,73633500
2005-11-02,38.7250,39.4600,38.7100,39.3470,34.9064,101555800
2005-11-03,39.7400,40.0901,39.6800,39.9400,35.4325,137053900
2005-11-04,39.9940,40.2300,39.8400,40.0800,35.5567,100944400
2005-11-07,40.2000,40.2900,39.9500,40.1300,35.6011,65366500
2005-11-08,40.0640,40.3500,39.9900,40.1400,35.6099,78859600
2005-11-09,40.1200,40.3300,40.0300,40.1590,35.6268,72458700
2005-11-10,40.1800,40.6900,39.9200,40.6000,36.0180,120763000
2005-11-11,40.7700,40.9180,40.6800,40.7100,36.1156,80107100
2005-11-14,40.7700,40.8600,40.6030,40.7140,36.1192,53652300
2005-11-15,40.7300,40.9000,40.3800,40.5200,35.9471,79543400
2005-11-16,40.6450,40.7800,40.4600,40.7680,36.1671,65912600
2005-11-17,40.9100,41.3200,40.8500,41.3070,36.6452,94448300
2005-11-18,41.5200,41.6510,41.0253,41.4500,36.7721,108820100
2005-11-21,41.3970,41.5810,41.2400,41.5490,36.8599,69731300
2005-11-22,41.4600,41.8700,41.3600,41.7000,36.9939,88819100
2005-11-23,41.7300,42.0200,41.7100,41.8000,37.0826,64101100
2005-11-25,41.8400,41.9400,41.7300,41.8900,37.1624,22930100
2005-11-28,41.9700,42.0000,41.5000,41.5400,36.8519,74716100
2005-11-29,41.7600,41.8500,41.3400,41.3430,36.6772,77444700
2005-11-30,41.2900,41.4900,41.1890,41.2400,36.5858,88044400
2005-12-01,41.5100,42.0500,41.5000,42.0070,37.2662,91914000
2005-12-02,41.9320,42.1330,41.8700,42.1070,37.3550,72929100
2005-12-05,42.0500,42.0600,41.6290,41.8000,37.0826,61585500
2005-12-06,42.0300,42.3100,41.9000,41.9360,37.2032,81509300
2005-12-07,42.0100,42.0300,41.6290,41.8600,37.1358,83885400
2005-12-08,41.9600,42.0000,41.2700,41.5610,36.8706,112043100
2005-12-09,41.5710,41.7700,41.3799,41.7150,37.0072,56531700
2005-12-12,41.8700,41.9400,41.6800,41.8670,37.1420,44869900
2005-12-13,41.8200,42.2110,41.7600,42.0450,37.2999,76611500
2005-12-14,41.9500,42.0960,41.7080,41.8990,37.1704,73581500
2005-12-15,42.0000,42.0700,41.6080,41.9700,37.2334,72678200
2005-12-16,41.8700,41.9400,41.5490,41.5800,36.9771,63742900
2005-12-19,41.6800,41.7100,40.9000,40.9200,36.3902,75415000
2005-12-20,40.9500,41.1500,40.7500,40.9500,36.4169,70257600
2005-12-21,41.0200,41.4100,40.9500,41.1300,36.5769,68934900
2005-12-22,41.1100,41.4620,40.9800,41.3970,36.8144,59156900
2005-12-23,41.5100,41.5900,41.2990,41.4030,36.8197,38000400
2005-12-27,41.5200,41.6800,40.9700,41.0380,36.4951,55669200
2005-12-28,41.0600,41.2300,40.8700,40.9900,36.4524,50315300
2005-12-29,41.0300,41.1200,40.6500,40.7200,36.2123,47308100
2005-12-30,40.5500,40.5800,40.3600,40.4120,35.9384,60052800
2006-01-03,40.6500,41.4900,40.1600,41.3100,36.7370,109422100
2006-01-04,41.4100,41.7400,41.3158,41.7400,37.1194,92780100
2006-01-05,41.7500,42.0000,41.7065,41.9200,37.2795,77692000
2006-01-06,42.2600,42.7000,42.0600,42.6800,37.9553,110120900
2006-01-09,42.6600,42.9201,42.5200,42.8499,38.1064,80775200
2006-01-10,42.6400,42.9200,42.5500,42.8800,38.1332,84420400
2006-01-11,43.0200,43.3100,42.8700,43.2100,38.4267,100777600
2006-01-12,43.1600,43.2900,42.8500,43.0000,38.2399,82429100
2006-01-13,42.9400,43.0500,42.7300,42.9800,38.2221,64586000
2006-01-17,42.6600,42.7900,42.5000,42.7000,37.9731,78109600
2006-01-18,42.0400,42.4600,42.0200,42.2100,37.5374,122426500
2006-01-19,42.4000,42.8200,42.2900,42.5200,37.8131,111105100
2006-01-20,42.4400,42.4900,41.1500,41.2500,36.6836,188671100
2006-01-23,41.3700,41.4500,41.0800,41.2600,36.6925,111432000
2006-01-24,41.3600,41.7000,41.3100,41.4400,36.8526,77967200
2006-01-25,41.6400,41.6700,41.0800,41.2600,36.6925,99830900
2006-01-26,41.5000,41.6900,41.2300,41.5500,36.9504,112779700
2006-01-27,41.8000,42.3900,41.7400,42.1100,37.4484,110780093
2006-01-30,42.1800,42.3200,42.0700,42.1900,37.5196,53461282
2006-01-31,42.1700,42.2700,41.8100,42.0000,37.3506,87132932
2006-02-01,41.7400,42.1700,41.7000,42.1500,37.4840,88108468
2006-02-02,42.0100,42.0800,41.4100,41.4300,36.8437,93969012
2006-02-03,41.1200,41.2300,40.7800,40.9200,36.3902,120115527
2006-02-06,40.8900,41.0100,40.5900,40.8100,36.2924,56692698
2006-02-07,40.7200,40.9300,40.4400,40.6300,36.1323,81759676
2006-02-08,40.9200,41.1500,40.6900,41.1000,36.5503,83515395
2006-02-09,41.2100,41.3700,40.6300,40.7100,36.2034,76731592
2006-02-10,40.6800,41.0600,40.2600,40.9600,36.4257,100726433
2006-02-13,40.7000,40.7400,40.3000,40.4900,36.0078,69132849
2006-02-14,40.5700,41.0200,40.4100,40.9000,36.3724,92016264
2006-02-15,40.7900,41.2600,40.7300,41.1600,36.6036,91557720
2006-02-16,41.3100,41.5500,41.1500,41.5400,36.9415,91549060
2006-02-17,41.4600,41.4600,41.2000,41.2100,36.6481,79768160
2006-02-21,41.2200,41.2700,40.6100,40.7500,36.2390,79046284
2006-02-22,40.8000,41.5400,40.6800,41.2600,36.6925,90997696
2006-02-23,41.1900,41.5400,41.0800,41.1500,36.5947,63308180
2006-02-24,41.1500,41.2900,41.0100,41.2600,36.6925,57087900
2006-02-27,41.3600,41.8700,41.3300,41.7200,37.1016,61818247
2006-02-28,41.6100,41.7200,40.9700,41.1000,36.5503,109850555
2006-03-01,41.2300,41.7701,41.1500,41.6600,37.0483,78697359
2006-03-02,41.5700,41.8400,41.4100,41.6900,37.0749,67716093
2006-03-03,41.4500,42.0100,41.3900,41.4500,36.8615,107962870
2006-03-06,41.5400,41.6300,40.9600,41.0900,36.5414,91862341
2006-03-07,41.0200,41.0700,40.6500,40.8500,36.3279,95880901
2006-03-08,40.7600,41.0900,40.5000,40.8700,36.3457,100893200
2006-03-09,41.0100,41.1501,40.4700,40.5200,36.0345,103531430
2006-03-10,40.4800,40.7900,40.1900,40.5600,36.0700,123657031
2006-03-13,40.7400,40.9400,40.6200,40.6800,36.1767,67788992
2006-03-14,40.6400,41.4200,40.6400,41.3700,36.7904,111538144
2006-03-15,41.5300,41.7200,41.3200,41.7200,37.1016,83116796
2006-03-16,41.8500,41.9201,41.3300,41.3700,36.7904,100166854
2006-03-17,41.3400,41.5900,41.2300,41.4500,36.8874,76479184
2006-03-20,41.5700,41.6800,41.4000,41.5500,36.9764,58119341
2006-03-21,41.5000,42.0100,41.0800,41.1100,36.5848,131961636
2006-03-22,40.8800,41.2800,40.8600,41.2100,36.6738,109011670
2006-03-23,41.0900,41.2200,40.8200,41.0900,36.5670,68323194
2006-03-24,41.2300,41.5001,41.0200,41.3000,36.7539,78513767
2006-03-27,41.2800,41.5100,41.2400,41.3100,36.7628,52277224
2006-03-28,41.3900,41.6700,40.9900,41.1400,36.6115,96378590
2006-03-29,41.2000,42.1000,41.1700,41.9200,37.3056,128690874
2006-03-30,42.0100,42.3001,41.7900,42.0500,37.4213,113752457
2006-03-31,42.1300,42.1900,41.8400,41.9300,37.3145,63409882
2006-04-03,42.1500,42.3700,41.9000,41.9800,37.3590,80669834
2006-04-04,42.0500,42.3100,41.9300,42.2100,37.5637,89766995
2006-04-05,42.3000,42.6700,42.2100,42.6100,37.9197,91354023
2006-04-06,42.5900,42.9400,42.4404,42.7300,38.0265,91445825
2006-04-07,42.8800,43.0500,42.3000,42.3200,37.6616,116678855
2006-04-10,42.4000,42.5000,42.0900,42.2600,37.6082,58635907
2006-04-11,42.3900,42.4300,41.7100,41.9200,37.3056,90746826
2006-04-12,41.9400,42.0800,41.8000,41.9300,37.3145,57265434
2006-04-13,41.9100,42.3300,41.7900,42.1000,37.4658,63365740
2006-04-17,42.0400,42.2100,41.3900,41.6600,37.0743,103251217
2006-04-18,41.7700,42.5600,41.7700,42.4600,37.7862,122803931
2006-04-19,42.5400,42.6500,42.3000,42.6500,37.9553,76732877
2006-04-20,42.6400,42.8200,42.3800,42.5000,37.8218,79547811
2006-04-21,42.6600,42.8600,41.8200,42.0000,37.3768,129602983
2006-04-24,41.9500,42.0700,41.7200,41.9600,37.3412,76850709
2006-04-25,42.0700,42.1000,41.6500,41.8700,37.2612,76432298
2006-04-26,41.8600,42.0600,41.7000,41.8600,37.2523,82182933
2006-04-27,41.6700,42.4900,41.5000,42.2600,37.6082,172070787
2006-04-28,42.0000,42.2200,41.7800,41.8500,37.2434,88707147
2006-05-01,41.9200,42.3000,41.3100,41.4400,36.8785,92740837
2006-05-02,41.6200,41.7300,41.4000,41.5500,36.9764,85101453
2006-05-03,41.5700,41.6400,41.2800,41.4900,36.9230,74668419
2006-05-04,41.5300,41.9900,41.5300,41.8300,37.2256,88713400
2006-05-05,42.1100,42.2100,41.9400,42.1600,37.5192,80394304
2006-05-08,42.0800,42.2800,42.0700,42.2000,37.5548,44881000
2006-05-09,42.1000,42.1800,41.9700,42.0400,37.4124,47594300
2006-05-10,41.9300,41.9800,41.5500,41.6700,37.0832,92440496
2006-05-11,41.6300,41.6500,40.6300,40.7400,36.2555,140217600
2006-05-12,40.5600,40.7600,39.9600,40.1900,35.7661,153705499
2006-05-15,40.0300,40.3400,39.7900,40.1600,35.7394,127619061
2006-05-16,40.1600,40.2600,39.7700,39.8600,35.4724,131372927
2006-05-17,39.6800,39.8100,39.2300,39.3200,34.9918,207865262
2006-05-18,39.4900,39.6600,39.0000,39.0500,34.7516,139512757
2006-05-19,39.1700,39.4700,38.7500,39.3500,35.0185,194289933
2006-05-22,39.0200,39.2400,38.6200,38.9700,34.6804,169577115
2006-05-23,39.2600,39.3801,38.5700,38.5900,34.3422,141215110
2006-05-24,38.5300,39.0400,38.2300,38.8500,34.5736,234562869
2006-05-25,39.0800,39.3800,38.8200,39.3600,35.0274,123497333
2006-05-26,39.4500,39.5800,39.2300,39.4900,35.1431,91317819
2006-05-30,39.3100,39.3300,38.6100,38.6400,34.3867,105353354
2006-05-31,38.7200,39.0600,38.5400,38.8200,34.5469,136990502
2006-06-01,38.9100,39.7400,38.8400,39.7400,35.3656,119346590
2006-06-02,39.9700,40.0000,39.3100,39.6420,35.2784,128807844
2006-06-05,39.5500,39.5600,38.7800,38.7800,34.5113,103145940
2006-06-06,38.8500,38.9500,38.3500,38.7500,34.4846,127266808
2006-06-07,38.8000,39.1700,38.4500,38.4600,34.2265,130360348
2006-06-08,38.2700,38.5600,37.4900,38.4000,34.1731,269731513
2006-06-09,38.5400,38.7400,38.1100,38.3000,34.0841,127307717
2006-06-12,38.0500,38.2600,37.3900,37.4000,33.2832,145573291
2006-06-13,37.5200,37.8000,37.1600,37.2500,33.1497,207065577
2006-06-14,37.3600,37.7100,37.2000,37.6300,33.4879,201750565
2006-06-15,37.8400,38.7900,37.8000,38.6500,34.3956,199999922
2006-06-16,38.5500,38.6800,38.2000,38.3400,34.1426,119941951
2006-06-19,38.5000,38.5400,37.9100,38.0300,33.8665,129436699
2006-06-20,38.0900,38.4800,37.9400,38.0800,33.9111,102866858
2006-06-21,38.1400,38.9900,38.1300,38.6800,34.4454,129520179
2006-06-22,38.6000,38.6800,37.9900,38.1900,34.0090,143290382
2006-06-23,38.1600,38.5300,37.9300,38.1500,33.9734,88037000
2006-06-26,38.1700,38.3900,38.0700,38.2500,34.0624,65066173
2006-06-27,38.2800,38.3300,37.4900,37.5300,33.4213,125980525
2006-06-28,37.6300,37.8400,37.3800,37.8100,33.6706,91442940
2006-06-29,37.9600,38.9600,37.9000,38.9600,34.6947,181953355
2006-06-30,39.1200,39.1400,38.6800,38.7700,34.5255,82721200
2006-07-03,38.8800,39.0000,38.8100,39.0000,34.7303,21598500
2006-07-05,38.6400,38.6800,38.0900,38.1500,33.9734,93566542
2006-07-06,38.2600,38.4800,38.0100,38.1100,33.9378,70525629
2006-07-07,37.8900,38.1700,37.5700,37.6900,33.5638,108056396
2006-07-10,37.7900,37.9300,37.1700,37.3600,33.2699,105094834
2006-07-11,37.2800,37.7400,37.0800,37.6400,33.5192,136049939
2006-07-12,37.5600,37.6400,36.8400,36.9300,32.8870,154416841
2006-07-13,36.6600,37.0400,36.3100,36.3100,32.3348,177504273
2006-07-14,36.3000,36.3800,35.7900,35.9400,32.0053,172338227
2006-07-17,35.9500,36.2500,35.8700,36.0300,32.0855,134301443
2006-07-18,36.2200,36.3300,35.5400,36.1500,32.1923,206772884
2006-07-19,36.1000,36.8300,36.0900,36.6200,32.6109,192465893
2006-07-20,36.7400,36.8000,36.0400,36.0800,32.1300,152142647
2006-07-21,35.8800,35.9600,35.6200,35.7000,31.7916,119249674
2006-07-24,35.8500,36.4301,35.8000,36.4100,32.4239,130194527
2006-07-25,36.4700,36.7400,36.2400,36.6200,32.6109,108825576
2006-07-26,36.5000,36.8700,36.2300,36.5900,32.5842,106152840
2006-07-27,36.7300,37.0400,36.2500,36.3500,32.3705,99660652
2006-07-28,36.5600,37.1400,36.5000,37.1100,33.0472,93541000
2006-07-31,37.0800,37.3200,36.8900,37.1000,33.0383,78008365
2006-08-01,36.7900,36.8000,36.2600,36.4800,32.4862,98527896
2006-08-02,36.6100,37.1300,36.6100,36.8900,32.8513,87359979
2006-08-03,36.5400,37.3400,36.4800,37.1200,33.0562,99180143
2006-08-04,37.4200,37.6300,36.6200,36.9500,32.9048,123479276
2006-08-07,36.9200,36.9400,36.5300,36.7100,32.6910,69577095
2006-08-08,36.8100,36.9000,36.2600,36.4800,32.4862,123628524
2006-08-09,37.0100,37.3100,36.4300,36.5300,32.5307,145299796
2006-08-10,36.4600,36.8800,36.3100,36.7900,32.7623,102469312
2006-08-11,36.4600,36.6900,36.3700,36.5300,32.5307,86869023
2006-08-14,36.8600,37.2700,36.7000,36.7700,32.7445,109227745
2006-08-15,37.2200,37.7500,37.0900,37.7000,33.5727,133632463
2006-08-16,37.9900,38.6100,37.8400,38.5800,34.3563,135258193
2006-08-17,38.4700,38.9800,38.4400,38.7300,34.4899,129098908
2006-08-18,38.6500,38.8300,38.2800,38.7900,34.5433,97719893
2006-08-21,38.4700,38.5600,38.2600,38.4200,34.2138,66661413
2006-08-22,38.3600,38.8100,38.2000,38.4300,34.2227,102028874
2006-08-23,38.4700,38.6700,37.9200,38.1400,33.9645,96045975
2006-08-24,38.2600,38.3500,37.9200,38.2500,34.0624,78982079
2006-08-25,38.1700,38.6400,38.0600,38.3200,34.1248,73540638
2006-08-28,38.2800,38.7900,38.2400,38.6100,34.3830,79999159
2006-08-29,38.5800,38.7600,38.1800,38.7300,34.4899,104834266
2006-08-30,38.7400,39.0300,38.6000,38.9100,34.6502,75664677
2006-08-31,38.9400,39.0300,38.7600,38.8700,34.6146,61203606
2006-09-01,39.0700,39.2100,38.9000,39.0800,34.8016,69386196
2006-09-05,39.1100,39.4800,38.8500,39.4600,35.1400,85552574
2006-09-06,39.0800,39.1900,38.6100,38.6700,34.4365,95137213
2006-09-07,38.5700,38.9000,38.3600,38.4799,34.2672,115817960
2006-09-08,38.5400,38.8200,38.4600,38.7200,34.4810,96578235
2006-09-11,38.4100,39.1500,38.3199,38.9600,34.6947,142139636
2006-09-12,38.9500,39.8000,38.9500,39.6800,35.3359,124027658
2006-09-13,39.7300,39.9820,39.6300,39.9600,35.5852,115918238
2006-09-14,39.8500,40.2200,39.7600,39.9900,35.6120,98067792
2006-09-15,40.3500,40.4600,40.0000,40.1100,35.7397,137810756
2006-09-18,40.1200,40.4000,39.9400,40.1101,35.7397,117228353
2006-09-19,40.2400,40.2500,39.5200,39.8500,35.5080,159015557
2006-09-20,40.2000,40.5400,40.1900,40.4300,36.0248,116612477
2006-09-21,40.5200,40.6700,40.0800,40.1800,35.8020,121819601
2006-09-22,40.1500,40.1600,39.7000,39.8700,35.5258,100990245
2006-09-25,40.0500,40.6600,39.6800,40.5700,36.1495,136444400
2006-09-26,40.5200,40.8000,40.4000,40.7700,36.3277,113251864
2006-09-27,40.7000,40.9500,40.5000,40.7200,36.2832,112787499
2006-09-28,40.7700,40.8900,40.4300,40.8300,36.3812,85458713
2006-09-29,40.8900,40.9300,40.6200,40.6500,36.2208,85422887
2006-10-02,40.6000,40.7000,40.0800,40.1400,35.7664,96964475
2006-10-03,40.0500,40.4800,39.8800,40.3100,35.9179,116205825
2006-10-04,40.2200,41.3100,40.1400,41.3000,36.8000,148828597
2006-10-05,41.2800,41.5600,41.1800,41.5000,36.9782,91644940
2006-10-06,41.3800,41.5600,41.2400,41.4100,36.8980,85425053
2006-10-09,41.3700,41.7400,41.3200,41.5500,37.0228,62778517
2006-10-10,41.6100,41.7500,41.3100,41.6200,37.0851,98166149
2006-10-11,41.4300,41.8300,41.1700,41.5400,37.0138,136414167
2006-10-12,41.7600,42.2500,41.7000,42.2300,37.6287,94979575
2006-10-13,42.2200,42.5200,42.1400,42.4300,37.8069,80445262
2006-10-16,42.4300,42.6200,42.4000,42.4500,37.8247,61989554
2006-10-17,42.1700,42.2000,41.7600,42.0000,37.4237,145818202
2006-10-18,42.2200,42.3100,41.6500,41.8000,37.2455,120263984
2006-10-19,41.6900,42.1101,41.5900,41.9000,37.3346,108141895
2006-10-20,42.0500,42.0840,41.6400,42.0000,37.4237,105399959
2006-10-23,41.9200,42.5800,41.8200,42.4300,37.8069,126814680
2006-10-24,42.2900,42.4500,41.9200,42.1300,37.5396,103480219
2006-10-25,42.1400,42.5200,42.0500,42.4300,37.8069,125309328
2006-10-26,42.5700,42.9200,42.2200,42.8200,38.1544,130204567
2006-10-27,42.7300,42.8200,42.0800,42.2100,37.6108,129345536
2006-10-30,42.1700,42.6500,42.0600,42.4800,37.8514,103867844
2006-10-31,42.5600,42.7600,42.3100,42.5800,37.9405,135790403
2006-11-01,42.7300,42.7700,41.8200,42.0000,37.4237,146450954
2006-11-02,41.8150,42.1400,41.7400,42.0400,37.4594,100185037
2006-11-03,42.1000,42.1900,41.6100,41.9300,37.3613,119224789
2006-11-06,42.0600,42.7100,42.0600,42.5400,37.9049,101259949
2006-11-07,42.5300,43.0900,42.4700,42.8300,38.1633,138817956
2006-11-08,42.5800,43.2000,42.4700,43.0300,38.3415,179497946
2006-11-09,43.2700,43.3500,42.6700,42.8000,38.1366,124252457
2006-11-10,42.8400,43.0400,42.6700,43.0300,38.3415,82370610
2006-11-13,43.0600,43.5400,43.0000,43.4600,38.7246,89120756
2006-11-14,43.5000,43.9700,43.2400,43.9300,39.1434,121889313
2006-11-15,43.9800,44.4000,43.9200,44.1100,39.3038,116240635
2006-11-16,44.2500,44.4200,44.0200,44.3000,39.4731,113424275
2006-11-17,44.0600,44.3000,43.9500,44.3000,39.4731,95113828
2006-11-20,44.1600,44.4800,44.0100,44.3900,39.5533,105980129
2006-11-21,44.4200,44.5100,44.2500,44.4500,39.6068,67970425
2006-11-22,44.5800,44.7500,44.2600,44.7300,39.8563,69849377
2006-11-24,44.4000,44.8600,44.3800,44.6500,39.7850,51774422
2006-11-27,44.5200,44.6100,43.6400,43.6600,38.9028,159480727
2006-11-28,43.5200,43.8400,43.3400,43.7700,39.0009,118209944
2006-11-29,44.0000,44.1800,43.6600,44.0700,39.2682,137893298
2006-11-30,44.0500,44.2800,43.7900,44.0400,39.2414,123424371
2006-12-01,44.0000,44.3500,43.2600,43.6600,38.9028,144532362
2006-12-04,43.7900,44.4800,43.7900,44.2600,39.4375,89782368
2006-12-05,44.3900,44.5500,44.1900,44.4200,39.5800,84649369
2006-12-06,44.2900,44.4000,44.0700,44.2600,39.4375,78177860
2006-12-07,44.3400,44.4800,43.7000,43.7000,38.9385,124905065
2006-12-08,43.5700,44.2600,43.4700,43.9000,39.1167,133655090
2006-12-11,43.8350,44.3700,43.7500,44.0600,39.2593,72097121
2006-12-12,44.0500,44.1300,43.5600,43.8000,39.0276,111225079
2006-12-13,44.1050,44.1100,43.6200,43.8800,39.0989,79007059
2006-12-14,43.9700,44.5700,43.9400,44.3700,39.5355,109093422
2006-12-15,44.6600,44.7600,44.3500,44.4300,39.6375,99901770
2006-12-18,44.5800,44.7500,43.8000,43.9900,39.2450,114055316
2006-12-19,43.6500,44.0600,43.3800,43.8500,39.1201,136528061
2006-12-20,43.8900,44.1100,43.6700,43.6900,38.9773,67238662
2006-12-21,43.7600,43.7900,43.2100,43.3800,38.7008,102937924
2006-12-22,43.3900,43.4100,42.9300,42.9300,38.2993,92846593
2006-12-26,42.9300,43.1200,42.8800,43.1100,38.4599,50818591
2006-12-27,43.1900,43.4000,43.1000,43.3300,38.6562,54073317
2006-12-28,43.2000,43.3800,43.0500,43.1200,38.4688,69007895
2006-12-29,43.2100,43.6100,43.1200,43.1600,38.5045,75140002
2007-01-03,43.4600,44.0600,42.5200,43.2400,38.5759,167664194
2007-01-04,43.3000,44.2100,43.1500,44.0600,39.3074,136778283
2007-01-05,43.9300,43.9500,43.4800,43.8500,39.1201,138589326
2007-01-08,43.8800,44.1200,43.6400,43.8800,39.1468,106394708
2007-01-09,44.0000,44.2900,43.6300,44.1000,39.3431,120056653
2007-01-10,43.9600,44.6600,43.8200,44.6200,39.8070,120975781
2007-01-11,44.7100,45.2400,44.6500,45.0800,40.2174,174014055
2007-01-12,45.0200,45.3500,44.9700,45.3100,40.4226,104173561
2007-01-16,45.3300,45.4000,45.1300,45.2800,40.3958,95147532
2007-01-17,45.0900,45.2900,44.8300,44.9100,40.0657,126425285
2007-01-18,44.7900,44.8400,43.9500,44.0800,39.3253,188637885
2007-01-19,43.9800,44.2801,43.9100,44.1700,39.4055,127499239
2007-01-22,44.2100,44.2300,43.5100,43.6900,38.9773,123374526
2007-01-23,43.6400,43.9801,43.5000,43.5800,38.8792,131852796
2007-01-24,43.8700,44.3200,43.7700,44.3000,39.5215,117595626
2007-01-25,44.3700,44.4700,43.5800,43.7300,39.0130,158215162
2007-01-26,43.8100,43.8300,43.2900,43.5700,38.8703,146270349
2007-01-29,43.4500,43.9100,43.4000,43.6100,38.9060,104176726
2007-01-30,43.6800,43.7900,43.5200,43.6300,38.9238,69523753
2007-01-31,43.6000,44.1900,43.3300,44.0700,39.3163,157521098
2007-02-01,44.2700,44.4000,43.8500,44.0200,39.2717,147297908
2007-02-02,44.1100,44.2500,43.9400,44.1600,39.3966,98149581
2007-02-05,44.1400,44.3600,43.9600,44.1200,39.3609,96347635
2007-02-06,44.2000,44.2300,43.6400,44.0500,39.2985,120949954
2007-02-07,44.2900,44.6500,44.1200,44.4600,39.6643,117752109
2007-02-08,44.3900,44.6000,44.2300,44.4500,39.6553,89493951
2007-02-09,44.5700,44.7200,43.7300,43.8400,39.1111,133466803
2007-02-12,43.8800,43.8900,43.5900,43.7000,38.9862,126915952
2007-02-13,43.7900,44.0000,43.7000,43.8600,39.1290,92955244
2007-02-14,44.0500,44.7100,44.0400,44.6000,39.7892,133269843
2007-02-15,44.6300,44.8600,44.5500,44.8600,40.0211,110385862
2007-02-16,44.6800,44.8300,44.5700,44.7100,39.8873,72333345
2007-02-20,44.6500,45.1200,44.4300,44.6800,39.8605,93585890
2007-02-21,44.9200,45.2100,44.8300,45.1900,40.3155,95809787
2007-02-22,45.3600,45.5500,45.0700,45.4200,40.5207,116320377
2007-02-23,45.4200,45.4600,45.0600,45.2600,40.3780,113425627
2007-02-26,45.4800,45.5000,43.1500,45.0400,40.1817,101623700
2007-02-27,44.3600,44.4800,43.0600,43.1900,38.5313,317584877
2007-02-28,43.1600,43.7600,42.9300,43.3300,38.6562,214941116
2007-03-01,42.5500,43.5400,42.2400,43.1300,38.4777,231782873
2007-03-02,42.7800,43.1400,42.4700,42.4800,37.8978,183321585
2007-03-05,42.1600,42.8000,42.0600,42.1500,37.6034,171111970
2007-03-06,42.5600,42.9900,42.5000,42.8500,38.2279,155503036
2007-03-07,42.8600,42.9800,42.6500,42.6800,38.0763,116508850
2007-03-08,43.1300,43.2400,42.8400,42.9700,38.3350,120669988
2007-03-09,43.3300,43.3400,42.6500,42.9300,38.2993,128581796
2007-03-12,42.8800,43.2800,42.8300,43.2100,38.5491,81100197
2007-03-13,43.0000,43.2400,42.3600,42.3700,37.7997,168892108
2007-03-14,42.4300,43.0000,42.1000,42.9900,38.3528,192033230
2007-03-15,42.9000,43.0600,42.7200,42.8900,38.2636,111561954
2007-03-16,42.9400,43.0400,42.6100,42.8300,38.2339,105744407
2007-03-19,43.0600,43.3900,42.9500,43.2700,38.6267,95870949
2007-03-20,43.2600,43.5900,43.2100,43.5800,38.9034,78578663
2007-03-21,43.6300,44.4400,43.3500,44.4200,39.6533,173286809
2007-03-22,44.4400,44.4500,44.0900,44.2600,39.5105,114854634
2007-03-23,44.2600,44.3700,44.0700,44.1200,39.3855,68523966
2007-03-26,44.1400,44.3200,43.6300,44.3000,39.5462,113505005
2007-03-27,44.2300,44.2400,43.9500,43.9900,39.2694,74732294
2007-03-28,43.7850,44.0300,43.5100,43.5200,38.8499,142837595
2007-03-29,43.8400,43.8500,43.1000,43.5700,38.8945,124336504
2007-03-30,43.5600,43.8700,43.2215,43.5300,38.8588,120378446
2007-04-02,43.6700,43.7600,43.3000,43.5900,38.9124,89574576
2007-04-03,43.8200,44.3100,43.7900,44.1600,39.4212,105807653
2007-04-04,44.2000,44.3800,44.1300,44.3400,39.5819,85000260
2007-04-05,44.2900,44.5800,44.2300,44.5600,39.7783,54214850
2007-04-09,44.7100,44.7500,44.3800,44.4500,39.6801,63000783
2007-04-10,44.4400,44.6800,44.4100,44.6800,39.8854,76288496
2007-04-11,44.6400,44.6600,44.0700,44.2100,39.4658,114011748
2007-04-12,44.1350,44.6200,43.9500,44.5600,39.7783,113789333
2007-04-13,44.5700,44.7200,44.2900,44.6500,39.8586,94288229
2007-04-16,44.8300,45.1500,44.8300,45.0600,40.2246,71310000
2007-04-17,45.1400,45.2000,44.9600,45.1600,40.3139,81604192
2007-04-18,44.9300,45.2300,44.8300,45.0100,40.1800,81319440
2007-04-19,44.8100,45.2500,44.7200,45.1500,40.3049,95409245
2007-04-20,45.5200,45.6700,45.2000,45.4000,40.5281,122405913
2007-04-23,45.4400,45.6000,45.3400,45.4700,40.5906,85027400
2007-04-24,45.6300,45.8300,45.3300,45.7000,40.7959,108135658
2007-04-25,45.8500,46.3200,45.7000,46.3100,41.3405,106383347
2007-04-26,46.4200,46.6500,46.3300,46.5500,41.5547,99299517
2007-04-27,46.3700,46.7000,46.2900,46.5700,41.5726,96532859
2007-04-30,46.5000,46.5300,45.9200,45.9600,41.0280,93041910
2007-05-01,45.9700,46.1400,45.6600,45.9150,40.9879,135045059
2007-05-02,46.0900,46.5800,46.0500,46.4200,41.4387,90819058
2007-05-03,46.5300,46.7200,46.4300,46.5900,41.5904,97898279
2007-05-04,46.7700,46.8900,46.4200,46.6300,41.6261,93568058
2007-05-07,46.6500,46.7800,46.5700,46.6300,41.6261,47479598
2007-05-08,46.6500,46.7700,46.3000,46.7300,41.7154,95108664
2007-05-09,46.4900,46.9700,46.4600,46.8300,41.8047,116017936
2007-05-10,46.6700,46.7800,46.0700,46.1900,41.2333,171101372
2007-05-11,46.2400,46.7800,46.1800,46.7800,41.7600,102175358
2007-05-14,46.7700,46.8800,46.1900,46.4600,41.4744,118870829
2007-05-15,46.4100,46.7000,45.9900,46.1000,41.1530,179420913
2007-05-16,46.2100,46.5600,45.9100,46.5500,41.5547,144370461
2007-05-17,46.5000,46.5700,46.2900,46.3300,41.3583,109280735
2007-05-18,46.4800,46.7100,46.3800,46.7100,41.6975,104954539
2007-05-21,46.7400,47.2400,46.6700,47.0100,41.9654,112805242
2007-05-22,47.0400,47.2800,46.8700,47.0500,42.0011,98028200
2007-05-23,47.1900,47.3700,46.8200,46.8300,41.8047,119159187
2007-05-24,46.8550,47.0400,45.9700,46.1600,41.2066,205115828
2007-05-25,46.2600,46.5600,46.1800,46.4500,41.4654,87137203
2007-05-29,46.4900,46.8600,46.4100,46.8100,41.7868,99699187
2007-05-30,46.4800,47.2000,46.3500,47.1900,42.1260,132016986
2007-05-31,47.3200,47.5200,47.2100,47.4100,42.3224,108964514
2007-06-01,47.5800,47.7700,47.3700,47.4400,42.3492,125077921
2007-06-04,47.2700,47.6400,47.2400,47.5801,42.4743,64724473
2007-06-05,47.4300,47.5800,47.0000,47.5800,42.4742,151145505
2007-06-06,47.3700,47.3800,46.9614,47.0700,42.0189,183161293
2007-06-07,46.9100,47.2100,46.3200,46.3399,41.3672,220873012
2007-06-08,46.3300,46.9300,46.1600,46.9100,41.8761,177152855
2007-06-11,46.8900,47.1900,46.7600,46.8200,41.7957,97117916
2007-06-12,46.5700,47.0400,46.4500,46.5400,41.5458,153959855
2007-06-13,46.7400,47.0900,46.5400,47.0500,42.0011,147954522
2007-06-14,47.1000,47.4900,47.0900,47.3600,42.2778,101516563
2007-06-15,47.7500,47.8700,47.6500,47.7300,42.6411,100411471
2007-06-18,47.8500,47.8700,47.6700,47.7700,42.6768,75741515
2007-06-19,47.6300,47.8600,47.5100,47.7600,42.6679,109617369
2007-06-20,47.8300,47.9200,47.2400,47.3100,42.2658,161888917
2007-06-21,47.3050,47.7900,47.0800,47.7400,42.6500,143178386
2007-06-22,47.6400,47.7100,47.1400,47.2900,42.2480,153314248
2007-06-25,47.3100,47.5800,46.8200,47.0900,42.0693,136592376
2007-06-26,47.3200,47.3200,46.7400,46.8200,41.8281,127905217
2007-06-27,46.7400,47.5600,46.7000,47.5400,42.4713,141192290
2007-06-28,47.5200,47.8500,47.4700,47.5200,42.4534,116440081
2007-06-29,47.7900,47.8800,47.2100,47.6000,42.5249,124756888
2007-07-02,47.7100,48.0480,47.6800,48.0100,42.8912,80861829
2007-07-03,48.1000,48.3200,48.0400,48.3100,43.1592,34795793
2007-07-05,48.3500,48.7700,48.2900,48.6600,43.4719,73513823
2007-07-06,48.7100,48.9100,48.5000,48.8600,43.6506,65780937
2007-07-09,48.9000,48.9800,48.7200,48.8900,43.6774,66133927
2007-07-10,48.6200,48.9000,48.4300,48.4800,43.3111,103855693
2007-07-11,48.3700,48.8100,48.3200,48.8100,43.6059,99468375
2007-07-12,49.0500,49.6700,48.9200,49.5600,44.2759,107649646
2007-07-13,49.6200,49.9700,49.5699,49.9000,44.5797,73987182
2007-07-16,49.9000,50.0800,49.7600,49.8500,44.5350,77655683
2007-07-17,49.9700,50.3000,49.9200,50.2300,44.8745,122177392
2007-07-18,49.9400,50.1700,49.6400,50.1700,44.8209,143750178
2007-07-19,50.4100,50.6600,50.3100,50.3200,44.9549,116031191
2007-07-20,50.2900,50.3600,49.7400,50.0500,44.7137,163662626
2007-07-23,50.2100,50.3100,49.9200,50.0700,44.7316,107158696
2007-07-24,49.7100,50.1000,49.0500,49.3300,44.0705,175215508
2007-07-25,49.5700,49.6700,49.0600,49.4000,44.1330,169913047
2007-07-26,49.0700,49.4700,48.0500,48.9800,43.7578,313488072
2007-07-27,48.8900,49.1200,47.9900,47.9900,42.8733,246216814
2007-07-30,48.2100,48.7300,47.9500,48.5500,43.3736,165063229
2007-07-31,48.9700,48.9900,47.4300,47.5300,42.4624,255877687
2007-08-01,47.3900,47.9300,46.9800,47.9000,42.7929,297964854
2007-08-02,47.9400,48.4300,47.7900,48.3400,43.1860,177326070
2007-08-03,48.2500,48.3100,47.1500,47.4200,42.3641,165598109
2007-08-06,47.4600,48.0200,47.0300,47.9700,42.8555,190780150
2007-08-07,47.8800,48.6200,47.4800,48.3100,43.1592,167012257
2007-08-08,48.5100,49.0600,48.4000,48.8400,43.6327,164756482
2007-08-09,48.1900,48.9700,47.6900,47.7100,42.6232,241909896
2007-08-10,47.2100,47.8300,46.6300,47.2800,42.2390,246930064
2007-08-13,47.6800,47.8800,47.4800,47.6000,42.5249,111596290
2007-08-14,47.6900,47.7400,46.7300,46.7900,41.8013,153472891
2007-08-15,46.6800,47.0900,45.8130,45.9000,41.0062,213378738
2007-08-16,45.4300,45.9100,44.4000,45.5400,40.6846,184985247
2007-08-17,46.3100,46.5895,45.5890,46.3100,41.3725,223166237
2007-08-20,46.4900,46.7200,46.0800,46.5300,41.5690,144648802
2007-08-21,46.4800,47.1272,46.3900,47.0200,42.0068,114875547
2007-08-22,47.3750,47.7000,47.2700,47.6600,42.5785,114454598
2007-08-23,47.8200,47.8500,47.2300,47.5300,42.4624,117859043
2007-08-24,47.3800,48.2400,47.3200,48.2000,43.0609,88142906
2007-08-27,48.0500,48.2000,47.8400,47.8800,42.7751,72322321
2007-08-28,47.6000,47.7000,46.7100,46.7400,41.7566,105710713
2007-08-29,47.0500,48.1200,47.0500,48.0800,42.9537,112906123
2007-08-30,47.8300,48.7400,47.7500,48.3300,43.1771,138649654
2007-08-31,48.8600,49.0600,48.6100,48.8700,43.6595,94619137
2007-09-04,48.9200,50.0000,48.9100,49.6800,44.3831,98402454
2007-09-05,49.5500,49.6500,48.8700,49.1800,43.9365,113832707
2007-09-06,49.2300,49.3600,48.8100,49.1400,43.9007,94185337
2007-09-07,48.5300,48.6000,47.9500,48.2300,43.0877,152370510
2007-09-10,48.6200,48.7500,47.8100,48.2000,43.0609,125170354
2007-09-11,48.5200,48.9885,48.4300,48.9300,43.7131,102986149
2007-09-12,48.8400,49.3700,48.7800,48.9400,43.7220,93916356
2007-09-13,49.2900,49.3500,48.9400,49.1800,43.9365,80603187
2007-09-14,48.8000,49.3100,48.7300,49.2200,43.9722,99766221
2007-09-17,48.9900,49.1000,48.5900,48.8100,43.6059,84800225
2007-09-18,48.8600,50.0800,48.8300,50.0600,44.7226,73186651
2007-09-19,50.3000,50.5900,49.9800,50.1700,44.8209,126803643
2007-09-20,50.0600,50.2600,49.9200,50.0300,44.6958,109928829
2007-09-21,50.2800,50.5200,50.0143,50.3600,45.0139,86782509
2007-09-24,50.4900,50.9600,50.3300,50.5900,45.2195,106764938
2007-09-25,50.4200,51.0700,50.3600,51.0700,45.6485,100978136
2007-09-26,51.3600,51.5100,51.1200,51.3200,45.8720,96085562
2007-09-27,51.6400,51.6500,51.3600,51.5800,46.1044,72935047
2007-09-28,51.5600,51.6800,51.1800,51.4100,45.9524,75353559
2007-10-01,51.4500,52.1600,51.3800,52.0000,46.4798,100252017
2007-10-02,52.0400,52.0600,51.7200,52.0100,46.4887,70991007
2007-10-03,51.8400,52.0700,51.5000,51.6500,46.1669,106649946
2007-10-04,51.7500,51.8300,51.3400,51.7700,46.2742,84080383
2007-10-05,52.1700,52.9000,52.0600,52.8180,47.2109,115652899
2007-10-08,52.8000,53.1600,52.7100,53.1500,47.5077,62939579
2007-10-09,53.2700,53.4500,53.0300,53.3801,47.7134,93955648
2007-10-10,53.3900,53.5700,53.2100,53.5100,47.8295,91719029
2007-10-11,53.7900,53.9400,52.2800,52.6600,47.0697,239467744
2007-10-12,52.9000,53.5400,52.8000,53.5300,47.8474,131604107
2007-10-15,53.6100,53.7100,52.7000,53.1200,47.4809,121146425
2007-10-16,52.7900,53.2800,52.6800,52.8700,47.2574,193346731
2007-10-17,53.6200,53.6600,52.6800,53.5500,47.8652,183676962
2007-10-18,53.3300,53.8900,53.1200,53.7800,48.0708,143283795
2007-10-19,53.7700,53.7700,52.3900,52.4400,46.8731,244971900
2007-10-22,52.1600,53.1185,52.0200,53.0700,47.4362,206230947
2007-10-23,53.6200,54.2100,53.3400,54.1800,48.4283,161572364
2007-10-24,53.7400,53.9400,52.0000,53.7700,48.0619,297867530
2007-10-25,53.8800,53.9800,52.7500,53.0500,47.4183,233075465
2007-10-26,54.0800,54.2000,53.4400,53.9300,48.2049,146636451
2007-10-29,54.1900,54.3300,53.8400,54.1600,48.4105,101848664
2007-10-30,53.9400,54.5600,53.9000,54.2600,48.4999,114562016
2007-10-31,54.4600,55.0700,54.0400,55.0300,49.1881,148308784
2007-11-01,54.6800,54.7700,53.9700,54.0000,48.2675,181871158
2007-11-02,54.4200,54.5501,53.6000,54.4200,48.6429,217795757
2007-11-05,53.8700,54.4000,53.5900,54.0700,48.3300,150556910
2007-11-06,54.3300,54.6900,53.7800,54.6800,48.8753,131827270
2007-11-07,54.2300,54.5800,53.3100,53.3500,47.6865,193565203
2007-11-08,53.1400,53.3300,50.8000,51.7300,46.2384,378979463
2007-11-09,50.7300,51.1200,50.0000,50.0000,44.6921,307722798
2007-11-12,49.9200,50.2400,48.6500,48.7300,43.5569,282472784
2007-11-13,49.3900,50.7900,49.3500,50.7400,45.3535,254241852
2007-11-14,51.3900,51.4400,49.9000,50.0900,44.7725,260312422
2007-11-15,50.0000,50.5400,49.3700,49.8200,44.5312,250708648
2007-11-16,50.1400,50.4900,49.3400,50.2800,44.9424,263337359
2007-11-19,50.1700,50.4500,49.4100,49.7000,44.4239,197766741
2007-11-20,49.9500,50.7800,48.9300,49.9000,44.6027,300645041
2007-11-21,49.4300,50.1700,48.8500,49.3100,44.0753,212082657
2007-11-23,49.6300,49.9700,49.3724,49.8400,44.5491,46464083
2007-11-26,49.9800,50.3700,48.9000,48.9800,43.7804,149523286
2007-11-27,49.3900,50.0500,49.1000,49.9600,44.6563,211233344
2007-11-28,50.6300,51.7000,50.6000,51.4800,46.0150,214214457
2007-11-29,51.2700,51.8900,51.2000,51.7000,46.2116,172087257
2007-11-30,52.2100,52.2500,50.9500,51.3100,45.8630,171417328
2007-12-03,51.1400,51.5300,50.8200,50.8800,45.4787,108625642
2007-12-04,50.4600,50.9400,50.3800,50.6700,45.2910,113374086
2007-12-05,51.2000,52.0000,51.1600,51.5700,46.0954,137621191
2007-12-06,51.6300,52.3700,51.6100,52.3200,46.7658,99763571
2007-12-07,52.2900,52.5400,52.0800,52.3300,46.7747,88992298
2007-12-10,52.4400,52.6900,52.3200,52.5400,46.9624,75657874
2007-12-11,52.6100,52.8400,51.2100,51.3200,45.8720,167064664
2007-12-12,52.2500,52.4300,50.8900,51.7800,46.2831,162975125
2007-12-13,51.3300,51.6300,50.9800,51.5000,46.0329,153682083
2007-12-14,51.0900,51.6000,50.9200,50.9700,45.5591,128407935
2007-12-17,50.7800,50.9881,49.7100,49.7300,44.4508,134377521
2007-12-18,50.2400,50.2600,49.1900,49.9400,44.6385,71924339
2007-12-19,49.8900,50.2000,49.6200,49.9400,44.6385,65882397
2007-12-20,50.6700,50.9600,50.2000,50.9000,45.4965,167342283
2007-12-21,51.7100,51.9000,51.4800,51.8500,46.3933,107613153
2007-12-24,52.0100,52.4000,51.9501,52.2400,46.7423,34499893
2007-12-26,52.1500,52.6300,52.0000,52.5000,46.9749,58492079
2007-12-27,52.3300,52.5000,51.7100,51.9300,46.4649,65778895
2007-12-28,52.0400,52.1600,51.4300,51.8600,46.4023,67559859
2007-12-31,51.5600,51.6800,51.2100,51.2200,45.8296,70137773
2008-01-02,51.2700,51.4700,50.1300,50.4500,45.1407,152344477
2008-01-03,50.4000,50.7600,50.1500,50.6200,45.2928,114105510
2008-01-04,49.7900,49.8300,48.2100,48.4000,43.3064,212658574
2008-01-07,48.4100,48.6000,47.4300,48.1700,43.1006,235083589
2008-01-08,48.2900,48.7600,46.9200,46.9200,41.9822,261699993
2008-01-09,47.0900,47.9600,46.4600,47.9200,42.8769,254110742
2008-01-10,47.4200,48.4100,47.2900,47.9900,42.9396,249963616
2008-01-11,47.7200,47.7700,46.7000,47.0500,42.0985,211685127
2008-01-14,47.6900,48.0100,47.3100,47.8700,42.8322,168048431
2008-01-15,47.3800,47.5200,46.3500,46.5500,41.6511,241791958
2008-01-16,46.1900,46.9100,45.4600,46.0500,41.2037,265725123
2008-01-17,46.2400,46.5800,45.2000,45.4100,40.6311,254455987
2008-01-18,45.6400,46.1400,44.7600,45.3500,40.5774,273063208
2008-01-22,42.8300,44.7700,42.7300,44.1800,39.5305,325732226
2008-01-23,42.5400,44.1500,41.6100,44.0200,39.3874,390156448
2008-01-24,44.1900,44.9300,44.0600,44.9100,40.1837,250249051
2008-01-25,45.8600,45.8700,43.9400,43.9900,39.3605,199299091
2008-01-28,44.0200,44.4400,43.5700,44.3300,39.6647,163711180
2008-01-29,44.5600,44.6800,44.0400,44.4100,39.7363,138519982
2008-01-30,44.2400,45.3200,44.1800,44.3700,39.7005,220824400
2008-01-31,43.8700,45.5900,43.8200,45.1300,40.3806,246824010
2008-02-01,45.5200,45.8800,44.8800,45.5899,40.7921,161920253
2008-02-04,45.5800,45.6100,44.9400,44.9500,40.2195,100209834
2008-02-05,44.1200,44.6000,43.6400,43.6699,39.0741,188990379
2008-02-06,43.9200,44.1700,42.7700,42.8100,38.3047,178284962
2008-02-07,42.3500,43.7900,42.1500,43.1100,38.5731,286342201
2008-02-08,43.1800,43.7700,42.9400,43.6000,39.0116,173781243
2008-02-11,43.7800,44.2200,43.5400,44.0700,39.4321,119562293
2008-02-12,44.3300,44.6800,43.5100,43.8200,39.2084,145412357
2008-02-13,44.3900,44.8800,44.1600,44.7800,40.0674,148685818
2008-02-14,44.8400,44.8500,43.8900,43.9700,39.3426,170868895
2008-02-15,43.7700,43.9800,43.4500,43.8200,39.2084,100053230
2008-02-19,44.3900,44.5000,43.2700,43.7400,39.1368,110507578
2008-02-20,43.2500,44.0900,43.2400,43.9400,39.3158,137338773
2008-02-21,44.3600,44.4700,43.3400,43.5200,38.9400,127856974
2008-02-22,43.6700,43.6900,42.6000,43.6800,39.0832,157364607
2008-02-25,43.6200,44.0700,43.3400,43.9000,39.2800,121313061
2008-02-26,43.6500,44.4800,43.3700,44.0700,39.4321,148375824
2008-02-27,43.7700,44.4600,43.6700,44.2900,39.6290,125682592
2008-02-28,44.1100,44.5300,43.9500,44.1200,39.4768,129196647
2008-02-29,43.7100,43.7700,42.8500,42.9500,38.4300,188724544
2008-03-03,42.9300,42.9900,42.2400,42.6700,38.1794,133641955
2008-03-04,42.4100,43.0400,42.0200,42.9100,38.3942,183850962
2008-03-05,42.9900,43.5400,42.7500,43.1199,38.5820,183208205
2008-03-06,43.0900,43.2700,42.1000,42.1700,37.7321,152752159
2008-03-07,41.9100,42.6400,41.3800,42.0700,37.6426,242552368
2008-03-10,42.0100,42.1400,41.1700,41.2600,36.9178,146964132
2008-03-11,41.8600,42.8500,41.5100,42.8301,38.3227,196888180
2008-03-12,43.0200,43.4400,42.6000,42.7100,38.2152,155566029
2008-03-13,42.2100,43.3300,41.8100,43.0400,38.5105,208991739
2008-03-14,43.3600,43.3800,41.7400,42.2500,37.8036,309589728
2008-03-17,41.2900,42.0100,41.0500,41.4800,37.1147,193130600
2008-03-18,42.2400,43.3400,42.1100,43.3300,38.7700,216300368
2008-03-19,43.5100,43.6000,42.2300,42.2600,37.8126,216157167
2008-03-20,42.3500,43.1000,42.1000,43.0900,38.5843,128396981
2008-03-24,43.2800,44.7600,43.2800,44.5799,39.9185,125075618
2008-03-25,44.6800,45.0700,44.2800,44.8300,40.1424,118219647
2008-03-26,44.6900,44.8500,44.2800,44.7000,40.0260,124824584
2008-03-27,44.4400,44.5100,43.7100,43.7100,39.1395,143868548
2008-03-28,43.7100,44.3400,43.3300,43.4900,38.9425,111838105
2008-03-31,43.6500,44.0200,43.4500,43.7200,39.1485,113644759
2008-04-01,44.4500,45.6100,44.4100,45.5900,40.8229,137494358
2008-04-02,45.6900,46.0200,45.1700,45.4900,40.7334,132486770
2008-04-03,45.2900,45.9100,45.1400,45.5900,40.8229,140033769
2008-04-04,45.7800,46.3500,45.4000,45.8600,41.0647,139275842
2008-04-07,46.1500,46.4100,45.6500,45.7600,40.9752,102610742
2008-04-08,45.4100,45.7200,45.1800,45.4100,40.6618,97565928
2008-04-09,45.4700,45.4900,44.6300,44.9000,40.2051,127256916
2008-04-10,44.9300,45.8400,44.9300,45.5400,40.7782,112800408
2008-04-11,45.0200,45.1000,44.1200,44.2800,39.6499,120135376
2008-04-14,44.2100,44.4800,43.9500,44.0800,39.4708,89274579
2008-04-15,44.2400,44.3500,43.6800,44.1400,39.5245,124232274
2008-04-16,44.6900,45.4800,44.6500,45.3700,40.6259,134027892
2008-04-17,45.4300,45.7500,44.9800,45.2700,40.5364,125056809
2008-04-18,46.4700,46.9300,46.2200,46.7100,41.8258,133022442
2008-04-21,46.6200,47.0800,46.4900,47.0400,42.1213,83303164
2008-04-22,46.7500,46.7700,45.9300,46.3400,41.4945,104689529
2008-04-23,46.6800,47.0600,46.2736,46.8500,41.9512,131086179
2008-04-24,46.8600,47.7900,46.3900,47.2700,42.3273,166694557
2008-04-25,47.3200,47.3500,46.5700,47.1500,42.2198,121945352
2008-04-28,47.2600,47.6200,47.1300,47.2400,42.3004,71243949
2008-04-29,47.1500,47.7600,47.0600,47.6000,42.6228,91270601
2008-04-30,47.7000,48.0600,47.0300,47.2100,42.2735,132152671
2008-05-01,47.2300,48.7200,47.2200,48.7000,43.6077,143596884
2008-05-02,49.1600,49.1900,48.3400,48.7700,43.6704,124989913
2008-05-05,48.7700,49.0300,48.4000,48.6300,43.5451,75624625
2008-05-06,48.4900,49.1300,48.1400,48.9300,43.8137,139582514
2008-05-07,48.9400,49.2300,47.8720,48.0400,43.0167,140008268
2008-05-08,48.2400,48.7000,48.0600,48.4000,43.3391,128058662
2008-05-09,48.0400,48.4600,47.9000,48.2100,43.1690,97061976
2008-05-12,48.2800,49.1900,48.2000,49.0900,43.9570,89636010
2008-05-13,49.1100,49.3300,48.7600,49.2200,44.0734,85448028
2008-05-14,49.4100,49.9300,49.0400,49.1100,43.9749,143598133
2008-05-15,49.1200,50.0200,48.9800,49.9700,44.7449,157248829
2008-05-16,50.0700,50.1100,49.4500,50.0099,44.7807,146563169
2008-05-19,50.0500,50.4700,49.3400,49.6500,44.4584,140179612
2008-05-20,49.4700,49.4700,48.8900,49.2700,44.1181,137163640
2008-05-21,49.3300,49.6000,48.0200,48.1800,43.1421,192807639
2008-05-22,48.2900,48.6900,48.1100,48.3500,43.2943,153198168
2008-05-23,48.1700,48.3505,47.8200,48.2000,43.1600,121708036
2008-05-27,48.3000,49.1100,48.2900,49.0500,43.9211,106987732
2008-05-28,49.2900,49.3600,48.7500,49.2500,44.1002,121369145
2008-05-29,49.2800,49.9700,49.2500,49.6900,44.4942,143992992
2008-05-30,49.8800,50.2400,49.7500,50.0100,44.7808,94163587
2008-06-02,49.9200,49.9200,48.9600,49.4000,44.2345,144359885
2008-06-03,49.5900,49.9000,48.6700,49.1300,43.9928,167679844
2008-06-04,48.9800,50.1000,48.9400,49.7600,44.5569,174967403
2008-06-05,49.8900,50.6100,49.7000,50.5500,45.2643,126653645
2008-06-06,50.1200,50.2100,49.0200,49.0300,43.9032,189135933
2008-06-09,49.1300,49.1900,47.9500,48.7700,43.6704,208897240
2008-06-10,48.2700,48.9400,48.1600,48.5400,43.4645,162798493
2008-06-11,48.4400,48.5200,47.3500,47.3800,42.4258,170367269
2008-06-12,47.6900,48.1100,47.0000,47.4200,42.4616,189919350
2008-06-13,47.7100,48.4700,47.4600,48.3700,43.3122,167854994
2008-06-16,48.1200,49.0200,48.0700,48.8000,43.6973,136343825
2008-06-17,48.9500,49.0600,48.4700,48.5400,43.4645,122952587
2008-06-18,48.2800,48.4500,47.8300,48.0200,42.9988,169338079
2008-06-19,47.9300,49.0100,47.6100,48.7700,43.6704,221366486
2008-06-20,47.4800,48.3500,47.2100,47.4200,42.4924,197434104
2008-06-23,47.6100,47.7400,46.9800,47.0500,42.1608,131548505
2008-06-24,46.8600,47.3700,46.4100,46.8100,41.9458,178293711
2008-06-25,46.9900,48.0000,46.9400,47.5700,42.6268,179023355
2008-06-26,46.6900,46.7000,45.6400,45.6500,40.9063,190028233
2008-06-27,45.6000,45.9000,44.9700,45.6500,40.9063,181351771
2008-06-30,45.5100,45.8300,45.1500,45.1700,40.4762,132929401
2008-07-01,44.8100,45.8600,44.6800,45.8100,41.0497,245494254
2008-07-02,45.9500,46.1300,44.6400,44.7100,40.0640,199725486
2008-07-03,44.9500,45.0800,44.2800,44.6300,39.9923,123118206
2008-07-07,45.0400,45.4600,44.2400,44.9000,40.2343,181011239
2008-07-08,44.9500,46.0100,44.7700,45.9700,41.1931,206255301
2008-07-09,45.9600,46.0300,44.7300,44.7500,40.0998,168576293
2008-07-10,44.8200,45.4200,44.3800,45.2800,40.5748,238811433
2008-07-11,44.8100,45.2700,43.8500,44.5600,39.9296,265514634
2008-07-14,44.8100,45.1800,44.0700,44.2300,39.6339,177389787
2008-07-15,44.0100,44.9300,43.3000,44.2400,39.6428,283891074
2008-07-16,44.3600,45.3800,43.9200,45.3400,40.6285,186047787
2008-07-17,45.4300,45.8200,44.9799,45.6400,40.8974,197555054
2008-07-18,45.1400,45.1700,44.5900,44.5900,39.9565,160660977
2008-07-21,45.0000,45.1900,44.4900,44.7800,40.1267,128107755
2008-07-22,44.0300,44.8100,43.8600,44.7800,40.1267,152524415
2008-07-23,44.8500,45.8900,44.7200,45.3700,40.6554,169259091
2008-07-24,45.5800,45.6100,44.6500,44.6900,40.0461,145560926
2008-07-25,44.9800,45.4800,44.7600,45.2700,40.5658,111616700
2008-07-28,45.2500,45.5200,44.2100,44.4200,39.8041,124028416
2008-07-29,44.6100,45.5400,44.5700,45.3400,40.6285,142291409
2008-07-30,45.4700,45.8200,44.8800,45.5700,40.8346,165679874
2008-07-31,45.1200,46.1500,45.0200,45.4600,40.7361,180730831
2008-08-01,45.5100,45.5500,44.4000,44.8800,40.2163,180377372
2008-08-04,44.8700,44.9200,44.3000,44.4300,39.8131,116306830
2008-08-05,44.8900,45.9700,44.8400,45.9300,41.1572,151727012
2008-08-06,45.9500,46.8100,45.5800,46.6300,41.7845,133463695
2008-08-07,46.3500,46.8500,46.0800,46.2700,41.4619,152805763
2008-08-08,46.2500,47.4400,46.1500,47.3200,42.4028,143024891
2008-08-11,47.3000,48.2800,47.1400,47.7500,42.7881,157238955
2008-08-12,47.7600,48.1600,47.5100,47.8000,42.8329,140537618
2008-08-13,47.7400,48.1200,47.2500,47.7000,42.7433,169647933
2008-08-14,47.5400,48.4600,47.4900,48.2500,43.2361,157972140
2008-08-15,48.3500,48.5700,47.9600,48.1600,43.1555,123097431
2008-08-18,48.2900,48.3100,47.2600,47.6000,42.6537,151298491
2008-08-19,47.3600,47.5900,46.7500,47.0100,42.1250,155374138
2008-08-20,47.3600,47.5600,46.7400,47.0900,42.1967,155428922
2008-08-21,46.7300,47.0800,46.3800,46.8700,41.9995,118907004
2008-08-22,47.1200,47.6800,47.0800,47.4900,42.5551,96515873
2008-08-25,47.1500,47.2100,46.3700,46.4900,41.6590,128045872
2008-08-26,46.5100,46.7700,46.1200,46.4300,41.6053,107225453
2008-08-27,46.4500,47.0900,46.2900,46.7300,41.8741,108476730
2008-08-28,46.9200,47.2800,46.8300,47.1100,42.2146,112702960
2008-08-29,46.5209,47.1217,45.9200,46.1200,41.3275,133189233
2008-09-02,46.1200,47.0800,45.3400,45.5500,40.8167,162276459
2008-09-03,45.4450,45.6381,44.7900,45.1200,40.4314,161643534
2008-09-04,44.8500,44.9100,43.6600,43.6600,39.1231,218934500
2008-09-05,43.3000,43.7800,42.8100,43.4500,38.9349,247760053
2008-09-08,44.0400,44.2200,42.6800,43.3100,38.8095,311030720
2008-09-09,43.3500,43.7900,42.3500,42.4500,38.0388,214077103
2008-09-10,42.8700,43.1800,42.4500,42.8000,38.3525,160626261
2008-09-11,42.1700,43.6900,42.1700,43.6000,39.0693,203307816
2008-09-12,43.2300,43.7100,42.9000,43.4300,38.9170,172053828
2008-09-15,42.4000,43.2900,42.0300,42.0800,37.7073,616578698
2008-09-16,41.4700,42.8400,41.4300,42.4100,38.0030,348573599
2008-09-17,41.8400,42.4219,40.1900,40.2100,36.0316,339772536
2008-09-18,41.1200,41.9700,39.5000,41.5700,37.2503,427102530
2008-09-19,43.8200,43.8300,42.1000,42.9000,38.4672,263382899
2008-09-22,42.7500,42.8400,40.8000,40.8800,36.6560,164646936
2008-09-23,41.1800,41.7500,40.4400,40.5700,36.3780,184162292
2008-09-24,40.8500,41.2600,40.5200,40.8500,36.6291,159231840
2008-09-25,41.2112,42.0200,41.0300,41.5000,37.2119,148212998
2008-09-26,40.3000,41.4902,40.2200,41.0800,36.8353,182576882
2008-09-29,40.2600,40.3800,37.1800,37.8200,33.9121,307739337
2008-09-30,37.7400,39.3000,37.6000,38.9100,34.8895,195433705
2008-10-01,38.8300,38.9700,38.0300,38.5000,34.5219,174017125
2008-10-02,38.2500,38.2500,36.6400,36.7500,32.9527,192108754
2008-10-03,37.2600,38.1800,36.1000,36.1800,32.4416,272111983
2008-10-06,35.2600,35.5300,32.9100,34.8600,31.2580,389952245
2008-10-07,35.1400,35.2000,32.2700,32.6500,29.2763,329322233
2008-10-08,31.9500,34.1200,31.8400,32.3900,29.0432,451890763
2008-10-09,33.1500,33.6800,30.9700,31.5200,28.2631,352197301
2008-10-10,30.5200,32.4800,29.3800,31.3200,28.0838,472309773
2008-10-13,32.8600,35.2500,32.4000,35.1300,31.5001,276740267
2008-10-14,36.1000,36.1500,33.1900,33.6100,30.1372,341627394
2008-10-15,33.2300,33.3500,30.5400,30.6000,27.4382,311764810
2008-10-16,30.7600,32.2700,29.2500,32.2600,28.9266,494705043
2008-10-17,31.6200,33.6500,31.4100,32.3000,28.9625,326569109
2008-10-20,32.7900,33.2600,31.7000,33.2000,29.7695,232575665
2008-10-21,32.6600,33.2572,31.4800,31.4800,28.2272,223643855
2008-10-22,31.3900,31.6000,29.7100,30.6100,27.4471,289900159
2008-10-23,30.4600,31.0900,28.9000,30.4900,27.3395,377284872
2008-10-24,28.1300,30.2500,28.0900,29.5100,26.4608,322020812
2008-10-27,29.1400,30.2000,28.6600,28.6900,25.7255,239249482
2008-10-28,29.6800,31.8800,28.8500,31.8600,28.5680,327117051
2008-10-29,31.9500,33.0800,31.2500,31.7800,28.4962,341300536
2008-10-30,32.6700,33.0600,31.9800,32.8400,29.4467,255063718
2008-10-31,32.3600,33.4300,32.0900,32.8900,29.4915,224260600
2008-11-03,32.8100,33.2941,32.5100,32.8200,29.4288,128439837
2008-11-04,33.4900,34.0100,32.9800,33.7500,30.2627,182471860
2008-11-05,33.4900,33.6000,31.9200,31.9900,28.6845,183983601
2008-11-06,31.5000,31.8700,30.3999,30.5600,27.4023,220637317
2008-11-07,30.9200,31.4800,30.5900,31.1900,27.9672,176938498
2008-11-10,31.9400,31.9700,30.4000,30.7700,27.5906,142563723
2008-11-11,30.4700,30.7600,29.7200,30.1000,26.9898,162845811
2008-11-12,29.6500,29.8000,28.6500,28.7100,25.7435,184761093
2008-11-13,28.6300,30.5300,27.2800,30.4600,27.3126,317934834
2008-11-14,29.8000,30.4200,28.8700,28.9800,25.9856,259357347
2008-11-17,28.4900,29.2300,28.2600,28.3700,25.4386,202779299
2008-11-18,28.5600,28.7500,27.3900,28.3400,25.4117,252647374
2008-11-19,28.4000,28.7800,26.7900,26.8600,24.0846,244117011
2008-11-20,26.5400,27.4500,25.4700,25.5600,22.9189,342219894
2008-11-21,25.9600,26.6800,25.0500,26.6700,23.9142,282730855
2008-11-24,27.2200,28.6400,26.9800,28.3000,25.3758,224999638
2008-11-25,28.6200,28.6400,27.5200,28.1700,25.2593,202955610
2008-11-26,27.8800,29.3600,27.8100,29.3500,26.3173,164910740
2008-11-28,29.0400,29.1900,28.8300,29.1200,26.1111,41242835
2008-12-01,28.5000,28.5100,26.8900,26.9300,24.1474,149086638
2008-12-02,27.2800,27.8900,26.8404,27.8300,24.9544,181735023
2008-12-03,27.1300,28.7100,27.0700,28.6200,25.6628,230916941
2008-12-04,28.1500,28.7800,27.3200,27.8100,24.9365,188859241
2008-12-05,27.5000,29.0700,26.9500,28.9400,25.9497,212283145
2008-12-08,29.5500,30.4600,29.4400,30.0800,26.9719,185719437
2008-12-09,29.6800,30.8300,29.5700,30.0100,26.9091,178113829
2008-12-10,30.0900,30.4600,29.6200,29.9100,26.8195,162333525
2008-12-11,29.8000,30.2700,28.9400,29.0900,26.0842,167096398
2008-12-12,28.6900,29.8600,28.4700,29.6800,26.6132,158600067
2008-12-15,29.7300,29.7600,28.7400,29.1600,26.1470,107863641
2008-12-16,29.4200,30.6600,29.0993,30.5600,27.4023,169326529
2008-12-17,30.2300,30.6000,29.8200,30.1900,27.0705,159906080
2008-12-18,30.1900,30.4000,29.3600,29.6600,26.5953,142510905
2008-12-19,30.3300,30.3700,29.6600,29.8600,26.8136,118308371
2008-12-22,29.8600,29.9200,28.7400,29.2100,26.2299,95362124
2008-12-23,29.2800,29.6200,28.8900,29.0600,26.0952,68764948
2008-12-24,29.2000,29.2100,28.9800,29.1400,26.1671,27210316
2008-12-26,29.1900,29.2300,28.9700,29.1300,26.1581,20936922
2008-12-29,29.2300,29.2400,28.4600,28.8900,25.9426,52690613
2008-12-30,28.9800,29.5900,28.9400,29.4900,26.4813,77079732
2008-12-31,29.4800,30.0800,29.4500,29.7400,26.7058,89190908
2009-01-02,29.750000,31.129999,29.690001,31.030001,27.078871,107891500
2009-01-05,30.830000,31.330000,30.590000,31.020000,27.070143,91751900
2009-01-06,31.250000,31.629999,31.110001,31.330000,27.340670,136791700
2009-01-07,30.730000,30.900000,30.190001,30.440001,26.563995,133879800
2009-01-08,30.379999,30.799999,30.080000,30.760000,26.843250,131926600
2009-01-09,30.770000,30.790001,29.920000,30.070000,26.241112,117137900
2009-01-12,30.110001,30.150000,29.200001,29.520000,25.761141,102726200
2009-01-13,29.510000,29.980000,29.180000,29.530001,25.769869,186266700
2009-01-14,29.190001,29.280001,28.469999,28.629999,24.984463,136294000
2009-01-15,28.570000,29.340000,28.070000,29.100000,25.394617,192567200
2009-01-16,29.500000,29.600000,28.700001,29.420000,25.673866,175478100
2009-01-20,29.299999,29.430000,27.959999,27.959999,24.399786,135105800
2009-01-21,28.430000,29.190001,28.100000,29.150000,25.438250,149179600
2009-01-22,28.520000,29.230000,28.260000,28.760000,25.097910,200602700
2009-01-23,28.290001,29.350000,28.139999,28.900000,25.220081,170164100
2009-01-26,28.940001,29.590000,28.750000,29.110001,25.403349,140398700
2009-01-27,29.120001,29.570000,29.120001,29.320000,25.586611,110591300
2009-01-28,29.809999,30.650000,29.809999,30.350000,26.485460,139722800
2009-01-29,29.980000,30.400000,29.480000,29.580000,25.813501,130731800
2009-01-30,29.799999,29.930000,28.940001,29.059999,25.359716,140334200
2009-02-02,28.780001,29.610001,28.740000,29.410000,25.665142,126796100
2009-02-03,29.469999,30.430000,29.030001,29.870001,26.066574,120541100
2009-02-04,29.940001,30.870001,29.790001,29.910000,26.101471,175780900
2009-02-05,29.480000,30.770000,29.459999,30.570000,26.677448,217578900
2009-02-06,30.680000,31.510000,30.580000,31.370001,27.375574,164513200
2009-02-09,31.389999,31.670000,31.190001,31.500000,27.489016,98856900
2009-02-10,31.299999,31.680000,30.100000,30.340000,26.476725,232795200
2009-02-11,30.379999,30.530001,29.730000,30.200001,26.354557,169117200
2009-02-12,29.850000,30.610001,29.639999,30.570000,26.677448,201151400
2009-02-13,30.480000,30.780001,30.290001,30.430000,26.555260,145066700
2009-02-17,29.490000,29.670000,29.059999,29.219999,25.499336,157783300
2009-02-18,29.410000,29.670000,28.870001,29.240000,25.516790,161271900
2009-02-19,29.420000,29.610001,28.719999,28.790001,25.124092,155322400
2009-02-20,28.469999,29.150000,28.389999,28.870001,25.193911,210752400
2009-02-23,29.030001,29.049999,27.730000,27.860001,24.312517,169473500
2009-02-24,28.010000,28.980000,27.959999,28.780001,25.115366,181337300
2009-02-25,28.610001,29.170000,28.139999,28.590000,24.949562,220224700
2009-02-26,28.780001,28.950001,27.700001,27.790001,24.251427,211218500
2009-02-27,27.500000,27.980000,27.389999,27.530001,24.024540,204492600
2009-03-02,27.120001,27.510000,26.469999,26.639999,23.247858,188180400
2009-03-03,26.860001,27.160000,26.420000,26.620001,23.230408,158758800
2009-03-04,27.010000,27.709999,26.920000,27.330000,23.849998,164911000
2009-03-05,27.030001,27.240000,26.420000,26.510000,23.134407,199626900
2009-03-06,26.650000,26.809999,25.709999,26.299999,22.951151,218421600
2009-03-09,26.090000,26.809999,25.629999,25.740000,22.462458,181098800
2009-03-10,26.250000,27.389999,26.160000,27.330000,23.849998,175068200
2009-03-11,27.610001,27.990000,27.260000,27.750000,24.216524,173094900
2009-03-12,27.730000,28.760000,27.440001,28.670000,25.019375,184395100
2009-03-13,28.660000,28.840000,28.320000,28.740000,25.080456,156783500
2009-03-16,28.930000,28.980000,28.190001,28.260000,24.661579,190269800
2009-03-17,28.400000,29.330000,28.299999,29.330000,25.595333,169773800
2009-03-18,29.209999,30.200001,29.080000,29.700001,25.918217,208033900
2009-03-19,30.110001,30.129999,29.459999,29.680000,25.900770,146753400
2009-03-20,29.690001,30.030001,28.980000,29.180000,25.506546,149410800
2009-03-23,29.900000,30.940001,29.200001,30.900000,27.010012,179499000
2009-03-24,30.639999,30.879999,30.309999,30.330000,26.511770,118757600
2009-03-25,30.590000,31.049999,29.660000,30.469999,26.634140,190555200
2009-03-26,30.799999,31.459999,30.420000,31.410000,27.455805,182459500
2009-03-27,31.000000,31.180000,30.709999,30.820000,26.940083,156108100
2009-03-30,30.299999,30.320000,29.620001,30.059999,26.275761,162919700
2009-03-31,30.290001,30.950001,30.270000,30.320000,26.503029,150243800
2009-04-01,29.940001,30.879999,29.790001,30.770000,26.896381,137950000
2009-04-02,31.320000,32.270000,31.230000,31.760000,27.761751,212272400
2009-04-03,32.090000,32.400002,31.830000,32.349998,28.277468,134577300
2009-04-06,31.990000,32.330002,31.650000,32.270000,28.207552,160413700
2009-04-07,31.920000,31.920000,31.209999,31.420000,27.464550,147531200
2009-04-08,31.730000,32.150002,31.490000,31.950001,27.927832,126126000
2009-04-09,32.549999,33.009998,32.430000,32.939999,28.793200,131871500
2009-04-13,32.840000,33.070000,32.529999,32.889999,28.749498,119310500
2009-04-14,32.689999,32.880001,32.270000,32.490002,28.399851,124069000
2009-04-15,32.259998,32.430000,31.850000,32.400002,28.321180,124808200
2009-04-16,32.849998,33.430000,32.509998,33.240002,29.055433,171168000
2009-04-17,33.169998,33.500000,32.930000,33.310001,29.116617,129835400
2009-04-20,32.709999,32.820000,32.060001,32.240002,28.181316,123080500
2009-04-21,32.119999,32.740002,32.080002,32.689999,28.574663,145490200
2009-04-22,32.500000,33.529999,32.389999,32.790001,28.662079,165040500
2009-04-23,33.000000,33.139999,32.490002,33.110001,28.941792,181666600
2009-04-24,33.340000,33.930000,33.070000,33.689999,29.448780,141170000
2009-04-27,33.419998,34.060001,33.349998,33.730000,29.483746,120749100
2009-04-28,33.520000,33.910000,33.360001,33.480000,29.265215,108968000
2009-04-29,33.750000,34.400002,33.700001,33.939999,29.667295,141413600
2009-04-30,34.389999,34.900002,34.040001,34.279999,29.964510,144120400
2009-05-01,34.270000,34.540001,34.009998,34.369999,30.043169,100112000
2009-05-04,34.680000,35.090000,34.520000,35.049999,30.637568,119317400
2009-05-05,34.990002,35.060001,34.630001,35.020000,30.611341,113569500
2009-05-06,35.290001,35.340000,34.459999,35.029999,30.620106,178840500
2009-05-07,35.270000,35.270000,33.880001,34.209999,29.903320,216484700
2009-05-08,34.470001,34.740002,33.880001,34.230000,29.920794,183507300
2009-05-11,33.790001,34.720001,33.680000,34.349998,30.025686,142775900
2009-05-12,34.419998,34.480000,33.520000,33.930000,29.658567,147842200
2009-05-13,33.630001,33.650002,32.959999,33.020000,28.863127,175548300
2009-05-14,33.099998,33.700001,33.080002,33.389999,29.186548,140021700
2009-05-15,33.340000,33.820000,33.230000,33.369999,29.169056,121326400
2009-05-18,33.599998,34.279999,33.389999,34.240002,29.929543,114333400
2009-05-19,34.160000,34.740002,33.950001,34.400002,30.069399,129086400
2009-05-20,34.529999,35.040001,34.180000,34.279999,29.964510,131873700
2009-05-21,34.020000,34.259998,33.310001,33.650002,29.413820,139253200
2009-05-22,33.779999,33.970001,33.320000,33.540001,29.317663,83510600
2009-05-26,33.250000,34.830002,33.180000,34.790001,30.410301,144857200
2009-05-27,34.689999,35.189999,34.430000,34.549999,30.200508,121348800
2009-05-28,34.759998,35.070000,34.209999,34.950001,30.550148,118931300
2009-05-29,34.970001,35.500000,34.759998,35.380001,30.926022,111535700
2009-06-01,35.759998,36.500000,35.610001,36.389999,31.808876,119126200
2009-06-02,36.189999,36.790001,36.110001,36.439999,31.852587,126858600
2009-06-03,36.330002,36.369999,35.930000,36.330002,31.756422,93329800
2009-06-04,36.410000,36.790001,36.340000,36.740002,32.114803,89280600
2009-06-05,36.959999,37.080002,36.419998,36.779999,32.149765,121958800
2009-06-08,36.549999,36.950001,36.119999,36.669998,32.053631,89194100
2009-06-09,36.840000,37.169998,36.669998,36.950001,32.298374,109187800
2009-06-10,37.160000,37.169998,36.290001,36.820000,32.184742,133404700
2009-06-11,36.770000,37.230000,36.750000,36.820000,32.184742,147909800
2009-06-12,36.669998,36.720001,36.200001,36.650002,32.036144,109452500
2009-06-15,36.299999,36.330002,35.580002,35.900002,31.380575,112152900
2009-06-16,36.040001,36.189999,35.520000,35.549999,31.074610,110550300
2009-06-17,35.700001,36.209999,35.450001,35.889999,31.371826,153421800
2009-06-18,35.830002,36.060001,35.570000,35.820000,31.310635,126266700
2009-06-19,36.049999,36.360001,35.910000,36.160000,31.646708,122044700
2009-06-22,35.830002,35.889999,35.020000,35.080002,30.701506,137714900
2009-06-23,35.180000,35.259998,34.770000,35.000000,30.631493,114903100
2009-06-24,35.299999,35.869999,35.279999,35.590000,31.147850,103314600
2009-06-25,35.360001,36.360001,35.279999,36.290001,31.760481,112538200
2009-06-26,36.119999,36.500000,36.049999,36.369999,31.830500,87677300
2009-06-29,36.470001,36.750000,36.119999,36.450001,31.900515,93817600
2009-06-30,36.549999,36.730000,36.110001,36.380001,31.839264,97843000
2009-07-01,36.560001,36.840000,36.389999,36.400002,31.856752,85976000
2009-07-02,36.090000,36.099998,35.500000,35.599998,31.156599,113309800
2009-07-06,35.380001,35.540001,35.040001,35.410000,30.990330,107632500
2009-07-07,35.419998,35.490002,34.509998,34.529999,30.220144,149773000
2009-07-08,34.740002,34.869999,34.299999,34.709999,30.377689,152776400
2009-07-09,34.840000,35.009998,34.650002,34.770000,30.430206,97851500
2009-07-10,34.669998,35.139999,34.560001,34.919998,30.561470,108482000
2009-07-13,34.950001,35.599998,34.480000,35.590000,31.147850,127140300
2009-07-14,35.549999,35.790001,35.400002,35.720001,31.261625,115631700
2009-07-15,36.320000,36.930000,36.139999,36.919998,32.311852,160869700
2009-07-16,36.750000,37.439999,36.720001,37.360001,32.696922,120142500
2009-07-17,37.349998,37.570000,37.169998,37.560001,32.871960,104906500
2009-07-20,37.759998,38.000000,37.610001,37.919998,33.187035,97168800
2009-07-21,38.070000,38.180000,37.639999,38.180000,33.414585,130587600
2009-07-22,38.209999,38.689999,38.130001,38.500000,33.694641,113808600
2009-07-23,38.459999,39.490002,38.389999,39.349998,34.438560,160239300
2009-07-24,38.930000,39.369999,38.779999,39.049999,34.175999,109312300
2009-07-27,39.330002,39.410000,38.869999,39.349998,34.438560,94718600
2009-07-28,39.180000,39.590000,38.930000,39.080002,34.202248,111564300
2009-07-29,39.320000,39.430000,39.000000,39.340000,34.429810,126538200
2009-07-30,39.750000,40.180000,39.509998,39.570000,34.631100,108969900
2009-07-31,39.570000,39.849998,39.410000,39.450001,34.526081,78208300
2009-08-03,39.869999,40.060001,39.639999,40.040001,35.042427,111722800
2009-08-04,39.849998,40.189999,39.770000,40.040001,35.042427,100690800
2009-08-05,40.130001,40.139999,39.459999,39.730000,34.771122,118093000
2009-08-06,39.820000,39.930000,39.240002,39.380001,34.464813,116937500
2009-08-07,39.919998,40.070000,39.590000,39.880001,34.902405,107442100
2009-08-10,39.740002,39.849998,39.340000,39.599998,34.657330,87163200
2009-08-11,39.470001,39.500000,39.049999,39.259998,34.359776,91922700
2009-08-12,39.230000,40.220001,39.200001,39.869999,34.893635,147240000
2009-08-13,40.110001,40.160000,39.639999,40.090000,35.086182,110107000
2009-08-14,39.869999,39.959999,39.279999,39.630001,34.683590,124480200
2009-08-17,38.959999,39.009998,38.459999,38.480000,33.677147,131797200
2009-08-18,38.720001,39.110001,38.610001,39.029999,34.158485,84496200
2009-08-19,38.570000,39.400002,38.540001,39.299999,34.394791,88036300
2009-08-20,39.279999,39.840000,39.200001,39.759998,34.797379,81473500
2009-08-21,39.990002,40.360001,39.740002,40.290001,35.261227,114660200
2009-08-24,40.360001,40.570000,40.099998,40.250000,35.226223,109904900
2009-08-25,40.340000,40.759998,40.250000,40.369999,35.331234,92900400
2009-08-26,40.279999,40.599998,40.080002,40.299999,35.269989,96407500
2009-08-27,40.290001,40.470001,39.669998,40.400002,35.357494,121957800
2009-08-28,40.900002,41.080002,40.160000,40.439999,35.392490,114300900
2009-08-31,40.139999,40.200001,39.790001,40.029999,35.033665,96415300
2009-09-01,39.889999,40.590000,39.160000,39.279999,34.377304,162958900
2009-09-02,39.070000,39.470001,39.040001,39.250000,34.351032,92757200
2009-09-03,39.439999,39.570000,39.020000,39.509998,34.578568,76783100
2009-09-04,39.580002,40.380001,39.520000,40.360001,35.322491,74866600
2009-09-08,40.680000,40.779999,40.459999,40.740002,35.655067,71024400
2009-09-09,40.770000,41.290001,40.590000,41.090000,35.961361,99280800
2009-09-10,41.110001,41.529999,41.000000,41.480000,36.302700,99289100
2009-09-11,41.509998,41.619999,41.220001,41.520000,36.337704,93868400
2009-09-14,41.250000,41.709999,41.209999,41.680000,36.477726,90435600
2009-09-15,41.650002,41.950001,41.570000,41.810001,36.591503,91594600
2009-09-16,42.000000,42.480000,41.840000,42.419998,37.125366,96888500
2009-09-17,42.310001,42.660000,42.209999,42.410000,37.116608,102169600
2009-09-18,42.540001,42.619999,42.209999,42.439999,37.178825,87444200
2009-09-21,42.200001,42.700001,42.160000,42.570000,37.292686,71351400
2009-09-22,42.810001,42.830002,42.439999,42.650002,37.362774,75638400
2009-09-23,42.830002,43.169998,42.380001,42.450001,37.187576,143924100
2009-09-24,42.619999,42.689999,41.770000,42.070000,36.854683,111016400
2009-09-25,41.759998,42.090000,41.580002,41.700001,36.530540,109216000
2009-09-28,41.930000,42.660000,41.889999,42.410000,37.152527,84478500
2009-09-29,42.410000,42.619999,42.029999,42.220001,36.986088,106686400
2009-09-30,42.389999,42.599998,41.599998,42.250000,37.012375,173102700
2009-10-01,42.099998,42.130001,41.000000,41.000000,35.917336,140119100
2009-10-02,40.720001,41.250000,40.720001,40.880001,35.812202,145286400
2009-10-05,41.090000,41.400002,40.830002,41.209999,36.101299,97054200
2009-10-06,41.439999,42.139999,41.419998,41.939999,36.740803,124628000
2009-10-07,41.889999,42.080002,41.770000,42.060001,36.845921,93787600
2009-10-08,42.310001,42.619999,42.139999,42.240002,37.003620,107850400
2009-10-09,42.150002,42.549999,42.060001,42.480000,37.213856,62828000
2009-10-12,42.650002,42.869999,42.279999,42.570000,37.292686,53221900
2009-10-13,42.529999,42.750000,42.369999,42.580002,37.301483,70939300
2009-10-14,43.110001,43.209999,42.849998,43.160000,37.809532,91004900
2009-10-15,42.930000,43.119999,42.869999,43.060001,37.721966,85772800
2009-10-16,42.900002,42.990002,42.480000,42.779999,37.476665,111859300
2009-10-19,42.810001,43.270000,42.590000,43.209999,37.853363,83512000
2009-10-20,43.459999,43.459999,42.939999,43.220001,37.862125,89847900
2009-10-21,43.209999,43.820000,43.060001,43.139999,37.792030,110397400
2009-10-22,43.060001,43.490002,42.790001,43.310001,37.940945,85871800
2009-10-23,43.730000,43.730000,43.020000,43.130001,37.783276,117020400
2009-10-26,43.200001,43.759998,42.790001,42.990002,37.660645,107068600
2009-10-27,42.930000,43.110001,42.180000,42.340000,37.091225,121438200
2009-10-28,42.189999,42.320000,41.299999,41.389999,36.258972,143553600
2009-10-29,41.630001,42.189999,41.540001,42.090000,36.872219,85207600
2009-10-30,42.060001,42.150002,40.919998,40.959999,35.882275,162796500
2009-11-02,41.000000,41.570000,40.639999,41.130001,36.031223,142456600
2009-11-03,40.910000,41.320000,40.840000,41.259998,36.145084,95107000
2009-11-04,41.529999,41.869999,41.279999,41.330002,36.206417,107970600
2009-11-05,41.810001,42.400002,41.779999,42.349998,37.099953,135204800
2009-11-06,42.119999,42.650002,42.080002,42.599998,37.318989,96312300
2009-11-09,42.930000,43.520000,42.880001,43.509998,38.116177,101620800
2009-11-10,43.459999,43.770000,43.400002,43.619999,38.212517,72846500
2009-11-11,43.950001,44.139999,43.610001,43.900002,38.457825,84676200
2009-11-12,43.930000,44.160000,43.549999,43.650002,38.238804,92426100
2009-11-13,43.779999,44.139999,43.630001,44.009998,38.554184,87959500
2009-11-16,44.200001,44.650002,44.119999,44.459999,38.948395,87776100
2009-11-17,44.340000,44.599998,44.250000,44.599998,39.071045,81884000
2009-11-18,44.459999,44.490002,44.049999,44.349998,38.852032,100240800
2009-11-19,44.049999,44.080002,43.349998,43.660000,38.247570,114558000
2009-11-20,43.430000,43.549999,43.279999,43.439999,38.054840,70912100
2009-11-23,43.889999,44.400002,43.860001,44.139999,38.668072,91621500
2009-11-24,44.119999,44.150002,43.730000,43.990002,38.536671,60670000
2009-11-25,44.139999,44.220001,44.009998,44.180000,38.703114,37630100
2009-11-27,42.970001,43.830002,42.900002,43.509998,38.116177,61230000
2009-11-30,43.410000,43.619999,43.110001,43.560001,38.159977,84819400
2009-12-01,43.889999,44.299999,43.880001,44.009998,38.554184,81817800
2009-12-02,44.160000,44.490002,43.980000,44.070000,38.606743,81653600
2009-12-03,44.230000,44.500000,43.880001,43.889999,38.449047,72460400
2009-12-04,44.450001,44.730000,43.660000,44.119999,38.650558,125062600
2009-12-07,44.090000,44.290001,43.820000,43.910000,38.466599,67471900
2009-12-08,43.660000,44.000000,43.360001,43.639999,38.230034,86621400
2009-12-09,43.599998,44.119999,43.320000,44.080002,38.615509,78820500
2009-12-10,44.270000,44.540001,44.240002,44.299999,38.808235,76722400
2009-12-11,44.540001,44.590000,43.950001,44.130001,38.659309,66643700
2009-12-14,44.430000,44.599998,44.189999,44.549999,39.027229,47965500
2009-12-15,44.410000,44.669998,44.169998,44.299999,38.808235,61171100
2009-12-16,44.470001,44.700001,44.290001,44.360001,38.860798,61629700
2009-12-17,44.160000,44.209999,43.759998,43.820000,38.387753,90440900
2009-12-18,44.160000,44.480000,44.000000,44.459999,39.013382,96442600
2009-12-21,44.689999,45.130001,44.669998,44.959999,39.452137,82357400
2009-12-22,45.110001,45.290001,45.029999,45.230000,39.689056,51569100
2009-12-23,45.320000,45.570000,45.209999,45.560001,39.978630,73932200
2009-12-24,45.610001,45.980000,45.599998,45.980000,40.347183,31770400
2009-12-28,46.090000,46.299999,45.939999,46.220001,40.557777,49381400
2009-12-29,46.230000,46.250000,45.990002,46.029999,40.391056,32410200
2009-12-30,45.980000,46.259998,45.959999,46.169998,40.513916,57612700
2009-12-31,46.259998,46.279999,45.750000,45.750000,40.145370,50079200
2010-01-04,46.330002,46.490002,46.270000,46.419998,40.733269,62822800
2010-01-05,46.389999,46.500000,46.160000,46.419998,40.733269,62935600
2010-01-06,46.400002,46.549999,46.070000,46.139999,40.487568,96033000
2010-01-07,46.209999,46.270000,45.919998,46.169998,40.513916,77094100
2010-01-08,46.070000,46.549999,45.930000,46.549999,40.847351,88886600
2010-01-11,46.610001,46.639999,46.119999,46.360001,40.680622,104673400
2010-01-12,46.080002,46.139999,45.529999,45.779999,40.171673,90673900
2010-01-13,45.919998,46.490002,45.610001,46.349998,40.671833,100661000
2010-01-14,46.259998,46.520000,46.220001,46.389999,40.706955,75209000
2010-01-15,46.470001,46.549999,45.650002,45.849998,40.233105,126849300
2010-01-19,45.959999,46.639999,45.950001,46.590000,40.882446,84388200
2010-01-20,46.259998,46.599998,45.430000,45.919998,40.294525,145680000
2010-01-21,46.049999,46.349998,45.299999,45.490002,39.917206,204939600
2010-01-22,45.340000,45.480000,44.040001,44.160000,38.750160,171098700
2010-01-25,44.430000,44.599998,44.119999,44.310001,38.881748,154218700
2010-01-26,44.259998,44.889999,44.049999,44.349998,38.916866,140816500
2010-01-27,44.270000,44.849998,44.009998,44.700001,39.223984,161632700
2010-01-28,44.400002,44.430000,43.320000,43.549999,38.214882,221439800
2010-01-29,43.910000,44.020000,42.630001,42.790001,37.547974,212099600
2010-02-01,42.900002,43.279999,42.880001,43.259998,37.960411,136827100
2010-02-02,43.330002,43.779999,43.029999,43.650002,38.302612,110727700
2010-02-03,43.439999,43.970001,43.419998,43.889999,38.513210,93581600
2010-02-04,43.570000,43.660000,42.619999,42.619999,37.398827,151652500
2010-02-05,42.730000,43.020000,42.119999,42.980000,37.714706,213618600
2010-02-08,42.910000,43.180000,42.639999,42.669998,37.442661,94354400
2010-02-09,43.180000,43.509998,42.759998,43.110001,37.828777,118956000
2010-02-10,43.110001,43.310001,42.750000,43.020000,37.749798,94102900
2010-02-11,43.029999,43.790001,42.759998,43.669998,38.320168,93050800
2010-02-12,43.279999,43.880001,43.160000,43.759998,38.399132,93938500
2010-02-16,44.080002,44.349998,43.849998,44.320000,38.890556,83861400
2010-02-17,44.520000,44.570000,44.259998,44.570000,39.109917,82691700
2010-02-18,44.540001,44.930000,44.450001,44.849998,39.355614,65752600
2010-02-19,44.730000,45.049999,44.619999,44.830002,39.338066,80416500
2010-02-22,45.009998,45.029999,44.560001,44.740002,39.259102,72055000
2010-02-23,44.709999,44.740002,43.950001,44.160000,38.750160,95814400
2010-02-24,44.389999,44.790001,44.320000,44.610001,39.145012,86591000
2010-02-25,44.139999,44.700001,43.830002,44.599998,39.136242,97961300
2010-02-26,44.590000,44.860001,44.400002,44.759998,39.276642,66222400
2010-03-01,44.959999,45.490002,44.950001,45.410000,39.847008,77290100
2010-03-02,45.570000,45.849998,45.450001,45.549999,39.969860,76368500
2010-03-03,45.660000,45.820000,45.430000,45.599998,40.013729,65735500
2010-03-04,45.630001,45.810001,45.400002,45.750000,40.145370,54470900
2010-03-05,46.090000,46.540001,45.990002,46.439999,40.750816,68136300
2010-03-08,46.459999,46.639999,46.439999,46.529999,40.829803,58712400
2010-03-09,46.430000,47.049999,46.400002,46.790001,41.057953,98002800
2010-03-10,46.820000,47.279999,46.799999,47.169998,41.391392,102578900
2010-03-11,47.060001,47.349998,46.980000,47.349998,41.549366,67510300
2010-03-12,47.500000,47.529999,47.099998,47.360001,41.558125,64068300
2010-03-15,47.259998,47.380001,46.910000,47.240002,41.452820,60150500
2010-03-16,47.389999,47.610001,47.230000,47.540001,41.716068,74950600
2010-03-17,47.610001,47.900002,47.529999,47.669998,41.830147,75643500
2010-03-18,47.709999,47.880001,47.599998,47.830002,41.970554,77829400
2010-03-19,47.919998,47.950001,47.320000,47.490002,41.716682,86337100
2010-03-22,47.299999,48.110001,47.250000,47.919998,42.094379,71902800
2010-03-23,47.990002,48.299999,47.770000,48.250000,42.384285,59182600
2010-03-24,48.169998,48.169998,47.910000,48.020000,42.182240,62995700
2010-03-25,48.419998,48.599998,47.900002,47.950001,42.120762,76294800
2010-03-26,48.150002,48.330002,47.740002,48.000000,42.164680,78067900
2010-03-29,48.240002,48.400002,48.099998,48.230000,42.366726,57993300
2010-03-30,48.380001,48.549999,48.060001,48.389999,42.507271,49437300
2010-03-31,48.240002,48.450001,48.070000,48.160000,42.305206,59947400
2010-04-01,48.360001,48.700001,47.790001,48.160000,42.305206,83728600
2010-04-05,48.270000,48.720001,48.139999,48.610001,42.700539,56220300
2010-04-06,48.500000,48.900002,48.389999,48.750000,42.823498,54097100
2010-04-07,48.680000,48.869999,48.369999,48.630001,42.718098,77211500
2010-04-08,48.490002,48.820000,48.240002,48.740002,42.814713,68314300
2010-04-09,48.750000,49.049999,48.630001,49.029999,43.069466,54227300
2010-04-12,49.049999,49.200001,48.939999,49.070000,43.104607,44280600
2010-04-13,49.020000,49.349998,48.860001,49.320000,43.324207,59376000
2010-04-14,49.580002,49.919998,49.500000,49.910000,43.842472,69004800
2010-04-15,49.869999,50.189999,49.869999,50.130001,44.035736,72254200
2010-04-16,49.950001,50.119999,49.200001,49.529999,43.508671,127388000
2010-04-19,49.349998,49.660000,48.900002,49.500000,43.482334,98251700
2010-04-20,49.770000,49.880001,49.430000,49.750000,43.701935,69543700
2010-04-21,50.090000,50.189999,49.720001,50.029999,43.947887,74748700
2010-04-22,49.549999,50.360001,49.259998,50.310001,44.193859,110477200
2010-04-23,50.299999,50.570000,50.090000,50.520000,44.378315,77205200
2010-04-26,50.570000,50.650002,50.299999,50.410000,44.281704,67361000
2010-04-27,50.209999,50.430000,49.209999,49.340000,43.341778,112608000
2010-04-28,49.599998,49.630001,48.980000,49.369999,43.368134,130082100
2010-04-29,49.650002,50.330002,49.610001,50.230000,44.123581,84180200
2010-04-30,50.209999,50.290001,49.200001,49.240002,43.253922,110897000
2010-05-03,49.450001,50.169998,49.430000,49.930000,43.860046,74169700
2010-05-04,49.320000,49.320000,48.080002,48.430000,42.542416,141136500
2010-05-05,47.919998,48.500000,47.639999,48.180000,42.322777,128560200
2010-05-06,47.849998,48.320000,42.639999,46.570000,40.908516,274356800
2010-05-07,46.220001,46.799999,44.279999,45.410000,39.889534,288200400
2010-05-10,47.430000,47.799999,47.310001,47.770000,41.962631,136041600
2010-05-11,47.290001,48.389999,47.200001,47.720001,41.918728,113016100
2010-05-12,47.980000,48.660000,47.900002,48.619999,42.709312,85462400
2010-05-13,48.410000,48.790001,47.730000,47.849998,42.032921,102844300
2010-05-14,47.490002,47.520000,46.380001,46.930000,41.224754,147386100
2010-05-17,47.020000,47.270000,46.070000,47.080002,41.356514,120969600
2010-05-18,47.480000,47.580002,46.220001,46.430000,40.785553,153072100
2010-05-19,46.259998,46.630001,45.549999,46.060001,40.460526,159000300
2010-05-20,45.160000,45.279999,44.250000,44.349998,38.958401,189289800
2010-05-21,43.660000,45.639999,43.490002,44.840000,39.388851,190631100
2010-05-24,44.820000,45.330002,44.639999,44.660000,39.230717,113038000
2010-05-25,43.680000,44.759998,43.230000,44.700001,39.265850,155643000
2010-05-26,45.009998,45.570000,44.119999,44.200001,38.826637,140203200
2010-05-27,45.200001,45.889999,45.090000,45.869999,40.293629,110671600
2010-05-28,45.950001,45.990002,45.200001,45.599998,40.056438,128535300
2010-06-01,45.430000,46.250000,45.130001,45.180000,39.687504,104242700
2010-06-02,45.439999,46.279999,45.130001,46.250000,40.627422,97249300
2010-06-03,46.380001,46.770000,46.080002,46.689999,41.013943,98928400
2010-06-04,45.700001,46.290001,44.939999,45.090000,39.608448,112849900
2010-06-07,45.320000,45.459999,44.220001,44.270000,38.888123,88436600
2010-06-08,44.349998,44.480000,43.590000,44.189999,38.817860,133030100
2010-06-09,44.500000,44.910000,43.689999,43.820000,38.492855,101949200
2010-06-10,44.360001,45.119999,44.240002,45.070000,39.590874,76892300
2010-06-11,44.610001,45.540001,44.610001,45.500000,39.968605,74346800
2010-06-14,45.919998,46.240002,45.410000,45.490002,39.959812,68085000
2010-06-15,45.730000,46.770000,45.450001,46.709999,41.031506,76332600
2010-06-16,46.580002,47.139999,46.500000,46.900002,41.198391,78399700
2010-06-17,47.160000,47.180000,46.639999,47.049999,41.330158,77111900
2010-06-18,47.049999,47.340000,46.860001,47.000000,41.364491,75921400
2010-06-21,47.599998,47.680000,46.330002,46.599998,41.012459,95488100
2010-06-22,46.799999,47.139999,46.150002,46.240002,40.695637,94493400
2010-06-23,46.290001,46.470001,45.689999,46.049999,40.528400,92397600
2010-06-24,45.849998,45.990002,45.200001,45.349998,39.912338,114145900
2010-06-25,45.509998,45.660000,44.950001,45.270000,39.920280,88740300
2010-06-28,45.270000,45.549999,44.810001,45.110001,39.779179,71350000
2010-06-29,44.419998,44.459999,43.070000,43.369999,38.244801,136384200
2010-06-30,43.230000,43.669998,42.639999,42.709999,37.662796,101313200
2010-07-01,42.840000,42.959999,41.770000,42.590000,37.556999,158695000
2010-07-02,42.660000,42.820000,42.090000,42.470001,37.451164,78565300
2010-07-06,43.099998,43.369999,42.250000,42.599998,37.565804,88591900
2010-07-07,42.740002,44.009998,42.700001,43.959999,38.765087,72448400
2010-07-08,44.310001,44.380001,43.680000,44.200001,38.976719,78264600
2010-07-09,44.180000,44.630001,44.080002,44.619999,39.347080,47851200
2010-07-12,44.580002,45.029999,44.459999,44.750000,39.461735,60927500
2010-07-13,45.139999,45.500000,44.799999,45.330002,39.973183,93310500
2010-07-14,45.419998,45.810001,45.240002,45.560001,40.175995,87687100
2010-07-15,45.470001,45.740002,44.990002,45.599998,40.211258,95992500
2010-07-16,45.439999,45.630001,44.299999,44.340000,39.100197,98831900
2010-07-19,44.470001,44.810001,44.099998,44.720001,39.435265,81800800
2010-07-20,44.000000,45.259998,43.860001,45.259998,39.911453,89061200
2010-07-21,45.740002,45.759998,44.560001,44.639999,39.364719,83577000
2010-07-22,45.270000,45.980000,45.240002,45.770000,40.361187,82890300
2010-07-23,45.459999,46.099998,45.380001,46.060001,40.616924,81056100
2010-07-26,46.119999,46.459999,45.910000,46.439999,40.952003,64850900
2010-07-27,46.639999,46.720001,46.209999,46.419998,40.934361,67655600
2010-07-28,46.369999,46.580002,45.880001,46.049999,40.608097,51988200
2010-07-29,46.320000,46.410000,45.250000,45.709999,40.308289,85669500
2010-07-30,45.330002,46.090000,45.070000,45.810001,40.396454,98958100
2010-08-02,46.389999,46.790001,46.209999,46.669998,41.154831,68706800
2010-08-03,46.639999,46.700001,46.250000,46.470001,40.978462,60856600
2010-08-04,46.680000,46.990002,46.500000,46.939999,41.392918,43820600
2010-08-05,46.709999,46.919998,46.520000,46.830002,41.295925,39150200
2010-08-06,46.320000,46.849998,46.049999,46.759998,41.234211,71339200
2010-08-09,47.000000,47.189999,46.790001,47.080002,41.516369,26927600
2010-08-10,46.700001,46.950001,46.279999,46.669998,41.154831,86694500
2010-08-11,45.900002,45.919998,45.209999,45.400002,40.034904,92219700
2010-08-12,44.529999,45.240002,44.450001,45.040001,39.717453,66000200
2010-08-13,44.869999,45.060001,44.709999,44.720001,39.435265,46387300
2010-08-16,44.500000,45.110001,44.299999,44.799999,39.505817,55472900
2010-08-17,45.119999,45.779999,45.029999,45.369999,40.008457,56927100
2010-08-18,45.279999,45.820000,45.110001,45.549999,40.167194,61835400
2010-08-19,45.279999,45.459999,44.560001,44.860001,39.558731,82969500
2010-08-20,44.790001,45.029999,44.540001,44.919998,39.611637,65806700
2010-08-23,45.200001,45.340000,44.459999,44.480000,39.223640,69612200
2010-08-24,43.970001,44.119999,43.470001,43.650002,38.491714,79095800
2010-08-25,43.340000,44.259998,43.270000,44.070000,38.862080,87247900
2010-08-26,44.220001,44.320000,43.500000,43.540001,38.394714,91199000
2010-08-27,43.860001,44.160000,42.970001,44.070000,38.862080,109568800
2010-08-30,43.860001,44.250000,43.599998,43.610001,38.456444,49373200
2010-08-31,43.380001,43.849998,43.180000,43.459999,38.324169,72066900
2010-09-01,44.099998,44.910000,44.070000,44.759998,39.470551,83523100
2010-09-02,44.840000,45.279999,44.730000,45.259998,39.911453,41816800
2010-09-03,45.759998,46.020000,45.549999,46.009998,40.572830,64041100
2010-09-07,45.820000,46.029999,45.630001,45.700001,40.299461,51195200
2010-09-08,45.830002,46.450001,45.820000,46.250000,40.784466,66879800
2010-09-09,46.660000,46.700001,46.320000,46.430000,40.943207,61476400
2010-09-10,46.480000,46.669998,46.250000,46.599998,41.093105,66995700
2010-09-13,46.959999,47.369999,46.939999,47.250000,41.666290,64523400
2010-09-14,47.189999,47.700001,47.080002,47.450001,41.842636,91405800
2010-09-15,47.330002,47.799999,47.189999,47.750000,42.107189,67108200
2010-09-16,47.660000,47.980000,47.540001,47.939999,42.274761,66885800
2010-09-17,48.139999,48.139999,47.750000,47.990002,42.417946,76372600
2010-09-20,48.169998,48.930000,48.110001,48.830002,43.160412,84475000
2010-09-21,48.860001,49.169998,48.610001,48.820000,43.151558,82272000
2010-09-22,48.619999,49.020000,48.419998,48.689999,43.036655,88315900
2010-09-23,48.369999,49.160000,48.320000,48.669998,43.018993,85040000
2010-09-24,49.220001,49.689999,49.150002,49.660000,43.894035,79495900
2010-09-27,49.630001,49.750000,49.349998,49.389999,43.655384,43859800
2010-09-28,49.509998,49.540001,48.590000,49.369999,43.637711,104922900
2010-09-29,49.299999,49.529999,49.110001,49.290001,43.567013,81679200
2010-09-30,49.540001,49.840000,48.750000,49.070000,43.372547,122458600
2010-10-01,49.480000,49.529999,48.779999,49.009998,43.319508,77675400
2010-10-04,48.869999,49.049999,48.200001,48.480000,42.851044,71359900
2010-10-05,49.029999,49.759998,49.000000,49.660000,43.894035,99301300
2010-10-06,49.599998,49.709999,48.910000,49.230000,43.513985,81831200
2010-10-07,49.509998,49.540001,49.000000,49.410000,43.673069,75693300
2010-10-08,49.430000,49.869999,49.080002,49.750000,43.973587,83223900
2010-10-11,49.779999,50.020000,49.619999,49.770000,43.991253,46880000
2010-10-12,49.689999,50.209999,49.259998,50.110001,44.291786,88571700
2010-10-13,50.430000,50.750000,50.279999,50.520000,44.654179,71122900
2010-10-14,50.549999,50.639999,50.169998,50.419998,44.565788,68464000
2010-10-15,51.040001,51.500000,50.630001,51.490002,45.511559,104654000
2010-10-18,51.500000,51.720001,51.299999,51.299999,45.343613,72399400
2010-10-19,50.820000,51.299999,50.419998,50.820000,44.919338,105739800
2010-10-20,50.959999,51.570000,50.869999,51.189999,45.246399,80861400
2010-10-21,51.509998,51.709999,50.790001,51.290001,45.334785,85885400
2010-10-22,51.299999,51.689999,51.209999,51.639999,45.644150,47406900
2010-10-25,51.849998,52.230000,51.849998,51.889999,45.865112,51413900
2010-10-26,51.630001,52.150002,51.419998,52.029999,45.988873,60498300
2010-10-27,51.759998,52.230000,51.660000,52.189999,46.130280,57483400
2010-10-28,52.410000,52.450001,51.840000,52.299999,46.227516,61220000
2010-10-29,52.299999,52.490002,52.169998,52.180000,46.121449,46668700
2010-11-01,52.369999,52.750000,51.980000,52.220001,46.156796,60555600
2010-11-02,52.650002,52.930000,52.580002,52.779999,46.651787,48137500
2010-11-03,52.830002,53.040001,52.360001,53.020000,46.863899,126225800
2010-11-04,53.599998,53.860001,53.500000,53.669998,47.438435,84201000
2010-11-05,53.700001,53.810001,53.509998,53.669998,47.438435,77937100
2010-11-08,53.580002,53.830002,53.450001,53.740002,47.500320,39623500
2010-11-09,53.950001,54.040001,53.209999,53.450001,47.243984,66828700
2010-11-10,53.520000,53.770000,53.099998,53.720001,47.482643,83553700
2010-11-11,52.910000,53.480000,52.660000,53.380001,47.182121,85163600
2010-11-12,53.099998,53.369999,52.110001,52.509998,46.413128,99164300
2010-11-15,52.779999,52.880001,52.290001,52.310001,46.236355,56723400
2010-11-16,51.939999,52.250000,50.849998,51.450001,45.476192,101097000
2010-11-17,51.480000,51.869999,51.349998,51.599998,45.608784,77836200
2010-11-18,52.160000,52.790001,52.130001,52.430000,46.342422,71488300
2010-11-19,52.360001,52.590000,52.139999,52.470001,46.377785,54506100
2010-11-22,52.259998,52.910000,52.169998,52.910000,46.766682,69918900
2010-11-23,52.369999,52.450001,51.770000,52.070000,46.024231,76818300
2010-11-24,52.580002,53.250000,52.560001,53.119999,46.952301,53444200
2010-11-26,52.779999,53.130001,52.669998,52.770000,46.642944,23640300
2010-11-29,52.700001,52.900002,52.099998,52.730000,46.607578,89269100
2010-11-30,52.180000,52.740002,51.880001,52.090000,46.041870,118862100
2010-12-01,52.860001,53.459999,52.840000,53.189999,47.014175,81758800
2010-12-02,53.270000,53.810001,53.209999,53.730000,47.491467,56844600
2010-12-03,53.500000,53.939999,53.500000,53.869999,47.615208,38014200
2010-12-06,53.880001,53.950001,53.680000,53.849998,47.597538,39312000
2010-12-07,54.500000,54.520000,53.820000,53.880001,47.624058,59067300
2010-12-08,54.020000,54.150002,53.689999,54.080002,47.800842,48066900
2010-12-09,54.410000,54.439999,53.950001,54.130001,47.845043,51679800
2010-12-10,54.290001,54.549999,54.090000,54.490002,48.163239,44696200
2010-12-13,54.700001,54.740002,54.270000,54.299999,47.995296,53110200
2010-12-14,54.439999,54.619999,54.230000,54.400002,48.083683,69884800
2010-12-15,54.369999,54.700001,54.029999,54.160000,47.871548,76951900
2010-12-16,54.209999,54.660000,54.060001,54.580002,48.242786,65519400
2010-12-17,54.540001,54.680000,54.410000,54.520000,48.285313,36844200
2010-12-20,54.619999,54.759998,54.160000,54.560001,48.320713,48159600
2010-12-21,54.770000,54.889999,54.619999,54.889999,48.612988,35775400
2010-12-22,54.869999,54.959999,54.790001,54.880001,48.604122,35766500
2010-12-23,54.779999,54.869999,54.610001,54.740002,48.480141,21664800
2010-12-27,54.580002,54.860001,54.209999,54.770000,48.506714,29263700
2010-12-28,54.880001,54.919998,54.549999,54.669998,48.418137,24160500
2010-12-29,54.820000,54.900002,54.730000,54.790001,48.524422,24132700
2010-12-30,54.790001,54.799999,54.549999,54.660000,48.409290,27553300
2010-12-31,54.590000,54.619999,54.209999,54.459999,48.232166,38540100
2011-01-03,54.970001,55.689999,54.950001,55.310001,48.984947,90994300
2011-01-04,55.509998,55.549999,54.919998,55.270000,48.949520,43851500
2011-01-05,55.099998,55.759998,55.070000,55.740002,49.365791,43787400
2011-01-06,55.799999,55.959999,55.680000,55.919998,49.525196,46139600
2011-01-07,56.020000,56.049999,55.320000,55.869999,49.480915,72261700
2011-01-10,55.750000,56.180000,55.580002,56.080002,49.666901,55551800
2011-01-11,56.310001,56.360001,55.950001,56.160000,49.737736,56663800
2011-01-12,56.430000,56.560001,56.200001,56.560001,50.092003,51979300
2011-01-13,56.599998,56.730000,56.410000,56.580002,50.109718,47364500
2011-01-14,56.599998,57.020000,56.459999,57.000000,50.481689,43867400
2011-01-18,56.570000,57.230000,56.490002,57.160000,50.623398,65805600
2011-01-19,57.259998,57.259998,56.320000,56.509998,50.047726,67767200
2011-01-20,56.270000,56.349998,55.680000,56.110001,49.693470,92357800
2011-01-21,56.389999,56.490002,55.650002,55.680000,49.312645,59673300
2011-01-24,55.790001,56.459999,55.680000,56.450001,49.994598,64103300
2011-01-25,56.169998,56.549999,56.049999,56.529999,50.065430,55305100
2011-01-26,56.610001,56.980000,56.450001,56.830002,50.331120,60547700
2011-01-27,57.009998,57.349998,56.919998,57.180000,50.641098,53656100
2011-01-28,57.169998,57.220001,55.470001,55.730000,49.356937,123359900
2011-01-31,55.810001,56.160000,55.389999,56.000000,49.596062,70571300
2011-02-01,56.419998,57.180000,56.360001,57.049999,50.525967,76952900
2011-02-02,56.930000,57.169998,56.840000,56.959999,50.446251,48661000
2011-02-03,56.849998,57.139999,56.400002,57.060001,50.534840,45341900
2011-02-04,57.049999,57.419998,56.900002,57.380001,50.818241,47647800
2011-02-07,57.490002,57.970001,57.400002,57.650002,51.057369,45627100
2011-02-08,57.669998,58.070000,57.560001,58.029999,51.393913,38099900
2011-02-09,57.939999,58.119999,57.750000,57.930000,51.305351,62540800
2011-02-10,57.549999,58.099998,57.490002,58.020000,51.385044,70194700
2011-02-11,57.849998,58.480000,57.770000,58.439999,51.757019,47853500
2011-02-14,58.439999,58.660000,58.380001,58.580002,51.881020,48506100
2011-02-15,58.439999,58.570000,58.230000,58.500000,51.810154,39723800
2011-02-16,58.650002,59.040001,58.630001,58.880001,52.146694,53061700
2011-02-17,58.590000,58.970001,58.549999,58.860001,52.128998,38361900
2011-02-18,58.860001,58.970001,58.509998,58.730000,52.013855,44334300
2011-02-22,57.930000,58.130001,56.939999,57.029999,50.508282,92598100
2011-02-23,57.029999,57.230000,56.130001,56.560001,50.092003,97842900
2011-02-24,56.680000,57.029999,56.139999,56.860001,50.357708,98716100
2011-02-25,57.180000,57.720001,57.119999,57.650002,51.057369,54094600
2011-02-28,57.880001,58.049999,57.430000,57.770000,51.163651,51402800
2011-03-01,58.020000,58.020000,56.700001,56.840000,50.339989,91993900
2011-03-02,56.810001,57.509998,56.790001,57.139999,50.605671,61552900
2011-03-03,57.669998,58.369999,57.669998,58.270000,51.606464,64146600
2011-03-04,58.250000,58.259998,57.590000,57.970001,51.340767,62328400
2011-03-07,58.209999,58.259998,56.669998,57.189999,50.649960,98470000
2011-03-08,57.119999,57.680000,56.770000,57.419998,50.853672,62399100
2011-03-09,57.209999,57.270000,56.720001,57.029999,50.508282,84764200
2011-03-10,56.389999,56.520000,55.910000,56.139999,49.720047,102894400
2011-03-11,55.820000,56.660000,55.820000,56.490002,50.029995,81679400
2011-03-14,56.180000,56.590000,55.860001,56.290001,49.852901,73565800
2011-03-15,54.639999,55.820000,54.470001,55.490002,49.144348,101276500
2011-03-16,55.029999,55.340000,53.770000,54.150002,47.957603,176507700
2011-03-17,55.009998,55.240002,54.130001,54.650002,48.400425,94434500
2011-03-18,55.220001,55.220001,54.410000,54.450001,48.291340,94887200
2011-03-21,55.279999,55.779999,54.500000,55.500000,49.222576,57423000
2011-03-22,55.580002,55.610001,55.279999,55.400002,49.133900,36162100
2011-03-23,55.200001,55.869999,54.820000,55.709999,49.408817,60365100
2011-03-24,56.130001,56.820000,55.820000,56.700001,50.286858,69502400
2011-03-25,56.880001,57.220001,56.730000,56.840000,50.411034,74131100
2011-03-28,57.090000,57.099998,56.500000,56.529999,50.136078,37824000
2011-03-29,56.400002,57.080002,56.230000,57.080002,50.623886,47994800
2011-03-30,57.360001,57.430000,57.080002,57.349998,50.863327,44935900
2011-03-31,57.250000,57.480000,57.150002,57.430000,50.934303,50004300
2011-04-01,57.720001,57.900002,57.290001,57.459999,50.960911,68031800
2011-04-04,57.619999,57.680000,57.020000,57.270000,50.792377,48659100
2011-04-05,57.160000,57.490002,57.000000,57.119999,50.659340,55349400
2011-04-06,57.560001,57.730000,56.930000,57.259998,50.783512,49532100
2011-04-07,57.240002,57.599998,56.810001,57.220001,50.748024,60697000
2011-04-08,57.480000,57.570000,56.650002,56.950001,50.508575,42782200
2011-04-11,57.169998,57.290001,56.560001,56.759998,50.340057,42451700
2011-04-12,56.500000,56.639999,56.150002,56.369999,49.994179,50422800
2011-04-13,56.790001,57.000000,56.400002,56.849998,50.419891,49979800
2011-04-14,56.459999,56.830002,56.230000,56.750000,50.331192,53544100
2011-04-15,56.529999,56.869999,56.279999,56.650002,50.242508,68530000
2011-04-18,56.080002,56.270000,55.320000,56.250000,49.887753,69065000
2011-04-19,56.400002,56.599998,56.099998,56.599998,50.198158,38608400
2011-04-20,57.599998,57.939999,57.529999,57.880001,51.333385,67397500
2011-04-21,58.439999,58.470001,58.160000,58.340000,51.741344,43666800
2011-04-25,58.389999,58.520000,58.279999,58.490002,51.874405,25376800
2011-04-26,58.639999,59.029999,58.509998,58.820000,52.167080,49400000
2011-04-27,58.930000,59.290001,58.660000,59.220001,52.521835,56465500
2011-04-28,59.040001,59.230000,58.880001,59.130001,52.442001,48100000
2011-04-29,59.020000,59.290001,58.980000,59.080002,52.397667,44831200
2011-05-02,59.169998,59.340000,58.820000,58.970001,52.300102,48149400
2011-05-03,58.939999,59.000000,58.330002,58.689999,52.051796,38100000
2011-05-04,58.720001,58.869999,58.110001,58.599998,51.971951,53097200
2011-05-05,58.310001,58.970001,58.080002,58.279999,51.688148,72200000
2011-05-06,58.860001,59.200001,58.310001,58.470001,51.856651,72507000
2011-05-09,58.570000,58.919998,58.340000,58.689999,52.051796,40022000
2011-05-10,58.860001,59.279999,58.779999,59.189999,52.495213,38053600
2011-05-11,59.099998,59.310001,58.360001,58.759998,52.113857,61900000
2011-05-12,58.580002,59.189999,58.240002,59.110001,52.424263,66100000
2011-05-13,58.970001,59.070000,58.389999,58.410000,51.803452,63506600
2011-05-16,58.139999,58.320000,57.270000,57.400002,50.907673,73115300
2011-05-17,57.099998,57.570000,56.980000,57.560001,51.049583,63136000
2011-05-18,57.480000,58.139999,57.410000,58.040001,51.475292,42351100
2011-05-19,58.220001,58.340000,57.849998,58.209999,51.626064,35015800
2011-05-20,58.150002,58.209999,57.689999,57.770000,51.235832,44703300
2011-05-23,56.980000,57.150002,56.650002,56.919998,50.481972,43700000
2011-05-24,57.060001,57.070000,56.560001,56.570000,50.171558,39314800
2011-05-25,56.500000,57.060001,56.470001,56.790001,50.366676,41369000
2011-05-26,56.619999,57.299999,56.610001,57.139999,50.677082,40564100
2011-05-27,57.240002,57.490002,57.189999,57.430000,50.934303,30127200
2011-05-31,57.970001,58.360001,57.669998,58.360001,51.759087,47590100
2011-06-01,58.220001,58.360001,57.040001,57.090000,50.632740,51795000
2011-06-02,57.200001,57.410000,56.889999,57.209999,50.739174,50198100
2011-06-03,56.549999,56.990002,56.270000,56.349998,49.976440,57773700
2011-06-06,56.220001,56.529999,55.860001,55.889999,49.568474,50175600
2011-06-07,56.040001,56.259998,55.750000,55.790001,49.479767,46311100
2011-06-08,55.669998,55.770000,55.230000,55.389999,49.125011,46426400
2011-06-09,55.410000,55.759998,55.230000,55.490002,49.213688,45307500
2011-06-10,55.230000,55.340000,54.590000,54.639999,48.459846,53740600
2011-06-13,54.669998,54.930000,54.450001,54.639999,48.459846,37736800
2011-06-14,55.060001,55.470001,55.029999,55.340000,49.080685,40565300
2011-06-15,54.810001,55.150002,54.180000,54.290001,48.149429,59022400
2011-06-16,54.320000,54.500000,53.619999,54.080002,47.963188,66316200
2011-06-17,54.400002,54.599998,53.630001,53.790001,47.812977,70337000
2011-06-20,53.639999,54.230000,53.639999,54.070000,48.061867,37402900
2011-06-21,54.259998,55.290001,54.029999,55.230000,49.092957,55892800
2011-06-22,55.000000,55.320000,54.820000,54.830002,48.737404,36833300
2011-06-23,54.240002,55.369999,54.060001,55.340000,49.190746,80743300
2011-06-24,55.080002,55.130001,54.270000,54.380001,48.337410,56298300
2011-06-27,54.439999,55.529999,54.320000,55.250000,49.110741,49968900
2011-06-28,55.369999,56.080002,55.290001,56.070000,49.839630,47028800
2011-06-29,56.200001,56.410000,55.900002,56.299999,50.044052,65407300
2011-06-30,56.500000,57.090000,56.470001,57.049999,50.710712,50347200
2011-07-01,57.080002,57.990002,56.919998,57.910000,51.475159,53203900
2011-07-05,57.970001,58.259998,57.830002,58.200001,51.732937,43128800
2011-07-06,58.130001,58.490002,57.939999,58.389999,51.901833,49282700
2011-07-07,58.830002,59.360001,58.740002,59.189999,52.612934,54799800
2011-07-08,58.680000,59.040001,58.369999,59.029999,52.470715,69519500
2011-07-11,58.410000,58.709999,57.759998,57.959999,51.519611,52080800
2011-07-12,57.950001,58.070000,57.459999,57.520000,51.128510,84000700
2011-07-13,57.939999,58.340000,57.549999,57.759998,51.341839,82378100
2011-07-14,57.910000,58.180000,56.869999,57.090000,50.746273,98774200
2011-07-15,57.730000,57.849998,57.310001,57.849998,51.421833,68281500
2011-07-18,57.529999,57.790001,56.980000,57.540001,51.146271,59512200
2011-07-19,58.090000,58.900002,58.090000,58.849998,52.310719,73904600
2011-07-20,59.180000,59.189999,58.500000,58.599998,52.088490,57085500
2011-07-21,58.660000,59.320000,58.340000,58.990002,52.435158,70148800
2011-07-22,58.959999,59.700001,58.919998,59.599998,52.977379,43620400
2011-07-25,59.130001,59.810001,59.020000,59.480000,52.870716,48916100
2011-07-26,59.439999,59.830002,59.320000,59.630001,53.004036,40918900
2011-07-27,59.240002,59.290001,57.939999,58.090000,51.635162,83969500
2011-07-28,58.119999,58.930000,57.889999,58.189999,51.724060,61031900
2011-07-29,57.720001,58.610001,57.439999,58.000000,51.555168,82860500
2011-08-01,58.700001,58.820000,57.029999,57.730000,51.315163,85421100
2011-08-02,57.459999,57.720001,56.209999,56.270000,50.017395,90853300
2011-08-03,56.340000,56.880001,55.349998,56.810001,50.497398,103612300
2011-08-04,56.000000,56.090000,54.169998,54.169998,48.150757,132830000
2011-08-05,54.720001,55.029999,52.320000,53.830002,47.848530,214111800
2011-08-08,52.180000,53.119999,50.590000,50.590000,44.968555,204804500
2011-08-09,51.349998,53.080002,49.930000,53.029999,47.137417,193707100
2011-08-10,51.830002,53.040001,50.799999,50.860001,45.208546,205917900
2011-08-11,51.590000,53.689999,51.340000,53.099998,47.199646,143825300
2011-08-12,53.430000,53.900002,52.880001,53.570000,47.617409,90483300
2011-08-15,53.790001,54.360001,53.529999,54.360001,48.319637,73554300
2011-08-16,53.830002,54.349998,53.180000,53.900002,47.910759,89219200
2011-08-17,53.970001,54.419998,53.020000,53.580002,47.626316,84416600
2011-08-18,52.130001,52.139999,50.480000,50.950001,45.288540,130019400
2011-08-19,50.419998,51.669998,49.990002,50.029999,44.470779,96674600
2011-08-22,51.230000,51.240002,50.060001,50.209999,44.630772,77107700
2011-08-23,50.549999,52.279999,50.340000,52.279999,46.470757,75688400
2011-08-24,52.130001,52.790001,51.709999,52.689999,46.835197,80197700
2011-08-25,52.660000,52.900002,51.650002,51.830002,46.070759,93623700
2011-08-26,51.660000,53.310001,51.150002,53.130001,47.226315,91573300
2011-08-29,53.660000,54.669998,53.639999,54.610001,48.541866,45985800
2011-08-30,54.410000,55.299999,54.110001,54.970001,48.861851,61617900
2011-08-31,55.299999,55.740002,54.599998,55.060001,48.941853,60900400
2011-09-01,55.200001,55.639999,54.459999,54.560001,48.497402,57158400
2011-09-02,53.580002,54.610001,52.990002,53.279999,47.359650,58185700
2011-09-06,52.040001,53.369999,51.910000,53.290001,47.368526,52992200
2011-09-07,54.049999,54.650002,53.900002,54.639999,48.568520,48952200
2011-09-08,54.360001,55.169998,54.209999,54.389999,48.346302,61422800
2011-09-09,54.009998,54.240002,52.849998,53.180000,47.270763,63663500
2011-09-12,52.590000,53.900002,52.570000,53.860001,47.875202,65973000
2011-09-13,54.060001,54.689999,53.799999,54.580002,48.515182,59020000
2011-09-14,54.860001,55.980000,54.320000,55.360001,49.208508,90757300
2011-09-15,55.959999,56.279999,55.389999,56.180000,49.937397,83536100
2011-09-16,56.200001,56.650002,56.090000,56.590000,50.395134,91902100
2011-09-19,55.889999,56.910000,55.430000,56.610001,50.412945,73042900
2011-09-20,56.900002,57.349998,56.230000,56.360001,50.190311,66570100
2011-09-21,56.650002,56.930000,55.369999,55.380001,49.317593,79938000
2011-09-22,53.970001,54.459999,52.750000,53.580002,47.714638,151885500
2011-09-23,53.130001,54.380001,53.090000,54.150002,48.222237,85940600
2011-09-26,54.419998,54.880001,53.209999,54.779999,48.783264,96261400
2011-09-27,55.709999,56.200001,54.980000,55.349998,49.290874,81148600
2011-09-28,55.590000,55.970001,54.400002,54.529999,48.560638,76757100
2011-09-29,55.360001,55.430000,52.970001,53.880001,47.981804,116900200
2011-09-30,53.160000,53.610001,52.459999,52.490002,46.743950,104870100
2011-10-03,52.020000,52.849998,51.110001,51.139999,45.541744,99149500
2011-10-04,50.619999,52.290001,50.099998,52.189999,46.476795,137013700
2011-10-05,52.060001,53.680000,51.660000,53.529999,47.670101,108825700
2011-10-06,53.459999,54.439999,53.209999,54.430000,48.471596,71939200
2011-10-07,54.400002,54.660000,53.720001,54.070000,48.150990,72525200
2011-10-10,54.990002,55.939999,54.889999,55.939999,49.816284,48230200
2011-10-11,55.790001,56.459999,55.700001,56.320000,50.154701,66449100
2011-10-12,56.860001,57.230000,56.560001,56.599998,50.404049,85627600
2011-10-13,56.490002,57.189999,56.430000,57.119999,50.867119,63443700
2011-10-14,57.820000,58.189999,57.509998,58.180000,51.811069,65643600
2011-10-17,57.910000,58.090000,56.970001,57.279999,51.009598,65161300
2011-10-18,57.189999,58.290001,56.660000,57.990002,51.641880,91434600
2011-10-19,57.669998,57.849998,56.680000,56.869999,50.644474,67639400
2011-10-20,56.860001,56.919998,55.790001,56.590000,50.395134,80378300
2011-10-21,57.189999,57.660000,56.779999,57.299999,51.027405,60455800
2011-10-24,57.509998,58.650002,57.310001,58.490002,52.087147,61449500
2011-10-25,58.299999,58.320000,57.220001,57.340000,51.063019,65299200
2011-10-26,57.660000,57.779999,56.209999,57.270000,51.000694,98193800
2011-10-27,58.639999,59.200001,58.029999,58.849998,52.407738,104455500
2011-10-28,58.520000,59.009998,58.500000,58.939999,52.487865,42950000
2011-10-31,58.430000,58.639999,57.910000,57.950001,51.606258,60520200
2011-11-01,56.520000,57.910000,56.119999,56.439999,50.261555,99933000
2011-11-02,57.029999,57.160000,56.380001,56.919998,50.688999,65003800
2011-11-03,57.369999,58.180000,56.709999,58.099998,51.739838,78994200
2011-11-04,57.820000,58.049999,57.220001,57.799999,51.472679,61527800
2011-11-07,57.759998,58.250000,57.169998,58.209999,51.837807,65559000
2011-11-08,58.630001,58.980000,57.970001,58.880001,52.434448,62906900
2011-11-09,57.740002,57.830002,56.630001,56.810001,50.591049,69539000
2011-11-10,57.369999,57.419998,56.230000,56.779999,50.564335,66052400
2011-11-11,57.270000,58.020000,57.200001,57.849998,51.517204,54471000
2011-11-14,57.689999,58.009998,57.279999,57.490002,51.196598,44617600
2011-11-15,57.320000,58.360001,57.259998,58.130001,51.766552,52203900
2011-11-16,57.709999,58.160000,57.060001,57.169998,50.911625,68342800
2011-11-17,57.020000,57.040001,55.480000,55.830002,49.718330,101706900
2011-11-18,55.840000,55.900002,55.299999,55.400002,49.335396,60417000
2011-11-21,54.650002,54.730000,53.779999,54.340000,48.391449,52283700
2011-11-22,54.200001,54.680000,53.869999,54.520000,48.551731,51940100
2011-11-23,54.110001,54.169998,53.259998,53.290001,47.456383,48437300
2011-11-25,53.060001,53.669998,52.869999,52.880001,47.091255,25448100
2011-11-28,54.169998,54.790001,54.139999,54.720001,48.729832,46710700
2011-11-29,54.689999,55.099998,54.220001,54.380001,48.427063,52056700
2011-11-30,55.860001,56.439999,55.669998,56.389999,50.217026,66918600
2011-12-01,56.380001,56.930000,56.349998,56.779999,50.564335,45362200
2011-12-02,57.340000,57.340000,56.570000,56.619999,50.421852,36938900
2011-12-05,57.470001,57.619999,56.919998,57.240002,50.973976,40492200
2011-12-06,57.290001,57.450001,56.889999,57.080002,50.831493,38670000
2011-12-07,56.919998,57.340000,56.349998,57.080002,50.831493,44576200
2011-12-08,56.709999,57.150002,56.009998,56.119999,49.976585,51692600
2011-12-09,56.259998,57.189999,56.240002,57.020000,50.778069,55757900
2011-12-12,56.419998,57.009998,55.900002,56.380001,50.208130,55411700
2011-12-13,56.750000,56.980000,55.529999,55.759998,49.655979,68557700
2011-12-14,55.549999,55.590000,54.580002,54.889999,48.881226,63682800
2011-12-15,55.360001,55.419998,54.660000,54.740002,48.747662,58732900
2011-12-16,54.869999,55.610001,54.770000,54.860001,48.998631,60978900
2011-12-19,55.070000,55.200001,54.169998,54.320000,48.516308,46733900
2011-12-20,55.200001,56.000000,55.169998,55.930000,49.954304,81758800
2011-12-21,55.599998,55.639999,54.490002,55.130001,49.239780,78552300
2011-12-22,55.250000,55.630001,55.169998,55.599998,49.659569,40334100
2011-12-23,55.709999,56.080002,55.580002,56.080002,50.088295,26594600
2011-12-27,55.990002,56.419998,55.930000,56.240002,50.275120,21443500
2011-12-28,56.169998,56.259998,55.439999,55.590000,49.694050,38180100
2011-12-29,55.680000,56.029999,55.500000,55.990002,50.051640,28077900
2011-12-30,55.869999,56.119999,55.820000,55.830002,49.908604,21832400
2012-01-03,56.910000,57.189999,56.750000,56.900002,50.865108,39514100
2012-01-04,56.810001,57.220001,56.560001,57.139999,51.079651,29403400
2012-01-05,57.020000,57.660000,56.799999,57.610001,51.499802,41260600
2012-01-06,57.619999,57.939999,57.400002,57.810001,51.678612,46325200
2012-01-09,57.959999,57.980000,57.430000,57.619999,51.508747,39195500
2012-01-10,58.230000,58.400002,57.639999,58.040001,51.884205,35949900
2012-01-11,58.029999,58.290001,57.810001,58.160000,51.991470,37144100
2012-01-12,58.290001,58.470001,57.860001,58.389999,52.197075,26188300
2012-01-13,58.080002,58.200001,57.680000,58.180000,52.009357,35980400
2012-01-17,58.689999,58.959999,58.490002,58.709999,52.483150,41790800
2012-01-18,58.820000,59.490002,58.680000,59.490002,53.180420,48692700
2012-01-19,59.759998,59.970001,59.650002,59.860001,53.511169,47774500
2012-01-20,59.599998,59.799999,59.560001,59.770000,53.430714,41041700
2012-01-23,59.779999,60.209999,59.439999,59.790001,53.448605,40958300
2012-01-24,59.520000,59.840000,59.410000,59.680000,53.350262,38440200
2012-01-25,60.259998,60.580002,59.830002,60.430000,54.020714,61591800
2012-01-26,60.689999,60.799999,59.930000,60.220001,53.833000,37852700
2012-01-27,60.090000,60.509998,60.060001,60.400002,53.993896,45532300
2012-01-30,59.889999,60.540001,59.660000,60.450001,54.038601,42797800
2012-01-31,60.750000,60.860001,60.139999,60.529999,54.110119,51449600
2012-02-01,60.880001,61.240002,60.660000,61.020000,54.548149,46146700
2012-02-02,61.220001,61.410000,60.970001,61.209999,54.717983,46373600
2012-02-03,61.779999,62.119999,61.680000,62.049999,55.468899,36453800
2012-02-06,61.820000,62.020000,61.660000,62.000000,55.424210,28541300
2012-02-07,61.950001,62.250000,61.669998,62.130001,55.540413,37935700
2012-02-08,62.139999,62.459999,61.910000,62.459999,55.835407,41171100
2012-02-09,62.700001,62.980000,62.320000,62.910000,56.237682,46856400
2012-02-10,62.459999,62.639999,62.250000,62.470001,55.844345,58090500
2012-02-13,62.939999,63.130001,62.650002,63.049999,56.362835,36810200
2012-02-14,62.910000,63.220001,62.689999,63.209999,56.505863,51648200
2012-02-15,63.509998,63.860001,62.669998,62.770000,56.112537,105709100
2012-02-16,62.790001,63.700001,62.630001,63.630001,56.881329,83642300
2012-02-17,63.639999,63.689999,63.150002,63.430000,56.702545,76112300
2012-02-21,63.500000,63.889999,63.209999,63.610001,56.863453,38141300
2012-02-22,63.490002,63.680000,63.230000,63.320000,56.604198,43174700
2012-02-23,63.400002,63.810001,63.090000,63.740002,56.979656,54250000
2012-02-24,63.919998,64.070000,63.799999,63.959999,57.176323,41364900
2012-02-27,63.610001,64.260002,63.330002,64.050003,57.256775,42678500
2012-02-28,64.110001,64.699997,64.029999,64.699997,57.837837,43717500
2012-02-29,64.750000,64.959999,64.199997,64.410004,57.578598,59784400
2012-03-01,64.650002,64.980003,64.459999,64.919998,58.034485,67558900
2012-03-02,64.830002,65.080002,64.660004,64.870003,57.989788,33358200
2012-03-05,64.830002,64.910004,63.990002,64.199997,57.390862,45788800
2012-03-06,63.570000,63.720001,63.230000,63.570000,56.827667,54638600
2012-03-07,63.869999,64.209999,63.770000,64.059998,57.265701,42741800
2012-03-08,64.440002,64.940002,64.300003,64.750000,57.882538,43711100
2012-03-09,64.860001,65.139999,64.820000,65.019997,58.123894,43117200
2012-03-12,65.000000,65.110001,64.720001,65.050003,58.150723,32687300
2012-03-13,65.400002,66.260002,65.269997,66.260002,59.232399,61559100
2012-03-14,66.330002,66.739998,66.080002,66.489998,59.437965,59926900
2012-03-15,66.690002,66.820000,66.349998,66.680000,59.607841,65531200
2012-03-16,66.669998,66.669998,66.360001,66.519997,59.565742,53023100
2012-03-19,66.629997,67.150002,66.449997,66.989998,59.986618,60966200
2012-03-20,66.639999,67.180000,66.459999,67.110001,60.094048,47290600
2012-03-21,67.120003,67.489998,67.029999,67.120003,60.103020,39648100
2012-03-22,66.720001,67.139999,66.680000,66.980003,59.977680,56953900
2012-03-23,67.059998,67.080002,66.559998,66.940002,59.941837,45541700
2012-03-26,67.389999,68.110001,67.330002,68.110001,60.989536,40855300
2012-03-27,68.160004,68.489998,68.129997,68.209999,61.079075,37278200
2012-03-28,68.250000,68.510002,67.540001,67.940002,60.837288,44421900
2012-03-29,67.599998,67.930000,67.199997,67.680000,60.604465,53975300
2012-03-30,67.980003,68.019997,67.279999,67.550003,60.488083,39480900
2012-04-02,67.480003,68.339996,67.360001,68.250000,61.114895,40031600
2012-04-03,68.309998,68.550003,67.849998,68.230003,61.096977,45539900
2012-04-04,67.720001,67.760002,66.910004,67.300003,60.264221,54088100
2012-04-05,67.180000,67.779999,67.129997,67.720001,60.640289,42979900
2012-04-09,66.879997,67.480003,66.760002,67.209999,60.183609,36908200
2012-04-10,67.180000,67.440002,65.919998,66.129997,59.216503,69254200
2012-04-11,66.709999,66.889999,66.279999,66.449997,59.503044,62950000
2012-04-12,66.580002,67.279999,66.480003,67.209999,60.183609,57407400
2012-04-13,66.980003,67.199997,66.160004,66.190002,59.270245,55227500
2012-04-16,66.519997,66.559998,65.239998,65.449997,58.607594,57588000
2012-04-17,65.730003,66.989998,65.629997,66.779999,59.798573,47362400
2012-04-18,66.589996,67.000000,66.410004,66.610001,59.646343,42536100
2012-04-19,66.370003,67.169998,65.620003,65.860001,58.974754,81110900
2012-04-20,66.220001,66.510002,65.580002,65.680000,58.813572,59906900
2012-04-23,65.059998,65.180000,64.489998,65.080002,58.276295,70514400
2012-04-24,64.959999,65.230003,64.449997,64.730003,57.962879,49661500
2012-04-25,66.070000,66.489998,65.970001,66.449997,59.503044,57526900
2012-04-26,66.440002,66.989998,66.349998,66.839996,59.852306,41799500
2012-04-27,67.120003,67.449997,66.769997,67.239998,60.210468,46003800
2012-04-30,67.040001,67.169998,66.709999,66.760002,59.780659,37787700
2012-05-01,66.690002,67.629997,66.589996,66.870003,59.879158,37643800
2012-05-02,66.540001,67.110001,66.379997,67.059998,60.049297,38299300
2012-05-03,67.099998,67.150002,66.180000,66.349998,59.413540,51297600
2012-05-04,65.739998,66.349998,64.690002,64.699997,57.936020,107554000
2012-05-07,64.309998,65.070000,64.290001,64.760002,57.989754,50267800
2012-05-08,64.349998,64.739998,63.480000,64.519997,57.774834,72659700
2012-05-09,63.770000,64.680000,63.509998,64.320000,57.595745,85715300
2012-05-10,64.610001,64.629997,63.950001,64.190002,57.479347,49448900
2012-05-11,63.970001,64.860001,63.910000,64.180000,57.470375,47099900
2012-05-14,63.630001,64.080002,63.480000,63.580002,56.933117,46360000
2012-05-15,63.750000,64.269997,63.259998,63.369999,56.745060,66908600
2012-05-16,63.590000,63.779999,62.810001,62.939999,56.360031,52825900
2012-05-17,62.959999,63.060001,61.599998,61.610001,55.169067,62253900
2012-05-18,61.799999,61.959999,60.759998,60.810001,54.452694,79496500
2012-05-21,60.930000,62.570000,60.849998,62.509998,55.974979,61473000
2012-05-22,62.689999,62.950001,61.990002,62.439999,55.912292,62954800
2012-05-23,61.910000,62.709999,61.369999,62.560001,56.019745,56951100
2012-05-24,62.650002,62.709999,61.689999,62.150002,55.652599,83131200
2012-05-25,62.209999,62.320000,61.889999,62.070000,55.580963,32078900
2012-05-29,62.650002,63.150002,62.279999,62.860001,56.288383,44216700
2012-05-30,62.290001,62.549999,61.680000,62.330002,55.813793,56431800
2012-05-31,62.250000,62.410000,61.590000,62.060001,55.572010,55260100
2012-06-01,60.939999,61.320000,60.389999,60.410000,54.094517,71430800
2012-06-04,60.580002,60.959999,60.040001,60.869999,54.506435,74119500
2012-06-05,60.660000,61.240002,60.630001,61.119999,54.730278,47916900
2012-06-06,61.580002,62.570000,61.520000,62.520000,55.983936,58781800
2012-06-07,63.180000,63.180000,62.220001,62.270000,55.760063,38414800
2012-06-08,62.169998,62.950001,61.959999,62.869999,56.297340,39730800
2012-06-11,63.349998,63.380001,61.770000,61.810001,55.348160,51008900
2012-06-12,62.099998,62.590000,61.680000,62.560001,56.019745,48802600
2012-06-13,62.380001,62.849998,61.919998,62.130001,55.634693,50840100
2012-06-14,62.119999,62.610001,61.799999,62.360001,55.840664,65170600
2012-06-15,62.389999,63.080002,62.360001,62.990002,56.534424,41536100
2012-06-18,62.730000,63.740002,62.630001,63.580002,57.063969,32191200
2012-06-19,63.900002,64.510002,63.849998,64.239998,57.656330,36476500
2012-06-20,64.379997,64.570000,63.810001,64.290001,57.701187,51389700
2012-06-21,64.239998,64.309998,62.619999,62.689999,56.265171,42492700
2012-06-22,62.900002,63.430000,62.730000,63.349998,56.857536,29504200
2012-06-25,62.830002,62.849998,61.950001,62.130001,55.762562,33136400
2012-06-26,62.340000,62.700001,62.060001,62.520000,56.112606,30611100
2012-06-27,62.759998,63.180000,62.689999,62.900002,56.453655,35705800
2012-06-28,62.430000,62.470001,61.540001,62.200001,55.825394,49793400
2012-06-29,63.400002,64.160004,63.209999,64.160004,57.584530,44761300
2012-07-02,64.250000,64.379997,63.869999,64.349998,57.755039,33425600
2012-07-03,64.389999,64.889999,64.290001,64.889999,58.239697,15895100
2012-07-05,64.830002,65.250000,64.480003,64.930000,58.275600,37016200
2012-07-06,64.629997,64.690002,63.650002,64.120003,57.548626,40684100
2012-07-09,64.050003,64.260002,63.680000,64.000000,57.440929,35628300
2012-07-10,64.349998,64.510002,63.119999,63.369999,56.875484,47365700
2012-07-11,63.290001,63.459999,62.500000,63.020000,56.561363,43432000
2012-07-12,62.520000,62.689999,61.860001,62.430000,56.031826,57680400
2012-07-13,62.599998,63.520000,62.560001,63.380001,56.884476,32357200
2012-07-16,63.240002,63.520000,62.950001,63.200001,56.722900,27621400
2012-07-17,63.599998,63.740002,62.630001,63.529999,57.019077,42467800
2012-07-18,63.410000,64.580002,63.389999,64.389999,57.790947,44489700
2012-07-19,64.839996,65.309998,64.720001,65.099998,58.428177,53017800
2012-07-20,65.080002,65.099998,64.209999,64.239998,57.656330,40573100
2012-07-23,62.990002,63.680000,62.509998,63.459999,56.956264,48657800
2012-07-24,63.570000,63.660000,62.549999,62.959999,56.507519,57269700
2012-07-25,62.470001,62.950001,62.150002,62.540001,56.130547,46264400
2012-07-26,63.439999,63.730000,62.970001,63.369999,56.875484,41928200
2012-07-27,63.830002,64.989998,63.639999,64.870003,58.221737,42621000
2012-07-30,65.029999,65.309998,64.599998,64.820000,58.176880,37821300
2012-07-31,64.919998,65.180000,64.739998,64.800003,58.158932,34588300
2012-08-01,65.260002,65.279999,64.349998,64.610001,57.988407,30920200
2012-08-02,64.120003,65.019997,63.910000,64.379997,57.781963,40534900
2012-08-03,65.419998,65.879997,65.190002,65.599998,58.876926,42117400
2012-08-06,65.940002,66.389999,65.800003,66.099998,59.325684,23523600
2012-08-07,66.379997,66.919998,66.279999,66.650002,59.819332,28223300
2012-08-08,66.480003,66.760002,66.370003,66.620003,59.792427,20723500
2012-08-09,66.610001,66.910004,66.489998,66.820000,59.971935,20726200
2012-08-10,66.580002,66.879997,66.410004,66.860001,60.007816,20312000
2012-08-13,66.839996,67.029999,66.500000,67.019997,60.151424,19890300
2012-08-14,67.269997,67.410004,66.860001,67.050003,60.178345,24218700
2012-08-15,67.000000,67.320000,66.989998,67.220001,60.330906,29100400
2012-08-16,67.470001,68.169998,67.389999,68.019997,61.048923,35699900
2012-08-17,68.169998,68.330002,68.010002,68.320000,61.318192,22584800
2012-08-20,68.269997,68.430000,68.000000,68.419998,61.407921,26924000
2012-08-21,68.599998,68.879997,67.879997,68.150002,61.165607,41391000
2012-08-22,68.000000,68.559998,67.809998,68.430000,61.416908,44555700
2012-08-23,68.120003,68.339996,67.690002,67.870003,60.914310,28800400
2012-08-24,67.709999,68.449997,67.599998,68.290001,61.291267,38384800
2012-08-27,68.580002,68.669998,68.250000,68.400002,61.389977,20671400
2012-08-28,68.339996,68.589996,68.110001,68.400002,61.389977,27337900
2012-08-29,68.400002,68.570000,68.110001,68.400002,61.389977,26672400
2012-08-30,68.099998,68.129997,67.599998,67.709999,60.770683,24425400
2012-08-31,68.199997,68.449997,67.470001,68.160004,61.174591,42128000
2012-09-04,68.029999,68.349998,67.419998,68.089996,61.111755,32017200
2012-09-05,68.059998,68.349998,67.839996,68.019997,61.048923,26129300
2012-09-06,68.440002,69.550003,68.419998,69.529999,62.404167,43100000
2012-09-07,69.370003,69.550003,69.230003,69.430000,62.314434,32958600
2012-09-10,69.250000,69.400002,68.489998,68.540001,61.515644,25490000
2012-09-11,68.550003,68.820000,68.320000,68.430000,61.416908,29810100
2012-09-12,68.680000,68.809998,68.209999,68.629997,61.596401,42203400
2012-09-13,68.690002,69.860001,68.620003,69.559998,62.431087,45417800
2012-09-14,69.809998,70.430000,69.790001,70.180000,62.987553,38880300
2012-09-17,70.220001,70.239998,69.959999,70.209999,63.014488,31798400
2012-09-18,70.029999,70.300003,70.019997,70.269997,63.068325,27169800
2012-09-19,70.260002,70.580002,70.059998,70.400002,63.185024,36484600
2012-09-20,70.059998,70.400002,69.870003,70.330002,63.122169,42520200
2012-09-21,70.480003,70.540001,70.080002,70.150002,63.140209,23678500
2012-09-24,69.570000,69.860001,69.419998,69.739998,62.771141,32341600
2012-09-25,69.919998,70.080002,68.730003,68.760002,61.889091,41299600
2012-09-26,68.669998,68.709999,67.849998,68.199997,61.385021,32770400
2012-09-27,68.370003,69.300003,68.250000,69.139999,62.231113,25339500
2012-09-28,68.910004,69.120003,68.510002,68.570000,61.718063,30112600
2012-10-01,68.900002,69.330002,68.250000,68.470001,61.628082,37715300
2012-10-02,68.769997,68.980003,68.129997,68.669998,61.808071,33254300
2012-10-03,68.860001,69.239998,68.589996,69.110001,62.204121,38236000
2012-10-04,69.220001,69.540001,69.000000,69.349998,62.420128,26128600
2012-10-05,69.699997,69.800003,68.800003,68.980003,62.087090,25207900
2012-10-08,68.580002,68.720001,68.190002,68.349998,61.520061,30911500
2012-10-09,68.169998,68.339996,67.099998,67.260002,60.538975,67974000
2012-10-10,67.239998,67.430000,66.800003,66.919998,60.232952,45134300
2012-10-11,67.419998,67.470001,66.669998,66.709999,60.043938,30469400
2012-10-12,66.699997,67.059998,66.550003,66.680000,60.016941,24891200
2012-10-15,66.930000,67.260002,66.529999,67.169998,60.457981,22220100
2012-10-16,67.269997,68.199997,67.250000,68.120003,61.313046,33960600
2012-10-17,67.769997,68.300003,67.680000,68.080002,61.277035,33439400
2012-10-18,67.860001,68.080002,67.040001,67.290001,60.565968,61707600
2012-10-19,67.209999,67.269997,65.599998,65.680000,59.116859,75362600
2012-10-22,65.650002,66.190002,65.500000,66.019997,59.422878,38621500
2012-10-23,65.480003,65.949997,65.190002,65.389999,58.855831,52591200
2012-10-24,65.760002,65.870003,65.059998,65.160004,58.648815,39872400
2012-10-25,65.610001,65.720001,64.970001,65.160004,58.648815,52688700
2012-10-26,65.160004,65.620003,64.650002,65.349998,58.819828,54213100
2012-10-31,65.269997,65.389999,64.730003,64.949997,58.459782,38524500
2012-11-01,65.360001,66.000000,65.169998,65.870003,59.287880,26945000
2012-11-02,66.169998,66.209999,65.110001,65.169998,58.657825,44083000
2012-11-05,65.180000,65.730003,65.040001,65.599998,59.044846,28094700
2012-11-06,65.709999,66.169998,65.459999,65.720001,59.152863,29608400
2012-11-07,65.019997,65.099998,63.900002,64.169998,57.757751,70737800
2012-11-08,64.349998,64.500000,63.160000,63.160000,56.848675,58585800
2012-11-09,63.200001,64.110001,63.160000,63.430000,57.091702,51542100
2012-11-12,63.799999,63.869999,63.250000,63.419998,57.082691,32663700
2012-11-13,62.930000,63.580002,62.779999,62.980000,56.686676,43288300
2012-11-14,63.290001,63.360001,62.139999,62.240002,56.020599,82655300
2012-11-15,62.279999,62.490002,61.799999,62.029999,55.831581,55124200
2012-11-16,62.080002,62.480000,61.310001,62.299999,56.074600,70873100
2012-11-19,62.980000,63.830002,62.959999,63.779999,57.406689,55306400
2012-11-20,63.759998,63.889999,63.189999,63.799999,57.424717,52012700
2012-11-21,63.869999,64.019997,63.599998,63.930000,57.541725,19611700
2012-11-23,64.290001,64.919998,64.250000,64.900002,58.414806,16462900
2012-11-26,64.739998,65.220001,64.540001,65.180000,58.666828,26430900
2012-11-27,65.169998,65.400002,64.849998,64.959999,58.468815,25828600
2012-11-28,64.650002,65.570000,64.250000,65.519997,58.972839,37295800
2012-11-29,65.870003,66.139999,65.580002,65.910004,59.323883,41136100
2012-11-30,65.919998,65.970001,65.610001,65.800003,59.224854,33497400
2012-12-03,66.309998,66.370003,65.639999,65.669998,59.107853,28240000
2012-12-04,65.699997,65.769997,65.199997,65.629997,59.071854,49584500
2012-12-05,65.529999,65.540001,64.550003,64.900002,58.414806,54076200
2012-12-06,64.699997,65.480003,64.529999,65.320000,58.792828,47512300
2012-12-07,65.639999,65.709999,64.709999,64.930000,58.441799,30089400
2012-12-10,64.750000,65.459999,64.750000,65.120003,58.612820,33219600
2012-12-11,65.570000,66.339996,65.519997,65.970001,59.377865,40750800
2012-12-12,66.320000,66.320000,65.650002,65.830002,59.251884,45917700
2012-12-13,65.699997,66.160004,65.029999,65.309998,58.783817,45467700
2012-12-14,64.870003,65.080002,64.470001,64.690002,58.225788,39630300
2012-12-17,64.750000,65.570000,64.660004,65.550003,58.999851,42302900
2012-12-18,65.879997,66.650002,65.699997,66.550003,59.899929,55596000
2012-12-19,66.739998,66.760002,66.220001,66.260002,59.638920,34832500
2012-12-20,66.379997,66.410004,65.930000,66.260002,59.638920,40754300
2012-12-21,64.879997,65.279999,64.599998,65.199997,59.011662,51152900
2012-12-24,65.029999,65.139999,64.919998,65.070000,58.894020,11418300
2012-12-26,65.120003,65.180000,64.290001,64.500000,58.378113,21751300
2012-12-27,64.559998,64.639999,63.599998,64.400002,58.287605,52933200
2012-12-28,63.910000,64.430000,63.750000,63.779999,57.726433,33082100
2012-12-31,63.709999,65.250000,63.580002,65.129997,58.948311,57544000
2013-01-02,66.730003,67.230003,66.480003,67.199997,60.821850,70695900
2013-01-03,67.199997,67.339996,66.650002,66.849998,60.505074,47366500
2013-01-04,66.879997,66.879997,66.470001,66.629997,60.305943,33972500
2013-01-07,66.459999,66.760002,66.250000,66.650002,60.324039,26766200
2013-01-08,66.639999,66.820000,66.169998,66.519997,60.206375,28734900
2013-01-09,66.620003,66.949997,66.550003,66.769997,60.432659,25600300
2013-01-10,67.230003,67.269997,66.550003,67.169998,60.794704,37528000
2013-01-11,67.139999,67.290001,67.000000,67.260002,60.876152,21158600
2013-01-14,66.919998,67.150002,66.669998,66.959999,60.604633,36768500
2013-01-15,66.629997,66.730003,66.330002,66.629997,60.305943,31675300
2013-01-16,66.720001,67.129997,66.599998,66.900002,60.550335,33822300
2013-01-17,67.169998,67.480003,67.059998,67.220001,60.839935,32024200
2013-01-18,67.019997,67.139999,66.769997,67.070000,60.704189,31992000
2013-01-22,67.139999,67.230003,66.730003,67.180000,60.803749,32123100
2013-01-23,67.559998,67.790001,67.459999,67.589996,61.174835,31975700
2013-01-24,66.660004,67.279999,66.559998,66.660004,60.333122,42596300
2013-01-25,66.870003,67.190002,66.739998,67.000000,60.640842,39240100
2013-01-28,67.010002,67.379997,66.930000,67.150002,60.776592,32926100
2013-01-29,67.070000,67.309998,66.629997,67.160004,60.785652,35554700
2013-01-30,67.279999,67.480003,66.870003,67.019997,60.658924,34445000
2013-01-31,66.989998,67.349998,66.809998,66.870003,60.523167,34870500
2013-02-01,67.339996,67.779999,67.070000,67.660004,61.238205,53120800
2013-02-04,67.269997,67.459999,66.459999,66.480003,60.170181,48483700
2013-02-05,66.769997,67.669998,66.610001,67.459999,61.057144,35120300
2013-02-06,67.239998,67.550003,67.040001,67.239998,60.858040,43593200
2013-02-07,67.320000,67.370003,66.559998,67.300003,60.912361,46017900
2013-02-08,67.639999,68.129997,67.629997,67.989998,61.536865,39837200
2013-02-11,68.029999,68.059998,67.779999,68.010002,61.554977,17650400
2013-02-12,67.919998,68.050003,67.660004,67.730003,61.301552,22057900
2013-02-13,67.930000,68.230003,67.769997,67.970001,61.518761,23494700
2013-02-14,67.660004,68.050003,67.620003,67.949997,61.500683,24478800
2013-02-15,67.940002,68.110001,67.559998,67.750000,61.319668,25333600
2013-02-19,67.879997,68.260002,67.860001,68.239998,61.763134,23436500
2013-02-20,68.220001,68.250000,67.180000,67.190002,60.812786,38200300
2013-02-21,66.940002,67.010002,66.230003,66.470001,60.161148,45855600
2013-02-22,66.849998,67.150002,66.589996,67.139999,60.767529,21968000
2013-02-25,67.570000,67.809998,66.250000,66.309998,60.016312,40927600
2013-02-26,66.400002,66.680000,65.959999,66.559998,60.242577,42088800
2013-02-27,66.559998,67.650002,66.470001,67.239998,60.858040,36339500
2013-02-28,67.250000,67.739998,67.089996,67.099998,60.731319,28557300
2013-03-01,66.870003,67.500000,66.540001,67.379997,60.984760,31617200
2013-03-04,67.160004,67.690002,67.070000,67.680000,61.256275,19380500
2013-03-05,68.080002,68.769997,68.080002,68.680000,62.161388,35581900
2013-03-06,68.889999,68.910004,68.419998,68.510002,62.007496,29071100
2013-03-07,68.589996,68.800003,68.449997,68.690002,62.170425,21775900
2013-03-08,68.919998,69.019997,68.500000,68.769997,62.242817,26159900
2013-03-11,68.680000,68.989998,68.470001,68.970001,62.423840,23187900
2013-03-12,68.769997,68.930000,68.389999,68.720001,62.197571,27575400
2013-03-13,68.809998,68.889999,68.389999,68.629997,62.116100,34297300
2013-03-14,68.870003,69.010002,68.709999,68.860001,62.324291,31530800
2013-03-15,68.750000,68.790001,68.339996,68.510002,62.150997,30752600
2013-03-18,67.879997,68.639999,67.730003,68.360001,62.014935,36163000
2013-03-19,68.570000,68.699997,67.620003,68.230003,61.896999,33125100
2013-03-20,68.709999,68.860001,68.389999,68.709999,62.332470,28035400
2013-03-21,68.080002,68.250000,67.769997,67.930000,61.624851,30050800
2013-03-22,68.209999,68.639999,68.129997,68.589996,62.223583,28837200
2013-03-25,68.809998,68.959999,68.010002,68.339996,61.996803,24909800
2013-03-26,68.599998,68.730003,68.449997,68.709999,62.332470,19725200
2013-03-27,68.239998,68.849998,68.139999,68.800003,62.414120,22539500
2013-03-28,68.800003,69.059998,68.639999,68.970001,62.568321,23662800
2013-04-01,69.019997,69.089996,68.309998,68.500000,62.141953,28112800
2013-04-02,68.830002,69.269997,68.769997,69.040001,62.631821,29431900
2013-04-03,69.080002,69.180000,68.239998,68.410004,62.060291,35131200
2013-04-04,68.379997,68.599998,68.059998,68.430000,62.078445,32287400
2013-04-05,67.349998,67.959999,67.190002,67.860001,61.561333,55610800
2013-04-08,67.889999,68.239998,67.690002,68.220001,61.887962,17891600
2013-04-09,68.400002,68.959999,68.089996,68.680000,62.305252,30931400
2013-04-10,68.919998,70.169998,68.879997,70.019997,63.520851,55271300
2013-04-11,69.849998,70.150002,69.769997,69.989998,63.493656,37233600
2013-04-12,69.820000,69.989998,69.410004,69.940002,63.448280,32783700
2013-04-15,69.680000,69.790001,68.480003,68.559998,62.196373,48795800
2013-04-16,68.949997,69.550003,68.809998,69.470001,63.021912,27682600
2013-04-17,68.870003,68.889999,67.709999,68.110001,61.788162,60204800
2013-04-18,68.290001,68.330002,66.879997,67.169998,60.935402,56798200
2013-04-19,67.300003,68.230003,67.199997,68.089996,61.770016,43062800
2013-04-22,68.330002,69.040001,68.080002,68.790001,62.405045,34412100
2013-04-23,69.180000,69.699997,68.820000,69.449997,63.003777,53078300
2013-04-24,69.279999,69.669998,69.120003,69.419998,62.976540,44500700
2013-04-25,69.599998,70.050003,69.589996,69.790001,63.312191,26437100
2013-04-26,69.620003,69.769997,69.269997,69.570000,63.112606,24079800
2013-04-29,69.790001,70.480003,69.760002,70.209999,63.693253,31664000
2013-04-30,70.300003,70.730003,70.040001,70.720001,64.155899,30135800
2013-05-01,70.739998,70.849998,70.250000,70.389999,63.856529,28537200
2013-05-02,70.510002,71.430000,70.449997,71.279999,64.663918,31744200
2013-05-03,71.970001,72.339996,71.910004,72.120003,65.425926,34061700
2013-05-06,72.250000,72.510002,72.190002,72.400002,65.679955,19244300
2013-05-07,72.519997,72.570000,72.089996,72.360001,65.643661,25838100
2013-05-08,72.320000,72.769997,72.199997,72.709999,65.961189,24252100
2013-05-09,72.570000,73.099998,72.470001,72.610001,65.870453,29337200
2013-05-10,72.760002,73.080002,72.629997,73.050003,66.269638,20663700
2013-05-13,72.930000,73.320000,72.860001,73.139999,66.351273,29730100
2013-05-14,73.160004,73.739998,73.129997,73.519997,66.696007,36009800
2013-05-15,73.379997,73.739998,73.199997,73.669998,66.832092,27214400
2013-05-16,73.730003,74.099998,73.550003,73.589996,66.759521,27253400
2013-05-17,73.970001,74.330002,73.730003,74.300003,67.403595,31114500
2013-05-20,74.160004,74.430000,73.889999,74.190002,67.303818,25132400
2013-05-21,74.150002,74.540001,73.889999,74.269997,67.376389,25900000
2013-05-22,74.360001,74.949997,73.239998,73.620003,66.786728,59843200
2013-05-23,72.970001,73.699997,72.830002,73.449997,66.632484,48222100
2013-05-24,72.959999,73.430000,72.760002,73.410004,66.596191,26430300
2013-05-28,74.269997,74.540001,73.660004,73.889999,67.031654,27057100
2013-05-29,73.599998,73.800003,73.120003,73.540001,66.714142,32090300
2013-05-30,73.570000,74.279999,73.550003,73.930000,67.067947,32390500
2013-05-31,73.650002,74.209999,73.169998,73.250000,66.451035,38347600
2013-06-03,73.260002,73.400002,72.430000,73.379997,66.569000,47613100
2013-06-04,73.529999,73.820000,72.699997,73.000000,66.224243,35251900
2013-06-05,72.760002,73.040001,71.989998,72.050003,65.362427,48654200
2013-06-06,72.150002,72.410004,71.470001,72.400002,65.679955,62524100
2013-06-07,72.699997,73.470001,72.519997,73.389999,66.578079,31969800
2013-06-10,73.529999,73.760002,73.260002,73.419998,66.605301,25390000
2013-06-11,72.690002,73.339996,72.440002,72.690002,65.943039,40278900
2013-06-12,73.110001,73.139999,71.739998,71.849998,65.181046,42081900
2013-06-13,71.750000,72.919998,71.550003,72.760002,66.006531,28221500
2013-06-14,72.760002,72.839996,72.169998,72.279999,65.571098,27690700
2013-06-17,72.849998,73.400002,72.599998,72.980003,66.206131,32441900
2013-06-18,73.080002,73.720001,73.059998,73.580002,66.750443,24853100
2013-06-19,73.599998,73.680000,72.680000,72.760002,66.006531,43145100
2013-06-20,71.919998,72.160004,70.790001,71.029999,64.437088,60908400
2013-06-21,70.779999,70.970001,69.839996,70.430000,64.094933,51558900
2013-06-24,69.849998,70.269997,69.150002,69.730003,63.457920,41492300
2013-06-25,70.400002,70.519997,69.809998,70.239998,63.922035,28897400
2013-06-26,70.839996,71.000000,70.589996,70.870003,64.495369,23742300
2013-06-27,71.239998,71.620003,71.129997,71.169998,64.768364,23545000
2013-06-28,70.949997,71.690002,70.790001,71.269997,64.859367,28301100
2013-07-01,71.750000,72.300003,71.639999,71.709999,65.259804,24942800
2013-07-02,71.680000,72.180000,71.349998,71.739998,65.287102,23067900
2013-07-03,71.480003,72.370003,71.419998,72.029999,65.551010,18847500
2013-07-05,72.440002,72.610001,71.860001,72.580002,66.051559,28795900
2013-07-08,72.959999,72.989998,72.379997,72.650002,66.115250,20558500
2013-07-09,72.989998,73.250000,72.650002,73.089996,66.515701,26108600
2013-07-10,73.019997,73.620003,72.980003,73.510002,66.897903,25598900
2013-07-11,74.300003,75.029999,74.250000,74.970001,68.226578,47768900
2013-07-12,75.019997,75.349998,74.820000,75.300003,68.526878,31412600
2013-07-15,75.379997,75.519997,75.169998,75.470001,68.681587,19783600
2013-07-16,75.529999,75.589996,75.180000,75.370003,68.590614,31747100
2013-07-17,75.599998,75.739998,75.349998,75.559998,68.763496,24631500
2013-07-18,75.550003,75.739998,75.250000,75.370003,68.590614,36278800
2013-07-19,74.720001,74.739998,74.370003,74.589996,67.880737,37732400
2013-07-22,74.870003,74.980003,74.580002,74.809998,68.080963,21135900
2013-07-23,74.949997,74.959999,74.199997,74.260002,67.580460,24739500
2013-07-24,74.989998,75.019997,74.330002,74.500000,67.798843,24426900
2013-07-25,74.849998,75.059998,74.459999,74.970001,68.226578,23162200
2013-07-26,74.669998,75.379997,74.550003,75.370003,68.590614,20885600
2013-07-29,75.220001,75.540001,75.029999,75.230003,68.463196,20958400
2013-07-30,75.500000,75.949997,75.349998,75.629997,68.827209,24104600
2013-07-31,75.779999,76.209999,75.629997,75.769997,68.954613,25007600
2013-08-01,76.290001,76.650002,76.209999,76.540001,69.655342,16880000
2013-08-02,76.550003,76.989998,76.379997,76.970001,70.046684,18105300
2013-08-05,76.930000,77.080002,76.779999,77.019997,70.092186,15462800
2013-08-06,76.919998,76.989998,76.250000,76.559998,69.673569,23675400
2013-08-07,76.339996,76.570000,75.870003,76.419998,69.546135,20281200
2013-08-08,76.839996,76.980003,76.300003,76.800003,69.891960,19994000
2013-08-09,76.669998,76.940002,76.269997,76.489998,69.609879,18558500
2013-08-12,76.199997,76.809998,76.190002,76.669998,69.773636,20515900
2013-08-13,76.769997,77.269997,76.220001,77.099998,70.164963,23917000
2013-08-14,77.070000,77.180000,76.699997,76.809998,69.901085,29921000
2013-08-15,75.949997,75.989998,75.290001,75.510002,68.718002,39406600
2013-08-16,75.519997,75.870003,75.349998,75.480003,68.690712,23825000
2013-08-19,75.489998,76.129997,75.330002,75.349998,68.572380,29586900
2013-08-20,75.489998,76.029999,75.430000,75.680000,68.872704,18842800
2013-08-21,75.440002,76.089996,75.139999,75.419998,68.636093,30705100
2013-08-22,75.750000,76.209999,75.709999,76.160004,69.309547,17269500
2013-08-23,76.699997,76.769997,76.400002,76.669998,69.773636,20697300
2013-08-26,76.730003,77.279999,76.550003,76.709999,69.810066,27525500
2013-08-27,75.800003,76.180000,74.959999,75.139999,68.381294,40068900
2013-08-28,75.050003,75.750000,75.050003,75.430000,68.645218,20490400
2013-08-29,75.410004,76.339996,75.300003,75.959999,69.127533,27287900
2013-08-30,76.040001,76.040001,75.199997,75.470001,68.681587,26228500
2013-09-03,76.089996,76.440002,75.540001,75.900002,69.072937,27241500
2013-09-04,76.160004,76.839996,75.930000,76.709999,69.810066,27142900
2013-09-05,76.760002,77.059998,76.730003,76.839996,69.928391,17809700
2013-09-06,77.099998,77.339996,76.050003,76.930000,70.010269,27715100
2013-09-09,77.260002,77.959999,77.230003,77.830002,70.829308,25161900
2013-09-10,78.279999,78.320000,77.919998,78.209999,71.175140,27619400
2013-09-11,77.690002,78.110001,77.589996,78.059998,71.038620,28132900
2013-09-12,78.080002,78.250000,77.849998,78.010002,70.993134,18332700
2013-09-13,78.089996,78.139999,77.639999,78.059998,71.038620,16932500
2013-09-16,78.720001,78.720001,77.669998,77.849998,70.847511,25704300
2013-09-17,78.019997,78.470001,77.980003,78.370003,71.320755,27174300
2013-09-18,78.489998,79.470001,78.330002,79.309998,72.176186,31714700
2013-09-19,79.559998,79.690002,79.360001,79.500000,72.349129,26435700
2013-09-20,79.449997,79.540001,78.949997,78.989998,72.100845,26328900
2013-09-23,79.320000,79.410004,78.459999,78.830002,71.954781,30319400
2013-09-24,79.000000,79.250000,78.570000,78.830002,71.954781,21871300
2013-09-25,78.889999,79.000000,78.400002,78.559998,71.708344,22746400
2013-09-26,78.879997,79.360001,78.849998,79.169998,72.265129,22421700
2013-09-27,78.709999,79.209999,78.589996,79.070000,72.173828,25151600
2013-09-30,78.250000,79.089996,78.000000,78.879997,72.000427,28031900
2013-10-01,78.889999,79.720001,78.849998,79.680000,72.730652,33129700
2013-10-02,79.139999,79.760002,79.059998,79.650002,72.703278,25503800
2013-10-03,79.550003,79.720001,78.300003,78.720001,71.854355,42998200
2013-10-04,78.720001,79.510002,78.650002,79.400002,72.475060,22852700
2013-10-07,78.699997,79.349998,78.669998,78.739998,71.872627,20227100
2013-10-08,78.739998,78.809998,77.190002,77.220001,70.485184,43660700
2013-10-09,77.400002,77.440002,76.349998,76.980003,70.266113,64526700
2013-10-10,77.809998,78.790001,77.790001,78.610001,71.753975,48062700
2013-10-11,78.410004,79.290001,78.400002,79.230003,72.319901,25214100
2013-10-14,78.739998,79.790001,78.680000,79.790001,72.831055,31471900
2013-10-15,79.730003,80.110001,79.379997,79.480003,72.548096,38684000
2013-10-16,79.849998,80.419998,79.790001,80.379997,73.369606,46735900
2013-10-17,80.019997,80.870003,79.949997,80.839996,73.789490,32193500
2013-10-18,81.580002,82.180000,81.349998,82.150002,74.985229,39628200
2013-10-21,82.339996,82.540001,82.070000,82.330002,75.149536,31176900
2013-10-22,82.650002,82.900002,81.930000,82.449997,75.259071,43944800
2013-10-23,82.050003,82.199997,81.550003,81.949997,74.802666,38021300
2013-10-24,82.000000,82.480003,81.879997,82.309998,75.131256,23155100
2013-10-25,83.080002,83.279999,82.500000,82.900002,75.669807,35824500
2013-10-28,82.910004,83.050003,82.550003,82.919998,75.688072,28618400
2013-10-29,83.199997,83.260002,82.699997,83.059998,75.815865,36878100
2013-10-30,83.349998,83.489998,82.580002,82.980003,75.742859,33535500
2013-10-31,82.769997,83.300003,82.480003,82.790001,75.569412,31309900
2013-11-01,83.070000,83.169998,82.400002,82.809998,75.587654,30867800
2013-11-04,83.059998,83.070000,82.639999,82.930000,75.697205,16834000
2013-11-05,82.610001,83.220001,82.370003,83.019997,75.779335,27975600
2013-11-06,83.370003,83.400002,82.730003,83.000000,75.761086,25576800
2013-11-07,83.010002,83.129997,81.370003,81.440002,74.337166,52173200
2013-11-08,81.739998,82.559998,81.510002,82.540001,75.341225,31470500
2013-11-11,82.419998,82.639999,82.139999,82.410004,75.222565,24822900
2013-11-12,82.160004,82.660004,82.120003,82.540001,75.341225,20108500
2013-11-13,82.000000,83.550003,82.000000,83.540001,76.253983,31345900
2013-11-14,83.320000,83.860001,83.139999,83.800003,76.491318,31101200
2013-11-15,83.820000,83.959999,83.610001,83.959999,76.637375,20511300
2013-11-18,83.940002,84.110001,82.980003,83.139999,75.888885,31679600
2013-11-19,83.089996,83.489998,82.760002,82.900002,75.669807,25545300
2013-11-20,83.120003,83.430000,82.459999,82.699997,75.487251,32177400
2013-11-21,83.050003,83.610001,82.980003,83.540001,76.253983,28125000
2013-11-22,83.680000,84.019997,83.620003,83.989998,76.664757,25361300
2013-11-25,84.290001,84.379997,83.980003,84.190002,76.847298,21695100
2013-11-26,84.209999,84.839996,84.029999,84.629997,77.248924,26621000
2013-11-27,84.800003,85.239998,84.730003,85.220001,77.787468,21638100
2013-11-29,85.559998,85.839996,85.470001,85.730003,78.252998,16708900
2013-12-02,85.830002,85.959999,85.349998,85.480003,78.024803,26354600
2013-12-03,85.419998,85.639999,85.080002,85.410004,77.960907,37147000
2013-12-04,85.050003,85.769997,84.779999,85.489998,78.033913,37193200
2013-12-05,85.559998,85.660004,85.169998,85.379997,77.933525,39829300
2013-12-06,86.099998,86.180000,85.589996,86.000000,78.499466,36842900
2013-12-09,86.349998,86.529999,86.199997,86.349998,78.818924,22590000
2013-12-10,86.209999,86.449997,86.120003,86.290001,78.764183,26965900
2013-12-11,86.279999,86.400002,85.059998,85.180000,77.750969,36830600
2013-12-12,85.209999,85.419998,84.900002,84.959999,77.550163,33662600
2013-12-13,85.360001,85.400002,84.709999,84.849998,77.449730,34072000
2013-12-16,85.269997,85.809998,85.209999,85.320000,77.878716,24902500
2013-12-17,85.320000,85.529999,84.989998,85.150002,77.723557,24454900
2013-12-18,85.250000,86.220001,84.050003,86.139999,78.627251,68387200
2013-12-19,86.000000,86.010002,85.519997,85.900002,78.408180,44964100
2013-12-20,85.790001,86.680000,85.730003,86.500000,79.206650,40475400
2013-12-23,87.209999,87.410004,86.949997,87.410004,80.039909,28181800
2013-12-24,87.430000,87.510002,87.269997,87.449997,80.076530,13852500
2013-12-26,87.610001,87.809998,87.440002,87.739998,80.342102,15241100
2013-12-27,87.849998,87.900002,87.410004,87.519997,80.140640,15827400
2013-12-30,87.389999,87.510002,87.139999,87.389999,80.021584,18983700
2013-12-31,87.550003,87.959999,87.519997,87.959999,80.543518,24890500
2014-01-02,87.550003,87.580002,87.019997,87.269997,79.911728,29177500
2014-01-03,87.269997,87.349998,86.620003,86.639999,79.334808,35723700
2014-01-06,86.660004,86.760002,86.000000,86.320000,79.041832,32073100
2014-01-07,86.720001,87.250000,86.559998,87.120003,79.774361,25860600
2014-01-08,87.139999,87.550003,86.949997,87.309998,79.948364,27197400
2014-01-09,87.629997,87.639999,86.720001,87.019997,79.682785,23674700
2014-01-10,87.230003,87.400002,86.580002,87.300003,79.939186,38008900
2014-01-13,87.180000,87.480003,85.680000,86.010002,78.757957,48842300
2014-01-14,86.300003,87.720001,86.300003,87.650002,80.259682,37178900
2014-01-15,88.029999,88.540001,87.940002,88.370003,80.918968,39835600
2014-01-16,88.300003,88.510002,88.160004,88.379997,80.928131,31630100
2014-01-17,88.110001,88.370003,87.669998,87.879997,80.470299,36895800
2014-01-21,88.440002,88.589996,87.809998,88.550003,81.083809,26412700
2014-01-22,88.779999,89.000000,88.519997,88.779999,81.294395,29376900
2014-01-23,88.510002,88.519997,87.860001,88.480003,81.019691,35011900
2014-01-24,88.050003,88.180000,86.709999,86.739998,79.426399,63974600
2014-01-27,86.739998,86.889999,85.250000,85.900002,78.657234,63519300
2014-01-28,85.500000,85.940002,85.309998,85.849998,78.611450,44378800
2014-01-29,85.110001,85.739998,84.760002,84.930000,77.769043,51939300
2014-01-30,85.970001,86.800003,85.879997,86.500000,79.206650,65833600
2014-01-31,85.540001,86.680000,85.449997,86.269997,78.996033,45187000
2014-02-03,86.110001,86.500000,84.070000,84.290001,77.182976,65596900
2014-02-04,84.720001,85.250000,84.459999,84.910004,77.750732,37675500
2014-02-05,84.629997,84.989998,83.739998,84.690002,77.549294,41721800
2014-02-06,84.940002,85.879997,84.919998,85.769997,78.538208,32308600
2014-02-07,86.250000,87.360001,86.000000,87.300003,79.939186,38359400
2014-02-10,87.269997,87.839996,87.209999,87.800003,80.397041,30205400
2014-02-11,87.989998,88.970001,87.889999,88.800003,81.312714,38635500
2014-02-12,88.980003,89.169998,88.699997,88.970001,81.468399,32507200
2014-02-13,88.320000,89.699997,88.300003,89.629997,82.072746,40454500
2014-02-14,89.599998,90.010002,89.330002,89.809998,82.237541,33212400
2014-02-18,89.959999,90.419998,89.739998,90.250000,82.640442,29546600
2014-02-19,90.080002,90.290001,89.449997,89.629997,82.072746,41749900
2014-02-20,89.690002,90.220001,89.309998,90.050003,82.457352,41814800
2014-02-21,90.339996,90.470001,89.820000,89.930000,82.347458,31192200
2014-02-24,90.139999,90.820000,90.040001,90.410004,82.786987,31500400
2014-02-25,90.540001,90.720001,90.019997,90.309998,82.695412,26771700
2014-02-26,90.550003,90.839996,89.870003,90.230003,82.622169,42953700
2014-02-27,89.870003,90.529999,89.730003,90.440002,83.158203,28742400
2014-02-28,90.419998,90.959999,89.540001,90.339996,83.066246,48609800
2014-03-03,89.489998,89.910004,88.870003,89.669998,82.450211,38885700
2014-03-04,90.650002,90.980003,90.559998,90.809998,83.498421,33189000
2014-03-05,90.959999,91.220001,90.769997,91.059998,83.728302,27203300
2014-03-06,91.269997,91.339996,90.650002,90.980003,83.654732,24063900
2014-03-07,91.269997,91.360001,90.070000,90.529999,83.240959,31167800
2014-03-10,90.480003,90.660004,90.029999,90.610001,83.314484,18131700
2014-03-11,90.830002,91.059998,89.949997,90.220001,82.955917,27484300
2014-03-12,89.809998,90.610001,89.480003,90.559998,83.268532,27977200
2014-03-13,90.900002,90.930000,88.870003,89.279999,82.091621,48542000
2014-03-14,88.989998,89.379997,88.629997,88.669998,81.530731,38732300
2014-03-17,89.239998,89.910004,89.190002,89.449997,82.247910,28467200
2014-03-18,89.559998,90.639999,89.529999,90.529999,83.240959,31250200
2014-03-19,90.559998,90.660004,89.449997,90.040001,82.790398,40869400
2014-03-20,89.760002,90.559998,89.580002,90.290001,83.020287,31634500
2014-03-21,90.599998,90.650002,88.830002,89.000000,82.021271,62754000
2014-03-24,89.320000,89.389999,87.410004,88.220001,81.302452,77735300
2014-03-25,88.680000,89.250000,87.769997,88.510002,81.569710,41723300
2014-03-26,88.949997,89.150002,87.360001,87.370003,80.519096,40930400
2014-03-27,87.250000,87.639999,86.400002,86.879997,80.067513,64784500
2014-03-28,87.160004,88.010002,86.809998,87.050003,80.224167,39895100
2014-03-31,87.730003,88.260002,87.620003,87.669998,80.795578,33924300
2014-04-01,88.099998,89.269997,87.709999,89.209999,82.214828,38683800
2014-04-02,89.589996,89.680000,89.040001,89.440002,82.426811,34631600
2014-04-03,89.529999,89.680000,88.220001,88.730003,81.772469,30319100
2014-04-04,89.320000,89.410004,86.139999,86.370003,79.597519,131213200
2014-04-07,85.830002,86.629997,84.949997,85.550003,78.841789,83995800
2014-04-08,85.650002,86.459999,85.349998,86.339996,79.569862,51495700
2014-04-09,86.660004,87.870003,86.430000,87.820000,80.933823,45685200
2014-04-10,87.879997,87.879997,84.860001,85.099998,78.427094,73659600
2014-04-11,84.339996,85.440002,83.910004,84.110001,77.514702,93657400
2014-04-14,84.849998,85.220001,83.989998,84.769997,78.122971,46500700
2014-04-15,85.080002,85.540001,83.279999,85.050003,78.381012,84631500
2014-04-16,85.790001,86.180000,85.089996,86.180000,79.422386,46970900
2014-04-17,85.849998,86.629997,85.629997,86.199997,79.440849,53719500
2014-04-21,86.400002,86.839996,86.000000,86.839996,80.030647,25947900
2014-04-22,87.139999,87.750000,86.989998,87.529999,80.666512,38593400
2014-04-23,87.529999,87.559998,86.709999,86.760002,79.956932,34376700
2014-04-24,88.190002,88.209999,86.650002,87.589996,80.721848,48926300
2014-04-25,87.070000,87.169998,85.980003,86.190002,79.431587,44334000
2014-04-28,86.599998,87.110001,85.110001,86.470001,79.689667,58623800
2014-04-29,86.730003,87.320000,86.309998,87.160004,80.325569,36742700
2014-04-30,86.760002,87.480003,86.540001,87.389999,80.537521,38689400
2014-05-01,87.529999,88.150002,87.309998,87.650002,80.777138,37127200
2014-05-02,87.949997,88.110001,87.279999,87.489998,80.629692,40074200
2014-05-05,86.970001,87.970001,86.760002,87.949997,81.053627,27924400
2014-05-06,87.809998,87.860001,86.769997,86.809998,80.003006,33698500
2014-05-07,86.989998,87.080002,85.529999,86.559998,79.772621,67489100
2014-05-08,86.250000,87.529999,86.050003,86.480003,79.698898,46556900
2014-05-09,86.430000,86.860001,85.849998,86.800003,79.993797,35081500
2014-05-12,87.320000,88.260002,87.239998,88.230003,81.311661,38951100
2014-05-13,88.309998,88.610001,88.120003,88.290001,81.366959,30311900
2014-05-14,88.019997,88.349998,87.620003,87.830002,80.943024,26483600
2014-05-15,87.809998,87.959999,86.580002,87.139999,80.307137,59680300
2014-05-16,87.239998,87.760002,86.639999,87.709999,80.832428,66804100
2014-05-19,87.449997,88.459999,87.300003,88.320000,81.394585,32017000
2014-05-20,88.279999,88.599998,87.639999,88.000000,81.099709,33716000
2014-05-21,88.160004,88.889999,88.110001,88.839996,81.873833,36837700
2014-05-22,88.940002,89.480003,88.800003,89.230003,82.233238,30617100
2014-05-23,89.320000,89.900002,89.120003,89.879997,82.832268,22687300
2014-05-27,90.279999,91.019997,90.199997,91.000000,83.864456,29725200
2014-05-28,90.970001,91.099998,90.650002,90.720001,83.606384,30468100
2014-05-29,91.040001,91.309998,90.860001,91.300003,84.140938,33036100
2014-05-30,91.320000,91.449997,90.830002,91.309998,84.150139,29906400
2014-06-02,91.419998,91.440002,90.639999,91.220001,84.067215,30409900
2014-06-03,90.919998,91.330002,90.800003,91.180000,84.030350,21774500
2014-06-04,90.949997,91.669998,90.809998,91.519997,84.343666,20118300
2014-06-05,91.599998,92.459999,91.290001,92.290001,85.053314,35583100
2014-06-06,92.629997,92.820000,92.449997,92.820000,85.541748,22680600
2014-06-09,92.839996,92.980003,92.500000,92.750000,85.477234,23399500
2014-06-10,92.669998,92.959999,92.559998,92.910004,85.624672,20626000
2014-06-11,92.589996,93.019997,92.500000,92.889999,85.606247,22878200
2014-06-12,92.690002,92.790001,91.730003,92.050003,84.832115,35275900
2014-06-13,92.449997,92.550003,91.919998,92.320000,85.080933,39447100
2014-06-16,92.160004,92.669998,91.959999,92.400002,85.154694,25212300
2014-06-17,92.330002,92.699997,92.180000,92.449997,85.200775,19977900
2014-06-18,92.540001,93.099998,91.980003,92.970001,85.679977,34514000
2014-06-19,93.110001,93.169998,92.489998,92.910004,85.624672,38422200
2014-06-20,92.699997,92.870003,92.529999,92.769997,85.725410,25897500
2014-06-23,92.760002,92.820000,92.510002,92.790001,85.743896,20837900
2014-06-24,92.779999,93.570000,92.430000,92.699997,85.660736,31945800
2014-06-25,92.489998,93.449997,92.480003,93.290001,86.205917,32818600
2014-06-26,93.349998,93.360001,92.620003,93.339996,86.252121,22563900
2014-06-27,93.220001,93.769997,93.190002,93.750000,86.630981,22877800
2014-06-30,93.730003,94.139999,93.669998,93.910004,86.778839,19751900
2014-07-01,94.239998,95.190002,94.199997,94.940002,87.730629,31862500
2014-07-02,95.000000,95.239998,94.910004,95.099998,87.878487,18777300
2014-07-03,95.410004,95.699997,95.150002,95.699997,88.432915,15291700
2014-07-07,95.589996,95.709999,95.230003,95.410004,88.164955,23266400
2014-07-08,95.230003,95.300003,93.870003,94.260002,87.102264,40612400
2014-07-09,94.510002,95.070000,94.239998,94.959999,87.749107,29919000
2014-07-10,93.739998,95.050003,93.629997,94.660004,87.471893,44245300
2014-07-11,94.900002,95.269997,94.610001,95.269997,88.035576,19566300
2014-07-14,95.699997,96.059998,95.540001,95.839996,88.562286,19579000
2014-07-15,95.989998,96.129997,94.830002,95.510002,88.257355,39467500
2014-07-16,96.199997,96.300003,95.790001,95.889999,88.608498,22052600
2014-07-17,95.629997,95.970001,94.320000,94.620003,87.434952,43111500
2014-07-18,95.110001,96.169998,95.000000,96.120003,88.821022,36682200
2014-07-21,95.919998,96.160004,95.550003,96.000000,88.710136,29750700
2014-07-22,96.449997,96.760002,96.349998,96.610001,89.273827,25770400
2014-07-23,96.949997,97.339996,96.769997,97.230003,89.846764,28947500
2014-07-24,97.400002,97.510002,96.980003,97.120003,89.745094,24707200
2014-07-25,96.620003,96.870003,96.230003,96.739998,89.393936,29898900
2014-07-28,96.839996,97.019997,96.019997,96.769997,89.421638,25603400
2014-07-29,96.980003,97.199997,96.519997,96.599998,89.264565,27022200
2014-07-30,97.139999,97.320000,96.599998,96.980003,89.615738,35348500
2014-07-31,96.180000,96.339996,94.879997,95.019997,87.804565,50047900
2014-08-01,94.820000,95.339996,94.040001,94.669998,87.481133,60708000
2014-08-04,94.870003,95.690002,94.519997,95.320000,88.081772,33230500
2014-08-05,94.940002,95.209999,94.150002,94.589996,87.407181,50331100
2014-08-06,94.000000,95.110001,93.919998,94.519997,87.342537,34431900
2014-08-07,94.959999,95.139999,93.889999,94.220001,87.065285,33274700
2014-08-08,94.370003,95.010002,93.970001,94.900002,87.693703,40236900
2014-08-11,95.269997,95.760002,95.199997,95.459999,88.211128,28277500
2014-08-12,95.360001,95.669998,94.930000,95.419998,88.174179,28152300
2014-08-13,95.809998,96.470001,95.760002,96.430000,89.107498,27996500
2014-08-14,96.559998,96.949997,96.430000,96.930000,89.569511,25006600
2014-08-15,97.489998,97.629997,96.480003,97.400002,90.003838,55205500
2014-08-18,97.910004,98.239998,97.769997,98.150002,90.696907,38938300
2014-08-19,98.379997,98.760002,98.320000,98.699997,91.205093,21363400
2014-08-20,98.620003,98.900002,98.529999,98.699997,91.205093,23435600
2014-08-21,98.750000,98.949997,98.599998,98.900002,91.389923,19339500
2014-08-22,98.940002,99.250000,98.720001,99.050003,91.528511,24692000
2014-08-25,99.519997,99.680000,99.160004,99.400002,91.851936,24124700
2014-08-26,99.550003,99.610001,99.269997,99.500000,91.944359,20100400
2014-08-27,99.529999,99.639999,99.309998,99.519997,91.962852,15589100
2014-08-28,99.180000,99.529999,99.080002,99.410004,91.861198,23563900
2014-08-29,99.629997,99.910004,99.269997,99.779999,92.203110,17906300
2014-09-02,100.019997,100.099998,99.660004,100.070000,92.471085,18326800
2014-09-03,100.339996,100.339996,99.300003,99.480003,91.925880,25950700
2014-09-04,99.709999,100.220001,99.139999,99.389999,91.842690,24663500
2014-09-05,99.540001,99.949997,99.029999,99.889999,92.304741,30798200
2014-09-08,99.919998,100.330002,99.620003,100.080002,92.480316,25571300
2014-09-09,100.089996,100.459999,99.059998,99.250000,91.713348,36449200
2014-09-10,99.379997,100.110001,99.099998,100.070000,92.471085,31080100
2014-09-11,99.639999,100.040001,99.239998,99.989998,92.397156,28691900
2014-09-12,99.900002,99.930000,99.169998,99.480003,91.925880,30444400
2014-09-15,99.589996,99.599998,98.220001,98.519997,91.038757,32972200
2014-09-16,98.150002,99.570000,98.050003,99.379997,91.833473,38166900
2014-09-17,99.360001,100.000000,98.930000,99.529999,91.972054,37196500
2014-09-18,99.839996,100.290001,99.730003,100.279999,92.665146,30196700
2014-09-19,100.459999,100.559998,99.580002,99.980003,92.607689,46918000
2014-09-22,99.739998,99.750000,98.620003,99.050003,91.746269,48658000
2014-09-23,98.650002,99.220001,98.580002,98.779999,91.496185,33989600
2014-09-24,98.879997,99.889999,98.540001,99.839996,92.478027,35959000
2014-09-25,99.519997,99.650002,97.699997,97.739998,90.532867,68642500
2014-09-26,98.059998,98.959999,97.889999,98.779999,91.496185,56106200
2014-09-29,97.800003,98.919998,97.750000,98.650002,91.375778,33342700
2014-09-30,98.919998,99.300003,98.320000,98.790001,91.505455,41834300
2014-10-01,98.510002,98.610001,96.900002,97.209999,90.041962,58164900
2014-10-02,97.169998,97.510002,95.970001,97.209999,90.041962,54501300
2014-10-03,97.779999,98.570000,97.440002,98.169998,90.931152,41627800
2014-10-06,98.480003,98.720001,97.660004,97.959999,90.736641,36038700
2014-10-07,97.500000,97.779999,96.559998,96.570000,89.449142,45154000
2014-10-08,96.620003,98.760002,96.059998,98.449997,91.190536,64931600
2014-10-09,98.320000,98.570000,96.709999,96.860001,89.717766,62497100
2014-10-10,96.290001,96.830002,94.419998,94.440002,87.476219,77579400
2014-10-13,94.269997,94.989998,92.879997,92.959999,86.105354,80835900
2014-10-14,93.540001,94.169998,92.709999,92.970001,86.114586,71814500
2014-10-15,91.570000,92.760002,90.239998,92.370003,85.558853,108847800
2014-10-16,90.419998,92.580002,90.389999,91.790001,85.021614,93165800
2014-10-17,93.000000,93.889999,92.459999,93.000000,86.142395,69546700
2014-10-20,92.989998,94.470001,92.800003,94.389999,87.429909,41479300
2014-10-21,95.559998,96.870003,95.320000,96.870003,89.727043,53609800
2014-10-22,97.169998,97.300003,96.309998,96.370003,89.263893,39178000
2014-10-23,97.339996,98.360001,97.169998,97.820000,90.606964,48123800
2014-10-24,98.029999,98.690002,97.639999,98.620003,91.347977,43157600
2014-10-27,98.430000,98.870003,98.019997,98.690002,91.412834,29545700
2014-10-28,99.150002,100.199997,99.080002,100.180000,92.792938,34495100
2014-10-29,99.849998,100.120003,99.099998,99.809998,92.450233,40552800
2014-10-30,99.360001,100.260002,99.139999,100.019997,92.644753,35935800
2014-10-31,101.680000,101.750000,101.070000,101.400002,93.923012,54254100
2014-11-03,101.580002,101.970001,101.430000,101.699997,94.200851,33481000
2014-11-04,101.379997,101.620003,100.669998,101.360001,93.885941,22773300
2014-11-05,102.029999,102.029999,101.019997,101.370003,93.895210,25818600
2014-11-06,101.360001,101.720001,100.919998,101.690002,94.191612,24671900
2014-11-07,101.870003,101.910004,101.070000,101.599998,94.108253,20931700
2014-11-10,101.650002,102.089996,101.379997,101.959999,94.441704,20360000
2014-11-11,101.980003,102.279999,101.699997,102.279999,94.738113,15454000
2014-11-12,101.870003,102.570000,101.870003,102.459999,94.904831,22050300
2014-11-13,102.650002,103.279999,102.419998,102.900002,95.312378,28027800
2014-11-14,102.870003,103.220001,102.529999,103.220001,95.608780,19251300
2014-11-17,102.980003,103.209999,102.419998,102.910004,95.321648,23361600
2014-11-18,103.000000,103.820000,102.989998,103.680000,96.034866,26336800
2014-11-19,103.570000,103.570000,102.730003,103.209999,95.599541,23760200
2014-11-20,102.769997,103.760002,102.690002,103.669998,96.025627,22874000
2014-11-21,104.589996,104.690002,103.540001,103.870003,96.210892,34049100
2014-11-24,104.150002,104.730003,104.059998,104.680000,96.961143,17928300
2014-11-25,104.839996,105.150002,104.570000,104.839996,97.109352,17526000
2014-11-26,104.940002,105.580002,104.830002,105.519997,97.739182,18973800
2014-11-28,105.800003,106.250000,105.730003,106.010002,98.193069,17360400
2014-12-01,105.720001,105.919998,104.419998,104.809998,97.081551,35969500
2014-12-02,104.919998,105.419998,104.699997,105.230003,97.470581,26031300
2014-12-03,105.389999,105.570000,104.760002,105.419998,97.646545,32974300
2014-12-04,105.320000,105.779999,104.930000,105.370003,97.600266,31008800
2014-12-05,105.540001,105.699997,105.150002,105.379997,97.609505,25622200
2014-12-08,105.110001,105.570000,104.080002,104.629997,96.914810,32685800
2014-12-09,103.410004,105.040001,103.040001,104.959999,97.220474,46035100
2014-12-10,104.769997,105.029999,103.120003,103.309998,95.692154,39330100
2014-12-11,103.610001,105.040001,103.589996,103.800003,96.146027,47576000
2014-12-12,102.809998,103.989998,102.660004,102.669998,95.099350,46889400
2014-12-15,103.199997,103.580002,101.320000,101.610001,94.117523,52968400
2014-12-16,100.970001,102.470001,99.959999,99.980003,92.607689,65348600
2014-12-17,100.050003,102.089996,99.919998,101.800003,94.293510,79715300
2014-12-18,103.260002,104.260002,102.980003,104.250000,96.562836,49840900
2014-12-19,103.970001,104.739998,103.709999,104.320000,96.987724,51419900
2014-12-22,104.150002,104.610001,104.099998,104.580002,97.229446,33869200
2014-12-23,104.959999,104.970001,104.089996,104.209999,96.885452,30156900
2014-12-24,104.339996,104.699997,104.269997,104.300003,96.969154,14291300
2014-12-26,104.599998,105.260002,104.570000,105.040001,97.657097,13924300
2014-12-29,104.940002,105.250000,104.879997,105.019997,97.638519,17073800
2014-12-30,104.720001,104.959999,104.180000,104.320000,96.987724,18604000
2014-12-31,104.500000,104.910004,103.099998,103.250000,95.992935,24367100
2015-01-02,103.760002,104.199997,102.440002,102.940002,95.704742,31314600
2015-01-05,102.489998,102.610001,101.139999,101.430000,94.300858,36521300
2015-01-06,101.580002,101.750000,99.620003,100.070000,93.036453,66205500
2015-01-07,100.730003,101.599998,100.489998,101.360001,94.235771,37577400
2015-01-08,102.220001,103.500000,102.110001,103.300003,96.039429,40212600
2015-01-09,103.620003,103.650002,102.019997,102.620003,95.407211,41410100
2015-01-12,102.820000,102.930000,101.290001,101.550003,94.412407,34129800
2015-01-13,102.540001,103.620003,100.699997,101.519997,94.384514,56162300
2015-01-14,100.500000,101.480003,100.070000,100.959999,93.863892,51354200
2015-01-15,101.430000,101.589996,99.529999,99.650002,92.645943,51005400
2015-01-16,99.519997,100.949997,99.360001,100.820000,93.733704,35362200
2015-01-20,101.430000,101.879997,100.290001,101.620003,94.477501,30964100
2015-01-21,101.320000,102.620003,100.959999,102.139999,94.960922,40128800
2015-01-22,102.540001,104.139999,101.639999,104.029999,96.718102,40887200
2015-01-23,104.019997,104.580002,103.720001,104.260002,96.931931,34783000
2015-01-26,104.139999,104.330002,103.610001,104.139999,96.820374,19960900
2015-01-27,102.500000,102.559998,101.099998,101.440002,94.310173,45253200
2015-01-28,103.070000,103.180000,100.900002,100.919998,93.826714,43591700
2015-01-29,100.839996,102.080002,99.959999,101.889999,94.728523,46539700
2015-01-30,101.800003,102.580002,100.959999,101.099998,93.994057,42927600
2015-02-02,101.330002,102.070000,99.750000,101.980003,94.812202,43624700
2015-02-03,102.349998,103.029999,101.680000,102.959999,95.723305,30750400
2015-02-04,102.540001,103.550003,102.309998,102.870003,95.639618,34073200
2015-02-05,103.129997,103.830002,102.870003,103.760002,96.467087,23605500
2015-02-06,103.919998,104.169998,102.760002,103.129997,95.881332,34169300
2015-02-09,102.730003,103.290001,102.550003,102.800003,95.574554,22604700
2015-02-10,103.370003,104.540001,103.209999,104.400002,97.062073,23686500
2015-02-11,104.519997,105.019997,104.320000,104.779999,97.415390,20303600
2015-02-12,105.459999,106.040001,105.300003,106.000000,98.549660,22520300
2015-02-13,106.300003,106.930000,106.099998,106.910004,99.395676,29030200
2015-02-17,106.910004,107.080002,106.639999,107.010002,99.488663,17675300
2015-02-18,106.879997,107.220001,106.739998,107.160004,99.628120,15149600
2015-02-19,107.089996,107.760002,107.059998,107.690002,100.120850,19828100
2015-02-20,107.620003,108.470001,107.279999,108.410004,100.790260,28336700
2015-02-23,108.349998,108.550003,108.110001,108.519997,100.892509,17868000
2015-02-24,108.379997,108.730003,108.050003,108.599998,100.966919,19745000
2015-02-25,108.440002,108.860001,108.089996,108.330002,100.715858,19472300
2015-02-26,108.440002,108.940002,108.139999,108.879997,101.227211,22255500
2015-02-27,108.839996,108.910004,108.230003,108.400002,100.780952,27757600
2015-03-02,108.610001,109.419998,108.589996,109.379997,101.692070,22988600
2015-03-03,109.050003,109.160004,108.180000,108.870003,101.217903,20788900
2015-03-04,108.510002,108.669998,107.860001,108.449997,100.827408,21007400
2015-03-05,108.730003,108.970001,108.190002,108.639999,101.004097,15381000
2015-03-06,108.500000,108.709999,107.139999,107.410004,99.860535,30990400
2015-03-09,107.629997,107.989998,107.190002,107.720001,100.148750,26237100
2015-03-10,106.949997,106.980003,105.720001,105.720001,98.289314,34234500
2015-03-11,105.879997,106.010002,105.070000,105.110001,97.722191,25459700
2015-03-12,105.029999,105.919998,104.959999,105.800003,98.363716,21473200
2015-03-13,105.699997,106.120003,104.680000,105.339996,97.936035,42021100
2015-03-16,105.730003,106.739998,105.620003,106.699997,99.200432,25674100
2015-03-17,106.410004,107.040001,106.160004,106.870003,99.358490,19603800
2015-03-18,106.580002,108.410004,106.029999,107.919998,100.334694,40622200
2015-03-19,108.029999,108.379997,107.870003,108.080002,100.483429,31314000
2015-03-20,108.720001,109.070000,108.510002,108.529999,101.133865,31761400
2015-03-23,108.470001,108.769997,108.279999,108.320000,100.938194,17268500
2015-03-24,108.309998,108.809998,107.910004,107.930000,100.574783,22445300
2015-03-25,108.099998,108.199997,105.419998,105.459999,98.273087,41581400
2015-03-26,104.589996,105.699997,104.239998,105.099998,97.937637,47846300
2015-03-27,105.080002,105.769997,104.919998,105.519997,98.328987,33878400
2015-03-30,106.160004,106.820000,106.160004,106.730003,99.456535,30570200
2015-03-31,106.430000,106.650002,105.570000,105.599998,98.403542,30488100
2015-04-01,105.599998,105.620003,104.370003,105.050003,97.891052,32970500
2015-04-02,105.150002,105.459999,104.779999,105.120003,97.956268,19164200
2015-04-06,104.500000,106.269997,104.339996,105.980003,98.757683,24451100
2015-04-07,105.919998,106.699997,105.800003,105.800003,98.589928,19379400
2015-04-08,105.839996,106.790001,105.830002,106.639999,99.372643,25866900
2015-04-09,106.589996,107.349998,106.230003,107.309998,99.997009,23114700
2015-04-10,107.269997,107.760002,107.029999,107.750000,100.406998,17164300
2015-04-13,107.830002,108.379997,107.360001,107.480003,100.155464,17783500
2015-04-14,107.370003,107.680000,106.559998,107.169998,99.866562,23755700
2015-04-15,107.449997,108.070000,107.320000,107.839996,100.490898,21128600
2015-04-16,107.550003,107.879997,107.400002,107.690002,100.351112,16195300
2015-04-17,106.660004,106.949997,105.550003,106.010002,98.785622,46514000
2015-04-20,106.540001,107.790001,106.500000,107.599998,100.267227,28945900
2015-04-21,108.220001,108.410004,107.930000,108.059998,100.695908,22759800
2015-04-22,108.339996,108.830002,107.639999,108.650002,101.245697,21429200
2015-04-23,108.279999,109.550003,108.260002,109.059998,101.627769,29473200
2015-04-24,110.209999,110.690002,110.029999,110.540001,103.006897,32508100
2015-04-27,110.949997,111.160004,110.019997,110.260002,102.746002,31121300
2015-04-28,110.339996,110.550003,109.110001,110.040001,102.540962,36849200
2015-04-29,109.430000,110.070000,108.750000,109.349998,101.898003,34043900
2015-04-30,108.730003,109.169998,107.059998,107.629997,100.295227,44080500
2015-05-01,108.050003,109.120003,108.029999,109.050003,101.618446,32874300
2015-05-04,109.400002,109.910004,109.169998,109.230003,101.786156,23507300
2015-05-05,108.800003,109.000000,107.400002,107.449997,100.127480,47843300
2015-05-06,107.639999,107.949997,106.000000,106.709999,99.437866,42687200
2015-05-07,106.680000,107.650002,106.599998,107.349998,100.034294,29335800
2015-05-08,108.459999,108.919998,108.300003,108.690002,101.282982,33023300
2015-05-11,108.760002,108.980003,108.190002,108.269997,100.891586,19679300
2015-05-12,107.629997,108.330002,106.800003,107.779999,100.434982,33665000
2015-05-13,108.250000,108.809998,107.839996,108.000000,100.639999,20738400
2015-05-14,108.879997,109.669998,108.480003,109.580002,102.112320,23904200
2015-05-15,109.860001,110.010002,109.309998,109.580002,102.112320,23937400
2015-05-18,109.400002,110.279999,109.320000,110.059998,102.559601,17631100
2015-05-19,110.180000,110.349998,109.760002,109.940002,102.447784,14212900
2015-05-20,110.019997,110.669998,109.430000,110.010002,102.513031,21131900
2015-05-21,109.820000,110.730003,109.660004,110.580002,103.044197,16771800
2015-05-22,110.449997,110.870003,110.379997,110.470001,102.941650,13543800
2015-05-26,110.230003,110.379997,108.760002,109.199997,101.758202,25488400
2015-05-27,109.529999,111.080002,109.290001,110.959999,103.398247,30572700
2015-05-28,110.750000,111.010002,110.370003,110.709999,103.165306,17302400
2015-05-29,110.639999,110.790001,109.790001,110.050003,102.550285,30383000
2015-06-01,110.639999,110.720001,109.519997,110.419998,102.895088,24570200
2015-06-02,110.010002,110.610001,109.470001,110.070000,102.568939,19449600
2015-06-03,110.570000,110.809998,110.129997,110.400002,102.876450,20507200
2015-06-04,109.779999,110.480003,109.209999,109.559998,102.093681,31374600
2015-06-05,109.430000,109.690002,108.629997,109.300003,101.851395,22641700
2015-06-08,109.250000,109.330002,107.970001,108.190002,100.817055,24549200
2015-06-09,107.930000,108.400002,107.199997,108.010002,100.649307,27554600
2015-06-10,108.379997,109.809998,108.260002,109.489998,102.028450,30297900
2015-06-11,109.860001,110.150002,109.459999,109.650002,102.177551,17593500
2015-06-12,109.070000,109.300003,108.599998,108.750000,101.338867,27201800
2015-06-15,107.940002,108.379997,107.309998,108.209999,100.835693,31238800
2015-06-16,108.099998,108.980003,108.050003,108.800003,101.385490,16456900
2015-06-17,108.980003,109.449997,108.430000,109.099998,101.665039,23296700
2015-06-18,109.500000,110.879997,109.440002,110.690002,103.146675,43032400
2015-06-19,110.489998,110.580002,109.809998,109.889999,102.636711,27877600
2015-06-22,110.699997,111.029999,110.449997,110.699997,103.393265,19120900
2015-06-23,110.820000,110.889999,110.330002,110.790001,103.477310,18127900
2015-06-24,110.660004,111.129997,110.190002,110.220001,102.944946,15815900
2015-06-25,110.650002,110.760002,109.820000,110.000000,102.739464,18326700
2015-06-26,109.980003,110.230003,108.860001,109.269997,102.057640,32311700
2015-06-29,108.059998,108.660004,106.639999,106.690002,99.647942,50874900
2015-06-30,107.489998,107.720001,106.739998,107.070000,100.002838,34809900
2015-07-01,108.129997,108.349998,107.419998,107.919998,100.796761,21293000
2015-07-02,108.230003,108.320000,107.620003,107.949997,100.824783,20499400
2015-07-06,107.269997,108.320000,107.040001,107.699997,100.591270,24311000
2015-07-07,107.820000,108.070000,105.830002,107.970001,100.843445,44230800
2015-07-08,107.199997,107.330002,105.889999,106.089996,99.087540,39691500
2015-07-09,107.500000,107.599998,106.019997,106.029999,99.031494,28381000
2015-07-10,107.440002,108.050003,107.050003,107.650002,100.544586,26415800
2015-07-13,108.580002,109.629997,108.570000,109.540001,102.309807,25780700
2015-07-14,109.690002,110.559998,109.629997,110.260002,102.982315,21977200
2015-07-15,110.470001,110.809998,110.070000,110.379997,103.094360,28631500
2015-07-16,111.290001,111.959999,111.070000,111.940002,104.551414,29838900
2015-07-17,112.839996,113.589996,112.650002,113.589996,106.092484,35926800
2015-07-20,113.830002,114.389999,113.480003,113.980003,106.456741,26539000
2015-07-21,114.019997,114.199997,113.580002,113.910004,106.391388,35468900
2015-07-22,112.169998,113.169998,112.169998,112.620003,105.186516,35575000
2015-07-23,112.730003,113.099998,111.910004,112.199997,104.794228,25698300
2015-07-24,112.800003,113.000000,110.930000,111.099998,103.766853,30844700
2015-07-27,110.470001,110.949997,109.940002,110.180000,102.907570,35994800
2015-07-28,110.669998,111.349998,109.790001,111.129997,103.794891,33553500
2015-07-29,111.370003,111.790001,110.940002,111.550003,104.187149,26714100
2015-07-30,111.290001,112.269997,110.620003,112.080002,104.682182,25438100
2015-07-31,112.430000,112.489998,111.720001,111.949997,104.560753,22081700
2015-08-03,111.970001,112.279999,110.860001,111.599998,104.233841,25001800
2015-08-04,111.550003,111.750000,110.930000,111.389999,104.037727,22132300
2015-08-05,112.010002,113.000000,111.879997,112.250000,104.840958,28989900
2015-08-06,112.349998,112.500000,109.949997,110.449997,103.159721,42125400
2015-08-07,110.180000,110.570000,109.400002,110.309998,103.028992,30006800
2015-08-10,111.010002,111.809998,111.000000,111.570000,104.205818,21500800
2015-08-11,110.980003,111.410004,109.529999,110.139999,102.870224,36123300
2015-08-12,109.379997,110.739998,108.220001,110.519997,103.225128,41889000
2015-08-13,110.629997,111.160004,110.099998,110.339996,103.057022,22510500
2015-08-14,110.080002,110.669998,109.860001,110.510002,103.215797,17924900
2015-08-17,110.239998,111.459999,109.959999,111.430000,104.075066,21224900
2015-08-18,111.279999,111.370003,110.709999,110.860001,103.542679,13984400
2015-08-19,110.519997,111.110001,109.489998,110.129997,102.860878,42511400
2015-08-20,109.110001,109.459999,107.070000,107.080002,100.012207,57747300
2015-08-21,105.570000,106.470001,102.400002,102.400002,95.641106,97763400
2015-08-24,94.230003,102.529999,84.739998,98.459999,91.961128,150829900
2015-08-25,102.070000,102.739998,98.010002,98.089996,91.615562,75088300
2015-08-26,100.959999,103.230003,98.930000,103.029999,96.229515,104103800
2015-08-27,104.519997,105.709999,103.279999,105.639999,98.667244,69377700
2015-08-28,105.080002,106.000000,104.849998,105.620003,98.648552,49919600
2015-08-31,105.029999,105.610001,104.050003,104.309998,97.425018,39549400
2015-09-01,101.709999,103.290001,100.629997,101.050003,94.380211,73155500
2015-09-02,102.879997,103.919998,101.699997,103.900002,97.042061,43963600
2015-09-03,104.309998,105.019997,103.099998,103.389999,96.565773,45131800
2015-09-04,101.970001,102.849998,101.589996,102.160004,95.416946,49379600
2015-09-08,104.120003,105.169998,103.690002,105.040001,98.106834,37343500
2015-09-09,106.279999,106.309998,103.589996,103.860001,97.004707,47146700
2015-09-10,103.739998,105.680000,103.620003,104.989998,98.060127,47686700
2015-09-11,104.510002,105.570000,104.209999,105.570000,98.601883,29106100
2015-09-14,105.959999,105.980003,104.849998,105.250000,98.302979,19718800
2015-09-15,105.500000,106.820000,105.110001,106.489998,99.461143,30020200
2015-09-16,106.510002,107.190002,106.139999,107.089996,100.021538,31329100
2015-09-17,106.980003,108.730003,106.639999,107.129997,100.058891,56139800
2015-09-18,105.230003,106.599998,105.169998,105.349998,98.635796,48384000
2015-09-21,105.930000,106.550003,104.730003,105.680000,98.944756,35772600
2015-09-22,104.059998,104.419998,103.129997,104.099998,97.465454,47359700
2015-09-23,104.379997,104.660004,103.639999,104.180000,97.540321,21775100
2015-09-24,103.169998,104.190002,102.269997,103.800003,97.184563,38284300
2015-09-25,104.910004,105.010002,102.279999,102.919998,96.360649,44700000
2015-09-28,102.480003,102.550003,99.690002,99.989998,93.617371,44077500
2015-09-29,100.239998,101.260002,98.750000,99.470001,93.130531,49315500
2015-09-30,100.889999,101.870003,100.500000,101.760002,95.274582,41411400
2015-10-01,101.940002,102.230003,100.589996,102.220001,95.705269,39339100
2015-10-02,100.800003,104.010002,100.480003,104.010002,97.381165,59370900
2015-10-05,104.779999,105.779999,104.550003,105.500000,98.776207,32853500
2015-10-06,105.250000,105.599998,104.180000,105.000000,98.308083,33051500
2015-10-07,105.660004,105.860001,104.290001,105.629997,98.897896,37389300
2015-10-08,105.230003,106.230003,104.209999,106.050003,99.291161,50188900
2015-10-09,106.099998,106.730003,105.809998,106.529999,99.740547,23916200
2015-10-12,106.730003,106.989998,106.349998,106.790001,99.983978,16162000
2015-10-13,106.180000,107.260002,106.000000,106.099998,99.337952,26999600
2015-10-14,106.099998,106.629997,105.489998,105.930000,99.178802,30902600
2015-10-15,106.320000,107.680000,106.180000,107.669998,100.807899,38393800
2015-10-16,107.900002,108.180000,107.379997,108.120003,101.229218,27091100
2015-10-19,107.980003,108.809998,107.739998,108.739998,101.809723,23776300
2015-10-20,108.550003,108.779999,107.809998,108.180000,101.285400,23404700
2015-10-21,108.730003,108.839996,107.480003,107.519997,100.667458,30195200
2015-10-22,108.480003,109.800003,108.169998,109.709999,102.717911,42778700
2015-10-23,112.660004,113.239998,112.070000,112.779999,105.592224,53170900
2015-10-26,112.699997,113.070000,112.269997,112.849998,105.657776,25918000
2015-10-27,112.550003,113.239998,112.519997,113.080002,105.873108,31390500
2015-10-28,113.250000,114.019997,112.339996,114.019997,106.753212,42221900
2015-10-29,113.500000,114.029999,113.379997,113.839996,106.584679,24913300
2015-10-30,113.889999,114.080002,113.300003,113.330002,106.107185,27199200
2015-11-02,113.629997,114.750000,113.389999,114.610001,107.305626,22176900
2015-11-03,114.379997,115.419998,114.209999,115.010002,107.680115,20418400
2015-11-04,115.389999,115.470001,114.540001,115.019997,107.689468,28633000
2015-11-05,115.120003,115.400002,114.110001,114.709999,107.399231,25004100
2015-11-06,114.489998,114.919998,113.760002,114.790001,107.474152,29924900
2015-11-09,114.360001,114.510002,112.870003,113.570000,106.331886,33479800
2015-11-10,112.970001,113.389999,112.629997,113.279999,106.060371,35452100
2015-11-11,113.589996,114.139999,112.949997,113.139999,105.929283,22748800
2015-11-12,112.680000,113.230003,111.959999,112.040001,104.899384,31196900
2015-11-13,111.570000,111.690002,109.779999,109.839996,102.839607,52836000
2015-11-16,109.730003,111.440002,109.480003,111.419998,104.318909,33980600
2015-11-17,111.610001,112.290001,111.209999,111.489998,104.384453,30579500
2015-11-18,111.940002,113.739998,111.830002,113.629997,106.388062,32966500
2015-11-19,113.690002,114.230003,113.489998,113.709999,106.462967,26188100
2015-11-20,114.250000,114.570000,114.139999,114.480003,107.183891,22727600
2015-11-23,114.519997,114.940002,113.660004,114.150002,106.874924,20696200
2015-11-24,113.410004,114.320000,112.839996,114.050003,106.781303,26374400
2015-11-25,114.220001,114.360001,113.910004,114.150002,106.874924,14159900
2015-11-27,114.400002,114.540001,113.919998,114.309998,107.024727,8828000
2015-11-30,114.650002,114.650002,113.650002,114.019997,106.753212,25041600
2015-12-01,114.480003,115.160004,114.339996,115.160004,107.820564,28639400
2015-12-02,115.250000,115.750000,114.279999,114.449997,107.155769,22395500
2015-12-03,114.760002,114.959999,111.839996,112.510002,105.339432,42754300
2015-12-04,112.849998,115.330002,112.620003,115.139999,107.801834,40037300
2015-12-07,115.220001,115.290001,114.070000,114.620003,107.314964,25892100
2015-12-08,113.419998,115.000000,113.379997,114.629997,107.324318,30792600
2015-12-09,114.129997,114.760002,112.199997,112.889999,105.695221,48509200
2015-12-10,113.150002,114.160004,112.809998,113.400002,106.172722,30154600
2015-12-11,112.089996,112.389999,110.720001,110.790001,103.729034,56022200
2015-12-14,110.940002,111.680000,109.379997,111.629997,104.515541,53098500
2015-12-15,112.660004,113.279999,112.169998,112.309998,105.152176,48428000
2015-12-16,113.070000,114.169998,111.889999,113.980003,106.715752,44944100
2015-12-17,114.480003,114.480003,112.300003,112.320000,105.161575,45668800
2015-12-18,111.629997,111.879997,109.830002,109.830002,103.144310,53746100
2015-12-21,110.870003,111.070000,110.050003,111.050003,104.290047,26432800
2015-12-22,111.639999,111.940002,111.050003,111.779999,104.975616,26540300
2015-12-23,112.360001,112.690002,112.160004,112.610001,105.755081,25656900
2015-12-24,112.610001,112.900002,112.540001,112.589996,105.736290,11468600
2015-12-28,112.320000,112.550003,111.510002,112.529999,105.679962,19183600
2015-12-29,113.199997,114.550003,113.129997,114.300003,107.342209,27725700
2015-12-30,114.199997,114.239998,113.250000,113.269997,106.374901,19520100
2015-12-31,112.870003,113.080002,111.839996,111.860001,105.050735,29886800
2016-01-04,109.449997,109.599998,108.120003,109.500000,102.834404,50807600
2016-01-05,110.040001,110.180000,108.800003,109.309998,102.655968,38795200
2016-01-06,107.410004,108.889999,107.410004,108.260002,101.669861,41891100
2016-01-07,105.949997,107.290001,104.809998,104.870003,98.486237,61386300
2016-01-08,105.629997,106.290001,103.900002,104.010002,97.678589,69344000
2016-01-11,104.750000,105.059998,102.730003,104.330002,97.979126,50024100
2016-01-12,105.330002,106.080002,104.080002,105.540001,99.115463,46734200
2016-01-13,105.970001,106.230003,101.739998,101.900002,95.697021,69870700
2016-01-14,102.300003,104.980003,100.669998,104.070000,97.734947,78445700
2016-01-15,100.620003,101.940002,99.510002,100.839996,94.701538,91443900
2016-01-19,102.209999,102.370003,99.879997,101.059998,94.908173,56563800
2016-01-20,99.470001,101.830002,97.250000,100.750000,94.617043,86675000
2016-01-21,101.180000,102.349998,99.820000,100.849998,94.710945,61660100
2016-01-22,102.879997,103.809998,102.529999,103.769997,97.453194,42229800
2016-01-25,103.400002,103.989998,102.139999,102.230003,96.006943,38881500
2016-01-26,102.660004,103.589996,101.760002,103.150002,96.870941,36143900
2016-01-27,102.550003,102.989998,100.150002,100.580002,94.457375,54524700
2016-01-28,102.250000,102.290001,100.260002,102.000000,95.790955,47641500
2016-01-29,101.970001,104.169998,101.940002,104.129997,97.791298,54245100
2016-02-01,103.629997,104.800003,103.230003,104.410004,98.054230,32750300
2016-02-02,103.930000,103.970001,101.839996,102.150002,95.931801,44928100
2016-02-03,102.830002,102.830002,99.879997,101.660004,95.471642,61572900
2016-02-04,101.389999,102.459999,100.440002,101.650002,95.462280,49321600
2016-02-05,101.290001,101.330002,97.720001,98.120003,92.147141,70749900
2016-02-08,96.290001,97.050003,94.839996,96.620003,90.738457,91673100
2016-02-09,95.330002,97.779999,95.180000,96.320000,90.456688,73778400
2016-02-10,97.430000,98.690002,96.620003,96.690002,90.804176,59421700
2016-02-11,95.459999,97.320000,95.190002,96.550003,90.672691,76839200
2016-02-12,97.639999,98.120003,96.730003,98.019997,92.053230,49186500
2016-02-16,99.470001,100.230003,98.849998,100.230003,94.128693,40565900
2016-02-17,100.959999,102.639999,100.699997,102.500000,96.260490,41766500
2016-02-18,102.820000,102.839996,101.199997,101.330002,95.161758,38991500
2016-02-19,100.839996,101.940002,100.620003,101.629997,95.443436,28257900
2016-02-22,102.580002,103.379997,102.480003,103.279999,96.993027,23979100
2016-02-23,102.680000,102.959999,101.510002,101.580002,95.396523,29869700
2016-02-24,100.389999,102.680000,99.769997,102.550003,96.307465,40739100
2016-02-25,102.760002,103.559998,101.839996,103.559998,97.255981,29389300
2016-02-26,104.349998,104.370003,103.180000,103.430000,97.133911,30925000
2016-02-29,103.330002,104.099998,102.500000,102.500000,96.260490,27553900
2016-03-01,103.480003,105.790001,103.160004,105.790001,99.350235,37699800
2016-03-02,105.660004,105.849998,105.010002,105.830002,99.387817,29209800
2016-03-03,105.720001,105.750000,104.870003,105.629997,99.199944,25474600
2016-03-04,105.750000,106.349998,104.970001,105.669998,99.237541,31655400
2016-03-07,105.129997,105.739998,104.269997,105.019997,98.627090,25861200
2016-03-08,104.300003,105.209999,103.970001,104.150002,97.810074,28898500
2016-03-09,104.540001,104.839996,103.959999,104.820000,98.439262,31047400
2016-03-10,105.260002,105.860001,103.309998,104.660004,98.289047,44236100
2016-03-11,105.790001,106.489998,105.459999,106.489998,100.007614,31454000
2016-03-14,106.089996,106.919998,106.059998,106.669998,100.176643,25374900
2016-03-15,106.290001,106.750000,105.949997,106.629997,100.139107,26524600
2016-03-16,106.370003,107.860001,106.339996,107.580002,101.031265,31693100
2016-03-17,107.269997,107.769997,106.870003,107.519997,100.974907,29623700
2016-03-18,107.459999,107.639999,106.800003,107.370003,101.133186,37682300
2016-03-21,107.180000,107.889999,107.120003,107.790001,101.528770,17288600
2016-03-22,107.180000,108.370003,107.160004,108.120003,101.839600,18840300
2016-03-23,107.910004,107.989998,106.989998,107.230003,101.001289,20912900
2016-03-24,106.709999,107.290001,106.529999,107.260002,101.029541,19017300
2016-03-28,107.559998,107.580002,106.919998,107.110001,100.888283,13892300
2016-03-29,106.910004,108.900002,106.730003,108.830002,102.508369,29963900
2016-03-30,109.480003,110.040001,109.129997,109.360001,103.007576,23807200
2016-03-31,109.279999,109.690002,109.029999,109.199997,102.856850,21447200
2016-04-01,108.540001,110.400002,108.389999,110.360001,103.949471,26389000
2016-04-04,110.360001,110.440002,109.680000,109.940002,103.553879,17163000
2016-04-05,109.089996,109.500000,108.739998,108.879997,102.555443,20107900
2016-04-06,108.989998,110.709999,108.989998,110.669998,104.241493,25056000
2016-04-07,110.029999,110.230003,108.610001,109.080002,102.743866,28567200
2016-04-08,109.760002,110.019997,108.620003,109.000000,102.668503,22898000
2016-04-11,109.470001,110.019997,108.589996,108.599998,102.291740,25772100
2016-04-12,108.680000,109.720001,108.019997,109.510002,103.148849,28564100
2016-04-13,110.349998,111.080002,110.209999,110.910004,104.467545,25356700
2016-04-14,110.930000,111.330002,110.000000,110.919998,104.476952,17199700
2016-04-15,110.830002,111.059998,110.360001,110.639999,104.213234,21353300
2016-04-18,110.320000,111.269997,110.250000,111.230003,104.768967,17126100
2016-04-19,111.440002,111.440002,109.879997,110.550003,104.128448,42481400
2016-04-20,110.550003,111.150002,110.169998,110.639999,104.213234,18078300
2016-04-21,110.580002,111.050003,110.150002,110.650002,104.222641,20216000
2016-04-22,109.209999,109.720001,108.120003,108.980003,102.649643,39074000
2016-04-25,108.650002,108.989998,108.449997,108.980003,102.649643,14351900
2016-04-26,109.209999,109.389999,108.120003,108.449997,102.150421,19118300
2016-04-27,107.339996,107.830002,106.690002,107.580002,101.330963,33059800
2016-04-28,107.699997,108.330002,106.070000,106.279999,100.106468,29818200
2016-04-29,106.279999,106.500000,104.879997,105.720001,99.579002,67502800
2016-05-02,105.989998,106.870003,105.550003,106.720001,100.520912,24813800
2016-05-03,105.959999,106.440002,105.449997,105.730003,99.588432,38569400
2016-05-04,105.089996,105.480003,104.790001,105.050003,98.947937,27474500
2016-05-05,105.430000,105.660004,104.809998,105.019997,98.919647,20788100
2016-05-06,104.500000,105.599998,104.400002,105.580002,99.447151,30758500
2016-05-09,105.589996,106.370003,105.540001,105.879997,99.729721,19289600
2016-05-10,106.260002,107.379997,106.070000,107.330002,101.095490,21178900
2016-05-11,107.169998,107.489998,106.330002,106.360001,100.181824,20966300
2016-05-12,106.610001,106.739998,105.139999,105.889999,99.739113,29196300
2016-05-13,105.800003,106.449997,105.290001,105.500000,99.371788,21059300
2016-05-16,105.660004,107.209999,105.559998,106.820000,100.615112,18311900
2016-05-17,106.730003,107.040001,105.199997,105.480003,99.352959,29932700
2016-05-18,105.239998,106.430000,105.040001,105.860001,99.710869,27524400
2016-05-19,105.449997,105.709999,104.540001,105.309998,99.192833,27334600
2016-05-20,105.730003,106.900002,105.669998,106.470001,100.285454,29549600
2016-05-23,106.589996,106.970001,106.230003,106.330002,100.153564,15729800
2016-05-24,106.919998,108.589996,106.889999,108.459999,102.159851,29931300
2016-05-25,108.870003,109.570000,108.680000,109.239998,102.894547,37951700
2016-05-26,109.349998,109.699997,109.089996,109.559998,103.195946,21885900
2016-05-27,109.629997,110.139999,109.610001,110.129997,103.732826,19870000
2016-05-31,110.279999,110.510002,109.779999,110.339996,103.930634,24366100
2016-06-01,110.000000,110.599998,109.910004,110.349998,103.940086,19571500
2016-06-02,110.129997,110.589996,109.529999,110.580002,104.156708,15696600
2016-06-03,110.370003,110.419998,109.339996,110.059998,103.666901,20269900
2016-06-06,110.260002,110.750000,110.070000,110.459999,104.043686,12502400
2016-06-07,110.519997,110.629997,110.129997,110.180000,103.779930,12184300
2016-06-08,110.370003,110.599998,109.959999,110.370003,103.958931,14568700
2016-06-09,109.919998,110.309998,109.709999,110.190002,103.789360,17571600
2016-06-10,109.190002,109.400002,108.559998,108.940002,102.611984,32965000
2016-06-13,108.320000,108.930000,107.889999,108.029999,101.754829,25154700
2016-06-14,107.739998,108.419998,107.239998,108.029999,101.754829,24588500
2016-06-15,108.290001,108.440002,107.540001,107.720001,101.462845,24605700
2016-06-16,107.190002,108.139999,106.500000,108.040001,101.764229,32079900
2016-06-17,107.529999,107.680000,106.239998,106.489998,100.571442,29208800
2016-06-20,107.730003,108.239998,107.080002,107.160004,101.204185,20562800
2016-06-21,107.300003,107.720001,107.099998,107.500000,101.525299,22804100
2016-06-22,107.559998,108.190002,107.150002,107.239998,101.279732,22724200
2016-06-23,108.070000,108.790001,107.620003,108.769997,102.724724,18714200
2016-06-24,104.900002,106.500000,104.059998,104.290001,98.493713,68012700
2016-06-27,103.599998,103.599998,101.750000,102.220001,96.538757,48222600
2016-06-28,103.349998,104.510002,103.300003,104.459999,98.654259,28260600
2016-06-29,105.279999,106.529999,105.230003,106.309998,100.401428,31356700
2016-06-30,106.489998,107.610001,106.129997,107.540001,101.563065,36300800
2016-07-01,107.489998,108.480003,107.449997,108.080002,102.073082,19902800
2016-07-05,107.510002,107.660004,106.839996,107.419998,101.449738,21167900
2016-07-06,106.910004,108.349998,106.570000,108.300003,102.280846,24579300
2016-07-07,108.400002,108.860001,108.110001,108.620003,102.583061,19161700
2016-07-08,109.199997,110.360001,109.019997,110.300003,104.169678,29457900
2016-07-11,110.669998,111.339996,110.660004,110.930000,104.764648,20218500
2016-07-12,111.610001,111.790001,111.339996,111.489998,105.293556,21906100
2016-07-13,111.750000,111.820000,111.209999,111.220001,105.038536,21107800
2016-07-14,111.959999,112.190002,111.699997,111.980003,105.756310,20871000
2016-07-15,112.239998,112.300003,111.550003,111.800003,105.586319,17999300
2016-07-18,111.870003,112.739998,111.849998,112.540001,106.285194,20713900
2016-07-19,112.150002,112.480003,111.930000,112.129997,105.897987,18936700
2016-07-20,112.739998,113.650002,112.599998,113.440002,107.135193,24997900
2016-07-21,113.519997,113.739998,112.870003,113.180000,106.889648,18885400
2016-07-22,113.260002,113.779999,112.910004,113.650002,107.333496,20003400
2016-07-25,113.559998,113.690002,113.279999,113.660004,107.342941,12968100
2016-07-26,113.620003,114.199997,113.220001,113.790001,107.465729,21223800
2016-07-27,114.750000,114.879997,114.099998,114.580002,108.211800,27646100
2016-07-28,114.760002,115.110001,114.400002,114.980003,108.589592,16939700
2016-07-29,115.239998,115.540001,114.870003,115.230003,108.825684,22385300
2016-08-01,115.309998,116.129997,115.169998,115.839996,109.401779,13990100
2016-08-02,115.669998,115.769997,114.220001,114.959999,108.570694,21278400
2016-08-03,114.870003,115.349998,114.800003,115.339996,108.929565,15011300
2016-08-04,115.300003,115.779999,115.029999,115.669998,109.241226,12835300
2016-08-05,116.260002,117.040001,116.129997,116.779999,110.289528,23196600
2016-08-08,116.839996,116.870003,116.279999,116.650002,110.166786,12358200
2016-08-09,116.739998,117.290001,116.669998,116.919998,110.421753,13276500
2016-08-10,116.989998,117.019997,116.309998,116.620003,110.138428,14688400
2016-08-11,117.019997,117.370003,116.779999,117.120003,110.610634,12969800
2016-08-12,116.919998,117.209999,116.790001,117.199997,110.686165,19379000
2016-08-15,117.349998,117.970001,117.309998,117.699997,111.158401,11777800
2016-08-16,117.480003,117.489998,117.029999,117.050003,110.544518,14161400
2016-08-17,117.080002,117.300003,116.430000,117.260002,110.742859,15980300
2016-08-18,117.150002,117.459999,116.949997,117.290001,110.771194,10036300
2016-08-19,117.080002,117.519997,116.760002,117.260002,110.742859,18743000
2016-08-22,117.089996,117.550003,116.870003,117.349998,110.827866,14500600
2016-08-23,117.809998,118.010002,117.510002,117.559998,111.026169,11997900
2016-08-24,117.480003,117.639999,116.410004,116.800003,110.308418,17728700
2016-08-25,116.500000,116.970001,116.360001,116.610001,110.128983,24266300
2016-08-26,116.650002,117.540001,116.080002,116.779999,110.289528,23896000
2016-08-29,116.809998,117.250000,116.790001,116.940002,110.440643,11184900
2016-08-30,116.750000,117.089996,116.160004,116.559998,110.081741,19843300
2016-08-31,116.379997,116.559998,115.949997,116.440002,109.968430,16169800
2016-09-01,116.480003,116.879997,115.910004,116.739998,110.251755,20944700
2016-09-02,117.320000,117.559998,116.680000,117.120003,110.610634,18088200
2016-09-06,117.320000,117.849998,117.059998,117.849998,111.300056,18525200
2016-09-07,117.959999,118.120003,117.470001,117.919998,111.366180,17546900
2016-09-08,117.570000,117.599998,116.919998,117.230003,110.714539,20125300
2016-09-09,116.250000,116.510002,114.260002,114.279999,107.928497,50813300
2016-09-12,113.639999,116.489998,113.629997,116.330002,109.864563,39646000
2016-09-13,115.750000,116.089996,114.730003,115.290001,108.882332,45863900
2016-09-14,115.410004,116.470001,115.379997,115.839996,109.401779,28221800
2016-09-15,115.870003,117.820000,115.860001,117.639999,111.101730,38521400
2016-09-16,117.220001,117.410004,116.709999,117.290001,111.048714,27596500
2016-09-19,117.589996,117.949997,116.550003,116.779999,110.565849,16222900
2016-09-20,117.199997,117.480003,116.800003,117.000000,110.774162,18078600
2016-09-21,117.500000,118.320000,116.809998,118.150002,111.862961,31546800
2016-09-22,118.839996,119.220001,118.720001,119.089996,112.752922,22614400
2016-09-23,119.000000,119.000000,118.160004,118.330002,112.033386,22213400
2016-09-26,117.660004,117.800003,117.169998,117.339996,111.096039,16403900
2016-09-27,117.260002,118.559998,117.150002,118.500000,112.194321,20238400
2016-09-28,118.650002,118.769997,118.089996,118.699997,112.383682,14794300
2016-09-29,118.500000,118.720001,117.330002,117.839996,111.569443,27207500
2016-09-30,118.150002,119.070000,118.029999,118.720001,112.402649,25543200
2016-10-03,118.570000,118.699997,118.089996,118.550003,112.241692,19216400
2016-10-04,118.900002,119.160004,117.919998,118.370003,112.071251,21239700
2016-10-05,118.720001,119.169998,118.669998,118.790001,112.468910,14481300
2016-10-06,118.639999,118.980003,118.150002,118.730003,112.412102,11987100
2016-10-07,118.839996,119.010002,117.889999,118.470001,112.165932,19984200
2016-10-10,119.080002,119.480003,119.029999,119.220001,112.876030,19687300
2016-10-11,119.120003,119.139999,117.000000,117.519997,111.266464,27774400
2016-10-12,117.629997,117.820000,117.059998,117.419998,111.171799,14267800
2016-10-13,116.620003,117.320000,115.940002,117.000000,110.774162,22821000
2016-10-14,117.580002,118.050003,117.070000,117.139999,110.906700,21313300
2016-10-17,117.040001,117.300003,116.669998,116.820000,110.603737,14182700
2016-10-18,118.209999,118.410004,117.800003,117.860001,111.588402,19276700
2016-10-19,117.769997,118.019997,117.639999,117.849998,111.578911,13702900
2016-10-20,117.730003,117.970001,117.029999,117.709999,111.446358,18132200
2016-10-21,117.800003,118.220001,117.410004,118.150002,111.862961,15707800
2016-10-24,118.910004,119.650002,118.889999,119.570000,113.207420,19143000
2016-10-25,119.639999,119.660004,119.010002,119.190002,112.847633,20341800
2016-10-26,118.419998,119.029999,118.029999,118.379997,112.080719,20463700
2016-10-27,118.889999,118.989998,117.669998,117.839996,111.569443,19099800
2016-10-28,117.500000,118.110001,116.739998,117.099998,110.868820,35369300
2016-10-31,117.529999,117.529999,116.930000,116.989998,110.764687,18749400
2016-11-01,117.190002,117.209999,115.099998,116.110001,109.931496,23498700
2016-11-02,116.029999,116.300003,114.889999,115.180000,109.050995,26960100
2016-11-03,114.989998,115.370003,113.919998,114.050003,107.981125,36205200
2016-11-04,113.769997,114.540001,113.449997,113.650002,107.602417,26997500
2016-11-07,115.489998,116.470001,115.300003,116.349998,110.158752,26591200
2016-11-08,116.230003,117.639999,115.959999,117.110001,110.878304,20777900
2016-11-09,115.739998,117.839996,115.599998,117.650002,111.389587,70234400
2016-11-10,118.220001,118.379997,114.199997,115.750000,109.590660,72825400
2016-11-11,115.250000,116.050003,114.839996,115.800003,109.637985,41115200
2016-11-14,115.830002,115.940002,114.029999,114.629997,108.530266,35906000
2016-11-15,115.500000,116.620003,115.330002,116.220001,110.035645,31796600
2016-11-16,115.669998,116.989998,115.669998,116.910004,110.688934,16538100
2016-11-17,116.849998,117.779999,116.610001,117.760002,111.493729,20598600
2016-11-18,117.900002,118.099998,117.209999,117.320000,111.077103,16428700
2016-11-21,117.610001,118.650002,117.570000,118.540001,112.232201,20268500
2016-11-22,119.010002,119.190002,118.610001,118.900002,112.573067,18850600
2016-11-23,118.510002,118.639999,117.900002,118.419998,112.118576,22926000
2016-11-25,118.559998,118.849998,118.419998,118.800003,112.478355,7162800
2016-11-28,118.650002,119.080002,118.410004,118.529999,112.222733,13479000
2016-11-29,118.639999,119.510002,118.300003,118.940002,112.610916,18553000
2016-11-30,119.089996,119.129997,117.459999,117.500000,111.247551,30405300
2016-12-01,117.459999,117.470001,115.290001,115.470001,109.325569,39796600
2016-12-02,115.540001,116.160004,115.220001,115.699997,109.543327,32876800
2016-12-05,116.300003,117.059998,115.769997,116.599998,110.395424,21419700
2016-12-06,116.930000,117.080002,116.389999,116.879997,110.660530,27293300
2016-12-07,116.639999,118.510002,116.290001,118.360001,112.061775,26622400
2016-12-08,118.410004,118.870003,118.180000,118.570000,112.260612,18578400
2016-12-09,119.010002,119.540001,119.000000,119.500000,113.141129,21863100
2016-12-12,118.970001,119.209999,118.470001,118.959999,112.629875,23259300
2016-12-13,119.320000,121.110001,119.320000,120.459999,114.050018,54477900
2016-12-14,120.610001,121.000000,119.860001,120.209999,113.813332,28746000
2016-12-15,120.370003,121.110001,120.080002,120.400002,113.993210,22762300
2016-12-16,120.339996,120.580002,119.360001,119.599998,113.570656,26283900
2016-12-19,119.720001,120.830002,119.550003,120.089996,114.035950,21138700
2016-12-20,120.470001,120.769997,120.330002,120.550003,114.472786,11461800
2016-12-21,120.599998,120.680000,120.190002,120.459999,114.387306,7079300
2016-12-22,120.470001,120.500000,119.650002,120.120003,114.064445,16645000
2016-12-23,119.919998,120.250000,119.809998,120.199997,114.140434,9007500
2016-12-27,120.459999,121.519997,120.410004,120.820000,114.729164,16110600
2016-12-28,121.080002,121.190002,119.800003,119.879997,113.836540,17975200
2016-12-29,119.849998,120.129997,119.330002,119.709999,113.675110,13267500
2016-12-30,119.940002,119.949997,118.139999,118.480003,112.507111,41749000
2017-01-03,119.269997,119.989998,118.889999,119.540001,113.513687,22307600
2017-01-04,119.669998,120.410004,119.660004,120.190002,114.130936,19749100
2017-01-05,120.099998,120.949997,120.099998,120.870003,114.776642,20644300
2017-01-06,121.000000,122.250000,120.690002,121.930000,115.783195,24074300
2017-01-09,122.029999,122.550003,121.949997,122.330002,116.163017,18909200
2017-01-10,122.379997,122.970001,122.099998,122.599998,116.419395,16176600
2017-01-11,122.650002,122.930000,122.019997,122.930000,116.732803,20686000
2017-01-12,122.489998,122.820000,121.599998,122.739998,116.552353,19622500
2017-01-13,122.800003,123.370003,122.800003,123.160004,116.951202,16930800
2017-01-17,122.839996,123.029999,122.430000,122.790001,116.599846,14538500
2017-01-18,122.970001,123.160004,122.660004,123.040001,116.837234,12499700
2017-01-19,123.220001,123.650002,122.720001,122.980003,116.780273,12710700
2017-01-20,123.519997,123.830002,122.919998,123.250000,117.036652,22091000
2017-01-23,123.169998,123.529999,122.570000,123.349998,117.131607,17434200
2017-01-24,123.589996,124.370003,123.379997,124.180000,117.919785,17640900
2017-01-25,124.959999,125.459999,124.849998,125.430000,119.106781,15036200
2017-01-26,125.599998,125.820000,125.339996,125.559998,119.230194,16052200
2017-01-27,125.830002,125.919998,125.389999,125.800003,119.458092,15053000
2017-01-30,125.379997,125.379997,124.129997,124.820000,118.527489,25006700
2017-01-31,124.379997,124.599998,123.849998,124.570000,118.290108,19091100
2017-02-01,125.449997,125.680000,124.860001,125.430000,119.106781,22861900
2017-02-02,125.209999,125.699997,124.860001,125.320000,119.002289,15101400
2017-02-03,125.449997,125.809998,125.330002,125.680000,119.344147,16957200
2017-02-06,125.470001,125.849998,125.349998,125.830002,119.486610,11630100
2017-02-07,126.089996,126.550003,125.970001,126.290001,119.923401,17541100
2017-02-08,126.120003,126.680000,125.879997,126.500000,120.122803,12569100
2017-02-09,126.629997,127.239998,126.559998,126.959999,120.559631,17542700
2017-02-10,127.239998,127.559998,127.019997,127.379997,120.958435,13915700
2017-02-13,127.769997,128.259995,127.720001,128.100006,121.642151,19120200
2017-02-14,128.149994,128.539993,127.739998,128.529999,122.050484,16333500
2017-02-15,128.440002,129.350006,128.369995,129.289993,122.772156,17891400
2017-02-16,129.369995,129.630005,128.919998,129.250000,122.734177,15098300
2017-02-17,129.059998,129.820007,129.039993,129.809998,123.265968,15563700
2017-02-21,130.059998,130.529999,129.990005,130.449997,123.873695,18479600
2017-02-22,130.330002,130.589996,130.110001,130.500000,123.921143,12110900
2017-02-23,130.699997,130.699997,129.490005,130.009995,123.455872,17489000
2017-02-24,129.419998,130.259995,129.380005,130.259995,123.693268,18624500
2017-02-27,130.020004,130.429993,129.800003,130.419998,123.845192,12008700
2017-02-28,130.389999,130.449997,129.660004,130.020004,123.465370,16598600
2017-03-01,130.850006,131.679993,130.600006,131.440002,124.813789,25813800
2017-03-02,131.410004,131.429993,130.619995,130.779999,124.187035,19951400
2017-03-03,130.690002,131.059998,130.339996,131.020004,124.414948,13722700
2017-03-06,130.589996,130.949997,130.210007,130.729996,124.139557,12026200
2017-03-07,130.470001,131.080002,130.279999,130.509995,123.930679,15500900
2017-03-08,130.589996,131.149994,130.460007,130.740005,124.149071,15776000
2017-03-09,130.710007,131.020004,130.139999,130.839996,124.244019,20855300
2017-03-10,131.440002,131.600006,130.820007,131.389999,124.766312,21922600
2017-03-13,131.339996,131.639999,131.270004,131.610001,124.975189,10731600
2017-03-14,131.309998,131.360001,130.759995,131.289993,124.671310,14019700
2017-03-15,131.559998,132.410004,131.139999,132.100006,125.440529,22709100
2017-03-16,132.350006,132.350006,131.710007,132.009995,125.354980,18457300
2017-03-17,131.899994,132.039993,131.619995,131.690002,125.311302,21234500
2017-03-20,131.649994,132.110001,131.460007,131.809998,125.425491,10105200
2017-03-21,132.309998,132.429993,129.729996,129.809998,123.522339,35841900
2017-03-22,129.850006,130.820007,129.679993,130.690002,124.359695,29177900
2017-03-23,130.520004,130.880005,130.139999,130.360001,124.045708,20311700
2017-03-24,130.779999,131.289993,130.130005,130.630005,124.302620,22967600
2017-03-27,129.699997,131.070007,129.399994,130.839996,124.502441,18472400
2017-03-28,130.839996,132.029999,130.550003,131.639999,125.263702,23721900
2017-03-29,131.729996,132.300003,131.589996,132.250000,125.844154,13710000
2017-03-30,132.199997,132.610001,132.080002,132.470001,126.053474,16092400
2017-03-31,132.279999,132.740005,132.130005,132.380005,125.967865,19841400
2017-04-03,132.490005,132.809998,131.559998,132.300003,125.891739,23700300
2017-04-04,131.919998,132.529999,131.869995,132.509995,126.091545,13400000
2017-04-05,132.699997,133.479996,131.720001,131.970001,125.577713,32011200
2017-04-06,132.100006,132.389999,131.699997,132.039993,125.644295,18832200
2017-04-07,132.000000,132.369995,131.500000,131.970001,125.577713,16743100
2017-04-10,132.100006,132.570007,131.660004,132.020004,125.625290,15619300
2017-04-11,131.899994,132.100006,130.500000,131.449997,125.082916,33778400
2017-04-12,131.429993,131.539993,130.779999,130.919998,124.578583,15955200
2017-04-13,130.740005,131.509995,130.380005,130.399994,124.083763,23683000
2017-04-17,130.770004,131.500000,130.720001,131.479996,125.111496,13325500
2017-04-18,131.039993,131.660004,130.949997,131.279999,124.921165,12841100
2017-04-19,131.850006,132.289993,131.309998,131.490005,125.120949,17764800
2017-04-20,132.020004,132.880005,131.820007,132.589996,126.167686,21977900
2017-04-21,132.710007,132.759995,132.220001,132.559998,126.139122,22454900
2017-04-24,134.029999,134.289993,133.800003,134.160004,127.661606,22469900
2017-04-25,134.600006,135.369995,134.479996,135.130005,128.584671,19384400
2017-04-26,135.179993,135.509995,134.860001,134.940002,128.403870,25398500
2017-04-27,135.270004,135.750000,135.190002,135.750000,129.174622,16136500
2017-04-28,136.289993,136.339996,135.770004,135.990005,129.402969,22771900
2017-05-01,136.440002,137.380005,136.380005,137.199997,130.554413,24815500
2017-05-02,137.369995,137.490005,137.020004,137.429993,130.773193,18345100
2017-05-03,137.119995,137.169998,136.619995,136.990005,130.354614,23827600
2017-05-04,136.970001,137.429993,136.559998,137.039993,130.402145,14630100
2017-05-05,137.389999,137.539993,136.880005,137.539993,130.877899,19330700
2017-05-08,137.610001,137.839996,137.330002,137.839996,131.163391,13279900
2017-05-09,138.050003,138.630005,137.929993,138.320007,131.620132,28426100
2017-05-10,138.399994,138.449997,137.910004,138.399994,131.696243,20499400
2017-05-11,138.020004,138.330002,137.380005,138.289993,131.591629,27232100
2017-05-12,138.350006,138.630005,138.229996,138.600006,131.886581,19738600
2017-05-15,138.660004,139.119995,138.529999,139.039993,132.305222,20481300
2017-05-16,139.399994,139.639999,138.990005,139.619995,132.857162,21786000
2017-05-17,138.509995,138.770004,136.050003,136.070007,129.479126,55642200
2017-05-18,136.020004,137.720001,135.869995,137.259995,130.611511,41319900
2017-05-19,137.750000,138.419998,137.660004,137.839996,131.163391,36730100
2017-05-22,138.149994,139.070007,138.100006,139.000000,132.267181,19509700
2017-05-23,139.410004,139.419998,138.779999,139.139999,132.400436,19687500
2017-05-24,139.559998,139.850006,139.169998,139.779999,133.009369,15891900
2017-05-25,140.309998,141.330002,140.009995,140.970001,134.141769,23928600
2017-05-26,141.000000,141.279999,140.809998,141.220001,134.379669,13851600
2017-05-30,141.149994,141.509995,141.059998,141.339996,134.493866,20306400
2017-05-31,141.839996,141.839996,140.570007,141.289993,134.446289,33229400
2017-06-01,141.580002,141.899994,140.979996,141.839996,134.969635,20120700
2017-06-02,142.339996,143.490005,142.110001,143.460007,136.511185,37222900
2017-06-05,143.449997,143.679993,143.229996,143.429993,136.482635,15727500
2017-06-06,143.259995,143.729996,142.649994,142.860001,135.940231,22393000
2017-06-07,143.259995,143.539993,142.600006,143.419998,136.473099,18842400
2017-06-08,143.740005,143.800003,142.789993,143.570007,136.615860,25417400
2017-06-09,143.740005,143.899994,138.110001,139.979996,133.199768,109783700
2017-06-12,138.800003,139.479996,137.470001,139.229996,132.486023,104454000
2017-06-13,140.009995,140.559998,139.279999,140.360001,133.561295,51193000
2017-06-14,140.929993,140.929993,138.619995,139.750000,132.980865,60093800
2017-06-15,138.339996,139.279999,137.490005,139.130005,132.390915,55145200
2017-06-16,138.679993,138.779999,137.639999,138.149994,131.816483,48087400
2017-06-19,139.490005,140.589996,139.279999,140.460007,134.020615,39626500
2017-06-20,140.320007,140.500000,139.309998,139.360001,132.971024,40935100
2017-06-21,139.679993,140.809998,139.589996,140.740005,134.287781,35743400
2017-06-22,140.960007,141.220001,140.339996,140.699997,134.249603,24099100
2017-06-23,140.539993,141.419998,140.149994,141.240005,134.764847,21654300
2017-06-26,142.050003,142.289993,140.270004,140.580002,134.135101,34411100
2017-06-27,140.050003,140.220001,138.020004,138.029999,131.701996,65957800
2017-06-28,138.539993,140.139999,137.740005,140.020004,133.600754,57427200
2017-06-29,139.440002,139.440002,136.250000,137.589996,131.282181,88769400
2017-06-30,137.979996,138.669998,137.190002,137.639999,131.329895,68898300
2017-07-03,138.270004,138.429993,136.100006,136.190002,129.946320,32797000
2017-07-05,136.619995,137.899994,136.160004,137.529999,131.224930,42116600
2017-07-06,136.479996,137.059998,135.800003,136.289993,130.041763,48430500
2017-07-07,136.750000,138.130005,136.740005,137.759995,131.444336,36970400
2017-07-10,137.850006,138.990005,137.500000,138.660004,132.303116,24853500
2017-07-11,138.460007,139.220001,137.940002,139.050003,132.675247,31517700
2017-07-12,140.240005,140.860001,139.960007,140.699997,134.249603,36045800
2017-07-13,140.869995,141.350006,140.600006,141.009995,134.545380,31073600
2017-07-14,141.639999,142.300003,141.190002,142.119995,135.604462,34544800
2017-07-17,142.270004,142.690002,141.919998,142.190002,135.671326,25343200
2017-07-18,142.089996,143.169998,141.639999,143.139999,136.577713,25748500
2017-07-19,143.559998,144.190002,143.500000,143.979996,137.379257,33752300
2017-07-20,144.350006,144.440002,143.520004,144.169998,137.560501,36139400
2017-07-21,143.639999,144.110001,143.350006,144.110001,137.503250,39697100
2017-07-24,144.089996,144.869995,143.919998,144.770004,138.133011,26712700
2017-07-25,144.289993,144.740005,144.009995,144.399994,137.779938,28120900
2017-07-26,144.759995,144.949997,144.529999,144.869995,138.228424,18610600
2017-07-27,145.820007,145.960007,142.300003,143.960007,137.360123,80665900
2017-07-28,143.100006,144.080002,142.869995,143.839996,137.245621,38013200
2017-07-31,144.250000,144.429993,142.919998,143.229996,136.663635,33848600
2017-08-01,143.720001,143.759995,143.119995,143.559998,136.978455,20149400
2017-08-02,144.490005,144.520004,142.610001,143.949997,137.350601,41769700
2017-08-03,144.089996,144.169998,143.130005,143.389999,136.816284,27112800
2017-08-04,143.710007,143.970001,143.059998,143.649994,137.064362,29472900
2017-08-07,143.910004,144.559998,143.710007,144.559998,137.932632,17933900
2017-08-08,144.279999,145.470001,143.899994,144.309998,137.694077,30810400
2017-08-09,143.119995,144.190002,142.789993,144.119995,137.512817,36169500
2017-08-10,143.300003,143.399994,140.889999,141.029999,134.564453,63331700
2017-08-11,141.220001,142.410004,140.899994,142.100006,135.585434,45862500
2017-08-14,143.229996,144.149994,143.190002,143.929993,137.331512,34161000
2017-08-15,144.289993,144.300003,143.639999,144.029999,137.426971,25509200
2017-08-16,144.389999,144.960007,143.800003,144.279999,137.665436,31913000
2017-08-17,143.720001,143.940002,141.330002,141.330002,134.850754,70191000
2017-08-18,141.410004,142.199997,140.649994,141.229996,134.755295,60751900
2017-08-21,141.220001,141.529999,140.179993,141.050003,134.583588,37111500
2017-08-22,141.809998,143.350006,141.759995,143.199997,136.634979,36294200
2017-08-23,142.479996,143.009995,142.380005,142.690002,136.148376,25702300
2017-08-24,143.009995,143.169998,141.470001,142.270004,135.747574,38160800
2017-08-25,142.820007,143.179993,141.779999,141.970001,135.461380,26380400
2017-08-28,142.399994,142.740005,141.949997,142.410004,135.881195,15362100
2017-08-29,141.190002,143.210007,141.059998,142.970001,136.415527,24498300
2017-08-30,143.089996,144.889999,143.000000,144.649994,138.018509,33642700
2017-08-31,145.059998,146.210007,144.979996,146.199997,139.497421,38480700
2017-09-01,146.389999,146.589996,145.610001,146.000000,139.306610,22293600
2017-09-05,145.570007,145.880005,143.600006,144.690002,138.056717,44794300
2017-09-06,145.059998,145.460007,144.080002,145.130005,138.476501,30722700
2017-09-07,145.399994,145.839996,144.940002,145.470001,138.800888,22721100
2017-09-08,145.279999,145.350006,144.059998,144.210007,137.598709,27890100
2017-09-11,145.339996,146.119995,145.300003,145.869995,139.182541,27126300
2017-09-12,146.279999,146.410004,145.529999,146.220001,139.516541,30256700
2017-09-13,145.970001,146.440002,145.729996,146.419998,139.707336,28450900
2017-09-14,145.850006,146.289993,145.470001,145.559998,138.886765,35296400
2017-09-15,145.529999,146.589996,145.289993,146.059998,139.363861,46422400
2017-09-18,145.910004,146.369995,145.110001,145.550003,139.181213,24858200
2017-09-19,145.809998,146.009995,145.309998,145.800003,139.420258,20871200
2017-09-20,145.750000,145.910004,144.229996,145.350006,138.989975,34236200
2017-09-21,145.250000,145.259995,143.949997,144.460007,138.138931,28841800
2017-09-22,144.000000,144.529999,143.850006,144.320007,138.005066,21702400
2017-09-25,143.750000,143.830002,142.100006,142.800003,136.551544,54947700
2017-09-26,143.529999,143.800003,142.669998,143.169998,136.905350,29628800
2017-09-27,143.929993,145.000000,143.570007,144.460007,138.138931,33249400
2017-09-28,144.110001,144.559998,143.779999,144.410004,138.091110,24149400
2017-09-29,144.699997,145.559998,144.320007,145.449997,139.085587,43102400
2017-10-02,145.669998,146.169998,144.929993,145.580002,139.209915,27351300
2017-10-03,145.770004,146.059998,145.449997,145.889999,139.506363,19715200
2017-10-04,145.610001,146.339996,145.470001,146.029999,139.640228,26381100
2017-10-05,146.559998,147.539993,146.410004,147.460007,141.007645,31562400
2017-10-06,146.960007,147.660004,146.960007,147.660004,141.198868,23561100
2017-10-09,147.850006,148.009995,147.300003,147.490005,141.036316,13704800
2017-10-10,147.990005,148.139999,146.949997,147.600006,141.141495,19223100
2017-10-11,147.529999,148.070007,147.339996,148.039993,141.562256,12439100
2017-10-12,147.820007,148.350006,147.619995,147.770004,141.304123,14513500
2017-10-13,148.369995,148.509995,147.779999,148.339996,141.849121,18409900
2017-10-16,148.710007,148.889999,148.389999,148.850006,142.336868,21809400
2017-10-17,148.800003,149.059998,148.570007,149.039993,142.518555,13138200
2017-10-18,149.190002,149.210007,148.639999,148.860001,142.346390,17218200
2017-10-19,147.990005,148.330002,147.270004,148.309998,141.820435,27680300
2017-10-20,148.910004,149.039993,148.529999,148.710007,142.202972,30173300
2017-10-23,149.020004,149.029999,147.529999,147.740005,141.275406,29297100
2017-10-24,148.029999,148.300003,147.440002,147.990005,141.514465,20289500
2017-10-25,147.699997,148.179993,146.330002,147.429993,140.978943,36179100
2017-10-26,147.339996,147.710007,146.919998,146.960007,140.529526,28230200
2017-10-27,149.429993,151.520004,149.199997,151.240005,144.622330,60165100
2017-10-30,151.130005,152.190002,150.990005,151.580002,144.947388,31733400
2017-10-31,152.070007,152.369995,151.630005,152.149994,145.492416,26319300
2017-11-01,152.759995,152.830002,151.500000,152.100006,145.444641,29481600
2017-11-02,151.929993,151.990005,150.770004,151.809998,145.167282,31017400
2017-11-03,152.360001,153.289993,151.839996,153.270004,146.563416,26199200
2017-11-06,153.149994,153.850006,153.100006,153.789993,147.060638,28693900
2017-11-07,153.669998,154.080002,153.339996,153.880005,147.146744,21333100
2017-11-08,153.800003,154.539993,153.619995,154.500000,147.739594,17373500
2017-11-09,153.229996,153.770004,152.110001,153.690002,146.965012,40594500
2017-11-10,153.330002,153.800003,153.059998,153.679993,146.955475,20150800
2017-11-13,153.100006,154.070007,153.100006,153.869995,147.137146,12522400
2017-11-14,153.330002,153.500000,152.570007,153.309998,146.601639,25173800
2017-11-15,152.649994,153.000000,151.779999,152.589996,145.913193,24808000
2017-11-16,153.360001,154.889999,153.330002,154.539993,147.777863,34790600
2017-11-17,154.580002,154.690002,153.800003,153.949997,147.213654,28725800
2017-11-20,154.059998,154.199997,153.610001,153.830002,147.098923,21143900
2017-11-21,154.559998,155.570007,154.490005,155.500000,148.695831,20147800
2017-11-22,155.639999,155.839996,155.339996,155.690002,148.877518,17299000
2017-11-24,155.850006,156.309998,155.759995,156.259995,149.422607,8280600
2017-11-27,156.210007,156.559998,155.830002,156.190002,149.355652,22653400
2017-11-28,156.539993,156.690002,155.699997,156.589996,149.738174,25227300
2017-11-29,156.410004,156.449997,153.119995,153.860001,147.127609,71986300
2017-11-30,154.509995,155.449997,154.149994,155.149994,148.361176,56595500
2017-12-01,154.199997,155.240005,152.259995,154.490005,147.730072,59015800
2017-12-04,155.460007,155.630005,152.559998,152.710007,146.027954,51319100
2017-12-05,152.679993,154.550003,152.100006,152.809998,146.123535,40604200
2017-12-06,152.240005,153.740005,152.059998,153.500000,146.783401,28647800
2017-12-07,153.490005,154.460007,153.330002,154.020004,147.280609,32666200
2017-12-08,155.149994,155.529999,154.460007,154.699997,147.930878,28081700
2017-12-11,154.770004,155.949997,154.759995,155.899994,149.078354,20821500
2017-12-12,155.830002,156.149994,155.360001,155.690002,148.877518,20310300
2017-12-13,156.320007,156.490005,155.759995,155.990005,149.164444,24418500
2017-12-14,156.259995,156.660004,155.710007,155.880005,149.059235,24594700
2017-12-15,156.490005,157.820007,156.229996,157.649994,150.751755,49816200
2017-12-18,158.360001,158.770004,158.070007,158.639999,152.015671,26844500
2017-12-19,158.339996,158.500000,157.259995,157.699997,151.114914,31415000
2017-12-20,158.250000,158.279999,156.910004,157.529999,150.952011,38972600
2017-12-21,157.750000,158.250000,157.369995,157.550003,150.971268,18638700
2017-12-22,157.309998,157.429993,156.949997,157.369995,150.798691,23330400
2017-12-26,156.490005,156.720001,155.949997,156.520004,149.984192,21918700
2017-12-27,156.529999,156.960007,156.389999,156.539993,150.003342,22388200
2017-12-28,157.039993,157.070007,156.539993,156.729996,150.185440,25393800
2017-12-29,156.869995,156.899994,155.699997,155.759995,149.255920,33186000
2018-01-02,156.559998,158.529999,156.169998,158.490005,151.871964,32573300
2018-01-03,158.639999,160.169998,158.610001,160.029999,153.347656,29383600
2018-01-04,160.580002,160.789993,160.080002,160.309998,153.615952,24776100
2018-01-05,161.070007,162.029999,160.770004,161.919998,155.158722,26992300
2018-01-08,161.919998,162.630005,161.860001,162.550003,155.762390,23159100
2018-01-09,162.869995,163.039993,162.070007,162.559998,155.771988,24782400
2018-01-10,161.839996,162.210007,161.119995,162.179993,155.407898,34004000
2018-01-11,162.460007,163.300003,162.210007,163.289993,156.471512,20473500
2018-01-12,163.149994,164.660004,162.940002,164.490005,157.621399,37762700
2018-01-16,165.580002,166.419998,163.529999,164.020004,157.171036,41231800
2018-01-17,164.800003,166.039993,164.000000,165.789993,158.867111,33849900
2018-01-18,165.529999,166.199997,165.139999,165.820007,158.895844,26432200
2018-01-19,166.309998,166.610001,165.539993,166.339996,159.394180,38937600
2018-01-22,166.279999,168.119995,166.089996,168.119995,161.099792,26081400
2018-01-23,168.639999,169.660004,168.559998,169.509995,162.431808,37989700
2018-01-24,169.869995,170.240005,167.440002,168.410004,161.377762,54287400
2018-01-25,169.570007,169.630005,167.809998,168.350006,161.320221,28925000
2018-01-26,169.289993,170.949997,168.960007,170.929993,163.792496,32038200
2018-01-29,170.570007,170.910004,169.740005,170.100006,162.997192,37277800
2018-01-30,168.550003,169.419998,167.820007,168.699997,161.655609,44987700
2018-01-31,169.649994,169.990005,168.339996,169.399994,162.326385,42449200
2018-02-01,168.100006,169.729996,167.419998,167.960007,160.946548,38037900
2018-02-02,167.300003,167.699997,164.470001,164.610001,157.736389,68478100
2018-02-05,163.070007,165.750000,158.000000,158.119995,151.517395,105372200
2018-02-06,155.809998,162.509995,155.100006,162.309998,155.532425,118537900
2018-02-07,161.789993,163.550003,160.199997,160.210007,153.520096,91028300
2018-02-08,160.619995,160.800003,153.449997,153.449997,147.042389,94184800
2018-02-09,155.619995,157.240005,150.130005,156.100006,149.581772,113836600
2018-02-12,157.699997,159.949997,156.460007,158.869995,152.236053,63050600
2018-02-13,157.960007,160.009995,157.720001,159.690002,153.021866,31785600
2018-02-14,158.750000,162.929993,158.000000,162.679993,155.886963,52107400
2018-02-15,164.139999,165.699997,162.440002,165.699997,158.780853,51633900
2018-02-16,165.160004,166.759995,164.679993,164.960007,158.071793,62256300
2018-02-20,164.380005,166.679993,164.309998,165.289993,158.388000,36785600
2018-02-21,166.100006,167.720001,164.720001,164.820007,157.937637,41161800
2018-02-22,165.539993,166.419998,164.380005,164.800003,157.918457,37074400
2018-02-23,166.130005,168.169998,165.449997,168.169998,161.147736,50096900
2018-02-26,168.960007,170.399994,168.820007,170.399994,163.284607,39266700
2018-02-27,170.449997,170.729996,168.210007,168.289993,161.262726,42209900
2018-02-28,169.250000,169.800003,167.100006,167.210007,160.227829,42936300
2018-03-01,167.300003,168.070007,163.000000,164.479996,157.611847,76809900
2018-03-02,162.500000,166.279999,161.960007,165.990005,159.058777,57445100
2018-03-05,165.210007,168.259995,164.589996,167.830002,160.821960,38540200
2018-03-06,168.649994,169.110001,167.479996,168.539993,161.502289,29480900
2018-03-07,167.250000,169.070007,166.960007,168.929993,161.875977,34609400
2018-03-08,169.630005,169.979996,168.949997,169.860001,162.767181,25828400
2018-03-09,171.070007,173.160004,170.820007,173.160004,165.929398,38310500
2018-03-12,173.669998,174.479996,173.279999,174.080002,166.810989,37635000
2018-03-13,174.479996,175.210007,171.270004,171.710007,164.539917,55638900
2018-03-14,172.610001,172.740005,170.929993,171.679993,164.511169,40536400
2018-03-15,171.800003,172.529999,170.899994,171.529999,164.367432,28810400
2018-03-16,171.820007,172.199997,170.940002,171.020004,163.878738,31176700
2018-03-19,169.100006,169.220001,165.639999,167.100006,160.382172,71395100
2018-03-20,167.169998,168.039993,166.610001,167.649994,160.910080,34075700
2018-03-21,167.210007,168.759995,166.190002,166.919998,160.209427,43863500
2018-03-22,164.610001,165.770004,162.589996,162.800003,156.255035,66607300
2018-03-23,162.610001,163.300003,158.429993,158.509995,152.137527,80110400
2018-03-26,161.720001,164.600006,159.160004,164.399994,157.790726,57481500
2018-03-27,165.619995,165.619995,157.679993,159.080002,152.684601,78889100
2018-03-28,158.169998,159.779999,156.039993,157.250000,150.928192,89369700
2018-03-29,158.100006,161.710007,156.630005,160.130005,153.692429,68692600
2018-04-02,158.990005,159.740005,153.880005,155.509995,149.258133,85549400
2018-04-03,156.869995,157.919998,154.440002,157.259995,150.937775,64090000
2018-04-04,154.220001,160.229996,154.039993,159.740005,153.318085,65768700
2018-04-05,161.330002,161.580002,159.479996,160.649994,154.191483,43054900
2018-04-06,158.880005,160.460007,155.880005,156.630005,150.333176,59870900
2018-04-09,157.979996,160.880005,157.460007,157.729996,151.388885,41810400
2018-04-10,160.210007,161.729996,159.070007,161.210007,154.729004,48296800
2018-04-11,160.199997,162.000000,160.100006,160.279999,153.836365,41622100
2018-04-12,161.250000,162.770004,161.160004,162.210007,155.688766,30467900
2018-04-13,163.020004,163.259995,160.669998,161.369995,154.882538,44604900
2018-04-16,162.500000,163.190002,161.479996,162.600006,156.063126,28180800
2018-04-17,164.240005,166.460007,163.910004,166.100006,159.422394,35536100
2018-04-18,166.100006,167.000000,165.309998,166.440002,159.748764,29573900
2018-04-19,165.600006,165.990005,164.339996,164.910004,158.280243,34705700
2018-04-20,164.490005,164.610001,161.729996,162.300003,155.775146,49197100
2018-04-23,163.089996,163.729996,161.020004,161.889999,155.381607,33040600
2018-04-24,162.660004,162.910004,157.389999,158.460007,152.089554,70256800
2018-04-25,158.740005,159.309998,156.470001,158.649994,152.271896,52089300
2018-04-26,160.699997,162.529999,160.179993,161.990005,155.477631,43005500
2018-04-27,164.369995,164.410004,161.169998,162.089996,155.573593,51043400
2018-04-30,162.470001,163.479996,160.539993,160.940002,154.469833,35615300
2018-05-01,160.520004,162.800003,160.139999,162.779999,156.235840,36513500
2018-05-02,163.059998,163.570007,161.630005,161.820007,155.314453,38646800
2018-05-03,161.000000,162.399994,159.220001,161.800003,155.295258,60337100
2018-05-04,161.100006,165.250000,160.979996,164.869995,158.241852,41543200
2018-05-07,165.639999,166.779999,165.509995,166.240005,159.556732,32500200
2018-05-08,165.889999,166.429993,164.860001,166.070007,159.393600,26040200
2018-05-09,166.369995,168.000000,165.779999,167.880005,161.130844,29122700
2018-05-10,168.419998,169.740005,168.289993,169.619995,162.800842,27067600
2018-05-11,169.419998,169.860001,168.720001,169.460007,162.647293,24688800
2018-05-14,169.850006,170.820007,169.470001,169.750000,162.925629,21821700
2018-05-15,168.410004,168.500000,166.979996,167.869995,161.121231,49361600
2018-05-16,168.089996,169.369995,168.009995,168.979996,162.186569,22941200
2018-05-17,168.389999,169.610001,167.509995,168.330002,161.562729,27480200
2018-05-18,167.679993,168.259995,167.210007,167.460007,160.727768,26217900
2018-05-21,168.759995,169.500000,167.679993,168.399994,161.629929,22954600
2018-05-22,169.169998,169.449997,167.880005,168.179993,161.418777,19477700
2018-05-23,166.899994,169.619995,166.880005,169.600006,162.781708,26557800
2018-05-24,169.550003,169.850006,167.839996,169.550003,162.733688,27696500
2018-05-25,169.529999,170.330002,169.210007,169.720001,162.896896,27460500
2018-05-29,168.949997,169.919998,167.960007,168.970001,162.177032,41220500
2018-05-30,169.580002,170.479996,169.220001,170.179993,163.338394,22665800
2018-05-31,170.179993,171.199997,169.630005,170.070007,163.232773,35670900
2018-06-01,170.919998,172.839996,170.869995,172.740005,165.795502,45543300
2018-06-04,173.179993,174.339996,173.070007,174.300003,167.292755,20459600
2018-06-05,174.710007,175.130005,174.070007,174.839996,167.811035,24779300
2018-06-06,175.020004,175.889999,174.139999,175.860001,168.790024,25036600
2018-06-07,175.889999,175.929993,173.550003,174.429993,167.417526,39600300
2018-06-08,173.610001,174.880005,173.179993,174.440002,167.427170,31780300
2018-06-11,174.309998,175.339996,174.279999,174.910004,167.878204,22319700
2018-06-12,175.149994,176.000000,174.960007,175.830002,168.761200,22511800
2018-06-13,176.100006,177.139999,175.429993,175.820007,168.751587,37858600
2018-06-14,176.630005,177.889999,176.500000,177.600006,170.460052,35916000
2018-06-15,176.929993,177.330002,176.110001,176.979996,169.864975,49615700
2018-06-18,175.490005,176.649994,174.940002,176.500000,169.766876,31633200
2018-06-19,174.270004,176.039993,173.710007,176.000000,169.285965,38236000
2018-06-20,176.809998,177.979996,176.649994,177.250000,170.488266,33038000
2018-06-21,177.699997,177.880005,175.369995,175.710007,169.007065,43469400
2018-06-22,176.300003,176.369995,174.690002,175.320007,168.631912,30073200
2018-06-25,173.729996,173.990005,169.809998,171.369995,164.832581,77799700
2018-06-26,172.000000,173.059998,171.369995,172.070007,165.505844,39008100
2018-06-27,172.800003,173.580002,169.610001,169.729996,163.255142,52843500
2018-06-28,169.520004,171.770004,169.169998,171.190002,164.659424,46407700
2018-06-29,172.009995,172.919998,171.399994,171.649994,165.101898,36408500
2018-07-02,170.039993,172.850006,169.669998,172.800003,166.208023,31770000
2018-07-03,173.449997,173.449997,170.630005,170.800003,164.284302,25512700
2018-07-05,171.910004,173.059998,171.029999,172.919998,166.323456,31626200
2018-07-06,173.320007,175.740005,173.000000,175.610001,168.910843,37005600
2018-07-09,176.520004,177.229996,175.820007,177.190002,170.430588,27362100
2018-07-10,177.520004,177.720001,176.710007,177.320007,170.555603,23902500
2018-07-11,175.929993,177.070007,175.800003,176.419998,169.689926,30280600
2018-07-12,177.199997,179.460007,177.080002,179.460007,172.613968,27930100
2018-07-13,179.449997,179.899994,178.949997,179.610001,172.758255,28049800
2018-07-16,179.649994,179.949997,178.880005,179.179993,172.344620,21405300
2018-07-17,177.279999,180.649994,177.279999,180.270004,173.393066,31034100
2018-07-18,180.289993,180.440002,179.380005,179.929993,173.066040,23220800
2018-07-19,179.279999,179.880005,178.820007,179.029999,172.200424,31094100
2018-07-20,179.570007,180.169998,178.789993,178.990005,172.161896,35897300
2018-07-23,178.460007,179.639999,177.740005,179.559998,172.710144,22184700
2018-07-24,181.410004,182.050003,179.559998,180.300003,173.421906,36900300
2018-07-25,180.380005,182.929993,180.289993,182.820007,175.845795,35026600
2018-07-26,180.339996,180.919998,179.809998,180.050003,173.181427,40873500
2018-07-27,181.190002,181.309998,176.600006,177.619995,170.844162,59456100
2018-07-30,177.630005,177.729996,174.270004,175.110001,168.429886,60193000
2018-07-31,175.800003,177.130005,174.820007,176.449997,169.718796,47285100
2018-08-01,176.860001,177.649994,176.100006,177.119995,170.363251,37101900
2018-08-02,175.869995,179.740005,175.789993,179.529999,172.681259,47178200
2018-08-03,179.869995,180.089996,179.080002,180.080002,173.210266,28934400
2018-08-06,179.960007,181.190002,179.740005,181.139999,174.229858,24808800
2018-08-07,181.649994,182.139999,181.259995,181.800003,174.864670,29895700
2018-08-08,181.550003,182.350006,181.059998,182.020004,175.076355,22680700
2018-08-09,181.910004,182.630005,181.639999,181.910004,174.970520,18852900
2018-08-10,180.679993,181.220001,179.839996,180.520004,173.633530,33818500
2018-08-13,180.850006,182.009995,180.240005,180.320007,173.441132,26089200
2018-08-14,181.009995,181.660004,180.039993,181.449997,174.528061,20913000
2018-08-15,180.009995,180.580002,178.119995,179.229996,172.392746,58528000
2018-08-16,180.610001,180.990005,179.470001,179.820007,172.960220,27711800
2018-08-17,179.350006,180.309998,178.270004,179.860001,172.998718,36092600
2018-08-20,180.259995,180.330002,179.000000,179.699997,172.844818,24939000
2018-08-21,180.240005,181.440002,180.130005,180.360001,173.479645,26258700
2018-08-22,179.979996,181.270004,179.750000,181.059998,174.152954,18042400
2018-08-23,180.740005,182.050003,180.500000,180.800003,173.902832,25776200
2018-08-24,181.399994,182.630005,181.360001,182.479996,175.518738,23136100
2018-08-27,183.399994,184.339996,183.110001,184.339996,177.307831,29343600
2018-08-28,184.830002,185.020004,184.220001,184.610001,177.567520,20277000
2018-08-29,184.929993,186.839996,184.860001,186.740005,179.616226,29175600
2018-08-30,186.380005,187.520004,185.789993,186.410004,179.298859,29315500
2018-08-31,186.179993,187.179993,185.979996,186.649994,179.529678,28653200
2018-09-04,186.080002,186.399994,184.850006,185.850006,178.760193,29063500
2018-09-05,185.520004,185.550003,182.820007,183.449997,176.451782,42623300
2018-09-06,183.529999,183.750000,180.580002,181.809998,174.874298,46091400
2018-09-07,180.500000,182.669998,180.440002,181.110001,174.201035,46629500
2018-09-10,182.149994,182.250000,180.729996,181.720001,174.787704,26132000
2018-09-11,180.990005,183.419998,180.520004,183.119995,176.134354,30116500
2018-09-12,182.850006,182.979996,181.009995,182.580002,175.614929,36204000
2018-09-13,183.720001,184.880005,183.639999,184.529999,177.490570,31133200
2018-09-14,184.660004,184.949997,183.259995,183.990005,176.971146,31224100
2018-09-17,183.679993,183.809998,181.169998,181.339996,174.422241,33071200
2018-09-18,181.490005,183.729996,181.399994,182.839996,175.865005,31877300
2018-09-19,182.869995,183.300003,181.509995,182.699997,175.730331,31843400
2018-09-20,183.960007,184.970001,183.520004,184.720001,177.673340,33295800
2018-09-21,185.220001,185.479996,183.479996,183.710007,176.701843,38605400
2018-09-24,182.050003,183.960007,181.300003,183.889999,177.193253,34945600
2018-09-25,183.809998,184.279999,183.179993,184.139999,177.434143,25277500
2018-09-26,184.300003,185.990005,183.910004,184.270004,177.559464,36210600
2018-09-27,185.020004,186.490005,184.919998,185.830002,179.062576,33113300
2018-09-28,185.309998,186.279999,184.970001,185.789993,179.024094,28076800
2018-10-01,186.869995,187.529999,185.699997,186.169998,179.390213,27371300
2018-10-02,186.009995,187.179993,185.320007,185.750000,178.985489,25618600
2018-10-03,186.529999,186.970001,185.660004,185.949997,179.178253,29128700
2018-10-04,185.199997,185.320007,181.059998,182.380005,175.738235,80557300
2018-10-05,182.360001,182.970001,178.429993,180.149994,173.589447,83325600
2018-10-08,179.520004,180.639999,176.929993,179.050003,172.529510,66864500
2018-10-09,179.179993,181.020004,178.750000,179.630005,173.088440,49097900
2018-10-10,178.509995,178.619995,171.500000,171.729996,165.476059,114471100
2018-10-11,171.020004,173.399994,167.809998,169.600006,163.423691,143084500
2018-10-12,174.169998,174.860001,170.929993,174.320007,167.971771,102078400
2018-10-15,173.710007,174.039993,171.559998,172.210007,165.938599,64885300
2018-10-16,174.020004,177.649994,173.699997,177.220001,170.766113,71979700
2018-10-17,178.080002,178.259995,175.470001,177.289993,170.833633,66987600
2018-10-18,176.619995,176.679993,172.440002,173.179993,166.873306,82486200
2018-10-19,174.580002,176.070007,172.389999,173.020004,166.719116,82923700
2018-10-22,174.059998,175.250000,172.589996,173.910004,167.576736,52909300
2018-10-23,170.639999,174.130005,168.820007,173.270004,166.960022,77567000
2018-10-24,173.070007,173.360001,165.039993,165.339996,159.318787,102997400
2018-10-25,167.910004,172.080002,167.160004,171.059998,164.830521,83481100
2018-10-26,165.199997,169.960007,164.229996,166.660004,160.590729,130970900
2018-10-29,169.210007,169.860001,160.089996,163.229996,157.285660,111871900
2018-10-30,162.750000,166.039993,162.009995,165.919998,159.877670,92584000
2018-10-31,168.619995,171.250000,168.539993,169.820007,163.635620,73828600
2018-11-01,170.070007,172.240005,168.779999,172.059998,165.794083,52706800
2018-11-02,171.529999,172.550003,168.220001,169.380005,163.211700,75966800
2018-11-05,169.600006,169.660004,167.080002,168.960007,162.807022,39573500
2018-11-06,168.970001,171.190002,168.720001,170.240005,164.040344,34410400
2018-11-07,172.279999,175.580002,171.869995,175.580002,169.185883,51169600
2018-11-08,174.759995,175.300003,173.630005,174.460007,168.106674,40296500
2018-11-09,172.830002,173.250000,170.160004,171.520004,165.273727,50602700
2018-11-12,170.320007,170.639999,166.179993,166.330002,160.272781,62578400
2018-11-13,167.110001,169.479996,166.000000,166.470001,160.407639,64128100
2018-11-14,168.119995,168.699997,164.250000,165.199997,159.183914,75270700
2018-11-15,164.899994,168.539993,163.460007,168.089996,161.968613,73254300
2018-11-16,166.449997,168.309998,165.779999,167.500000,161.400131,65390700
2018-11-19,166.699997,166.899994,161.539993,162.059998,156.158264,67280500
2018-11-20,158.369995,161.380005,157.130005,159.160004,153.363876,102652800
2018-11-21,161.350006,161.970001,159.229996,160.369995,154.529785,42965800
2018-11-23,159.089996,160.839996,159.089996,159.210007,153.412048,23503700
2018-11-26,161.440002,162.970001,160.759995,162.889999,156.957993,42012600
2018-11-27,162.000000,163.850006,161.179993,163.440002,157.487976,36608100
2018-11-28,164.619995,168.699997,163.470001,168.699997,162.556412,70141000
2018-11-29,167.990005,169.259995,166.820007,168.149994,162.026443,44885700
2018-11-30,168.380005,169.470001,167.539993,169.369995,163.202026,36722800
2018-12-03,173.110001,173.309998,169.509995,172.330002,166.054260,50771700
2018-12-04,171.429993,171.910004,165.520004,165.720001,159.684921,70594700
2018-12-06,162.380005,166.910004,161.770004,166.889999,160.812363,71715500
2018-12-07,166.160004,167.119995,160.860001,161.380005,155.502975,80432200
2018-12-10,161.080002,163.779999,159.410004,163.070007,157.131454,73960800
2018-12-11,165.729996,165.770004,162.229996,163.610001,157.651794,59058300
2018-12-12,166.000000,167.600006,164.960007,165.050003,159.039368,53780000
2018-12-13,166.130005,166.820007,164.029999,165.100006,159.087555,46378500
2018-12-14,163.210007,163.809998,160.699997,161.080002,155.213943,56547400
2018-12-17,160.389999,161.669998,156.169998,157.429993,151.696884,74834100
2018-12-18,158.649994,159.949997,157.039993,158.419998,152.650803,63642100
2018-12-19,158.179993,160.720001,153.339996,154.529999,148.902466,81856500
2018-12-20,154.149994,155.869995,150.389999,152.289993,146.744003,99002100
2018-12-21,153.050003,154.089996,146.720001,147.570007,142.195953,141129400
2018-12-24,146.080002,147.979996,143.460007,143.500000,138.669754,56163300
2018-12-26,145.080002,152.539993,144.089996,152.460007,147.328140,98982100
2018-12-27,150.369995,153.179993,147.080002,153.050003,147.898315,85824300
2018-12-28,154.149994,155.589996,151.720001,152.970001,147.820999,77856600
2018-12-31,154.470001,154.979996,152.710007,154.259995,149.067566,53015300
2019-01-02,150.990005,155.750000,150.880005,154.880005,149.666687,58576700
2019-01-03,152.600006,153.259995,149.490005,149.820007,144.777008,74820200
2019-01-04,152.339996,157.000000,151.740005,156.229996,150.971252,74709300
2019-01-07,156.619995,158.860001,156.110001,158.089996,152.768646,52059300
2019-01-08,159.539993,160.110001,157.199997,159.520004,154.150528,49388700
2019-01-09,160.139999,161.520004,159.470001,160.820007,155.406769,46491700
2019-01-10,159.600006,161.369995,158.699997,161.279999,155.851242,38943400
2019-01-11,160.330002,160.860001,159.789993,160.690002,155.281097,30176600
2019-01-14,159.330002,159.960007,158.589996,159.270004,153.908951,30710200
2019-01-15,160.000000,162.600006,159.910004,162.380005,156.914276,40874200
2019-01-16,162.649994,163.779999,162.289993,162.350006,156.885254,33812200
2019-01-17,161.830002,164.360001,161.570007,163.630005,158.122192,39329000
2019-01-18,164.779999,166.020004,163.820007,165.250000,159.687653,57183200
2019-01-22,164.059998,164.139999,160.759995,161.940002,156.489059,56711700
2019-01-23,162.770004,163.509995,160.320007,162.149994,156.691971,38106100
2019-01-24,162.679993,163.440002,162.059998,163.199997,157.706635,32417800
2019-01-25,164.509995,165.649994,163.949997,165.149994,159.591003,36515900
2019-01-28,163.020004,163.119995,161.750000,163.110001,157.619675,33491200
2019-01-29,163.199997,163.240005,160.990005,161.570007,156.131485,30784200
2019-01-30,163.399994,166.279999,162.889999,165.679993,160.103180,41346500
2019-01-31,166.699997,168.990005,166.470001,168.160004,162.499710,37258400
2019-02-01,167.330002,168.600006,166.990005,167.449997,161.813599,32143700
2019-02-04,167.479996,169.529999,167.330002,169.529999,163.823578,26718800
2019-02-05,169.759995,171.229996,169.690002,171.029999,165.273071,28156400
2019-02-06,171.070007,171.369995,169.750000,170.520004,164.780273,27970000
2019-02-07,169.029999,169.449997,166.949997,168.229996,162.567337,42036200
2019-02-08,166.759995,168.589996,166.570007,168.559998,162.886230,29020700
2019-02-11,169.169998,169.580002,167.979996,168.399994,162.731552,21434100
2019-02-12,169.630005,171.139999,169.330002,170.889999,165.137817,29722100
2019-02-13,171.649994,172.160004,170.820007,171.009995,165.253738,26094100
2019-02-14,170.399994,171.830002,169.830002,171.220001,165.456741,30326800
2019-02-15,172.520004,172.559998,171.139999,171.940002,166.152481,32521700
2019-02-19,171.410004,172.800003,171.380005,172.279999,166.481033,19487700
2019-02-20,172.399994,173.080002,171.320007,172.250000,166.452011,32593000
2019-02-21,171.789993,172.259995,170.710007,171.619995,165.843216,25207400
2019-02-22,171.990005,173.009995,171.899994,172.889999,167.070450,27735400
2019-02-25,174.210007,174.660004,173.399994,173.520004,167.679291,32608800
2019-02-26,173.100006,174.250000,172.809998,173.699997,167.853226,21939700
2019-02-27,172.899994,173.800003,171.759995,173.589996,167.746933,25162000
2019-02-28,173.050003,173.809998,172.699997,173.190002,167.360397,25085500
2019-03-01,174.440002,174.649994,173.179993,174.389999,168.519989,31431200
2019-03-04,175.539993,175.789993,172.470001,174.419998,168.548996,38063500
2019-03-05,174.550003,175.089996,173.690002,174.550003,168.674622,22319900
2019-03-06,174.720001,174.750000,173.279999,173.559998,167.717926,27194600
2019-03-07,173.119995,173.179993,170.789993,171.429993,165.659622,39407400
2019-03-08,169.509995,171.259995,169.339996,171.169998,165.408386,39303200
2019-03-11,171.880005,174.850006,171.850006,174.729996,168.848526,30518400
2019-03-12,175.190002,176.139999,174.770004,175.690002,169.776169,33953500
2019-03-13,176.600006,177.929993,176.350006,177.009995,171.051788,42426100
2019-03-14,177.130005,177.339996,176.660004,176.710007,170.761902,23751500
2019-03-15,177.399994,178.880005,177.279999,178.350006,172.346710,38192000
2019-03-18,177.949997,178.990005,177.589996,178.449997,172.757172,32935100
2019-03-19,179.179993,180.000000,178.289993,179.050003,173.338013,36893300
2019-03-20,179.059998,180.860001,178.240005,179.759995,174.025391,50105000
2019-03-21,179.220001,182.830002,179.199997,182.570007,176.745743,42428500
2019-03-22,181.779999,182.270004,178.369995,178.559998,172.863647,70794500
2019-03-25,177.910004,178.839996,176.929993,178.220001,172.534515,46336500
2019-03-26,179.600006,180.690002,178.139999,179.050003,173.338013,33248100
2019-03-27,179.320007,179.720001,176.600006,177.899994,172.224686,37096700
2019-03-28,178.360001,178.979996,177.240005,178.309998,172.621643,30368200
2019-03-29,179.690002,179.830002,178.589996,179.660004,173.928574,35205500
2019-04-01,181.509995,182.259995,180.770004,182.039993,176.232635,30969500
2019-04-02,182.240005,182.910004,181.779999,182.729996,176.900665,22645200
2019-04-03,183.759995,184.919998,183.210007,183.779999,177.917084,31633500
2019-04-04,183.830002,184.500000,182.649994,183.710007,177.849396,28530800
2019-04-05,184.240005,184.770004,184.020004,184.660004,178.769058,25674700
2019-04-08,184.360001,185.279999,183.630005,185.130005,179.224045,22697500
2019-04-09,184.500000,185.110001,184.089996,184.479996,178.594788,25631900
2019-04-10,184.720001,185.529999,184.520004,185.470001,179.553238,24563000
2019-04-11,185.779999,185.779999,184.690002,185.029999,179.127228,20654100
2019-04-12,185.850006,185.949997,185.059998,185.830002,179.901733,24989100
2019-04-15,185.839996,186.070007,184.619995,185.860001,179.930771,21073000
2019-04-16,186.539993,186.910004,185.929993,186.500000,180.550339,27195700
2019-04-17,187.750000,187.929993,186.600006,187.149994,181.179611,29651600
2019-04-18,187.460007,187.789993,186.289993,187.389999,181.411926,28580900
2019-04-22,186.570007,187.990005,186.429993,187.919998,181.925064,17936000
2019-04-23,188.399994,190.539993,188.130005,190.309998,184.238785,33665600
2019-04-24,190.470001,190.710007,189.649994,189.710007,183.657944,24977100
2019-04-25,191.130005,191.220001,189.449997,190.479996,184.403366,29517500
2019-04-26,190.179993,190.690002,188.589996,190.649994,184.567963,26359500
2019-04-29,190.649994,191.320007,190.339996,191.020004,184.926193,21716200
2019-04-30,189.479996,189.850006,188.210007,189.539993,183.493347,31495300
2019-05-01,190.779999,191.320007,188.800003,188.929993,182.902802,34797100
2019-05-02,188.869995,189.850006,186.869995,188.110001,182.109009,44110100
2019-05-03,189.669998,191.250000,189.330002,191.110001,185.013321,30386200
2019-05-06,187.050003,190.199997,186.759995,189.940002,183.880615,38371800
2019-05-07,187.869995,188.669998,184.509995,186.240005,180.298660,58818100
2019-05-08,185.630005,187.169998,184.960007,185.770004,179.843628,37165300
2019-05-09,183.699997,185.410004,182.089996,184.770004,178.875534,55351700
2019-05-10,184.110001,185.889999,181.029999,185.000000,179.098236,58526400
2019-05-13,180.289993,181.259995,178.059998,178.580002,172.883041,67185800
2019-05-14,179.520004,181.630005,178.860001,180.539993,174.780457,43360600
2019-05-15,179.350006,183.550003,179.309998,183.089996,177.249146,40944500
2019-05-16,183.169998,186.070007,182.949997,184.929993,179.030426,39281200
2019-05-17,183.100006,185.580002,182.880005,183.039993,177.200745,44702300
2019-05-20,180.490005,181.179993,179.339996,179.949997,174.209305,38608300
2019-05-21,181.500000,182.330002,180.919998,181.830002,176.029327,31613800
2019-05-22,180.820007,182.070007,180.750000,181.020004,175.245178,24332600
2019-05-23,178.940002,179.020004,177.139999,178.250000,172.563507,45351300
2019-05-24,179.210007,179.850006,177.940002,178.160004,172.476410,25903300
2019-05-28,178.660004,179.660004,177.470001,177.490005,171.827759,24763800
2019-05-29,176.389999,177.000000,175.089996,176.029999,170.414368,42178800
2019-05-30,176.500000,177.270004,175.770004,176.770004,171.130768,30354800
2019-05-31,174.690002,175.289993,173.869995,173.949997,168.400681,45446200
2019-06-03,173.479996,173.949997,169.270004,170.119995,164.692932,75842300
2019-06-04,172.029999,174.970001,171.369995,174.910004,169.330093,47797800
2019-06-05,176.580002,176.610001,174.380005,176.210007,170.588608,34412700
2019-06-06,176.509995,178.039993,175.729996,177.610001,171.943970,29913200
2019-06-07,178.559998,181.770004,178.330002,181.039993,175.264496,45888300
2019-06-10,182.250000,184.850006,182.210007,183.149994,177.307220,41385300
2019-06-11,185.059998,185.399994,182.779999,183.399994,177.549210,41260300
2019-06-12,182.899994,183.279999,182.000000,182.339996,176.523056,27758100
2019-06-13,183.100006,183.869995,182.740005,183.419998,177.568619,23715800
2019-06-14,182.479996,183.110001,181.940002,182.639999,176.813522,22844100
2019-06-17,183.039993,184.250000,182.839996,183.740005,177.878403,20379500
2019-06-18,185.910004,187.720001,185.429993,186.410004,180.463242,48177300
2019-06-19,186.660004,187.529999,185.570007,187.110001,181.140884,31672900
2019-06-20,189.720001,189.759995,187.160004,188.850006,182.825394,40922000
2019-06-21,188.630005,189.770004,188.169998,188.570007,182.554337,39980400
2019-06-24,188.529999,188.720001,188.059998,188.160004,182.560150,19375200
2019-06-25,188.029999,188.139999,184.649994,184.929993,179.426239,33921100
2019-06-26,186.160004,187.330002,185.490005,185.789993,180.260666,22595700
2019-06-27,186.460007,186.940002,185.990005,186.500000,180.949570,19709200
2019-06-28,186.949997,187.149994,186.070007,186.740005,181.182419,21179200
2019-07-01,190.320007,190.570007,188.380005,189.259995,183.627426,31025600
2019-07-02,189.199997,190.029999,188.660004,190.009995,184.355072,18035800
2019-07-03,190.490005,191.440002,190.289993,191.440002,185.742523,15792100
2019-07-05,190.130005,191.399994,189.389999,191.050003,185.364136,21415600
2019-07-08,189.809998,189.869995,188.929993,189.710007,184.064011,17598800
2019-07-09,188.809998,190.899994,188.649994,190.660004,184.985748,19193500
2019-07-10,191.820007,193.089996,191.470001,192.559998,186.829208,28374500
2019-07-11,192.850006,193.339996,191.809998,192.419998,186.693344,23736100
2019-07-12,192.630005,193.539993,192.449997,193.529999,187.770325,20211900
2019-07-15,193.979996,194.190002,193.440002,194.149994,188.371887,15606100
2019-07-16,193.910004,194.089996,192.559998,193.149994,187.401627,20190900
2019-07-17,193.149994,193.490005,192.179993,192.199997,186.479919,16765100
2019-07-18,191.289993,192.789993,190.690002,192.419998,186.693344,28877000
2019-07-19,193.740005,193.830002,190.809998,191.009995,185.325317,29387900
2019-07-22,191.440002,192.940002,191.440002,192.529999,186.800064,18954900
2019-07-23,193.580002,193.809998,192.289993,193.789993,188.022583,23786700
2019-07-24,193.050003,195.160004,193.029999,195.149994,189.342087,20422900
2019-07-25,194.490005,194.520004,192.929993,193.300003,187.547180,23434700
2019-07-26,194.529999,195.550003,194.429993,195.289993,189.477936,20431200
2019-07-29,195.110001,195.179993,193.389999,194.619995,188.827866,20451700
2019-07-30,193.130005,194.539993,192.990005,193.779999,188.012848,18705000
2019-07-31,194.300003,194.429993,189.320007,191.100006,185.412643,41627500
2019-08-01,191.429993,194.979996,189.229996,190.149994,184.490906,63251600
2019-08-02,188.720001,188.990005,186.210007,187.350006,181.774246,55214000
2019-08-05,183.429993,183.509995,179.199997,180.729996,175.351288,75040000
2019-08-06,182.399994,183.800003,181.070007,183.259995,177.805984,41897200
2019-08-07,181.270004,184.509995,179.889999,184.250000,178.766495,49990600
2019-08-08,185.080002,188.320007,184.570007,188.259995,182.657150,38418100
2019-08-09,187.360001,188.000000,185.029999,186.490005,180.939880,33608900
2019-08-12,185.339996,185.899994,183.500000,184.350006,178.863525,24642900
2019-08-13,184.190002,189.679993,184.020004,188.389999,182.783310,40241900
2019-08-14,185.360001,185.949997,182.419998,182.759995,177.320847,51000500
2019-08-15,183.000000,183.589996,181.160004,182.550003,177.117065,36685000
2019-08-16,184.210007,185.949997,184.100006,185.479996,179.959900,32781400
2019-08-19,188.160004,188.830002,187.500000,188.429993,182.822098,22494100
2019-08-20,187.960007,188.639999,186.919998,186.970001,181.405563,19902900
2019-08-21,188.610001,189.229996,187.960007,188.630005,183.016144,20418500
2019-08-22,188.979996,189.460007,186.539993,188.020004,182.424347,24243700
2019-08-23,186.740005,188.449997,181.559998,182.070007,176.651398,55372400
2019-08-26,184.139999,184.869995,183.080002,184.820007,179.319565,27598900
2019-08-27,186.110001,186.419998,183.710007,184.429993,178.941147,28012800
2019-08-28,183.830002,185.399994,182.910004,185.089996,179.581512,21792400
2019-08-29,187.389999,188.460007,186.679993,187.919998,182.327271,25358900
2019-08-30,188.929993,188.970001,186.410004,187.470001,181.890656,26319800
2019-09-03,186.220001,187.179993,185.029999,185.649994,180.124832,27964200
2019-09-04,187.440002,188.490005,186.899994,188.330002,182.725098,21592100
2019-09-05,190.410004,192.330002,190.339996,191.779999,186.072403,33932600
2019-09-06,192.100006,192.169998,191.169998,191.589996,185.888016,19487800
2019-09-09,192.190002,192.270004,190.220001,191.190002,185.500000,24407600
2019-09-10,190.160004,190.740005,188.910004,190.639999,184.966354,23744700
2019-09-11,191.000000,192.529999,190.559998,192.429993,186.703094,25063600
2019-09-12,193.610001,194.710007,192.970001,193.229996,187.479248,28689900
2019-09-13,192.949997,193.399994,192.289993,192.539993,186.809753,27669800
2019-09-16,191.300003,192.080002,191.110001,191.679993,185.975372,20319000
2019-09-17,191.699997,192.600006,191.289993,192.600006,186.868011,20953400
2019-09-18,192.199997,192.600006,190.110001,192.520004,186.790390,29781300
2019-09-19,192.860001,194.039993,192.470001,192.839996,187.100830,26039400
2019-09-20,193.110001,193.309998,190.160004,190.800003,185.121597,29086100
2019-09-23,190.360001,191.070007,189.720001,190.500000,185.203262,22485900
2019-09-24,191.369995,191.789993,187.149994,187.970001,182.743591,40820700
2019-09-25,187.779999,190.580002,186.210007,190.080002,184.794891,34704900
2019-09-26,189.830002,190.000000,187.979996,189.380005,184.114380,26826000
2019-09-27,189.729996,189.830002,185.750000,187.029999,181.829712,40773500
2019-09-30,187.789993,189.110001,187.399994,188.809998,183.560226,26307700
2019-10-01,189.500000,190.589996,186.960007,187.270004,182.063034,32367600
2019-10-02,186.000000,186.029999,183.020004,184.050003,178.932556,48544300
2019-10-03,184.029999,186.210007,181.820007,186.070007,180.896393,39392500
2019-10-04,187.080002,189.080002,186.880005,188.809998,183.560226,31887600
2019-10-07,188.270004,189.740005,187.910004,188.240005,183.006104,21216000
2019-10-08,187.059998,187.860001,185.270004,185.419998,180.264481,32379300
2019-10-09,186.990005,188.080002,186.429993,187.229996,182.024124,20147400
2019-10-10,187.279999,189.429993,187.119995,188.679993,183.433838,25177700
2019-10-11,190.830002,192.630005,190.720001,191.110001,185.796249,40976700
2019-10-14,190.839996,191.699997,190.649994,191.089996,185.776855,14975000
2019-10-15,191.679993,193.970001,191.559998,193.520004,188.139252,23234200
2019-10-16,192.860001,193.529999,192.429993,193.039993,187.672607,20457100
2019-10-17,194.199997,194.500000,192.809998,193.550003,188.168427,19045200
2019-10-18,193.199997,193.669998,190.710007,191.690002,186.360153,27700800
2019-10-21,192.710007,193.520004,192.139999,193.389999,188.012848,15801200
2019-10-22,194.149994,194.419998,191.789993,191.850006,186.515686,22392300
2019-10-23,191.460007,192.259995,191.149994,192.220001,186.875397,14828400
2019-10-24,193.589996,194.210007,192.740005,194.089996,188.693390,18998500
2019-10-25,193.089996,195.740005,193.050003,195.639999,190.200317,21507100
2019-10-28,196.550003,197.830002,196.550003,197.570007,192.076675,18818700
2019-10-29,197.240005,197.539993,196.009995,196.039993,190.589218,18569700
2019-10-30,196.419998,197.320007,195.289993,196.990005,191.512787,21764300
2019-10-31,197.559998,197.649994,195.940002,197.080002,191.600235,26801800
2019-11-01,197.929993,198.880005,197.630005,198.869995,193.340500,22131900
2019-11-04,200.190002,200.529999,198.869995,200.100006,194.536301,19015900
2019-11-05,200.350006,200.550003,199.550003,200.210007,194.643280,15048900
2019-11-06,199.979996,200.000000,198.789993,199.759995,194.205750,19725500
2019-11-07,200.759995,201.720001,199.850006,200.429993,194.857117,17832400
2019-11-08,200.070007,201.250000,199.539993,201.229996,195.634888,15258800
2019-11-11,200.210007,201.039993,199.940002,200.960007,195.372406,10147600
2019-11-12,201.130005,202.210007,200.820007,201.539993,195.936264,14778300
2019-11-13,200.839996,201.779999,200.710007,201.589996,195.984879,15774600
2019-11-14,200.830002,201.559998,200.220001,201.429993,195.829346,16945400
2019-11-15,202.649994,202.910004,202.000000,202.910004,197.268143,18427900
2019-11-18,202.589996,203.389999,201.770004,203.070007,197.423752,18365900
2019-11-19,203.839996,203.839996,202.589996,203.369995,197.715393,16923300
2019-11-20,202.839996,203.449997,200.619995,202.149994,196.529312,36629000
2019-11-21,201.929993,202.070007,201.070007,201.699997,196.091858,17883600
2019-11-22,202.199997,202.320007,200.740005,201.830002,196.218185,17189600
2019-11-25,202.699997,204.259995,202.669998,204.220001,198.541779,17752800
2019-11-26,204.350006,204.869995,204.050003,204.610001,198.920944,14780600
2019-11-27,205.139999,206.050003,204.889999,206.039993,200.311142,16963100
2019-11-29,205.520004,205.830002,205.000000,205.100006,199.397278,9854600
2019-12-02,205.110001,205.179993,201.779999,203.000000,197.355682,28007000
2019-12-03,200.210007,201.490005,199.229996,201.410004,195.809875,31104100
2019-12-04,202.440002,202.910004,202.139999,202.429993,196.801529,15300100
2019-12-05,203.149994,203.149994,201.839996,202.830002,197.190399,14962300
2019-12-06,204.309998,205.149994,204.149994,205.000000,199.300034,16555300
2019-12-09,204.630005,205.589996,203.979996,204.070007,198.395935,13984100
2019-12-10,204.169998,204.880005,203.440002,203.899994,198.230652,21799800
2019-12-11,204.360001,205.190002,204.039993,204.979996,199.280640,18780800
2019-12-12,204.770004,207.320007,204.490005,206.509995,200.768066,32612000
2019-12-13,206.399994,207.910004,205.960007,207.190002,201.429169,32519400
2019-12-16,208.550003,209.529999,208.479996,209.270004,203.451340,21296600
2019-12-17,209.539993,209.710007,209.039993,209.389999,203.568008,15996100
2019-12-18,209.570007,210.130005,209.330002,209.550003,203.723602,15443300
2019-12-19,209.639999,210.929993,209.619995,210.860001,204.997147,17865900
2019-12-20,211.860001,212.520004,211.270004,211.710007,205.823532,27672600
2019-12-23,212.000000,212.149994,211.630005,211.809998,206.367157,23774700
2019-12-24,212.000000,212.089996,211.440002,211.919998,206.474335,7089000
2019-12-26,212.259995,213.809998,212.229996,213.789993,208.296280,17067500
2019-12-27,214.539993,214.559998,213.039993,213.610001,208.120911,18134100
2019-12-30,213.500000,213.630005,211.160004,212.210007,206.756912,21815500
2019-12-31,211.529999,212.759995,211.199997,212.610001,207.146561,18170900
2020-01-02,214.399994,216.160004,213.979996,216.160004,210.605392,30969400
2020-01-03,213.300003,215.470001,213.279999,214.179993,208.676254,27518900
2020-01-06,212.500000,215.589996,212.240005,215.559998,210.020813,21655300
2020-01-07,215.639999,216.139999,214.850006,215.529999,209.991577,22139300
2020-01-08,215.500000,218.139999,215.160004,217.149994,211.569901,26397300
2020-01-09,218.940002,219.410004,217.710007,218.990005,213.362686,23547000
2020-01-10,219.850006,219.869995,218.039993,218.429993,212.817017,21898500
2020-01-13,219.330002,220.979996,218.979996,220.949997,215.272308,22756900
2020-01-14,220.839996,221.210007,219.740005,220.080002,214.424652,24418100
2020-01-15,220.199997,221.199997,219.449997,220.169998,214.512329,25742100
2020-01-16,221.270004,222.320007,220.800003,222.279999,216.568100,18805000
2020-01-17,223.279999,223.559998,222.119995,223.380005,217.639847,24325200
2020-01-21,222.759995,223.839996,222.660004,223.279999,217.542419,21146300
2020-01-22,224.410004,225.149994,223.589996,223.869995,218.117264,20736400
2020-01-23,223.740005,224.690002,222.699997,224.589996,218.818756,26496100
2020-01-24,225.639999,225.880005,221.669998,222.699997,216.977310,37436500
2020-01-27,217.669998,219.279999,217.179993,218.100006,212.495544,42264400
2020-01-28,219.639999,221.960007,219.059998,221.449997,215.759460,26731900
2020-01-29,222.679993,222.929993,220.830002,221.809998,216.110184,28924500
2020-01-30,220.380005,222.699997,219.690002,222.600006,216.879898,39568100
2020-01-31,223.529999,223.559998,218.289993,219.070007,213.440582,52015800
2020-02-03,220.139999,222.889999,219.990005,222.380005,216.665543,25408600
2020-02-04,225.419998,227.860001,224.649994,227.470001,221.624741,30691200
2020-02-05,230.210007,230.250000,226.850006,228.220001,222.355453,38534800
2020-02-06,228.789993,230.250000,227.979996,230.190002,224.274857,22467100
2020-02-07,229.160004,230.440002,228.539993,229.199997,223.310287,25884900
2020-02-10,228.440002,231.979996,228.380005,231.970001,226.009094,21478900
2020-02-11,233.250000,234.020004,231.399994,232.009995,226.048080,30198000
2020-02-12,233.380005,234.380005,232.800003,234.270004,228.250000,24471300
2020-02-13,232.639999,234.929993,232.360001,233.970001,227.957703,22773200
2020-02-14,234.339996,234.860001,233.550003,234.639999,228.610489,23438500
2020-02-18,233.500000,235.169998,233.250000,234.729996,228.698166,24394500
2020-02-19,236.130005,237.470001,235.850006,236.979996,230.890381,22230500
2020-02-20,236.460007,236.949997,231.880005,234.779999,228.746902,42604000
2020-02-21,233.610001,234.009995,229.320007,230.270004,224.352768,66017200
2020-02-24,221.679993,224.250000,220.259995,221.389999,215.701004,84522600
2020-02-25,223.250000,223.990005,214.740005,215.369995,209.835632,97743000
2020-02-26,216.710007,220.279999,214.899994,216.479996,210.917160,79537700
2020-02-27,210.899994,216.419998,205.500000,205.639999,200.355682,121822600
2020-02-28,198.639999,207.169998,198.169998,205.800003,200.511597,148173700
2020-03-02,208.880005,216.570007,205.940002,216.419998,210.858673,112933900
2020-03-03,217.110001,219.610001,207.619995,209.479996,204.097015,131953500
2020-03-04,213.320007,218.330002,211.369995,218.220001,212.612427,73086200
2020-03-05,212.690002,216.360001,210.100006,211.589996,206.152802,78705500
2020-03-06,204.669998,209.149994,202.910004,208.020004,202.674561,89828400
2020-03-09,193.479996,201.160004,192.110001,193.570007,188.595886,116424000
2020-03-10,201.110001,204.300003,193.679993,204.110001,198.865051,100599200
2020-03-11,199.350006,200.750000,192.729996,195.220001,190.203476,89168800
2020-03-12,182.089996,190.779999,176.940002,177.320007,172.763428,137820700
2020-03-13,187.070007,194.479996,178.130005,192.339996,187.397491,134882000
2020-03-16,174.149994,184.679993,169.160004,169.300003,164.949554,92054400
2020-03-17,175.470001,184.389999,169.779999,182.139999,177.459595,121257100
2020-03-18,171.610001,179.220001,166.800003,176.600006,172.061966,114156300
2020-03-19,175.690002,183.490005,171.630005,177.660004,173.094666,120896500
2020-03-20,181.740005,182.869995,170.100006,170.699997,166.313538,118983900
2020-03-23,170.919998,174.210007,164.929993,170.460007,166.433640,124639800
2020-03-24,179.910004,183.830002,177.949997,183.660004,179.321869,94881800
2020-03-25,184.419998,189.509995,179.979996,182.300003,177.993973,88754900
2020-03-26,183.869995,192.720001,183.610001,191.899994,187.367233,79887600
2020-03-27,186.929993,190.509995,184.660004,185.300003,180.923126,58845000
2020-03-30,187.059998,192.490005,186.339996,192.039993,187.503937,49356900
2020-03-31,191.720001,195.250000,189.199997,190.399994,185.902618,62659300
2020-04-01,184.770004,187.660004,180.860001,182.309998,178.003799,53715400
2020-04-02,181.240005,190.100006,180.970001,186.009995,181.616333,56465300
2020-04-03,185.550003,187.070007,181.289993,183.369995,179.038681,47487600
2020-04-06,190.479996,197.649994,189.190002,196.479996,191.839035,64763500
2020-04-07,202.369995,202.660004,196.000000,196.399994,191.760925,69904500
2020-04-08,198.149994,201.169998,196.169998,200.570007,195.832458,45940400
2020-04-09,202.350006,203.220001,199.029999,200.860001,196.115570,68252600
2020-04-13,200.000000,203.419998,198.750000,203.029999,198.234329,42853900
2020-04-14,207.229996,212.500000,206.419998,211.860001,206.855759,63959600
2020-04-15,208.479996,211.830002,207.119995,209.429993,204.483139,47036000
2020-04-16,211.690002,214.369995,209.690002,213.250000,208.212906,64657400
2020-04-17,216.169998,216.509995,212.080002,215.289993,210.204742,62863200
2020-04-20,213.360001,215.880005,212.570007,212.740005,207.714996,38249100
2020-04-21,210.600006,211.160004,203.630005,204.889999,200.050415,72932800
2020-04-22,209.100006,212.350006,208.330002,210.970001,205.986786,40089100
2020-04-23,211.789993,214.440002,210.100006,210.520004,205.547394,43278500
2020-04-24,210.970001,214.300003,209.500000,213.839996,208.788956,34231900
2020-04-27,216.190002,216.630005,214.500000,215.559998,210.468323,36451700
2020-04-28,217.320007,217.320007,211.210007,211.500000,206.504272,46862800
2020-04-29,216.190002,219.970001,215.139999,219.000000,213.827087,48716400
2020-04-30,219.949997,220.039993,217.350006,218.910004,213.739258,43359500
2020-05-01,214.500000,216.669998,211.679993,212.740005,207.714996,48795000
2020-05-04,211.460007,215.449997,211.119995,215.220001,210.136383,32841000
2020-05-05,217.440002,220.139999,216.850006,217.660004,212.518753,37783100
2020-05-06,219.399994,221.039993,218.110001,219.000000,213.827087,36455200
2020-05-07,221.820007,222.729996,220.419998,221.820007,216.580475,38624800
2020-05-08,223.550003,225.000000,222.479996,224.860001,219.548691,31852300
2020-05-11,223.490005,227.929993,223.250000,226.869995,221.511185,35714100
2020-05-12,227.490005,228.100006,222.089996,222.119995,216.873398,41054100
2020-05-13,222.660004,224.610001,216.710007,219.339996,214.159103,65521200
2020-05-14,217.970001,221.869995,215.990005,221.830002,216.590271,51549300
2020-05-15,218.779999,223.330002,218.330002,223.270004,217.996246,55747200
2020-05-18,226.279999,228.679993,225.470001,227.429993,222.057983,42398100
2020-05-19,227.699997,229.850006,226.710007,226.860001,221.501434,36237300
2020-05-20,229.500000,231.759995,229.479996,231.389999,225.924484,37417000
2020-05-21,231.440002,232.139999,228.339996,228.869995,223.463959,43642900
2020-05-22,228.449997,229.869995,227.500000,229.660004,224.235275,28762400
2020-05-26,233.360001,233.570007,228.789993,229.039993,223.629913,33055300
2020-05-27,228.690002,230.410004,223.940002,230.289993,224.850388,55665600
2020-05-28,229.110001,233.470001,229.050003,229.990005,224.557495,42784300
2020-05-29,230.380005,233.600006,228.759995,233.360001,227.847916,50691800
2020-06-01,232.460007,234.449997,232.000000,234.059998,228.531403,25776000
2020-06-02,234.500000,235.690002,232.009995,235.630005,230.064316,33383400
2020-06-03,236.259995,237.470001,235.350006,236.690002,231.099258,37228700
2020-06-04,236.330002,237.789993,233.679993,235.029999,229.478455,38716100
2020-06-05,236.220001,240.300003,235.630005,239.690002,234.028412,47365600
2020-06-08,239.539993,241.679993,237.910004,241.550003,235.844482,32937300
2020-06-09,240.660004,244.179993,240.470001,243.300003,237.553131,35046300
2020-06-10,245.050003,247.820007,244.509995,246.220001,240.404160,58084400
2020-06-11,242.160004,243.589996,233.960007,234.020004,228.492325,72919400
2020-06-12,239.089996,240.399994,231.740005,235.880005,230.308426,72034800
2020-06-15,232.440002,239.449997,231.470001,238.750000,233.110611,45307400
2020-06-16,243.779999,244.389999,239.100006,242.850006,237.113770,48890100
2020-06-17,244.399994,245.500000,242.729996,243.619995,237.865585,34749300
2020-06-18,243.289993,244.529999,242.490005,244.279999,238.509979,30578600
2020-06-19,246.729996,247.000000,242.449997,244.240005,238.470932,49422100
2020-06-22,243.679993,246.869995,243.380005,246.740005,241.330856,24068700
2020-06-23,248.389999,251.149994,247.820007,248.839996,243.384766,32767400
2020-06-24,248.059998,249.330002,242.160004,243.710007,238.367249,46032400
2020-06-25,243.800003,246.339996,241.139999,246.029999,240.636368,36940800
2020-06-26,245.779999,245.960007,239.679993,240.220001,234.953766,52824600
2020-06-29,239.970001,242.850006,237.350006,242.839996,237.516296,34377800
2020-06-30,242.770004,248.160004,242.580002,247.600006,242.171997,38909200
2020-07-01,247.639999,251.520004,247.080002,250.490005,244.998642,34689200
2020-07-02,253.020004,254.270004,251.710007,252.190002,246.661301,31956500
2020-07-06,255.449997,258.929993,255.429993,258.390015,252.725418,34589000
2020-07-07,258.130005,260.880005,256.299988,256.609985,250.984436,36578200
2020-07-08,257.980011,260.019989,256.500000,259.989990,254.290298,30426300
2020-07-09,261.970001,262.869995,257.630005,262.179993,256.432343,40312900
2020-07-10,262.029999,264.230011,259.260010,263.970001,258.183105,32885300
2020-07-13,266.910004,269.790009,257.690002,258.540009,252.872147,64108100
2020-07-14,255.929993,260.790009,252.759995,260.369995,254.662048,72230500
2020-07-15,261.829987,262.690002,257.489990,260.899994,255.180374,54523900
2020-07-16,258.019989,259.779999,255.619995,259.119995,253.439468,47594100
2020-07-17,259.589996,260.309998,257.170013,259.420013,253.732864,35137900
2020-07-20,260.079987,267.429993,258.790009,266.779999,260.931458,40610100
2020-07-21,268.399994,268.410004,263.130005,264.000000,258.212433,43243800
2020-07-22,264.510010,265.890015,262.549988,264.929993,259.122070,29865500
2020-07-23,264.510010,265.239990,256.549988,258.010010,252.353775,51363500
2020-07-24,254.039993,256.929993,251.320007,255.559998,249.957474,54054500
2020-07-27,257.260010,260.519989,256.450012,260.119995,254.417480,36445700
2020-07-28,259.309998,259.850006,256.510010,256.809998,251.180038,31302400
2020-07-29,258.399994,260.660004,257.910004,259.769989,254.075150,27556900
2020-07-30,257.739990,261.709991,256.549988,261.130005,255.405411,41774500
2020-07-31,265.910004,265.950012,260.850006,265.790009,259.963196,53686300
2020-08-03,268.000000,270.149994,267.869995,269.380005,263.474487,32081600
2020-08-04,268.859985,270.480011,268.089996,270.380005,264.452606,24911300
2020-08-05,270.880005,271.519989,269.959991,271.049988,265.107849,21612100
2020-08-06,270.850006,274.980011,270.190002,274.640015,268.619232,28048200
2020-08-07,274.079987,274.880005,269.250000,271.470001,265.518616,44969400
2020-08-10,271.769989,271.980011,266.670013,270.309998,264.384155,35088400
2020-08-11,269.109985,270.440002,264.630005,265.190002,259.376404,43104300
2020-08-12,267.420013,272.839996,267.369995,271.859985,265.900085,38773400
2020-08-13,272.660004,274.829987,271.510010,272.480011,266.506531,31895700
2020-08-14,273.119995,273.399994,270.720001,272.160004,266.193604,30799500
2020-08-17,273.929993,275.839996,272.200012,275.320007,269.284271,24803000
2020-08-18,276.420013,278.459991,274.910004,277.970001,271.876129,23529500
2020-08-19,277.929993,279.019989,275.570007,276.100006,270.047150,31999400
2020-08-20,275.279999,280.429993,274.859985,279.929993,273.793243,27723400
2020-08-21,280.130005,282.339996,279.459991,281.869995,275.690704,34748900
2020-08-24,285.250000,286.000000,281.269989,283.630005,277.412109,36418500
2020-08-25,282.829987,286.059998,282.369995,285.859985,279.593140,34866600
2020-08-26,287.149994,292.220001,285.829987,291.959991,285.559448,42216700
2020-08-27,292.970001,293.850006,288.709991,291.049988,284.669373,49482700
2020-08-28,292.329987,293.179993,290.929993,292.529999,286.116943,28021000
2020-08-31,293.070007,296.750000,292.619995,294.880005,288.415466,36321000
2020-09-01,297.619995,300.040009,295.790009,299.920013,293.345032,36216200
2020-09-02,303.279999,303.500000,296.890015,302.760010,296.122711,50836800
2020-09-03,298.100006,298.619995,284.410004,287.410004,281.109161,110083300
2020-09-04,285.559998,288.929993,271.799988,283.579987,277.363159,123959000
2020-09-08,272.220001,278.220001,269.660004,269.950012,264.032013,99568600
2020-09-09,275.640015,280.049988,273.000000,277.880005,271.788116,64837900
2020-09-10,280.940002,282.200012,270.559998,272.339996,266.369598,69667500
2020-09-11,274.149994,275.220001,266.899994,270.450012,264.521057,71809000
2020-09-14,274.359985,277.220001,272.959991,275.160004,269.127777,38525200
2020-09-15,279.029999,280.450012,275.130005,279.059998,272.942261,41849900
2020-09-16,279.880005,280.359985,274.250000,274.609985,268.589844,42321000
2020-09-17,267.549988,274.399994,266.679993,270.320007,264.393890,81570800
2020-09-18,271.790009,272.089996,262.630005,266.869995,261.019501,86251100
2020-09-21,262.470001,267.649994,260.109985,267.510010,261.645477,57168600
2020-09-22,269.989990,273.079987,266.540009,272.480011,266.506531,41128900
2020-09-23,272.149994,272.339996,263.250000,264.160004,258.368927,48837300
2020-09-24,261.390015,268.700012,261.220001,265.390015,259.571960,70631700
2020-09-25,265.910004,272.399994,264.299988,271.559998,265.606689,55242400
2020-09-28,276.579987,277.200012,271.670013,277.200012,271.123108,58438300
2020-09-29,276.619995,277.709991,275.369995,275.950012,269.900482,27050000
2020-09-30,276.149994,281.089996,275.869995,277.839996,271.749054,49380800
2020-10-01,281.790009,282.880005,279.839996,282.250000,276.062317,50020200
2020-10-02,276.019989,282.239990,273.440002,274.309998,268.296387,75497400
2020-10-05,276.339996,280.489990,276.230011,280.160004,274.018219,28184600
2020-10-06,279.450012,281.190002,274.250000,275.160004,269.127777,49704200
2020-10-07,277.890015,280.739990,277.279999,279.920013,273.783447,27539700
2020-10-08,282.399994,282.470001,280.309998,281.410004,275.240814,25443300
2020-10-09,283.109985,285.790009,282.709991,285.709991,279.446503,30201100
2020-10-12,290.549988,297.459991,289.470001,294.529999,288.073120,79370700
2020-10-13,296.390015,297.049988,293.109985,294.519989,288.063324,64240000
2020-10-14,295.350006,296.350006,290.260010,292.059998,285.657318,36949100
2020-10-15,287.200012,290.709991,286.540009,290.100006,283.740326,42514200
2020-10-16,291.799988,293.269989,288.149994,288.510010,282.185150,40570700
2020-10-19,290.489990,291.480011,282.790009,283.799988,277.578339,36756800
2020-10-20,284.559998,287.619995,282.950012,284.410004,278.174988,32195400
2020-10-21,284.670013,287.320007,283.690002,284.190002,277.959808,29306100
2020-10-22,285.049988,285.980011,280.820007,284.179993,277.950073,32196200
2020-10-23,284.769989,284.910004,281.779999,284.739990,278.497711,24658500
2020-10-26,282.380005,285.299988,276.760010,280.470001,274.321411,38421100
2020-10-27,281.500000,283.510010,280.200012,282.660004,276.463379,30559100
2020-10-28,278.010010,278.640015,271.380005,271.640015,265.684937,53413500
2020-10-29,273.000000,279.489990,272.519989,276.390015,270.330841,43246300
2020-10-30,274.339996,275.239990,267.070007,269.380005,263.474487,65838300
2020-11-02,271.850006,273.519989,266.970001,269.980011,264.061371,39987400
2020-11-03,271.959991,276.820007,270.839996,274.649994,268.628998,43604100
2020-11-04,283.589996,288.769989,281.869995,286.910004,280.620148,75728200
2020-11-05,293.529999,295.390015,292.000000,294.390015,287.936218,52054200
2020-11-06,293.709991,295.359985,289.829987,294.609985,288.151398,40959800
2020-11-09,297.649994,299.140015,288.119995,288.589996,282.263397,86537100
2020-11-10,285.170013,286.660004,280.619995,283.420013,277.206726,69024900
2020-11-11,286.029999,290.250000,283.380005,289.760010,283.407684,36102900
2020-11-12,290.760010,292.070007,287.250000,288.399994,282.077576,34414600
2020-11-13,290.170013,291.570007,287.869995,290.929993,284.552063,24806900
2020-11-16,290.619995,293.510010,289.989990,293.200012,286.772339,30168400
2020-11-17,293.399994,293.739990,291.609985,292.269989,285.862640,21843500
2020-11-18,291.700012,293.369995,290.019989,290.109985,283.750000,28069600
2020-11-19,289.540009,292.700012,288.850006,292.380005,285.970245,22718400
2020-11-20,292.299988,293.070007,290.290009,290.380005,284.014099,25907300
2020-11-23,291.410004,292.750000,288.070007,290.390015,284.023956,26875600
2020-11-24,291.489990,294.980011,289.630005,294.470001,288.014435,24516800
2020-11-25,295.570007,296.940002,294.589996,296.279999,289.784790,23326800
2020-11-27,298.309998,300.170013,297.899994,299.010010,292.454956,17163100
2020-11-30,299.339996,299.970001,294.779999,299.619995,293.051514,27836200
2020-12-01,301.970001,305.140015,300.829987,303.459991,296.807312,27521300
2020-12-02,302.250000,304.200012,300.350006,303.850006,297.188843,23620000
2020-12-03,304.170013,305.880005,303.529999,304.279999,297.609436,22828700
2020-12-04,304.329987,305.670013,303.630005,305.519989,298.822327,19332100
2020-12-07,305.709991,307.630005,305.519989,307.250000,300.514252,20851000
2020-12-08,306.760010,308.600006,304.950012,308.290009,301.531525,18341500
2020-12-09,308.070007,308.359985,300.209991,301.309998,294.704529,48839300
2020-12-10,299.209991,303.679993,298.089996,302.519989,295.887939,27519500
2020-12-11,300.809998,301.980011,298.470001,301.850006,295.232635,26760400
2020-12-14,303.079987,306.049988,303.010010,304.040009,297.374695,28804800
2020-12-15,306.369995,307.290009,304.109985,307.290009,300.553436,25709000
2020-12-16,307.700012,309.790009,306.619995,308.980011,302.206329,25461900
2020-12-17,310.630005,311.239990,309.390015,311.000000,304.182037,23730500
2020-12-18,311.660004,311.980011,307.609985,310.059998,303.262634,41173400
2020-12-21,306.459991,309.470001,303.600006,308.920013,302.695374,37095500
2020-12-22,309.850006,310.709991,306.850006,309.760010,303.518433,26176300
2020-12-23,309.809998,310.179993,308.040009,308.200012,301.989868,21201300
2020-12-24,308.470001,310.019989,308.390015,309.559998,303.322388,16785000
2020-12-28,312.250000,313.170013,310.359985,312.679993,306.379578,22497700
2020-12-29,314.049988,314.690002,312.029999,312.959991,306.653870,25871900
2020-12-30,314.160004,314.489990,312.329987,312.970001,306.663757,18138100
2020-12-31,312.869995,314.239990,311.760010,313.739990,307.418243,21611400
2021-01-04,315.109985,315.290009,305.179993,309.309998,303.077484,45305900
2021-01-05,308.290009,312.140015,308.290009,311.859985,305.576080,29323400
2021-01-06,307.000000,311.880005,305.980011,307.540009,301.343170,52809600
2021-01-07,310.279999,315.839996,310.250000,314.980011,308.633270,30394800
2021-01-08,317.339996,319.390015,315.079987,319.029999,312.601715,33955800
2021-01-11,315.980011,317.190002,313.750000,314.420013,308.084503,32746400
2021-01-12,314.459991,315.579987,311.200012,313.920013,307.594574,29266800
2021-01-13,314.190002,316.859985,313.570007,316.040009,309.671814,22898400
2021-01-14,316.500000,317.529999,313.859985,314.350006,308.015900,23500100
2021-01-15,314.130005,315.119995,310.579987,311.859985,305.576080,35118700
2021-01-19,314.250000,316.929993,313.119995,316.410004,310.034424,24537000
2021-01-20,320.140015,324.739990,316.510010,323.769989,317.246155,30728100
2021-01-21,325.149994,327.130005,323.730011,326.359985,319.783905,25130600
2021-01-22,325.290009,326.459991,324.709991,325.420013,318.862915,21609400
2021-01-25,328.910004,330.320007,321.410004,328.109985,321.498627,39080600
2021-01-26,328.850006,329.760010,327.220001,328.589996,321.969025,25498100
2021-01-27,326.260010,326.269989,317.359985,319.429993,312.993652,55264000
2021-01-28,320.670013,326.420013,320.029999,321.320007,314.845490,42836300
2021-01-29,319.579987,320.720001,312.760010,314.559998,308.221680,55259000
2021-02-01,318.109985,323.540009,316.019989,322.420013,315.923309,35646000
2021-02-02,325.480011,328.869995,325.309998,327.679993,321.077393,33930800
2021-02-03,329.820007,330.200012,326.320007,326.380005,319.803528,24824500
2021-02-04,327.820007,330.329987,326.459991,330.239990,323.585724,22350900
2021-02-05,331.220001,332.399994,329.529999,331.359985,324.683167,22732000
2021-02-08,333.100006,333.739990,331.410004,333.579987,326.858459,20462800
2021-02-09,332.619995,334.809998,332.609985,333.510010,326.789856,17597500
2021-02-10,334.989990,335.459991,329.500000,332.750000,326.045166,28068700
2021-02-11,334.329987,335.000000,332.119995,334.579987,327.838287,22046100
2021-02-12,333.709991,336.619995,332.630005,336.450012,329.670624,20346800
2021-02-16,337.269989,338.190002,334.339996,335.540009,328.778992,27080800
2021-02-17,332.470001,335.660004,330.170013,333.929993,327.201355,31360300
2021-02-18,330.230011,333.869995,328.359985,332.470001,325.770813,32236200
2021-02-19,333.859985,333.989990,329.970001,331.019989,324.350037,39157700
2021-02-22,326.500000,327.799988,322.230011,322.440002,315.942902,47256900
2021-02-23,317.000000,323.200012,311.000000,321.480011,315.002228,97241900
2021-02-24,318.739990,324.450012,315.959991,324.130005,317.598907,58206300
2021-02-25,321.390015,324.029999,311.239990,312.829987,306.526611,110182600
2021-02-26,315.850006,319.109985,310.880005,314.140015,307.810211,104739800
2021-03-01,319.269989,323.940002,317.940002,323.589996,317.069702,49164500
2021-03-02,324.250000,324.329987,318.140015,318.399994,311.984375,48370000
2021-03-03,317.269989,318.239990,309.100006,309.160004,302.930511,86301100
2021-03-04,308.779999,312.040009,300.109985,304.100006,297.972504,139131600
2021-03-05,306.799988,309.609985,297.450012,308.679993,302.460144,121523700
2021-03-08,308.119995,310.059998,299.510010,299.940002,293.896271,88409800
2021-03-09,307.470001,313.730011,306.920013,311.769989,305.487915,80391100
2021-03-10,316.160004,316.470001,310.170013,310.880005,304.615845,76798100
2021-03-11,315.769989,319.859985,314.850006,318.040009,311.631622,53484800
2021-03-12,313.859985,318.230011,311.390015,315.459991,309.103516,69315600
2021-03-15,315.790009,319.000000,314.100006,318.829987,312.405670,42955700
2021-03-16,321.089996,324.200012,319.100006,320.579987,314.120392,54925900
2021-03-17,317.450012,323.850006,315.679993,321.899994,315.413788,78258700
2021-03-18,316.869995,317.880005,311.570007,312.040009,305.752502,82718100
2021-03-19,311.869995,314.730011,309.660004,313.140015,306.830292,78446200
2021-03-22,315.209991,320.739990,315.209991,318.609985,312.584412,56194800
2021-03-23,319.730011,321.089996,316.380005,317.220001,311.220673,53455400
2021-03-24,318.630005,318.670013,311.720001,311.869995,305.971802,64803700
2021-03-25,309.970001,312.890015,307.390015,311.329987,305.442017,78729000
2021-03-26,311.109985,316.329987,309.670013,316.000000,310.023682,63519600
2021-03-29,315.450012,316.989990,312.470001,315.910004,309.935455,54608000
2021-03-30,313.890015,314.910004,311.540009,314.320007,308.375519,44635700
2021-03-31,316.160004,320.739990,315.809998,319.130005,313.094574,55032500
2021-04-01,323.070007,324.709991,322.809998,324.570007,318.431671,55685600
2021-04-05,327.130005,331.839996,326.880005,331.049988,324.789124,42172500
2021-04-06,330.730011,332.829987,330.019989,330.820007,324.563446,33537200
2021-04-07,330.329987,332.480011,329.369995,331.619995,325.348297,32046400
2021-04-08,334.559998,335.269989,333.739990,335.079987,328.742859,29940800
2021-04-09,333.679993,337.320007,332.920013,337.109985,330.734497,36664900
2021-04-12,336.040009,337.100006,334.730011,336.670013,330.302856,25833000
2021-04-13,338.239990,341.079987,338.019989,340.600006,334.158508,30374000
2021-04-14,340.850006,340.980011,335.670013,336.510010,330.145874,42564300
2021-04-15,339.470001,342.010010,336.220001,341.609985,335.149414,36342800
2021-04-16,342.149994,342.230011,340.079987,342.010010,335.541870,40860100
2021-04-19,340.390015,341.579987,336.899994,338.880005,332.471039,34533100
2021-04-20,338.200012,339.519989,334.380005,336.410004,330.047791,38081800
2021-04-21,335.089996,339.480011,333.970001,339.290009,332.873322,36598100
2021-04-22,338.890015,339.899994,334.010010,335.200012,328.860657,45936100
2021-04-23,335.850006,340.769989,335.850006,339.420013,333.000824,36381900
2021-04-26,339.670013,341.920013,338.899994,341.630005,335.169037,30812000
2021-04-27,341.929993,342.149994,339.170013,340.149994,333.716980,33187200
2021-04-28,339.809998,340.850006,338.329987,339.000000,332.588776,33615700
2021-04-29,342.369995,342.799988,336.899994,340.220001,333.785675,37708900
2021-04-30,337.700012,340.260010,337.049988,337.989990,331.597870,38263400
2021-05-03,339.230011,340.000000,335.730011,336.190002,329.831879,29729700
2021-05-04,333.559998,333.890015,326.209991,330.140015,323.896362,65147000
2021-05-05,332.250000,333.140015,328.230011,329.029999,322.807312,46219300
2021-05-06,328.760010,331.670013,326.450012,331.510010,325.240417,46814300
2021-05-07,334.369995,336.649994,331.690002,334.200012,327.879547,53324500
2021-05-10,332.779999,332.959991,325.549988,325.760010,319.599121,60700500
2021-05-11,319.700012,326.130005,319.019989,325.309998,319.157684,71963600
2021-05-12,320.230011,322.619995,316.000000,316.890015,310.896973,91164900
2021-05-13,319.920013,322.399994,316.899994,319.339996,313.300537,69877800
2021-05-14,322.600006,327.329987,322.079987,326.390015,320.217224,44370000
2021-05-17,324.630005,326.369995,321.450012,324.410004,318.274719,39395000
2021-05-18,325.390015,326.649994,321.940002,322.220001,316.126099,36528500
2021-05-19,316.660004,322.899994,316.299988,322.589996,316.489105,66319100
2021-05-20,324.119995,329.709991,323.890015,328.829987,322.611084,46466100
2021-05-21,330.429993,330.859985,326.640015,327.010010,320.825531,50330400
2021-05-24,329.369995,333.670013,326.899994,332.510010,326.221527,32475800
2021-05-25,334.070007,334.809998,331.760010,332.970001,326.672852,31280300
2021-05-26,333.660004,334.609985,332.950012,334.130005,327.810883,25444900
2021-05-27,333.670013,334.540009,332.670013,332.880005,326.584503,27931700
2021-05-28,334.119995,335.570007,333.600006,333.929993,327.614624,29927400
2021-06-01,335.299988,335.790009,331.429993,332.820007,326.525665,31145400
2021-06-02,333.250000,334.339996,331.700012,333.470001,327.163361,22047900
2021-06-03,330.549988,331.859985,328.279999,330.000000,323.759003,37057800
2021-06-04,331.850006,336.059998,331.779999,335.600006,329.253082,38736500
2021-06-07,335.049988,336.660004,334.339996,336.600006,330.234161,32611900
2021-06-08,338.399994,339.290009,335.029999,336.760010,330.391144,27282800
2021-06-09,338.170013,338.970001,336.649994,336.839996,330.469635,21485300
2021-06-10,337.190002,340.459991,336.730011,340.350006,333.913269,33702100
2021-06-11,340.359985,341.250000,339.690002,341.239990,334.786346,21222800
2021-06-14,341.679993,344.519989,340.459991,344.510010,337.994598,27827700
2021-06-15,344.149994,344.470001,341.519989,342.260010,335.787140,35963800
2021-06-16,342.739990,343.839996,337.450012,341.010010,334.560730,55399500
2021-06-17,339.970001,346.380005,339.920013,345.339996,338.808868,59722700
2021-06-18,343.630005,344.809998,341.859985,342.630005,336.150146,55414900
2021-06-21,342.429993,344.690002,340.149994,344.359985,338.239319,32992600
2021-06-22,344.149994,348.029999,343.839996,347.570007,341.392273,28941600
2021-06-23,347.510010,348.920013,346.880005,347.739990,341.559265,27188500
2021-06-24,349.730011,351.459991,349.170013,349.890015,343.670990,32581600
2021-06-25,350.470001,350.720001,348.839996,349.459991,343.248627,28682800
2021-06-28,350.779999,353.850006,350.720001,353.709991,347.423157,39130300
2021-06-29,353.529999,355.019989,352.670013,354.989990,348.680359,29426000
2021-06-30,354.829987,355.230011,353.829987,354.429993,348.130280,32724000
2021-07-01,354.070007,355.089996,352.679993,354.570007,348.267822,29290000
2021-07-02,356.519989,358.970001,356.279999,358.640015,352.265503,32727200
2021-07-06,359.260010,360.480011,356.489990,360.190002,353.787903,38842400
2021-07-07,362.450012,362.760010,358.940002,360.950012,354.534485,35265200
2021-07-08,355.739990,359.649994,354.420013,358.769989,352.393188,50890000
2021-07-09,358.170013,361.500000,357.570007,361.010010,354.593323,35184500
2021-07-12,362.450012,362.890015,360.829987,362.420013,355.978302,25717700
2021-07-13,362.029999,365.470001,361.540009,362.420013,355.978302,39723000
2021-07-14,364.829987,365.489990,362.220001,363.070007,356.616760,35336400
2021-07-15,362.980011,363.190002,358.459991,360.519989,354.112030,53391600
2021-07-16,361.399994,362.410004,357.239990,357.600006,351.243988,47262000
2021-07-19,354.049988,355.179993,352.040009,354.670013,348.366119,64404600
2021-07-20,355.630005,360.279999,353.799988,358.790009,352.412872,42183700
2021-07-21,358.350006,361.559998,358.119995,361.559998,355.133575,30259900
2021-07-22,361.769989,363.959991,361.769989,363.950012,357.481140,30252200
2021-07-23,365.309998,368.489990,363.920013,368.200012,361.655579,31960800
2021-07-26,367.489990,368.890015,366.600006,368.489990,361.940399,28438100
2021-07-27,368.220001,368.220001,360.160004,364.429993,357.952576,57933100
2021-07-28,365.600006,367.450012,363.239990,365.829987,359.327637,42066200
2021-07-29,365.250000,367.679993,365.250000,366.480011,359.966156,25672500
2021-07-30,362.440002,365.170013,362.410004,364.570007,358.090118,36484600
2021-08-02,366.279999,366.880005,363.869995,364.600006,358.119598,27334100
2021-08-03,365.279999,366.929993,362.000000,366.809998,360.290253,35558500
2021-08-04,366.769989,368.320007,365.630005,367.339996,360.810852,29602200
2021-08-05,368.179993,369.910004,367.450012,369.670013,363.099457,21443900
2021-08-06,368.369995,369.369995,366.910004,368.049988,361.508209,33332100
2021-08-09,368.519989,369.269989,367.390015,368.730011,362.176178,25960200
2021-08-10,369.260010,369.559998,365.619995,366.839996,360.319733,35130800
2021-08-11,368.140015,368.649994,364.839996,366.209991,359.700928,34249800
2021-08-12,365.690002,367.899994,364.299988,367.529999,360.997467,25969200
2021-08-13,367.890015,369.160004,367.380005,368.820007,362.264557,19336200
2021-08-16,367.670013,369.019989,363.700012,368.980011,362.421722,34856900
2021-08-17,366.149994,367.149994,363.230011,365.730011,359.229462,44793900
2021-08-18,365.179993,366.619995,361.869995,362.209991,355.772034,38541900
2021-08-19,360.220001,365.679993,359.959991,363.959991,357.490906,48499400
2021-08-20,365.059998,368.140015,364.739990,367.730011,361.193878,39486000
2021-08-23,368.799988,373.940002,368.790009,373.230011,366.596191,34034700
2021-08-24,373.839996,374.989990,373.359985,374.369995,367.715912,21732900
2021-08-25,374.630005,375.390015,373.859985,374.799988,368.138245,20441900
2021-08-26,373.920013,374.619995,371.970001,372.420013,365.800629,29133300
2021-08-27,373.070007,376.559998,372.570007,376.040009,369.356232,27104700
2021-08-30,376.850006,380.760010,376.829987,380.260010,373.501251,27295700
2021-08-31,380.510010,380.579987,378.359985,379.950012,373.196777,29628200
2021-09-01,381.040009,382.709991,380.369995,380.579987,373.815521,28138300
2021-09-02,381.970001,382.309998,379.149994,380.399994,373.638733,25453400
2021-09-03,379.220001,381.980011,379.200012,381.570007,374.787964,24605400
2021-09-07,381.679993,382.779999,380.489990,382.109985,375.318298,23970200
2021-09-08,381.929993,381.929993,378.450012,380.779999,374.011963,32949200
2021-09-09,381.010010,382.149994,379.220001,379.470001,372.725220,29399000
2021-09-10,381.230011,381.970001,376.250000,376.589996,369.896423,40249400
2021-09-13,378.989990,379.429993,374.220001,376.329987,369.641022,48741800
2021-09-14,377.859985,378.609985,374.279999,375.260010,368.590118,41826600
2021-09-15,375.730011,378.410004,373.369995,378.049988,371.330444,34097900
2021-09-16,376.679993,378.899994,374.700012,378.309998,371.585846,35193100
2021-09-17,377.820007,377.869995,372.760010,373.829987,367.185486,60912300
2021-09-20,367.459991,369.250000,360.929993,365.700012,359.598236,76203200
2021-09-21,367.579987,368.809998,364.989990,366.149994,360.040680,41927500
2021-09-22,367.089996,371.070007,365.959991,369.570007,363.403687,46972900
2021-09-23,370.760010,374.040009,370.100006,372.980011,366.756805,44652000
2021-09-24,370.649994,373.760010,370.269989,373.329987,367.100922,36056800
2021-09-27,370.200012,371.250000,367.730011,370.350006,364.170654,43338100
2021-09-28,365.670013,370.299988,359.350006,359.869995,353.865509,97701600
2021-09-29,361.170013,363.369995,358.640015,359.279999,353.285400,58076600
2021-09-30,360.970001,362.679993,357.100006,357.959991,351.987396,61384600
2021-10-01,358.600006,361.250000,354.380005,360.179993,354.170319,56375500
2021-10-04,358.519989,358.859985,350.320007,352.619995,346.736511,76766000
2021-10-05,353.709991,359.690002,353.480011,357.380005,351.417053,47232900
2021-10-06,354.079987,359.950012,353.149994,359.670013,353.668823,56806500
2021-10-07,362.799988,365.690002,362.250000,362.970001,356.913818,39411200
2021-10-08,364.079987,364.320007,360.609985,361.160004,355.133942,41822300
2021-10-11,359.579987,363.200012,358.299988,358.390015,352.410217,34847200
2021-10-12,359.880005,360.329987,356.480011,357.140015,351.181030,43905100
2021-10-13,359.510010,360.690002,357.429993,360.000000,353.993347,40120800
2021-10-14,363.690002,366.850006,363.010010,366.630005,360.512726,43433900
2021-10-15,367.880005,369.059998,366.820007,368.940002,362.784180,40419900
2021-10-18,367.609985,372.869995,366.989990,372.649994,366.432281,34513500
2021-10-19,373.750000,375.519989,372.700012,375.470001,369.205200,29091000
2021-10-20,375.940002,376.570007,373.459991,374.980011,368.723419,31390300
2021-10-21,374.160004,377.470001,373.850006,377.269989,370.975128,25469300
2021-10-22,375.980011,376.970001,372.390015,374.100006,367.858063,36275800
2021-10-25,375.559998,378.869995,373.559998,377.929993,371.624176,32597800
2021-10-26,380.230011,382.709991,377.910004,379.119995,372.794312,47191300
2021-10-27,379.579987,383.149994,379.309998,380.000000,373.659668,45760500
2021-10-28,381.950012,384.480011,381.160004,384.220001,377.809235,38007000
2021-10-29,381.059998,386.279999,380.700012,386.109985,379.667664,37310100
2021-11-01,386.559998,387.559998,384.420013,387.429993,380.965668,30765300
2021-11-02,386.799988,389.540009,386.750000,389.049988,382.558655,25135300
2021-11-03,389.549988,393.609985,388.480011,393.179993,386.619751,33748900
2021-11-04,394.480011,399.200012,393.920013,398.220001,391.575623,40265300
2021-11-05,400.040009,400.989990,397.160004,398.600006,391.949341,43383800
2021-11-08,398.570007,399.619995,397.399994,398.059998,391.418274,29256300
2021-11-09,399.160004,399.570007,393.920013,395.320007,388.723999,50490700
2021-11-10,392.470001,395.359985,387.529999,389.510010,383.011017,54937400
2021-11-11,392.570007,392.750000,390.239990,390.589996,384.072937,32243000
2021-11-12,391.769989,395.250000,390.130005,394.700012,388.114380,34730600
2021-11-15,395.910004,396.239990,392.100006,394.609985,388.025848,33716900
2021-11-16,393.859985,397.929993,393.660004,397.420013,390.789063,27872900
2021-11-17,397.750000,399.720001,396.640015,397.630005,390.995483,28703300
2021-11-18,399.730011,402.269989,397.450012,401.750000,395.046753,45721500
2021-11-19,403.429993,405.299988,402.579987,403.989990,397.249420,45191700
2021-11-22,405.570007,408.709991,399.190002,399.299988,392.637634,61715400
2021-11-23,398.109985,400.230011,392.920013,397.480011,390.847961,70098700
2021-11-24,394.929993,399.049988,392.540009,398.760010,392.106628,46954400
2021-11-26,396.109985,397.540009,389.769989,391.200012,384.672760,51533300
2021-11-29,395.890015,400.730011,395.140015,399.690002,393.021057,54447100
2021-11-30,398.779999,401.190002,391.750000,393.820007,387.249084,81332700
2021-12-01,398.279999,400.480011,386.640015,387.119995,380.660858,77766500
2021-12-02,385.799988,391.739990,384.339996,389.910004,383.404297,84416600
2021-12-03,391.309998,392.339996,378.899994,383.130005,376.737457,105349100
2021-12-06,383.630005,387.600006,379.299988,386.200012,379.756195,67588800
2021-12-07,393.029999,398.459991,392.989990,397.829987,391.192200,56005300
2021-12-08,398.170013,399.820007,396.220001,399.609985,392.942413,39204000
2021-12-09,398.350006,400.200012,393.529999,393.730011,387.160583,49973700
2021-12-10,396.619995,398.279999,393.359985,398.010010,391.369141,52545800
2021-12-13,398.000000,398.329987,391.880005,392.260010,385.715088,50166400
2021-12-14,387.299988,390.089996,383.630005,388.200012,381.722839,75199200
2021-12-15,387.940002,397.420013,383.880005,397.049988,390.425110,73858000
2021-12-16,398.040009,398.480011,385.209991,386.839996,380.385559,82591400
2021-12-17,383.329987,389.190002,381.769989,384.910004,378.487732,80492500
2021-12-20,379.570007,381.500000,377.470001,380.690002,374.816254,65336800
2021-12-21,384.049988,389.529999,380.200012,389.209991,383.204773,48899500
2021-12-22,388.910004,394.160004,388.230011,393.950012,387.871643,37042200
2021-12-23,394.309998,398.429993,394.140015,396.920013,390.795868,29595500
2021-12-27,398.250000,403.480011,398.220001,403.480011,397.254608,32820700
2021-12-28,404.399994,404.579987,400.709991,401.609985,395.413422,33113700
2021-12-29,401.750000,403.049988,399.109985,401.549988,395.354370,32248500
2021-12-30,401.329987,403.570007,399.750000,400.350006,394.172913,23850100
2021-12-31,399.660004,401.059998,397.339996,397.850006,391.711517,34752900
2022-01-03,399.049988,401.940002,396.880005,401.679993,395.482361,40575900
2022-01-04,402.239990,402.279999,393.290009,396.470001,390.352783,58027200
2022-01-05,394.739990,395.890015,384.029999,384.290009,378.360687,75739800
2022-01-06,382.420013,387.350006,380.130005,384.019989,378.094849,70814300
2022-01-07,384.029999,385.760010,378.040009,379.859985,373.999023,72652300
2022-01-10,374.820007,380.640015,369.309998,380.109985,374.245209,91770500
2022-01-11,379.359985,385.989990,377.220001,385.820007,379.867096,68295700
2022-01-12,388.459991,390.200012,385.010010,387.350006,381.373505,54576400
2022-01-13,388.769989,389.470001,376.700012,377.660004,371.832977,77994000
2022-01-14,375.070007,380.350006,374.859985,380.010010,374.146698,80121200
2022-01-18,374.040009,376.220001,369.769989,370.549988,364.832703,75450900
2022-01-19,372.149994,374.690002,366.209991,366.480011,360.825500,81791500
2022-01-20,369.790009,373.869995,361.170013,361.720001,356.138977,88610700
2022-01-21,359.470001,362.179993,351.399994,351.690002,346.263672,143388900
2022-01-24,345.910004,353.980011,334.149994,353.299988,347.848816,198685800
2022-01-25,346.670013,351.029999,341.679993,345.109985,339.785187,124398400
2022-01-26,352.910004,356.880005,340.779999,344.570007,339.253540,146559500
2022-01-27,349.399994,351.269989,340.049988,341.100006,335.837067,95255700
2022-01-28,343.029999,352.019989,337.950012,351.799988,346.371979,108167900
2022-01-31,353.200012,363.649994,351.519989,363.049988,357.448395,94326400
2022-02-01,364.429993,366.190002,359.140015,365.519989,359.880280,74433000
2022-02-02,369.760010,370.100006,364.290009,368.489990,362.804535,78777100
2022-02-03,358.529999,361.929993,352.459991,353.549988,348.095001,95384800
2022-02-04,354.079987,361.399994,351.970001,358.010010,352.486206,86318300
2022-02-07,358.619995,361.049988,353.839996,355.130005,349.650635,58198100
2022-02-08,353.959991,360.239990,352.799988,359.119995,353.579071,64720900
2022-02-09,363.760010,366.809998,362.119995,366.730011,361.071655,55766400
2022-02-10,359.519989,366.489990,356.540009,358.429993,352.899719,112468500
2022-02-11,358.429993,360.070007,345.799988,347.059998,341.705139,101569100
2022-02-14,346.489990,350.980011,343.890015,347.489990,342.128479,80254400
2022-02-15,352.910004,356.369995,351.820007,356.130005,350.635223,55128800
2022-02-16,353.820007,357.089996,350.709991,356.040009,350.546570,58947100
2022-02-17,352.739990,353.459991,345.019989,345.450012,340.120026,61801400
2022-02-18,346.410004,346.809998,339.140015,341.510010,336.240845,80001500
2022-02-22,338.489990,344.040009,334.350006,338.079987,332.863678,85967100
2022-02-23,341.320007,342.179993,329.100006,329.420013,324.337311,86215400
2022-02-24,318.839996,341.040009,318.260010,340.489990,335.236481,130614100
2022-02-25,341.309998,345.980011,337.390015,345.769989,340.435028,78842100
2022-02-28,342.510010,348.540009,341.320007,346.799988,341.449127,77515500
2022-03-01,345.750000,348.079987,338.899994,341.489990,336.221100,67407000
2022-03-02,343.079987,348.589996,340.239990,347.220001,341.862671,70609000
2022-03-03,349.929993,350.040009,340.350006,342.260010,336.979218,71089400
2022-03-04,339.839996,341.309998,334.920013,337.299988,332.095734,76936300
2022-03-07,337.290009,338.480011,324.649994,324.859985,319.847626,89933800
2022-03-08,324.049988,333.209991,319.940002,323.350006,318.360992,116153900
2022-03-09,331.750000,336.380005,329.089996,334.989990,329.821320,64723400
2022-03-10,330.820007,332.510010,326.709991,331.269989,326.158752,69362700
2022-03-11,334.320007,334.640015,323.899994,324.399994,319.394714,66228400
2022-03-14,323.130005,326.589996,317.450012,318.170013,313.260925,79802600
2022-03-15,320.880005,328.950012,319.230011,328.149994,323.086884,76471000
2022-03-16,332.170013,340.440002,328.399994,340.320007,335.069092,105243000
2022-03-17,338.369995,344.500000,337.040009,344.440002,339.125580,67810000
2022-03-18,342.739990,351.790009,341.549988,351.489990,346.066742,85446300
2022-03-21,350.200012,352.480011,345.579987,350.079987,345.104645,73799100
2022-03-22,350.589996,357.850006,350.200012,356.959991,351.886902,63345900
2022-03-23,354.010010,357.660004,351.769989,351.829987,346.829803,70615500
2022-03-24,353.799988,359.700012,351.589996,359.649994,354.538666,53555300
2022-03-25,359.589996,360.670013,354.940002,359.350006,354.242889,57584200
2022-03-28,359.339996,365.010010,358.070007,364.910004,359.723877,56833900
2022-03-29,368.899994,371.829987,366.059998,371.190002,365.914673,68073000
2022-03-30,369.279999,370.980011,365.570007,367.089996,361.872894,68757700
2022-03-31,367.239990,367.600006,361.679993,362.540009,357.387543,67011400
2022-04-01,362.809998,363.609985,358.589996,361.850006,356.707397,54527800
2022-04-04,362.709991,369.309998,362.440002,369.299988,364.051483,45950200
2022-04-05,367.809998,368.540009,359.929993,361.100006,355.968048,62738700
2022-04-06,355.649994,356.779999,350.559998,353.260010,348.239471,90077100
2022-04-07,352.239990,356.350006,348.690002,354.100006,349.067566,63777400
2022-04-08,352.320007,353.089996,348.500000,349.149994,344.187897,61956100
2022-04-11,344.809998,345.750000,340.540009,340.890015,336.045288,66107400
2022-04-12,345.760010,347.690002,338.040009,339.450012,334.625732,72790200
2022-04-13,339.799988,347.429993,339.059998,346.350006,341.427643,61367800
2022-04-14,346.440002,346.970001,338.209991,338.429993,333.620209,73519400
2022-04-18,337.350006,341.040009,335.790009,338.690002,333.876526,58560600
2022-04-19,338.029999,346.850006,336.980011,346.260010,341.338959,56515700
2022-04-20,347.089996,347.559998,339.959991,341.209991,336.360718,65500000
2022-04-21,345.190002,347.869995,333.200012,334.149994,329.401093,75801000
2022-04-22,334.309998,335.559998,324.959991,325.399994,320.775360,82562100
2022-04-25,323.730011,329.899994,322.429993,329.579987,324.895966,101755900
2022-04-26,327.470001,327.660004,316.859985,317.140015,312.632843,105819600
2022-04-27,317.239990,322.880005,315.000000,316.760010,312.258179,111204200
2022-04-28,321.850006,329.890015,317.519989,328.010010,323.348358,99450000
2022-04-29,323.700012,327.230011,312.600006,313.250000,308.798065,91977900
2022-05-02,312.829987,318.720001,309.649994,318.480011,313.953766,115511800
2022-05-03,318.500000,321.170013,315.980011,318.820007,314.288910,78185500
2022-05-04,319.309998,330.290009,313.890015,329.600006,324.915710,116083400
2022-05-05,325.170013,325.250000,309.619995,313.000000,308.551636,154607400
2022-05-06,310.950012,315.089996,305.109985,309.250000,304.854950,139572800
2022-05-09,303.480011,309.350006,295.720001,297.149994,292.926849,113387300
2022-05-10,304.510010,305.760010,296.570007,300.760010,296.485596,124124600
2022-05-11,298.440002,304.089996,290.950012,291.839996,287.692322,140326100
2022-05-12,287.450012,295.750000,284.940002,291.149994,287.012177,120910900
2022-05-13,295.720001,303.000000,294.079987,301.940002,297.648834,83684900
2022-05-16,300.149994,302.260010,297.130005,298.440002,294.198578,59190400
2022-05-17,304.450012,306.559998,300.549988,306.170013,301.818726,62715300
2022-05-18,301.540009,302.250000,289.850006,291.140015,287.002350,79477100
2022-05-19,289.290009,294.390015,287.579987,289.579987,285.464478,79920700
2022-05-20,293.130005,293.799988,280.209991,288.679993,284.577240,91764200
2022-05-23,289.750000,293.869995,287.290009,293.480011,289.309082,63648400
2022-05-24,288.130005,288.859985,282.250000,287.239990,283.157776,73491100
2022-05-25,285.709991,293.390015,285.500000,291.260010,287.120605,67144500
2022-05-26,290.440002,300.920013,290.149994,299.329987,295.075897,59462200
2022-05-27,302.540009,309.250000,302.420013,309.100006,304.707092,66985600
2022-05-31,309.070007,311.329987,304.329987,308.279999,303.898743,60968300
2022-06-01,310.470001,312.649994,303.730011,306.000000,301.651123,65341700
2022-06-02,304.850006,314.559998,303.399994,314.380005,309.912048,59291300
2022-06-03,309.029999,310.470001,304.920013,306.200012,301.848297,60914700
2022-06-06,310.750000,312.350006,305.619995,307.220001,302.853790,51785000
2022-06-07,303.809998,310.670013,302.690002,309.869995,305.466125,44900300
2022-06-08,309.049988,311.720001,306.769989,307.640015,303.267822,38342100
2022-06-09,305.910004,309.049988,299.230011,299.399994,295.144928,55900500
2022-06-10,293.649994,294.869995,288.380005,288.839996,284.735016,85963500
2022-06-13,279.750000,282.339996,274.529999,275.410004,271.495880,94442000
2022-06-14,277.660004,278.660004,273.339996,275.910004,271.988739,64697500
2022-06-15,279.420013,286.829987,276.609985,282.799988,278.780853,86051400
2022-06-16,275.589996,276.059998,269.279999,271.390015,267.533020,81910300
2022-06-17,272.179993,277.190002,270.510010,274.690002,270.786133,82703400
2022-06-21,278.750000,283.450012,278.640015,281.079987,277.617889,51633700
2022-06-22,278.519989,285.179993,277.910004,280.670013,277.213013,67472900
2022-06-23,283.209991,285.720001,280.309998,284.850006,281.341492,57457800
2022-06-24,287.739990,295.040009,287.500000,294.609985,290.981232,58422300
2022-06-27,296.000000,296.579987,291.290009,292.450012,288.847900,54151500
2022-06-28,293.000000,295.649994,283.350006,283.540009,280.047607,61609800
2022-06-29,283.399994,285.339996,280.839996,283.799988,280.304413,57302700
2022-06-30,280.750000,283.940002,275.779999,280.279999,276.827789,79313600
2022-07-01,278.950012,282.529999,277.029999,282.130005,278.654938,56675100
2022-07-05,278.309998,287.079987,276.750000,286.959991,283.425446,61829300
2022-07-06,287.350006,290.950012,285.589996,288.799988,285.242798,63194700
2022-07-07,289.630005,295.700012,289.630005,294.980011,291.346680,56620100
2022-07-08,292.079987,296.750000,291.119995,295.350006,291.712189,59895500
2022-07-11,292.880005,293.109985,288.140015,289.040009,285.479858,55273900
2022-07-12,290.320007,292.279999,284.609985,286.239990,282.714355,55797100
2022-07-13,280.600006,288.049988,280.019989,285.649994,282.131622,73939400
2022-07-14,282.989990,287.559998,279.799988,286.670013,283.139069,63741800
2022-07-15,289.730011,291.980011,288.079987,291.869995,288.275024,63818100
2022-07-18,294.720001,296.160004,288.200012,289.399994,285.835419,59519600
2022-07-19,293.109985,298.600006,291.470001,298.299988,294.625793,55172600
2022-07-20,298.730011,304.239990,297.929993,303.029999,299.297546,67769400
2022-07-21,303.500000,307.440002,300.779999,307.380005,303.593994,55049400
2022-07-22,306.429993,308.549988,300.119995,301.989990,298.270355,57127700
2022-07-25,302.019989,302.500000,298.220001,300.269989,296.571533,40582400
2022-07-26,298.529999,298.790009,293.540009,294.369995,290.744263,50074100
2022-07-27,299.040009,308.540009,298.459991,306.809998,303.031006,69304400
2022-07-28,306.589996,310.399994,302.750000,309.809998,305.994049,55139900
2022-07-29,311.390015,316.390015,309.929993,315.459991,311.574432,57501000
2022-08-01,313.649994,318.809998,312.529999,315.269989,311.386780,46358800
2022-08-02,312.920013,318.549988,311.839996,314.329987,310.458374,48676500
2022-08-03,316.049988,323.730011,315.989990,322.890015,318.912994,53735700
2022-08-04,322.970001,324.720001,320.769989,324.399994,320.404358,38973700
2022-08-05,319.190002,323.829987,318.390015,321.750000,317.787018,53894000
2022-08-08,322.690002,326.470001,319.209991,320.709991,316.759735,43878500
2022-08-09,318.769989,319.029999,315.420013,317.079987,313.174500,39764200
2022-08-10,324.589996,326.230011,322.059998,325.929993,321.915466,51459600
2022-08-11,328.309998,330.359985,323.359985,324.079987,320.088287,45897700
2022-08-12,326.179993,330.589996,325.100006,330.390015,326.320587,40928400
2022-08-15,329.420013,333.570007,329.399994,333.059998,328.957672,38266600
2022-08-16,332.059998,334.420013,329.160004,332.279999,328.187286,41186900
2022-08-17,329.070007,331.429993,326.359985,328.489990,324.443939,47842200
2022-08-18,328.440002,330.489990,326.790009,329.279999,325.224274,41937200
2022-08-19,326.170013,326.839996,322.079987,322.859985,318.883301,51770600
2022-08-22,318.500000,318.739990,313.529999,314.359985,310.487976,51098900
2022-08-23,314.119995,317.000000,313.329987,314.100006,310.231232,39497100
2022-08-24,313.609985,316.869995,312.989990,315.010010,311.130035,38057100
2022-08-25,316.829987,320.600006,315.760010,320.579987,316.631378,38098300
2022-08-26,320.279999,321.510010,307.350006,307.440002,303.653198,69047700
2022-08-29,304.619995,307.220001,303.279999,304.410004,300.660553,48321900
2022-08-30,306.100006,306.730011,298.440002,301.019989,297.312286,51184500
2022-08-31,303.989990,304.910004,299.160004,299.269989,295.583832,50044000
2022-09-01,296.720001,299.779999,292.950012,299.399994,295.712250,57990700
2022-09-02,302.339996,303.750000,293.519989,295.170013,291.534363,64666800
2022-09-06,295.660004,296.600006,290.869995,293.049988,289.440460,57005400
2022-09-07,293.540009,299.989990,293.269989,298.970001,295.287567,49260400
2022-09-08,296.850006,301.869995,295.450012,300.519989,296.818451,55649800
2022-09-09,302.829987,307.600006,300.519989,307.089996,303.307495,56125200
2022-09-12,308.500000,311.079987,308.179993,310.739990,306.912567,45905700
2022-09-13,301.799988,303.019989,292.790009,293.700012,290.082489,79562200
2022-09-14,294.869995,296.929993,293.059998,296.029999,292.383789,54907200
2022-09-15,294.070007,296.529999,289.459991,291.100006,287.514526,65299400
2022-09-16,287.720001,289.720001,285.619995,289.320007,285.756378,79920400
2022-09-19,286.100006,291.209991,286.040009,291.049988,287.981689,52613800
2022-09-20,288.489990,291.070007,286.380005,288.730011,285.686188,51271100
2022-09-21,289.589996,293.950012,283.420013,283.559998,280.570648,82931000
2022-09-22,282.000000,283.029999,278.820007,280.070007,277.117493,62757100
2022-09-23,277.549988,277.850006,272.019989,275.510010,272.605499,74815200
2022-09-26,275.029999,279.489990,273.559998,274.369995,271.477539,71176700
2022-09-27,277.809998,280.209991,272.109985,274.480011,271.586365,69780100
2022-09-28,274.459991,281.250000,272.950012,279.940002,276.988800,79652100
2022-09-29,275.859985,276.250000,268.839996,271.869995,269.003906,81216000
2022-09-30,271.029999,275.190002,267.100006,267.260010,264.442505,78482400
2022-10-03,269.070007,275.160004,267.529999,273.529999,270.646362,61267400
2022-10-04,278.989990,282.850006,278.989990,282.130005,279.155762,66696900
2022-10-05,278.279999,283.809998,275.420013,281.980011,279.007355,55766300
2022-10-06,280.959991,284.179993,279.429993,279.760010,276.810699,53489400
2022-10-07,275.019989,275.149994,267.739990,269.100006,266.263092,71354700
2022-10-10,269.299988,269.700012,263.640015,266.410004,263.601501,60393000
2022-10-11,264.700012,267.630005,261.029999,262.750000,259.980072,66522500
2022-10-12,263.399994,265.359985,261.950012,262.660004,259.891022,50580200
2022-10-13,255.160004,270.170013,254.259995,268.820007,265.986084,112894100
2022-10-14,271.200012,271.809998,260.140015,260.739990,257.991241,77244300
2022-10-17,266.839996,270.239990,266.739990,269.350006,266.510529,64576500
2022-10-18,276.529999,277.209991,268.739990,271.480011,268.618011,69781000
2022-10-19,269.929993,273.679993,268.070007,270.489990,267.638458,53115400
2022-10-20,269.579987,274.839996,267.920013,269.109985,266.273041,60605500
2022-10-21,267.980011,275.970001,266.820007,275.420013,272.516510,77897700
2022-10-24,275.690002,279.399994,271.970001,278.450012,275.514496,63963600
2022-10-25,279.410004,284.600006,277.899994,284.209991,281.213806,59014500
2022-10-26,278.459991,283.980011,277.429993,277.929993,275.000031,63492400
2022-10-27,276.790009,278.279999,272.339996,272.869995,269.993286,57760300
2022-10-28,272.230011,281.700012,272.059998,281.220001,278.255341,62651300
2022-10-31,278.920013,279.760010,275.989990,277.950012,275.019836,47742000
2022-11-01,281.500000,282.070007,274.739990,275.109985,272.209717,45895900
2022-11-02,275.079987,278.209991,265.609985,265.679993,262.879089,79803100
2022-11-03,263.010010,264.500000,260.100006,260.489990,257.743866,70038900
2022-11-04,265.529999,266.609985,259.079987,264.679993,261.889679,78313200
2022-11-07,265.750000,268.140015,263.570007,267.589996,264.769012,47333800
2022-11-08,269.140015,272.850006,265.519989,269.540009,266.698456,63213800
2022-11-09,267.760010,268.559998,263.029999,263.320007,260.544006,64862100
2022-11-10,276.010010,283.049988,273.850006,282.750000,279.769226,99256700
2022-11-11,282.559998,288.640015,281.190002,287.959991,284.924225,66961800
2022-11-14,285.859985,289.209991,284.440002,285.440002,282.430847,55290700
2022-11-15,292.209991,293.260010,285.970001,289.390015,286.339233,73985400
2022-11-16,287.390015,289.480011,284.600006,285.440002,282.430847,48859800
2022-11-17,280.880005,286.320007,280.720001,284.809998,281.807526,55462100
2022-11-18,287.890015,287.989990,282.320007,284.820007,281.817383,53588600
2022-11-21,283.399994,284.579987,281.040009,281.890015,278.918304,40083500
2022-11-22,282.640015,286.109985,280.459991,285.950012,282.935486,41873400
2022-11-23,285.970001,289.459991,285.790009,288.820007,285.775177,46390000
2022-11-25,287.190002,287.910004,286.420013,286.920013,283.895294,15498800
2022-11-28,284.899994,286.959991,281.760010,282.709991,279.729645,38714200
2022-11-29,282.940002,283.350006,279.170013,280.570007,277.612213,35618900
2022-11-30,280.839996,293.470001,279.970001,293.359985,290.267334,74718100
2022-12-01,293.690002,295.750000,290.880005,293.720001,290.623535,51547300
2022-12-02,288.540009,293.450012,288.359985,292.549988,289.465851,53583200
2022-12-05,290.380005,291.679993,286.149994,287.640015,284.607697,41482100
2022-12-06,287.480011,287.619995,280.260010,281.679993,278.710480,53937600
2022-12-07,280.470001,282.570007,278.779999,280.529999,277.572632,45614300
2022-12-08,281.910004,284.839996,279.790009,283.850006,280.857605,42594900
2022-12-09,282.809998,285.640015,281.589996,282.040009,279.066711,47860500
2022-12-12,282.220001,285.640015,281.160004,285.579987,282.569336,35732500
2022-12-13,296.649994,296.880005,285.910004,288.649994,285.606995,80667700
2022-12-14,288.049988,291.410004,283.190002,286.510010,283.489624,64984400
2022-12-15,282.329987,283.010010,275.670013,276.890015,273.971008,60554100
2022-12-16,276.200012,277.769989,272.609985,274.250000,271.358826,68300400
2022-12-19,273.869995,273.959991,268.489990,269.750000,267.545288,44167900
2022-12-20,268.559998,271.320007,266.950012,269.540009,267.337006,51064200
2022-12-21,270.600006,274.779999,269.739990,273.450012,271.214996,46394700
2022-12-22,270.380005,270.510010,262.459991,266.760010,264.579681,60278400
2022-12-23,265.470001,268.040009,263.529999,267.359985,265.174805,39373600
2022-12-27,266.739990,266.850006,263.029999,263.579987,261.425629,38009000
2022-12-28,263.170013,265.470001,259.730011,260.100006,257.974121,47139000
2022-12-29,262.959991,267.399994,262.250000,266.440002,264.262268,45893600
2022-12-30,263.619995,266.410004,262.290009,266.279999,264.103607,37858300
2023-01-03,268.649994,270.149994,262.130005,264.480011,262.318359,42335300
2023-01-04,266.640015,267.450012,262.529999,265.739990,263.567993,47754900
2023-01-05,264.040009,264.209991,261.260010,261.579987,259.442017,45396700
2023-01-06,263.350006,269.940002,260.339996,268.799988,266.602997,54659700
2023-01-09,270.829987,275.290009,269.920013,270.540009,268.328766,45568700
2023-01-10,269.489990,272.940002,268.970001,272.829987,270.600067,35247800
2023-01-11,273.920013,277.660004,273.119995,277.549988,275.281464,44077000
2023-01-12,278.119995,280.100006,273.739990,279.049988,276.769226,60600000
2023-01-13,276.500000,281.220001,276.160004,280.970001,278.673584,44802900
2023-01-17,280.769989,282.850006,279.579987,281.540009,279.238922,36269700
2023-01-18,283.109985,284.690002,277.670013,277.880005,275.608856,47754500
2023-01-19,276.220001,277.380005,273.890015,275.149994,272.901062,44150400
2023-01-20,276.790009,283.019989,275.709991,282.679993,280.369568,60613600
2023-01-23,283.540009,290.209991,282.730011,288.959991,286.598236,52799900
2023-01-24,287.309998,289.549988,286.779999,288.369995,286.013031,44875100
2023-01-25,283.769989,288.359985,281.179993,287.730011,285.378296,50872000
2023-01-26,291.220001,293.519989,288.519989,293.339996,290.942413,51596300
2023-01-27,292.000000,298.260010,291.880005,296.260010,293.838623,56441900
2023-01-30,292.929993,294.380005,289.890015,290.269989,287.897522,49405800
2023-01-31,290.309998,294.720001,290.200012,294.619995,292.212006,46705100
2023-02-01,294.410004,303.429993,292.299988,300.920013,298.460541,67562200
2023-02-02,307.570007,313.679993,306.730011,311.720001,309.172211,83070600
2023-02-03,304.940002,312.390015,304.540009,306.179993,303.677521,76170800
2023-02-06,303.510010,305.910004,302.220001,303.589996,301.108704,40802300
2023-02-07,303.459991,311.029999,302.320007,309.880005,307.347290,67584000
2023-02-08,308.540009,309.500000,303.670013,304.369995,301.882294,56720900
2023-02-09,308.839996,308.989990,300.200012,301.679993,299.214294,49137800
2023-02-10,299.480011,301.570007,297.250000,299.700012,297.250458,50050100
2023-02-13,301.130005,305.100006,299.929993,304.500000,302.011230,39636700
2023-02-14,302.890015,307.720001,300.910004,306.750000,304.242828,64079100
2023-02-15,304.899994,309.269989,304.200012,309.100006,306.573639,43100600
2023-02-16,304.380005,308.429993,303.149994,303.299988,300.820984,59498600
2023-02-17,301.070007,301.929993,298.100006,301.160004,298.698517,58230700
2023-02-21,297.260010,298.730011,293.890015,294.029999,291.626801,46526700
2023-02-22,294.619995,296.359985,292.559998,294.250000,291.845001,51389200
2023-02-23,297.970001,298.130005,292.549988,296.820007,294.393982,69294400
2023-02-24,291.760010,292.970001,290.049988,291.850006,289.464600,74332000
2023-02-27,295.070007,296.489990,293.339996,293.940002,291.537537,48995000
2023-02-28,293.299988,296.119995,292.959991,293.559998,291.160645,48243100
2023-03-01,293.260010,293.929993,290.200012,291.200012,288.819946,58287000
2023-03-02,288.660004,294.429993,288.369995,293.609985,291.210266,53565900
2023-03-03,295.390015,299.920013,294.869995,299.679993,297.230621,60511500
2023-03-06,300.940002,304.000000,299.820007,300.019989,297.567810,56736300
2023-03-07,300.070007,301.010010,295.720001,296.339996,293.917908,65955800
2023-03-08,296.769989,298.429993,294.880005,297.820007,295.385834,50876300
2023-03-09,298.329987,300.980011,291.829987,292.660004,290.267975,71456700
2023-03-10,292.829987,294.350006,287.380005,288.549988,286.191589,98593600
2023-03-13,286.730011,294.470001,285.190002,290.690002,288.314117,97123600
2023-03-14,294.309998,297.929993,293.450012,297.369995,294.939514,73602500
2023-03-15,294.709991,299.269989,293.239990,298.929993,296.486755,83631500
2023-03-16,298.000000,307.179993,297.190002,306.809998,304.302338,98198100
2023-03-17,306.720001,309.149994,303.369995,305.359985,302.864136,89923700
2023-03-20,304.260010,306.299988,302.010010,305.970001,303.938995,56359500
2023-03-21,307.940002,310.799988,306.399994,310.339996,308.279999,49757000
2023-03-22,310.269989,315.250000,305.950012,306.119995,304.088013,75791900
2023-03-23,309.920013,314.149994,307.010010,309.750000,307.693939,74576000
2023-03-24,309.320007,310.989990,306.950012,310.890015,308.826355,57195200
2023-03-27,311.600006,312.700012,307.890015,308.760010,306.710510,50287400
2023-03-28,308.170013,308.200012,304.769989,307.119995,305.081360,48585900
2023-03-29,310.880005,313.350006,310.049988,312.720001,310.644226,53274300
2023-03-30,315.239990,316.320007,312.809998,315.679993,313.584564,58354800
2023-03-31,315.910004,321.170013,315.600006,320.929993,318.799713,62138100
2023-04-03,318.769989,320.420013,317.420013,320.149994,318.024902,47126800
2023-04-04,320.600006,321.630005,317.829987,319.070007,316.952087,45875400
2023-04-05,318.100006,319.059998,314.070007,315.920013,313.822968,62795700
2023-04-06,314.239990,318.549988,312.820007,318.049988,315.938843,46916500
2023-04-10,315.070007,317.920013,313.250000,317.869995,315.760040,45134700
2023-04-11,317.829987,317.890015,315.309998,315.829987,313.733551,40113600
2023-04-12,317.820007,318.420013,312.570007,313.040009,310.962097,62813300
2023-04-13,314.829987,319.649994,313.630005,319.170013,317.051392,54613800
2023-04-14,317.589996,320.359985,315.609985,318.570007,316.455353,56278300
2023-04-17,318.149994,319.200012,316.040009,318.839996,316.723602,43007000
2023-04-18,320.989990,321.420013,317.640015,318.859985,316.743439,46746900
2023-04-19,316.410004,319.790009,316.279999,318.709991,316.594421,38960100
2023-04-20,315.690002,319.269989,314.970001,316.279999,314.180573,62462100
2023-04-21,315.910004,317.399994,314.100006,316.609985,314.508362,59002300
2023-04-24,316.380005,317.739990,313.739990,315.950012,313.852783,44043100
2023-04-25,314.290009,314.970001,309.890015,309.989990,307.932343,57121600
2023-04-26,313.440002,314.940002,311.339996,311.869995,309.799805,55400500
2023-04-27,315.700012,320.859985,315.049988,320.350006,318.223602,65430400
2023-04-28,320.109985,322.649994,318.959991,322.559998,320.418854,59652500
2023-05-01,322.089996,323.630005,321.089996,322.190002,320.051361,41013400
2023-05-02,322.119995,322.450012,317.609985,319.380005,317.260010,56519400
2023-05-03,319.750000,322.470001,317.179993,317.290009,315.183929,59882100
2023-05-04,317.059998,318.230011,315.119995,316.170013,314.071350,50224500
2023-05-05,318.470001,323.760010,316.209991,322.890015,320.746765,51776000
2023-05-08,322.420013,324.040009,321.320007,323.690002,321.541412,36465800
2023-05-09,322.000000,322.880005,321.320007,321.640015,319.505035,31768800
2023-05-10,324.119995,326.010010,321.600006,325.140015,322.981812,60446600
2023-05-11,325.700012,326.750000,324.119995,326.200012,324.034760,44278500
2023-05-12,326.739990,327.170013,322.940002,325.029999,322.872498,48396200
2023-05-15,325.510010,327.029999,323.959991,326.790009,324.620819,33375600
2023-05-16,326.059998,328.899994,326.019989,327.160004,324.988373,40019200
2023-05-17,328.239990,331.709991,327.040009,331.119995,328.922089,47486100
2023-05-18,331.519989,337.489990,331.500000,337.269989,335.031281,64213500
2023-05-19,337.489990,338.209991,335.429993,336.510010,334.276337,61462400
2023-05-22,336.250000,338.670013,336.239990,337.640015,335.398773,43015900
2023-05-23,335.890015,337.059998,333.000000,333.359985,331.147186,48216700
2023-05-24,331.369995,332.910004,329.559998,331.649994,329.448547,62891200
2023-05-25,339.140015,341.010010,336.670013,339.720001,337.464996,66862800
2023-05-26,340.760010,349.250000,340.660004,348.399994,346.087372,63007000
2023-05-30,352.709991,353.929993,348.529999,349.980011,347.656952,72652200
2023-05-31,348.369995,350.600006,346.510010,347.989990,345.680084,65105400
2023-06-01,347.730011,353.359985,346.660004,352.010010,349.673401,50488600
2023-06-02,353.799988,355.829987,352.010010,354.649994,352.295868,53293500
2023-06-05,354.429993,357.500000,353.850006,354.899994,352.544281,47266200
2023-06-06,354.279999,355.820007,352.929993,354.839996,352.484619,41390400
2023-06-07,355.130005,357.119995,348.179993,348.820007,346.504608,69225900
2023-06-08,349.119995,353.619995,348.890015,353.149994,350.805847,47153900
2023-06-09,354.630005,357.660004,353.029999,354.500000,352.146942,53155900
2023-06-12,356.190002,360.589996,355.200012,360.489990,358.097107,44606500
2023-06-13,363.290009,364.109985,360.029999,363.260010,360.848755,57097800
2023-06-14,363.269989,366.190002,360.420013,365.899994,363.471191,69525600
2023-06-15,364.609985,371.769989,363.980011,370.260010,367.802307,71138800
2023-06-16,372.720001,372.850006,367.480011,367.929993,365.487762,80875900
2023-06-20,365.950012,368.320007,363.890015,366.899994,364.964508,49204700
2023-06-21,365.739990,366.179993,360.959991,361.899994,359.990875,53378300
2023-06-22,360.630005,366.329987,360.220001,366.170013,364.238403,47603000
2023-06-23,362.209991,364.880005,360.820007,362.540009,360.627533,48873900
2023-06-26,362.000000,364.839996,357.589996,357.679993,355.793182,52685500
2023-06-27,359.250000,364.570007,358.510010,363.829987,361.910706,49428100
2023-06-28,361.980011,366.519989,361.899994,364.540009,362.616974,46498000
2023-06-29,364.239990,364.890015,362.140015,363.809998,361.890839,46151000
2023-06-30,367.549988,370.489990,367.230011,369.420013,367.471222,58668800
2023-07-03,370.070007,370.929993,368.970001,370.290009,368.336639,19432900
2023-07-05,368.700012,372.010010,368.660004,370.279999,368.326691,34460900
2023-07-06,366.510010,367.910004,364.519989,367.459991,365.521545,49374700
2023-07-07,367.230011,370.480011,366.010010,366.239990,364.307983,47083200
2023-07-10,365.959991,367.049988,363.410004,366.359985,364.427368,48498800
2023-07-11,366.790009,368.630005,364.619995,368.170013,366.227814,38214100
2023-07-12,372.339996,374.190002,370.299988,372.820007,370.853302,61975400
2023-07-13,376.049988,379.989990,375.459991,379.149994,377.149902,46960000
2023-07-14,379.589996,382.859985,378.179993,379.070007,377.070343,55097800
2023-07-17,379.799988,383.500000,379.309998,382.609985,380.591644,40868900
2023-07-18,381.959991,387.130005,380.000000,385.739990,383.705139,55343400
2023-07-19,386.820007,387.980011,384.299988,385.649994,383.615601,54093000
2023-07-20,382.609985,384.100006,375.720001,376.760010,374.772552,71941700
2023-07-21,379.179993,379.920013,375.190002,375.630005,373.648468,60439400
2023-07-24,376.619995,377.579987,374.339996,376.230011,374.245331,40380100
2023-07-25,376.950012,380.470001,376.929993,378.779999,376.781830,38894400
2023-07-26,377.720001,379.239990,375.179993,377.519989,375.528503,47075700
2023-07-27,383.070007,384.709991,375.309998,376.619995,374.633240,63940200
2023-07-28,380.739990,384.519989,380.220001,383.480011,381.457062,56902900
2023-07-31,383.790009,384.880005,382.339996,383.679993,381.656006,44019900
2023-08-01,382.309998,383.559998,380.690002,382.790009,380.770691,41060600
2023-08-02,379.260010,379.260010,373.130005,374.390015,372.415039,72687100
2023-08-03,371.940002,375.950012,371.769989,373.790009,371.818176,47666400
2023-08-04,375.750000,378.100006,371.529999,372.040009,370.077393,61646200
2023-08-07,373.880005,375.290009,371.510010,375.190002,373.210754,37230400
2023-08-08,372.640015,372.660004,368.820007,372.000000,370.037598,44726500
2023-08-09,372.290009,372.450012,367.140015,367.910004,365.969208,51150900
2023-08-10,370.970001,374.359985,367.040009,368.589996,366.645599,72035300
2023-08-11,365.989990,368.000000,364.690002,366.239990,364.307983,48683800
2023-08-14,365.429993,370.470001,364.700012,370.350006,368.396301,42130800
2023-08-15,369.359985,370.170013,365.739990,366.420013,364.487061,45539900
2023-08-16,365.869995,367.429993,362.440002,362.540009,360.627533,53190500
2023-08-17,363.959991,364.309998,358.160004,358.579987,356.688385,62604300
2023-08-18,355.260010,359.410004,354.709991,358.130005,356.240784,61119500
2023-08-21,359.619995,364.589996,359.149994,363.899994,361.980347,50696500
2023-08-22,366.549988,366.559998,362.679993,363.380005,361.463074,44613500
2023-08-23,364.579987,370.220001,364.359985,369.109985,367.162872,51770600
2023-08-24,372.640015,372.739990,361.010010,361.220001,359.314484,66842500
2023-08-25,362.070007,365.739990,358.579987,364.019989,362.099701,69960500
2023-08-28,366.989990,367.709991,364.250000,366.760010,364.825256,40910000
2023-08-29,366.559998,375.130005,366.230011,374.769989,372.792999,58492400
2023-08-30,374.880005,377.450012,373.859985,376.859985,374.871948,41731500
2023-08-31,376.940002,379.720001,376.869995,377.989990,375.996002,35730700
2023-09-01,380.399994,380.829987,376.079987,377.589996,375.598145,39772400
2023-09-05,376.769989,379.309998,375.829987,378.070007,376.075592,32344200
2023-09-06,377.279999,377.630005,372.700012,374.739990,372.763153,42998700
2023-09-07,370.209991,372.850006,369.149994,372.059998,370.097321,52060700
2023-09-08,372.010010,374.850006,371.600006,372.579987,370.614532,35800100
2023-09-11,375.660004,377.489990,373.660004,376.970001,374.981384,39936600
2023-09-12,375.269989,376.950012,372.500000,372.790009,370.823456,41391000
2023-09-13,373.029999,375.839996,371.880005,374.209991,372.235931,46300700
2023-09-14,375.989990,378.269989,373.890015,377.269989,375.279846,48039400
2023-09-15,375.910004,376.320007,369.859985,370.809998,368.853912,69757700
2023-09-18,369.320007,371.790009,369.029999,370.660004,369.238403,36903500
2023-09-19,369.320007,370.679993,366.799988,369.869995,368.451447,37621700
2023-09-20,370.950012,371.309998,364.459991,364.540009,363.141876,45514200
2023-09-21,360.799988,361.600006,357.690002,357.859985,356.487488,69584700
2023-09-22,359.630005,361.799988,357.589996,357.910004,356.537323,51589700
2023-09-25,356.929993,359.700012,355.929993,359.609985,358.230774,39168000
2023-09-26,356.989990,357.540009,353.209991,354.209991,352.851471,53657700
2023-09-27,355.380005,356.980011,351.359985,355.040009,353.678345,56066000
2023-09-28,354.109985,360.170013,353.239990,358.010010,356.636932,56453300
2023-09-29,361.540009,362.950012,357.019989,358.269989,356.895935,64754300
2023-10-02,358.540009,362.679993,357.920013,361.260010,359.874451,51625100
2023-10-03,358.779999,361.010010,353.279999,354.920013,353.558807,60478500
2023-10-04,355.769989,360.609985,355.299988,359.750000,358.370239,54786700
2023-10-05,359.739990,360.149994,355.140015,358.690002,357.314301,45897400
2023-10-06,355.649994,365.910004,354.850006,364.700012,363.301270,74959200
2023-10-09,362.299988,367.109985,360.779999,366.559998,365.154114,45304800
2023-10-10,366.899994,371.279999,366.390015,368.589996,367.176331,46968800
2023-10-11,369.940002,371.410004,368.190002,371.220001,369.796265,38215100
2023-10-12,371.730011,373.739990,367.500000,369.929993,368.511169,49587900
2023-10-13,370.570007,371.160004,363.859985,365.279999,363.879028,52469900
2023-10-16,366.619995,370.480011,366.470001,369.410004,367.993195,44201100
2023-10-17,365.809998,369.920013,363.660004,368.200012,366.787842,50999100
2023-10-18,365.670013,367.910004,362.019989,363.369995,361.976379,54280500
2023-10-19,364.809998,366.019989,359.160004,359.970001,358.589417,72274200
2023-10-20,359.459991,360.040009,354.369995,354.600006,353.240021,72369800
2023-10-23,353.260010,359.260010,351.119995,355.670013,354.305908,60665200
2023-10-24,357.510010,359.910004,355.790009,359.130005,357.752655,47082100
2023-10-25,356.700012,356.880005,349.750000,350.339996,348.996338,71190500
2023-10-26,349.119995,350.070007,342.350006,343.660004,342.341980,78621400
2023-10-27,346.429993,348.839996,344.079987,345.309998,343.985626,63476700
2023-10-30,347.829987,350.540009,346.450012,349.200012,347.860718,55298500
2023-10-31,349.230011,351.250000,346.619995,350.869995,349.524323,47671900
2023-11-01,351.720001,357.529999,351.619995,356.959991,355.590942,58992700
2023-11-02,361.540009,363.679993,360.299988,363.440002,362.046112,58162400
2023-11-03,364.750000,369.019989,364.519989,367.709991,366.299713,53239100
2023-11-06,368.489990,369.779999,366.910004,369.209991,367.793976,38848700
2023-11-07,370.269989,373.579987,369.049988,372.700012,371.270599,50777400
2023-11-08,373.079987,373.790009,370.619995,372.940002,371.509674,35663400
2023-11-09,373.640015,374.799988,369.570007,370.070007,368.650665,53859400
2023-11-10,371.820007,378.540009,371.279999,378.390015,376.938751,58309800
2023-11-13,376.790009,378.279999,375.239990,377.209991,375.763275,40733500
2023-11-14,383.709991,386.260010,383.179993,385.329987,383.852112,67792600
2023-11-15,387.250000,387.750000,384.239990,385.619995,384.141022,54141400
2023-11-16,384.839996,386.190002,383.559998,385.950012,384.469788,45343500
2023-11-17,385.209991,387.070007,384.290009,386.040009,384.559448,46571900
2023-11-20,386.049988,391.410004,386.049988,390.739990,389.241394,44429600
2023-11-21,389.010010,389.230011,386.700012,388.470001,386.980103,43337000
2023-11-22,390.570007,393.070007,389.040009,390.059998,388.563995,44121000
2023-11-24,389.649994,390.250000,388.500000,389.510010,388.016113,15718800
2023-11-27,389.010010,391.149994,388.279999,389.170013,387.677429,34139700
2023-11-28,388.410004,390.779999,388.049988,390.190002,388.693542,35491100
2023-11-29,392.690002,394.140015,389.459991,389.809998,388.314941,38811700
2023-11-30,390.079987,390.549988,385.820007,388.829987,387.338715,52834400
2023-12-01,387.750000,390.540009,386.070007,389.940002,388.444458,40440500
2023-12-04,386.089996,386.600006,382.660004,386.320007,384.838348,51186900
2023-12-05,384.390015,388.500000,384.209991,387.290009,385.804626,42933000
2023-12-06,390.269989,390.369995,384.700012,385.049988,383.573212,41994100
2023-12-07,388.070007,391.269989,386.959991,390.429993,388.932587,49593500
2023-12-08,388.670013,392.619995,388.480011,392.170013,390.665924,46623600
2023-12-11,391.739990,395.790009,391.529999,395.519989,394.003052,41198000
2023-12-12,395.559998,398.790009,394.410004,398.670013,397.140991,39221200
2023-12-13,399.619995,404.359985,398.839996,403.739990,402.191528,55408100
2023-12-14,404.980011,406.299988,400.339996,403.390015,401.842896,55447800
2023-12-15,404.179993,406.540009,403.570007,405.339996,403.785400,62598000
2023-12-18,404.929993,407.989990,404.600006,407.079987,406.328705,46610000
2023-12-19,407.540009,409.279999,407.350006,409.160004,408.404877,35711900
2023-12-20,408.350006,410.470001,402.899994,403.079987,402.336060,54042400
2023-12-21,407.059998,408.140015,404.470001,407.769989,407.017426,45568900
2023-12-22,409.000000,409.970001,406.480011,408.380005,407.626312,34292400
2023-12-26,409.250000,411.559998,409.149994,410.880005,410.121704,22722500
2023-12-27,410.950012,411.790009,410.079987,411.500000,410.956604,31980500
2023-12-28,412.670013,412.920013,410.940002,411.299988,410.756836,27029200
2023-12-29,411.279999,411.640015,407.579987,409.519989,408.979187,42633400
2024-01-02,405.839996,406.089996,400.239990,402.589996,402.058350,58026900
2024-01-03,399.929993,401.000000,397.890015,398.329987,397.803986,47002800
2024-01-04,396.440002,399.589996,396.059998,396.279999,395.756683,39432800
2024-01-05,396.450012,399.559998,395.339996,396.750000,396.226074,44867900
2024-01-08,397.989990,405.239990,397.839996,404.950012,404.415253,42473800
2024-01-09,401.910004,406.690002,401.709991,405.750000,405.214203,39132900
2024-01-10,406.070007,409.519989,405.170013,408.500000,407.960571,33962800
2024-01-11,409.790009,411.200012,404.239990,409.350006,408.809448,54536200
2024-01-12,410.399994,411.250000,408.149994,409.559998,409.019165,39581400
2024-01-16,408.309998,411.119995,406.829987,409.519989,408.979187,43903000
2024-01-17,406.170013,407.589996,402.920013,407.209991,406.672241,54386000
2024-01-18,410.519989,413.579987,409.160004,412.989990,412.444611,59562500
2024-01-19,415.220001,421.339996,414.630005,421.179993,420.623810,70268500
2024-01-22,423.410004,424.730011,421.119995,421.730011,421.173096,44880600
2024-01-23,422.429993,423.700012,420.570007,423.480011,422.920776,33003800
2024-01-24,427.440002,429.850006,425.329987,425.829987,425.267670,46948000
2024-01-25,428.359985,429.040009,423.980011,426.350006,425.786987,44367200
2024-01-26,424.440002,426.209991,423.149994,423.809998,423.250336,37137000
2024-01-29,424.269989,428.350006,423.609985,428.149994,427.584595,38694700
2024-01-30,427.100006,427.679993,424.380005,425.299988,424.738373,36739000
2024-01-31,420.850006,422.869995,416.790009,416.970001,416.419373,64010600
2024-02-01,418.790009,422.380005,417.809998,421.880005,421.322906,51008600
2024-02-02,423.799988,430.239990,422.790009,429.010010,428.443481,59582300
2024-02-05,429.070007,429.609985,425.000000,428.450012,427.884216,39889200
2024-02-06,429.609985,430.220001,425.220001,427.589996,427.025360,35846100
2024-02-07,430.410004,432.829987,429.089996,431.989990,431.419525,37712700
2024-02-08,432.109985,433.559998,431.420013,432.790009,432.218506,29889900
2024-02-09,433.940002,437.850006,433.140015,437.049988,436.472839,36943900
2024-02-12,436.940002,439.140015,434.649994,435.339996,434.765106,33203300
2024-02-13,427.279999,431.269989,425.329987,428.549988,427.984070,64491700
2024-02-14,431.260010,433.649994,428.880005,433.220001,432.647919,45092700
2024-02-15,433.920013,434.980011,431.329987,434.510010,433.936218,38796100
2024-02-16,434.890015,434.989990,429.850006,430.570007,430.001434,53661500
2024-02-20,428.549988,430.079987,423.500000,427.320007,426.755707,53999500
2024-02-21,424.549988,425.700012,421.630005,425.609985,425.047943,50179700
2024-02-22,434.489990,439.119995,433.709991,438.070007,437.491516,53887800
2024-02-23,439.649994,440.589996,435.790009,436.779999,436.203217,39853900
2024-02-26,437.600006,438.600006,436.359985,436.549988,435.973511,33043200
2024-02-27,437.670013,437.989990,435.029999,437.600006,437.022125,33713200
2024-02-28,435.429993,436.670013,434.299988,435.269989,434.695190,32938800
2024-02-29,438.230011,440.089996,435.019989,439.000000,438.420288,42495200
2024-03-01,439.899994,446.579987,439.839996,445.609985,445.021545,43809200
2024-03-04,445.609985,446.040009,443.769989,444.019989,443.433655,34325700
2024-03-05,440.940002,440.950012,433.649994,436.049988,435.474152,57917100
2024-03-06,440.320007,441.989990,436.890015,438.790009,438.210571,46234500
2024-03-07,442.420013,446.720001,440.859985,445.450012,444.861786,44526700
2024-03-08,445.809998,448.640015,438.339996,439.019989,438.440247,71954300
2024-03-11,437.510010,438.660004,435.440002,437.390015,436.812408,45860000
2024-03-12,439.730011,444.019989,436.459991,443.660004,443.074127,55300900
2024-03-13,442.649994,442.670013,439.119995,440.250000,439.668640,37928700
2024-03-14,441.500000,442.029999,436.390015,439.140015,438.560120,52195200
2024-03-15,436.070007,438.869995,432.739990,433.920013,433.347015,73038800
2024-03-18,438.730011,441.040009,437.239990,437.480011,437.480011,47323800
2024-03-19,435.450012,438.980011,433.329987,438.570007,438.570007,43004100
2024-03-20,439.779999,444.109985,438.059998,443.769989,443.769989,43653500
2024-03-21,448.880005,449.339996,445.670013,445.869995,445.869995,39345700
2024-03-22,445.350006,447.489990,444.489990,446.380005,446.380005,28229300
2024-03-25,443.549988,446.260010,442.540009,444.760010,444.760010,27789200
2024-03-26,446.299988,447.230011,443.089996,443.320007,443.320007,34142000
2024-03-27,446.440002,446.540009,441.929993,444.829987,444.829987,41359200
2024-03-28,444.779999,445.640015,443.649994,444.010010,444.010010,36839600