date,close
1920-01-02,101.9643
1920-01-05,101.9643
1920-01-06,101.9643
1920-01-07,101.9643
1920-01-08,101.9643
1920-01-09,101.9643
1920-01-12,101.9643
1920-01-13,101.9643
1920-01-14,101.9643
1920-01-15,101.9643
1920-01-16,101.9357
1920-01-19,101.8500
1920-01-20,101.8215
1920-01-21,101.7929
1920-01-22,101.7643
1920-01-23,101.7358
1920-01-26,101.6501
1920-01-27,101.6215
1920-01-28,101.5930
1920-01-29,101.5644
1920-01-30,101.5358
1920-02-02,101.4501
1920-02-03,101.4216
1920-02-04,101.3930
1920-02-05,101.3644
1920-02-06,101.3359
1920-02-09,101.2502
1920-02-10,101.2216
1920-02-11,101.1930
1920-02-12,101.1645
1920-02-13,101.1359
1920-02-16,101.0744
1920-02-17,101.0701
1920-02-18,101.0657
1920-02-19,101.0613
1920-02-20,101.0570
1920-02-23,101.0439
1920-02-24,101.0395
1920-02-25,101.0352
1920-02-26,101.0308
1920-02-27,101.0264
1920-03-01,101.0134
1920-03-02,101.0090
1920-03-03,101.0046
1920-03-04,101.0003
1920-03-05,100.9959
1920-03-08,100.9828
1920-03-09,100.9785
1920-03-10,100.9741
1920-03-11,100.9697
1920-03-12,100.9654
1920-03-15,100.9523
1920-03-16,100.9523
1920-03-17,100.9523
1920-03-18,100.9523
1920-03-19,100.9523
1920-03-22,100.9523
1920-03-23,100.9523
1920-03-24,100.9523
1920-03-25,100.9523
1920-03-26,100.9523
1920-03-29,100.9523
1920-03-30,100.9523
1920-03-31,100.9523
1920-04-01,100.9523
1920-04-02,100.9523
1920-04-05,100.9523
1920-04-06,100.9523
1920-04-07,100.9523
1920-04-08,100.9523
1920-04-09,100.9523
1920-04-12,100.9523
1920-04-13,100.9523
1920-04-14,100.9523
1920-04-15,100.9523
1920-04-16,100.8511
1920-04-19,100.5475
1920-04-20,100.4463
1920-04-21,100.3451
1920-04-22,100.2439
1920-04-23,100.1427
1920-04-26,99.8391
1920-04-27,99.7379
1920-04-28,99.6367
1920-04-29,99.5355
1920-04-30,99.4343
1920-05-03,99.1307
1920-05-04,99.0295
1920-05-05,98.9283
1920-05-06,98.8271
1920-05-07,98.7259
1920-05-10,98.4223
1920-05-11,98.3211
1920-05-12,98.2199
1920-05-13,98.1187
1920-05-14,98.0175
1920-05-17,97.6469
1920-05-18,97.5123
1920-05-19,97.3776
1920-05-20,97.2430
1920-05-21,97.1083
1920-05-24,96.7043
1920-05-25,96.5696
1920-05-26,96.4350
1920-05-27,96.3003
1920-05-28,96.1657
1920-05-31,95.7617
1920-06-01,95.6270
1920-06-02,95.4923
1920-06-03,95.3577
1920-06-04,95.2230
1920-06-07,94.8190
1920-06-08,94.6844
1920-06-09,94.5497
1920-06-10,94.4150
1920-06-11,94.2804
1920-06-14,93.8764
1920-06-15,93.7417
1920-06-16,93.6743
1920-06-17,93.6068
1920-06-18,93.5393
1920-06-21,93.3369
1920-06-22,93.2695
1920-06-23,93.2020
1920-06-24,93.1345
1920-06-25,93.0671
1920-06-28,92.8647
1920-06-29,92.7972
1920-06-30,92.7297
1920-07-01,92.6623
1920-07-02,92.5948
1920-07-05,92.3924
1920-07-06,92.3249
1920-07-07,92.2575
1920-07-08,92.1900
1920-07-09,92.1225
1920-07-12,91.9201
1920-07-13,91.8527
1920-07-14,91.7852
1920-07-15,91.7177
1920-07-16,91.6443
1920-07-19,91.4239
1920-07-20,91.3505
1920-07-21,91.2770
1920-07-22,91.2036
1920-07-23,91.1301
1920-07-26,90.9097
1920-07-27,90.8363
1920-07-28,90.7628
1920-07-29,90.6894
1920-07-30,90.6159
1920-08-02,90.3956
1920-08-03,90.3221
1920-08-04,90.2487
1920-08-05,90.1752
1920-08-06,90.1018
1920-08-09,89.8814
1920-08-10,89.8080
1920-08-11,89.7345
1920-08-12,89.6611
1920-08-13,89.5876
1920-08-16,89.3917
1920-08-17,89.3428
1920-08-18,89.2938
1920-08-19,89.2448
1920-08-20,89.1959
1920-08-23,89.0490
1920-08-24,89.0000
1920-08-25,88.9510
1920-08-26,88.9021
1920-08-27,88.8531
1920-08-30,88.7062
1920-08-31,88.6572
1920-09-01,88.6082
1920-09-02,88.5593
1920-09-03,88.5103
1920-09-06,88.3634
1920-09-07,88.3144
1920-09-08,88.2655
1920-09-09,88.2165
1920-09-10,88.1675
1920-09-13,88.0206
1920-09-14,87.9717
1920-09-15,87.9227
1920-09-16,87.8384
1920-09-17,87.7540
1920-09-20,87.5010
1920-09-21,87.4167
1920-09-22,87.3324
1920-09-23,87.2480
1920-09-24,87.1637
1920-09-27,86.9107
1920-09-28,86.8263
1920-09-29,86.7420
1920-09-30,86.6577
1920-10-01,86.5733
1920-10-04,86.3203
1920-10-05,86.2360
1920-10-06,86.1517
1920-10-07,86.0673
1920-10-08,85.9830
1920-10-11,85.7300
1920-10-12,85.6457
1920-10-13,85.5613
1920-10-14,85.4770
1920-10-15,85.3927
1920-10-18,85.1111
1920-10-19,85.0172
1920-10-20,84.9234
1920-10-21,84.8295
1920-10-22,84.7357
1920-10-25,84.4541
1920-10-26,84.3603
1920-10-27,84.2664
1920-10-28,84.1725
1920-10-29,84.0787
1920-11-01,83.7971
1920-11-02,83.7033
1920-11-03,83.6094
1920-11-04,83.5156
1920-11-05,83.4217
1920-11-08,83.1401
1920-11-09,83.0463
1920-11-10,82.9524
1920-11-11,82.8586
1920-11-12,82.7647
1920-11-15,82.4831
1920-11-16,82.3693
1920-11-17,82.2554
1920-11-18,82.1416
1920-11-19,82.0277
1920-11-22,81.6862
1920-11-23,81.5723
1920-11-24,81.4585
1920-11-25,81.3446
1920-11-26,81.2308
1920-11-29,80.8892
1920-11-30,80.7754
1920-12-01,80.6615
1920-12-02,80.5477
1920-12-03,80.4338
1920-12-06,80.0923
1920-12-07,79.9784
1920-12-08,79.8646
1920-12-09,79.7507
1920-12-10,79.6369
1920-12-13,79.2953
1920-12-14,79.1815
1920-12-15,79.0676
1920-12-16,79.0309
1920-12-17,78.9942
1920-12-20,78.8840
1920-12-21,78.8473
1920-12-22,78.8105
1920-12-23,78.7738
1920-12-24,78.7371
1920-12-27,78.6269
1920-12-28,78.5902
1920-12-29,78.5535
1920-12-30,78.5167
1920-12-31,78.4800
1921-01-03,78.3698
1921-01-04,78.3331
1921-01-05,78.2964
1921-01-06,78.2596
1921-01-07,78.2229
1921-01-10,78.1127
1921-01-11,78.0760
1921-01-12,78.0393
1921-01-13,78.0026
1921-01-14,77.9658
1921-01-17,77.9781
1921-01-18,78.0026
1921-01-19,78.0271
1921-01-20,78.0515
1921-01-21,78.0760
1921-01-24,78.1495
1921-01-25,78.1740
1921-01-26,78.1984
1921-01-27,78.2229
1921-01-28,78.2474
1921-01-31,78.3209
1921-02-01,78.3453
1921-02-02,78.3698
1921-02-03,78.3943
1921-02-04,78.4188
1921-02-07,78.4922
1921-02-08,78.5167
1921-02-09,78.5412
1921-02-10,78.5657
1921-02-11,78.5902
1921-02-14,78.6636
1921-02-15,78.6881
1921-02-16,78.7378
1921-02-17,78.7875
1921-02-18,78.8372
1921-02-21,78.9863
1921-02-22,79.0360
1921-02-23,79.0857
1921-02-24,79.1354
1921-02-25,79.1851
1921-02-28,79.3342
1921-03-01,79.3839
1921-03-02,79.4336
1921-03-03,79.4833
1921-03-04,79.5330
1921-03-07,79.6821
1921-03-08,79.7318
1921-03-09,79.7814
1921-03-10,79.8311
1921-03-11,79.8808
1921-03-14,80.0299
1921-03-15,80.0796
1921-03-16,80.0919
1921-03-17,80.1041
1921-03-18,80.1164
1921-03-21,80.1531
1921-03-22,80.1653
1921-03-23,80.1776
1921-03-24,80.1898
1921-03-25,80.2021
1921-03-28,80.2388
1921-03-29,80.2510
1921-03-30,80.2633
1921-03-31,80.2755
1921-04-01,80.2877
1921-04-04,80.3245
1921-04-05,80.3367
1921-04-06,80.3490
1921-04-07,80.3612
1921-04-08,80.3734
1921-04-11,80.4102
1921-04-12,80.4224
1921-04-13,80.4346
1921-04-14,80.4469
1921-04-15,80.4591
1921-04-18,80.1935
1921-04-19,80.1049
1921-04-20,80.0164
1921-04-21,79.9278
1921-04-22,79.8393
1921-04-25,79.5736
1921-04-26,79.4851
1921-04-27,79.3965
1921-04-28,79.3080
1921-04-29,79.2194
1921-05-02,78.9538
1921-05-03,78.8652
1921-05-04,78.7767
1921-05-05,78.6881
1921-05-06,78.5996
1921-05-09,78.3339
1921-05-10,78.2454
1921-05-11,78.1568
1921-05-12,78.0683
1921-05-13,77.9797
1921-05-16,77.7047
1921-05-17,77.6067
1921-05-18,77.5088
1921-05-19,77.4109
1921-05-20,77.3129
1921-05-23,77.0191
1921-05-24,76.9212
1921-05-25,76.8233
1921-05-26,76.7253
1921-05-27,76.6274
1921-05-30,76.3336
1921-05-31,76.2356
1921-06-01,76.1377
1921-06-02,76.0398
1921-06-03,75.9418
1921-06-06,75.6480
1921-06-07,75.5501
1921-06-08,75.4521
1921-06-09,75.3542
1921-06-10,75.2563
1921-06-13,74.9625
1921-06-14,74.8645
1921-06-15,74.7666
1921-06-16,74.6907
1921-06-17,74.6148
1921-06-20,74.3871
1921-06-21,74.3112
1921-06-22,74.2353
1921-06-23,74.1594
1921-06-24,74.0835
1921-06-27,73.8558
1921-06-28,73.7799
1921-06-29,73.7040
1921-06-30,73.6281
1921-07-01,73.5522
1921-07-04,73.3245
1921-07-05,73.2486
1921-07-06,73.1727
1921-07-07,73.0968
1921-07-08,73.0209
1921-07-11,72.7932
1921-07-12,72.7173
1921-07-13,72.6414
1921-07-14,72.5655
1921-07-15,72.4896
1921-07-18,72.4528
1921-07-19,72.4406
1921-07-20,72.4284
1921-07-21,72.4161
1921-07-22,72.4039
1921-07-25,72.3672
1921-07-26,72.3549
1921-07-27,72.3427
1921-07-28,72.3304
1921-07-29,72.3182
1921-08-01,72.2815
1921-08-02,72.2692
1921-08-03,72.2570
1921-08-04,72.2447
1921-08-05,72.2325
1921-08-08,72.1958
1921-08-09,72.1835
1921-08-10,72.1713
1921-08-11,72.1590
1921-08-12,72.1468
1921-08-15,72.1101
1921-08-16,72.1550
1921-08-17,72.1998
1921-08-18,72.2447
1921-08-19,72.2896
1921-08-22,72.4243
1921-08-23,72.4692
1921-08-24,72.5141
1921-08-25,72.5589
1921-08-26,72.6038
1921-08-29,72.7385
1921-08-30,72.7834
1921-08-31,72.8283
1921-09-01,72.8732
1921-09-02,72.9180
1921-09-05,73.0527
1921-09-06,73.0976
1921-09-07,73.1425
1921-09-08,73.1874
1921-09-09,73.2323
1921-09-12,73.3669
1921-09-13,73.4118
1921-09-14,73.4567
1921-09-15,73.5016
1921-09-16,73.6323
1921-09-19,74.0245
1921-09-20,74.1552
1921-09-21,74.2859
1921-09-22,74.4166
1921-09-23,74.5473
1921-09-26,74.9395
1921-09-27,75.0702
1921-09-28,75.2009
1921-09-29,75.3316
1921-09-30,75.4623
1921-10-03,75.8545
1921-10-04,75.9852
1921-10-05,76.1159
1921-10-06,76.2467
1921-10-07,76.3774
1921-10-10,76.7695
1921-10-11,76.9002
1921-10-12,77.0310
1921-10-13,77.1617
1921-10-14,77.2924
1921-10-17,77.5945
1921-10-18,77.6802
1921-10-19,77.7659
1921-10-20,77.8516
1921-10-21,77.9373
1921-10-24,78.1944
1921-10-25,78.2801
1921-10-26,78.3657
1921-10-27,78.4514
1921-10-28,78.5371
1921-10-31,78.7942
1921-11-01,78.8799
1921-11-02,78.9656
1921-11-03,79.0513
1921-11-04,79.1370
1921-11-07,79.3941
1921-11-08,79.4798
1921-11-09,79.5655
1921-11-10,79.6512
1921-11-11,79.7369
1921-11-14,79.9939
1921-11-15,80.0796
1921-11-16,80.1597
1921-11-17,80.2399
1921-11-18,80.3200
1921-11-21,80.5603
1921-11-22,80.6405
1921-11-23,80.7206
1921-11-24,80.8007
1921-11-25,80.8808
1921-11-28,81.1212
1921-11-29,81.2013
1921-11-30,81.2814
1921-12-01,81.3615
1921-12-02,81.4416
1921-12-05,81.6820
1921-12-06,81.7621
1921-12-07,81.8422
1921-12-08,81.9223
1921-12-09,82.0024
1921-12-12,82.2428
1921-12-13,82.3229
1921-12-14,82.4030
1921-12-15,82.4831
1921-12-16,82.5811
1921-12-19,82.8749
1921-12-20,82.9728
1921-12-21,83.0708
1921-12-22,83.1687
1921-12-23,83.2666
1921-12-26,83.5604
1921-12-27,83.6584
1921-12-28,83.7563
1921-12-29,83.8543
1921-12-30,83.9522
1922-01-02,84.2460
1922-01-03,84.3439
1922-01-04,84.4419
1922-01-05,84.5398
1922-01-06,84.6377
1922-01-09,84.9316
1922-01-10,85.0295
1922-01-11,85.1274
1922-01-12,85.2254
1922-01-13,85.3233
1922-01-16,85.6212
1922-01-17,85.7232
1922-01-18,85.8252
1922-01-19,85.9272
1922-01-20,86.0293
1922-01-23,86.3353
1922-01-24,86.4373
1922-01-25,86.5393
1922-01-26,86.6414
1922-01-27,86.7434
1922-01-30,87.0494
1922-01-31,87.1514
1922-02-01,87.2535
1922-02-02,87.3555
1922-02-03,87.4575
1922-02-06,87.7635
1922-02-07,87.8656
1922-02-08,87.9676
1922-02-09,88.0696
1922-02-10,88.1716
1922-02-13,88.4777
1922-02-14,88.5797
1922-02-15,88.6817
1922-02-16,88.7856
1922-02-17,88.8895
1922-02-20,89.2013
1922-02-21,89.3052
1922-02-22,89.4091
1922-02-23,89.5130
1922-02-24,89.6169
1922-02-27,89.9286
1922-02-28,90.0325
1922-03-01,90.1365
1922-03-02,90.2404
1922-03-03,90.3443
1922-03-06,90.6560
1922-03-07,90.7599
1922-03-08,90.8638
1922-03-09,90.9677
1922-03-10,91.0717
1922-03-13,91.3834
1922-03-14,91.4873
1922-03-15,91.5912
1922-03-16,91.7014
1922-03-17,91.8116
1922-03-20,92.1421
1922-03-21,92.2523
1922-03-22,92.3625
1922-03-23,92.4726
1922-03-24,92.5828
1922-03-27,92.9134
1922-03-28,93.0235
1922-03-29,93.1337
1922-03-30,93.2439
1922-03-31,93.3541
1922-04-03,93.6846
1922-04-04,93.7948
1922-04-05,93.9050
1922-04-06,94.0151
1922-04-07,94.1253
1922-04-10,94.4559
1922-04-11,94.5660
1922-04-12,94.6762
1922-04-13,94.7864
1922-04-14,94.8966
1922-04-17,95.1670
1922-04-18,95.2471
1922-04-19,95.3272
1922-04-20,95.4073
1922-04-21,95.4874
1922-04-24,95.7278
1922-04-25,95.8079
1922-04-26,95.8880
1922-04-27,95.9681
1922-04-28,96.0483
1922-05-01,96.2886
1922-05-02,96.3687
1922-05-03,96.4489
1922-05-04,96.5290
1922-05-05,96.6091
1922-05-08,96.8494
1922-05-09,96.9296
1922-05-10,97.0097
1922-05-11,97.0898
1922-05-12,97.1699
1922-05-15,97.4103
1922-05-16,97.4347
1922-05-17,97.4592
1922-05-18,97.4837
1922-05-19,97.5082
1922-05-22,97.5816
1922-05-23,97.6061
1922-05-24,97.6306
1922-05-25,97.6551
1922-05-26,97.6796
1922-05-29,97.7530
1922-05-30,97.7775
1922-05-31,97.8020
1922-06-01,97.8265
1922-06-02,97.8510
1922-06-05,97.9244
1922-06-06,97.9489
1922-06-07,97.9734
1922-06-08,97.9979
1922-06-09,98.0224
1922-06-12,98.0958
1922-06-13,98.1203
1922-06-14,98.1448
1922-06-15,98.1693
1922-06-16,98.2241
1922-06-19,98.3885
1922-06-20,98.4434
1922-06-21,98.4982
1922-06-22,98.5530
1922-06-23,98.6078
1922-06-26,98.7723
1922-06-27,98.8271
1922-06-28,98.8819
1922-06-29,98.9367
1922-06-30,98.9915
1922-07-03,99.1560
1922-07-04,99.2108
1922-07-05,99.2656
1922-07-06,99.3204
1922-07-07,99.3752
1922-07-10,99.5397
1922-07-11,99.5945
1922-07-12,99.6493
1922-07-13,99.7041
1922-07-14,99.7590
1922-07-17,99.9688
1922-07-18,100.0464
1922-07-19,100.1239
1922-07-20,100.2014
1922-07-21,100.2790
1922-07-24,100.5116
1922-07-25,100.5891
1922-07-26,100.6666
1922-07-27,100.7442
1922-07-28,100.8217
1922-07-31,101.0543
1922-08-01,101.1318
1922-08-02,101.2094
1922-08-03,101.2869
1922-08-04,101.3644
1922-08-07,101.5970
1922-08-08,101.6746
1922-08-09,101.7521
1922-08-10,101.8296
1922-08-11,101.9072
1922-08-14,102.1398
1922-08-15,102.2173
1922-08-16,102.2010
1922-08-17,102.1846
1922-08-18,102.1683
1922-08-21,102.1194
1922-08-22,102.1030
1922-08-23,102.0867
1922-08-24,102.0704
1922-08-25,102.0541
1922-08-28,102.0051
1922-08-29,101.9888
1922-08-30,101.9725
1922-08-31,101.9561
1922-09-01,101.9398
1922-09-04,101.8908
1922-09-05,101.8745
1922-09-06,101.8582
1922-09-07,101.8419
1922-09-08,101.8256
1922-09-11,101.7766
1922-09-12,101.7603
1922-09-13,101.7439
1922-09-14,101.7276
1922-09-15,101.7113
1922-09-18,101.5215
1922-09-19,101.4583
1922-09-20,101.3950
1922-09-21,101.3318
1922-09-22,101.2685
1922-09-25,101.0788
1922-09-26,101.0155
1922-09-27,100.9523
1922-09-28,100.8890
1922-09-29,100.8258
1922-10-02,100.6360
1922-10-03,100.5728
1922-10-04,100.5095
1922-10-05,100.4463
1922-10-06,100.3830
1922-10-09,100.1933
1922-10-10,100.1300
1922-10-11,100.0668
1922-10-12,100.0035
1922-10-13,99.9403
1922-10-16,99.7893
1922-10-17,99.7648
1922-10-18,99.7403
1922-10-19,99.7158
1922-10-20,99.6914
1922-10-23,99.6179
1922-10-24,99.5934
1922-10-25,99.5689
1922-10-26,99.5445
1922-10-27,99.5200
1922-10-30,99.4465
1922-10-31,99.4220
1922-11-01,99.3975
1922-11-02,99.3731
1922-11-03,99.3486
1922-11-06,99.2751
1922-11-07,99.2506
1922-11-08,99.2262
1922-11-09,99.2017
1922-11-10,99.1772
1922-11-13,99.1037
1922-11-14,99.0793
1922-11-15,99.0548
1922-11-16,99.0927
1922-11-17,99.1307
1922-11-20,99.2445
1922-11-21,99.2825
1922-11-22,99.3204
1922-11-23,99.3584
1922-11-24,99.3963
1922-11-27,99.5102
1922-11-28,99.5481
1922-11-29,99.5861
1922-11-30,99.6240
1922-12-01,99.6620
1922-12-04,99.7758
1922-12-05,99.8138
1922-12-06,99.8517
1922-12-07,99.8897
1922-12-08,99.9276
1922-12-11,100.0415
1922-12-12,100.0794
1922-12-13,100.1174
1922-12-14,100.1553
1922-12-15,100.1933
1922-12-18,100.5116
1922-12-19,100.6177
1922-12-20,100.7238
1922-12-21,100.8299
1922-12-22,100.9360
1922-12-25,101.2543
1922-12-26,101.3604
1922-12-27,101.4665
1922-12-28,101.5725
1922-12-29,101.6786
1923-01-01,101.9969
1923-01-02,102.1030
1923-01-03,102.2091
1923-01-04,102.3152
1923-01-05,102.4213
1923-01-08,102.7396
1923-01-09,102.8457
1923-01-10,102.9518
1923-01-11,103.0579
1923-01-12,103.1640
1923-01-15,103.4823
1923-01-16,103.5190
1923-01-17,103.5558
1923-01-18,103.5925
1923-01-19,103.6292
1923-01-22,103.7394
1923-01-23,103.7761
1923-01-24,103.8128
1923-01-25,103.8496
1923-01-26,103.8863
1923-01-29,103.9965
1923-01-30,104.0332
1923-01-31,104.0699
1923-02-01,104.1066
1923-02-02,104.1434
1923-02-05,104.2536
1923-02-06,104.2903
1923-02-07,104.3270
1923-02-08,104.3637
1923-02-09,104.4005
1923-02-12,104.5106
1923-02-13,104.5474
1923-02-14,104.5841
1923-02-15,104.6208
1923-02-16,104.6389
1923-02-19,104.6931
1923-02-20,104.7112
1923-02-21,104.7292
1923-02-22,104.7473
1923-02-23,104.7654
1923-02-26,104.8196
1923-02-27,104.8377
1923-02-28,104.8557
1923-03-01,104.8738
1923-03-02,104.8919
1923-03-05,104.9461
1923-03-06,104.9642
1923-03-07,104.9822
1923-03-08,105.0003
1923-03-09,105.0184
1923-03-12,105.0726
1923-03-13,105.0907
1923-03-14,105.1087
1923-03-15,105.1268
1923-03-16,105.0778
1923-03-19,104.9309
1923-03-20,104.8820
1923-03-21,104.8330
1923-03-22,104.7840
1923-03-23,104.7351
1923-03-26,104.5882
1923-03-27,104.5392
1923-03-28,104.4902
1923-03-29,104.4413
1923-03-30,104.3923
1923-04-02,104.2454
1923-04-03,104.1964
1923-04-04,104.1475
1923-04-05,104.0985
1923-04-06,104.0495
1923-04-09,103.9026
1923-04-10,103.8536
1923-04-11,103.8047
1923-04-12,103.7557
1923-04-13,103.7067
1923-04-16,103.4106
1923-04-17,103.2124
1923-04-18,103.0143
1923-04-19,102.8161
1923-04-20,102.6179
1923-04-23,102.0233
1923-04-24,101.8251
1923-04-25,101.6270
1923-04-26,101.4288
1923-04-27,101.2306
1923-04-30,100.6360
1923-05-01,100.4378
1923-05-02,100.2397
1923-05-03,100.0415
1923-05-04,99.8433
1923-05-07,99.2487
1923-05-08,99.0506
1923-05-09,98.8524
1923-05-10,98.6542
1923-05-11,98.4560
1923-05-14,97.8614
1923-05-15,97.6633
1923-05-16,97.6021
1923-05-17,97.5408
1923-05-18,97.4796
1923-05-21,97.2960
1923-05-22,97.2348
1923-05-23,97.1736
1923-05-24,97.1124
1923-05-25,97.0512
1923-05-28,96.8675
1923-05-29,96.8063
1923-05-30,96.7451
1923-05-31,96.6839
1923-06-01,96.6227
1923-06-04,96.4391
1923-06-05,96.3778
1923-06-06,96.3166
1923-06-07,96.2554
1923-06-08,96.1942
1923-06-11,96.0106
1923-06-12,95.9494
1923-06-13,95.8882
1923-06-14,95.8270
1923-06-15,95.7657
1923-06-18,95.5380
1923-06-19,95.4621
1923-06-20,95.3862
1923-06-21,95.3103
1923-06-22,95.2344
1923-06-25,95.0067
1923-06-26,94.9308
1923-06-27,94.8549
1923-06-28,94.7790
1923-06-29,94.7031
1923-07-02,94.4754
1923-07-03,94.3995
1923-07-04,94.3236
1923-07-05,94.2477
1923-07-06,94.1718
1923-07-09,93.9441
1923-07-10,93.8682
1923-07-11,93.7923
1923-07-12,93.7164
1923-07-13,93.6405
1923-07-16,93.5010
1923-07-17,93.5132
1923-07-18,93.5255
1923-07-19,93.5377
1923-07-20,93.5499
1923-07-23,93.5867
1923-07-24,93.5989
1923-07-25,93.6112
1923-07-26,93.6234
1923-07-27,93.6356
1923-07-30,93.6724
1923-07-31,93.6846
1923-08-01,93.6968
1923-08-02,93.7091
1923-08-03,93.7213
1923-08-06,93.7581
1923-08-07,93.7703
1923-08-08,93.7825
1923-08-09,93.7948
1923-08-10,93.8070
1923-08-13,93.8437
1923-08-14,93.8560
1923-08-15,93.8682
1923-08-16,93.8682
1923-08-17,93.8682
1923-08-20,93.8682
1923-08-21,93.8682
1923-08-22,93.8682
1923-08-23,93.8682
1923-08-24,93.8682
1923-08-27,93.8682
1923-08-28,93.8682
1923-08-29,93.8682
1923-08-30,93.8682
1923-08-31,93.8682
1923-09-03,93.8682
1923-09-04,93.8682
1923-09-05,93.8682
1923-09-06,93.8682
1923-09-07,93.8682
1923-09-10,93.8682
1923-09-11,93.8682
1923-09-12,93.8682
1923-09-13,93.8682
1923-09-14,93.8682
1923-09-17,93.8345
1923-09-18,93.8176
1923-09-19,93.8008
1923-09-20,93.7839
1923-09-21,93.7670
1923-09-24,93.7164
1923-09-25,93.6996
1923-09-26,93.6827
1923-09-27,93.6658
1923-09-28,93.6490
1923-10-01,93.5984
1923-10-02,93.5815
1923-10-03,93.5646
1923-10-04,93.5478
1923-10-05,93.5309
1923-10-08,93.4803
1923-10-09,93.4634
1923-10-10,93.4466
1923-10-11,93.4297
1923-10-12,93.4128
1923-10-15,93.3622
1923-10-16,93.4194
1923-10-17,93.4765
1923-10-18,93.5336
1923-10-19,93.5907
1923-10-22,93.7621
1923-10-23,93.8193
1923-10-24,93.8764
1923-10-25,93.9335
1923-10-26,93.9907
1923-10-29,94.1620
1923-10-30,94.2192
1923-10-31,94.2763
1923-11-01,94.3334
1923-11-02,94.3906
1923-11-05,94.5619
1923-11-06,94.6191
1923-11-07,94.6762
1923-11-08,94.7333
1923-11-09,94.7905
1923-11-12,94.9619
1923-11-13,95.0190
1923-11-14,95.0761
1923-11-15,95.1332
1923-11-16,95.2893
1923-11-19,95.7573
1923-11-20,95.9133
1923-11-21,96.0693
1923-11-22,96.2254
1923-11-23,96.3814
1923-11-26,96.8494
1923-11-27,97.0055
1923-11-28,97.1615
1923-11-29,97.3175
1923-11-30,97.4735
1923-12-03,97.9416
1923-12-04,98.0976
1923-12-05,98.2536
1923-12-06,98.4096
1923-12-07,98.5656
1923-12-10,99.0337
1923-12-11,99.1897
1923-12-12,99.3457
1923-12-13,99.5017
1923-12-14,99.6578
1923-12-17,99.9444
1923-12-18,100.0096
1923-12-19,100.0749
1923-12-20,100.1402
1923-12-21,100.2055
1923-12-24,100.4014
1923-12-25,100.4667
1923-12-26,100.5320
1923-12-27,100.5973
1923-12-28,100.6626
1923-12-31,100.8584
1924-01-01,100.9237
1924-01-02,100.9890
1924-01-03,101.0543
1924-01-04,101.1196
1924-01-07,101.3155
1924-01-08,101.3808
1924-01-09,101.4460
1924-01-10,101.5113
1924-01-11,101.5766
1924-01-14,101.7725
1924-01-15,101.8378
1924-01-16,101.7970
1924-01-17,101.7562
1924-01-18,101.7154
1924-01-21,101.5930
1924-01-22,101.5521
1924-01-23,101.5113
1924-01-24,101.4705
1924-01-25,101.4297
1924-01-28,101.3073
1924-01-29,101.2665
1924-01-30,101.2257
1924-01-31,101.1849
1924-02-01,101.1441
1924-02-04,101.0217
1924-02-05,100.9809
1924-02-06,100.9400
1924-02-07,100.8992
1924-02-08,100.8584
1924-02-11,100.7360
1924-02-12,100.6952
1924-02-13,100.6544
1924-02-14,100.6136
1924-02-15,100.5728
1924-02-18,100.3241
1924-02-19,100.2413
1924-02-20,100.1584
1924-02-21,100.0755
1924-02-22,99.9926
1924-02-25,99.7440
1924-02-26,99.6611
1924-02-27,99.5782
1924-02-28,99.4953
1924-02-29,99.4125
1924-03-03,99.1638
1924-03-04,99.0809
1924-03-05,98.9981
1924-03-06,98.9152
1924-03-07,98.8323
1924-03-10,98.5837
1924-03-11,98.5008
1924-03-12,98.4179
1924-03-13,98.3350
1924-03-14,98.2521
1924-03-17,97.9652
1924-03-18,97.8632
1924-03-19,97.7612
1924-03-20,97.6592
1924-03-21,97.5572
1924-03-24,97.2511
1924-03-25,97.1491
1924-03-26,97.0471
1924-03-27,96.9451
1924-03-28,96.8430
1924-03-31,96.5370
1924-04-01,96.4350
1924-04-02,96.3330
1924-04-03,96.2309
1924-04-04,96.1289
1924-04-07,95.8229
1924-04-08,95.7209
1924-04-09,95.6188
1924-04-10,95.5168
1924-04-11,95.4148
1924-04-14,95.1088
1924-04-15,95.0067
1924-04-16,95.0489
1924-04-17,95.0911
1924-04-18,95.1332
1924-04-21,95.2597
1924-04-22,95.3019
1924-04-23,95.3441
1924-04-24,95.3862
1924-04-25,95.4284
1924-04-28,95.5549
1924-04-29,95.5971
1924-04-30,95.6392
1924-05-01,95.6814
1924-05-02,95.7236
1924-05-05,95.8501
1924-05-06,95.8922
1924-05-07,95.9344
1924-05-08,95.9766
1924-05-09,96.0187
1924-05-12,96.1452
1924-05-13,96.1874
1924-05-14,96.2296
1924-05-15,96.2718
1924-05-16,96.3574
1924-05-19,96.6145
1924-05-20,96.7002
1924-05-21,96.7859
1924-05-22,96.8716
1924-05-23,96.9573
1924-05-26,97.2144
1924-05-27,97.3001
1924-05-28,97.3858
1924-05-29,97.4715
1924-05-30,97.5572
1924-06-02,97.8142
1924-06-03,97.8999
1924-06-04,97.9856
1924-06-05,98.0713
1924-06-06,98.1570
1924-06-09,98.4141
1924-06-10,98.4998
1924-06-11,98.5855
1924-06-12,98.6712
1924-06-13,98.7569
1924-06-16,99.0337
1924-06-17,99.1391
1924-06-18,99.2445
1924-06-19,99.3499
1924-06-20,99.4554
1924-06-23,99.7716
1924-06-24,99.8770
1924-06-25,99.9824
1924-06-26,100.0879
1924-06-27,100.1933
1924-06-30,100.5095
1924-07-01,100.6149
1924-07-02,100.7204
1924-07-03,100.8258
1924-07-04,100.9312
1924-07-07,101.2475
1924-07-08,101.3529
1924-07-09,101.4583
1924-07-10,101.5637
1924-07-11,101.6691
1924-07-14,101.9854
1924-07-15,102.0908
1924-07-16,102.2377
1924-07-17,102.3846
1924-07-18,102.5315
1924-07-21,102.9722
1924-07-22,103.1191
1924-07-23,103.2660
1924-07-24,103.4129
1924-07-25,103.5598
1924-07-28,104.0006
1924-07-29,104.1475
1924-07-30,104.2944
1924-07-31,104.4413
1924-08-01,104.5882
1924-08-04,105.0289
1924-08-05,105.1758
1924-08-06,105.3227
1924-08-07,105.4696
1924-08-08,105.6165
1924-08-11,106.0572
1924-08-12,106.2041
1924-08-13,106.3510
1924-08-14,106.4979
1924-08-15,106.6448
1924-08-18,106.6938
1924-08-19,106.7101
1924-08-20,106.7264
1924-08-21,106.7428
1924-08-22,106.7591
1924-08-25,106.8081
1924-08-26,106.8244
1924-08-27,106.8407
1924-08-28,106.8570
1924-08-29,106.8733
1924-09-01,106.9223
1924-09-02,106.9386
1924-09-03,106.9550
1924-09-04,106.9713
1924-09-05,106.9876
1924-09-08,107.0366
1924-09-09,107.0529
1924-09-10,107.0692
1924-09-11,107.0855
1924-09-12,107.1019
1924-09-15,107.1508
1924-09-16,107.2562
1924-09-17,107.3617
1924-09-18,107.4671
1924-09-19,107.5725
1924-09-22,107.8888
1924-09-23,107.9942
1924-09-24,108.0996
1924-09-25,108.2050
1924-09-26,108.3104
1924-09-29,108.6267
1924-09-30,108.7321
1924-10-01,108.8375
1924-10-02,108.9429
1924-10-03,109.0483
1924-10-06,109.3646
1924-10-07,109.4700
1924-10-08,109.5754
1924-10-09,109.6809
1924-10-10,109.7863
1924-10-13,110.1025
1924-10-14,110.2079
1924-10-15,110.3134
1924-10-16,110.4562
1924-10-17,110.5990
1924-10-20,111.0275
1924-10-21,111.1703
1924-10-22,111.3131
1924-10-23,111.4559
1924-10-24,111.5988
1924-10-27,112.0272
1924-10-28,112.1701
1924-10-29,112.3129
1924-10-30,112.4557
1924-10-31,112.5985
1924-11-03,113.0270
1924-11-04,113.1698
1924-11-05,113.3127
1924-11-06,113.4555
1924-11-07,113.5983
1924-11-10,114.0268
1924-11-11,114.1696
1924-11-12,114.3124
1924-11-13,114.4552
1924-11-14,114.5981
1924-11-17,115.0782
1924-11-18,115.2469
1924-11-19,115.4156
1924-11-20,115.5842
1924-11-21,115.7529
1924-11-24,116.2589
1924-11-25,116.4276
1924-11-26,116.5962
1924-11-27,116.7649
1924-11-28,116.9336
1924-12-01,117.4396
1924-12-02,117.6082
1924-12-03,117.7769
1924-12-04,117.9456
1924-12-05,118.1142
1924-12-08,118.6203
1924-12-09,118.7889
1924-12-10,118.9576
1924-12-11,119.1263
1924-12-12,119.2949
1924-12-15,119.8009
1924-12-16,119.9356
1924-12-17,120.0703
1924-12-18,120.2049
1924-12-19,120.3396
1924-12-22,120.7436
1924-12-23,120.8782
1924-12-24,121.0129
1924-12-25,121.1475
1924-12-26,121.2822
1924-12-29,121.6862
1924-12-30,121.8209
1924-12-31,121.9555
1925-01-01,122.0902
1925-01-02,122.2248
1925-01-05,122.6288
1925-01-06,122.7635
1925-01-07,122.8982
1925-01-08,123.0328
1925-01-09,123.1675
1925-01-12,123.5715
1925-01-13,123.7061
1925-01-14,123.8408
1925-01-15,123.9755
1925-01-16,123.9795
1925-01-19,123.9918
1925-01-20,123.9959
1925-01-21,123.9999
1925-01-22,124.0040
1925-01-23,124.0081
1925-01-26,124.0203
1925-01-27,124.0244
1925-01-28,124.0285
1925-01-29,124.0326
1925-01-30,124.0367
1925-02-02,124.0489
1925-02-03,124.0530
1925-02-04,124.0571
1925-02-05,124.0612
1925-02-06,124.0652
1925-02-09,124.0775
1925-02-10,124.0816
1925-02-11,124.0856
1925-02-12,124.0897
1925-02-13,124.0938
1925-02-16,124.0613
1925-02-17,124.0206
1925-02-18,123.9800
1925-02-19,123.9393
1925-02-20,123.8987
1925-02-23,123.7767
1925-02-24,123.7360
1925-02-25,123.6953
1925-02-26,123.6547
1925-02-27,123.6140
1925-03-02,123.4920
1925-03-03,123.4514
1925-03-04,123.4107
1925-03-05,123.3701
1925-03-06,123.3294
1925-03-09,123.2074
1925-03-10,123.1668
1925-03-11,123.1261
1925-03-12,123.0854
1925-03-13,123.0448
1925-03-16,123.0736
1925-03-17,123.1838
1925-03-18,123.2940
1925-03-19,123.4042
1925-03-20,123.5143
1925-03-23,123.8449
1925-03-24,123.9551
1925-03-25,124.0652
1925-03-26,124.1754
1925-03-27,124.2856
1925-03-30,124.6161
1925-03-31,124.7263
1925-04-01,124.8365
1925-04-02,124.9467
1925-04-03,125.0568
1925-04-06,125.3874
1925-04-07,125.4975
1925-04-08,125.6077
1925-04-09,125.7179
1925-04-10,125.8281
1925-04-13,126.1586
1925-04-14,126.2688
1925-04-15,126.3790
1925-04-16,126.4507
1925-04-17,126.5223
1925-04-20,126.7374
1925-04-21,126.8091
1925-04-22,126.8808
1925-04-23,126.9524
1925-04-24,127.0241
1925-04-27,127.2392
1925-04-28,127.3109
1925-04-29,127.3825
1925-04-30,127.4542
1925-05-01,127.5259
1925-05-04,127.7410
1925-05-05,127.8127
1925-05-06,127.8843
1925-05-07,127.9560
1925-05-08,128.0277
1925-05-11,128.2428
1925-05-12,128.3144
1925-05-13,128.3861
1925-05-14,128.4578
1925-05-15,128.5295
1925-05-18,128.9335
1925-05-19,129.0681
1925-05-20,129.2028
1925-05-21,129.3375
1925-05-22,129.4721
1925-05-25,129.8761
1925-05-26,130.0108
1925-05-27,130.1454
1925-05-28,130.2801
1925-05-29,130.4148
1925-06-01,130.8187
1925-06-02,130.9534
1925-06-03,131.0881
1925-06-04,131.2227
1925-06-05,131.3574
1925-06-08,131.7614
1925-06-09,131.8960
1925-06-10,132.0307
1925-06-11,132.1654
1925-06-12,132.3000
1925-06-15,132.7040
1925-06-16,132.9233
1925-06-17,133.1426
1925-06-18,133.3618
1925-06-19,133.5811
1925-06-22,134.2389
1925-06-23,134.4582
1925-06-24,134.6774
1925-06-25,134.8967
1925-06-26,135.1160
1925-06-29,135.7738
1925-06-30,135.9930
1925-07-01,136.2123
1925-07-02,136.4316
1925-07-03,136.6509
1925-07-06,137.3087
1925-07-07,137.5279
1925-07-08,137.7472
1925-07-09,137.9665
1925-07-10,138.1857
1925-07-13,138.8435
1925-07-14,139.0628
1925-07-15,139.2821
1925-07-16,139.4004
1925-07-17,139.5187
1925-07-20,139.8738
1925-07-21,139.9921
1925-07-22,140.1104
1925-07-23,140.2288
1925-07-24,140.3471
1925-07-27,140.7021
1925-07-28,140.8205
1925-07-29,140.9388
1925-07-30,141.0572
1925-07-31,141.1755
1925-08-03,141.5305
1925-08-04,141.6489
1925-08-05,141.7672
1925-08-06,141.8855
1925-08-07,142.0039
1925-08-10,142.3589
1925-08-11,142.4772
1925-08-12,142.5956
1925-08-13,142.7139
1925-08-14,142.8323
1925-08-17,143.3913
1925-08-18,143.6117
1925-08-19,143.8320
1925-08-20,144.0524
1925-08-21,144.2727
1925-08-24,144.9338
1925-08-25,145.1542
1925-08-26,145.3745
1925-08-27,145.5949
1925-08-28,145.8152
1925-08-31,146.4763
1925-09-01,146.6967
1925-09-02,146.9170
1925-09-03,147.1374
1925-09-04,147.3577
1925-09-07,148.0188
1925-09-08,148.2392
1925-09-09,148.4595
1925-09-10,148.6799
1925-09-11,148.9002
1925-09-14,149.5613
1925-09-15,149.7816
1925-09-16,149.8871
1925-09-17,149.9925
1925-09-18,150.0979
1925-09-21,150.4142
1925-09-22,150.5196
1925-09-23,150.6250
1925-09-24,150.7304
1925-09-25,150.8358
1925-09-28,151.1521
1925-09-29,151.2575
1925-09-30,151.3629
1925-10-01,151.4683
1925-10-02,151.5737
1925-10-05,151.8900
1925-10-06,151.9954
1925-10-07,152.1008
1925-10-08,152.2062
1925-10-09,152.3117
1925-10-12,152.6279
1925-10-13,152.7333
1925-10-14,152.8388
1925-10-15,152.9442
1925-10-16,153.0339
1925-10-19,153.3033
1925-10-20,153.3930
1925-10-21,153.4828
1925-10-22,153.5726
1925-10-23,153.6624
1925-10-26,153.9317
1925-10-27,154.0215
1925-10-28,154.1112
1925-10-29,154.2010
1925-10-30,154.2908
1925-11-02,154.5601
1925-11-03,154.6499
1925-11-04,154.7397
1925-11-05,154.8294
1925-11-06,154.9192
1925-11-09,155.1885
1925-11-10,155.2783
1925-11-11,155.3681
1925-11-12,155.4579
1925-11-13,155.5476
1925-11-16,155.7567
1925-11-17,155.7862
1925-11-18,155.8157
1925-11-19,155.8453
1925-11-20,155.8748
1925-11-23,155.9633
1925-11-24,155.9928
1925-11-25,156.0224
1925-11-26,156.0519
1925-11-27,156.0814
1925-11-30,156.1699
1925-12-01,156.1995
1925-12-02,156.2290
1925-12-03,156.2585
1925-12-04,156.2880
1925-12-07,156.3766
1925-12-08,156.4061
1925-12-09,156.4356
1925-12-10,156.4651
1925-12-11,156.4946
1925-12-14,156.5832
1925-12-15,156.6127
1925-12-16,156.6290
1925-12-17,156.6453
1925-12-18,156.6617
1925-12-21,156.7106
1925-12-22,156.7270
1925-12-23,156.7433
1925-12-24,156.7596
1925-12-25,156.7759
1925-12-28,156.8249
1925-12-29,156.8412
1925-12-30,156.8575
1925-12-31,156.8739
1926-01-01,156.8902
1926-01-04,156.9392
1926-01-05,156.9555
1926-01-06,156.9718
1926-01-07,156.9881
1926-01-08,157.0044
1926-01-11,157.0534
1926-01-12,157.0697
1926-01-13,157.0861
1926-01-14,157.1024
1926-01-15,157.1187
1926-01-18,156.7270
1926-01-19,156.5964
1926-01-20,156.4658
1926-01-21,156.3352
1926-01-22,156.2046
1926-01-25,155.8129
1926-01-26,155.6823
1926-01-27,155.5517
1926-01-28,155.4211
1926-01-29,155.2906
1926-02-01,154.8988
1926-02-02,154.7682
1926-02-03,154.6377
1926-02-04,154.5071
1926-02-05,154.3765
1926-02-08,153.9847
1926-02-09,153.8542
1926-02-10,153.7236
1926-02-11,153.5930
1926-02-12,153.4624
1926-02-15,153.0707
1926-02-16,152.9668
1926-02-17,152.8628
1926-02-18,152.7589
1926-02-19,152.6550
1926-02-22,152.3433
1926-02-23,152.2394
1926-02-24,152.1355
1926-02-25,152.0316
1926-02-26,151.9276
1926-03-01,151.6159
1926-03-02,151.5120
1926-03-03,151.4081
1926-03-04,151.3042
1926-03-05,151.2003
1926-03-08,150.8885
1926-03-09,150.7846
1926-03-10,150.6807
1926-03-11,150.5768
1926-03-12,150.4729
1926-03-15,150.1612
1926-03-16,150.0673
1926-03-17,149.9734
1926-03-18,149.8796
1926-03-19,149.7857
1926-03-22,149.5042
1926-03-23,149.4103
1926-03-24,149.3165
1926-03-25,149.2226
1926-03-26,149.1287
1926-03-29,148.8472
1926-03-30,148.7533
1926-03-31,148.6595
1926-04-01,148.5656
1926-04-02,148.4718
1926-04-05,148.1902
1926-04-06,148.0963
1926-04-07,148.0025
1926-04-08,147.9086
1926-04-09,147.8148
1926-04-12,147.5332
1926-04-13,147.4393
1926-04-14,147.3455
1926-04-15,147.2516
1926-04-16,147.3613
1926-04-19,147.6902
1926-04-20,147.7998
1926-04-21,147.9094
1926-04-22,148.0191
1926-04-23,148.1287
1926-04-26,148.4576
1926-04-27,148.5672
1926-04-28,148.6769
1926-04-29,148.7865
1926-04-30,148.8961
1926-05-03,149.2250
1926-05-04,149.3347
1926-05-05,149.4443
1926-05-06,149.5539
1926-05-07,149.6636
1926-05-10,149.9925
1926-05-11,150.1021
1926-05-12,150.2118
1926-05-13,150.3214
1926-05-14,150.4310
1926-05-17,150.8263
1926-05-18,150.9691
1926-05-19,151.1119
1926-05-20,151.2548
1926-05-21,151.3976
1926-05-24,151.8261
1926-05-25,151.9689
1926-05-26,152.1117
1926-05-27,152.2545
1926-05-28,152.3974
1926-05-31,152.8258
1926-06-01,152.9687
1926-06-02,153.1115
1926-06-03,153.2543
1926-06-04,153.3971
1926-06-07,153.8256
1926-06-08,153.9684
1926-06-09,154.1112
1926-06-10,154.2541
1926-06-11,154.3969
1926-06-14,154.8254
1926-06-15,154.9682
1926-06-16,155.1158
1926-06-17,155.2634
1926-06-18,155.4109
1926-06-21,155.8537
1926-06-22,156.0013
1926-06-23,156.1489
1926-06-24,156.2964
1926-06-25,156.4440
1926-06-28,156.8868
1926-06-29,157.0344
1926-06-30,157.1820
1926-07-01,157.3295
1926-07-02,157.4771
1926-07-05,157.9199
1926-07-06,158.0675
1926-07-07,158.2150
1926-07-08,158.3626
1926-07-09,158.5102
1926-07-12,158.9530
1926-07-13,159.1006
1926-07-14,159.2481
1926-07-15,159.3957
1926-07-16,159.5059
1926-07-19,159.8364
1926-07-20,159.9466
1926-07-21,160.0568
1926-07-22,160.1670
1926-07-23,160.2771
1926-07-26,160.6077
1926-07-27,160.7179
1926-07-28,160.8280
1926-07-29,160.9382
1926-07-30,161.0484
1926-08-02,161.3789
1926-08-03,161.4891
1926-08-04,161.5993
1926-08-05,161.7095
1926-08-06,161.8196
1926-08-09,162.1502
1926-08-10,162.2604
1926-08-11,162.3705
1926-08-12,162.4807
1926-08-13,162.5909
1926-08-16,162.7296
1926-08-17,162.6480
1926-08-18,162.5664
1926-08-19,162.4848
1926-08-20,162.4032
1926-08-23,162.1583
1926-08-24,162.0767
1926-08-25,161.9951
1926-08-26,161.9135
1926-08-27,161.8319
1926-08-30,161.5870
1926-08-31,161.5054
1926-09-01,161.4238
1926-09-02,161.3422
1926-09-03,161.2606
1926-09-06,161.0157
1926-09-07,160.9341
1926-09-08,160.8525
1926-09-09,160.7709
1926-09-10,160.6893
1926-09-13,160.4445
1926-09-14,160.3628
1926-09-15,160.2812
1926-09-16,160.1800
1926-09-17,160.0788
1926-09-20,159.7752
1926-09-21,159.6740
1926-09-22,159.5728
1926-09-23,159.4716
1926-09-24,159.3704
1926-09-27,159.0668
1926-09-28,158.9656
1926-09-29,158.8644
1926-09-30,158.7632
1926-10-01,158.6620
1926-10-04,158.3584
1926-10-05,158.2572
1926-10-06,158.1560
1926-10-07,158.0548
1926-10-08,157.9536
1926-10-11,157.6500
1926-10-12,157.5488
1926-10-13,157.4476
1926-10-14,157.3464
1926-10-15,157.2452
1926-10-18,157.2574
1926-10-19,157.2615
1926-10-20,157.2656
1926-10-21,157.2697
1926-10-22,157.2738
1926-10-25,157.2860
1926-10-26,157.2901
1926-10-27,157.2942
1926-10-28,157.2983
1926-10-29,157.3023
1926-11-01,157.3146
1926-11-02,157.3187
1926-11-03,157.3227
1926-11-04,157.3268
1926-11-05,157.3309
1926-11-08,157.3431
1926-11-09,157.3472
1926-11-10,157.3513
1926-11-11,157.3554
1926-11-12,157.3595
1926-11-15,157.3717
1926-11-16,157.4350
1926-11-17,157.4982
1926-11-18,157.5615
1926-11-19,157.6247
1926-11-22,157.8145
1926-11-23,157.8777
1926-11-24,157.9410
1926-11-25,158.0042
1926-11-26,158.0675
1926-11-29,158.2572
1926-11-30,158.3205
1926-12-01,158.3837
1926-12-02,158.4470
1926-12-03,158.5102
1926-12-06,158.7000
1926-12-07,158.7632
1926-12-08,158.8265
1926-12-09,158.8897
1926-12-10,158.9530
1926-12-13,159.1427
1926-12-14,159.2060
1926-12-15,159.2692
1926-12-16,159.3304
1926-12-17,159.3916
1926-12-20,159.5753
1926-12-21,159.6365
1926-12-22,159.6977
1926-12-23,159.7589
1926-12-24,159.8201
1926-12-27,160.0037
1926-12-28,160.0649
1926-12-29,160.1262
1926-12-30,160.1874
1926-12-31,160.2486
1927-01-03,160.4322
1927-01-04,160.4934
1927-01-05,160.5546
1927-01-06,160.6158
1927-01-07,160.6771
1927-01-10,160.8607
1927-01-11,160.9219
1927-01-12,160.9831
1927-01-13,161.0443
1927-01-14,161.1055
1927-01-17,161.2728
1927-01-18,161.3259
1927-01-19,161.3789
1927-01-20,161.4320
1927-01-21,161.4850
1927-01-24,161.6442
1927-01-25,161.6972
1927-01-26,161.7503
1927-01-27,161.8033
1927-01-28,161.8564
1927-01-31,162.0155
1927-02-01,162.0686
1927-02-02,162.1216
1927-02-03,162.1747
1927-02-04,162.2277
1927-02-07,162.3869
1927-02-08,162.4399
1927-02-09,162.4930
1927-02-10,162.5460
1927-02-11,162.5990
1927-02-14,162.7582
1927-02-15,162.8112
1927-02-16,162.9061
1927-02-17,163.0010
1927-02-18,163.0959
1927-02-21,163.3805
1927-02-22,163.4754
1927-02-23,163.5703
1927-02-24,163.6651
1927-02-25,163.7600
1927-02-28,164.0446
1927-03-01,164.1395
1927-03-02,164.2344
1927-03-03,164.3293
1927-03-04,164.4241
1927-03-07,164.7088
1927-03-08,164.8036
1927-03-09,164.8985
1927-03-10,164.9934
1927-03-11,165.0883
1927-03-14,165.3729
1927-03-15,165.4678
1927-03-16,165.5861
1927-03-17,165.7044
1927-03-18,165.8228
1927-03-21,166.1778
1927-03-22,166.2961
1927-03-23,166.4145
1927-03-24,166.5328
1927-03-25,166.6512
1927-03-28,167.0062
1927-03-29,167.1245
1927-03-30,167.2429
1927-03-31,167.3612
1927-04-01,167.4795
1927-04-04,167.8346
1927-04-05,167.9529
1927-04-06,168.0712
1927-04-07,168.1896
1927-04-08,168.3079
1927-04-11,168.6629
1927-04-12,168.7813
1927-04-13,168.8996
1927-04-14,169.0180
1927-04-15,169.1363
1927-04-18,169.3766
1927-04-19,169.4568
1927-04-20,169.5369
1927-04-21,169.6170
1927-04-22,169.6971
1927-04-25,169.9375
1927-04-26,170.0176
1927-04-27,170.0977
1927-04-28,170.1778
1927-04-29,170.2579
1927-05-02,170.4983
1927-05-03,170.5784
1927-05-04,170.6585
1927-05-05,170.7386
1927-05-06,170.8188
1927-05-09,171.0591
1927-05-10,171.1392
1927-05-11,171.2193
1927-05-12,171.2995
1927-05-13,171.3796
1927-05-16,171.7194
1927-05-17,171.8989
1927-05-18,172.0785
1927-05-19,172.2580
1927-05-20,172.4376
1927-05-23,172.9762
1927-05-24,173.1558
1927-05-25,173.3353
1927-05-26,173.5149
1927-05-27,173.6944
1927-05-30,174.2331
1927-05-31,174.4126
1927-06-01,174.5922
1927-06-02,174.7717
1927-06-03,174.9513
1927-06-06,175.4899
1927-06-07,175.6695
1927-06-08,175.8490
1927-06-09,176.0286
1927-06-10,176.2081
1927-06-13,176.7468
1927-06-14,176.9263
1927-06-15,177.1059
1927-06-16,177.2450
1927-06-17,177.3842
1927-06-20,177.8016
1927-06-21,177.9408
1927-06-22,178.0799
1927-06-23,178.2191
1927-06-24,178.3582
1927-06-27,178.7757
1927-06-28,178.9148
1927-06-29,179.0540
1927-06-30,179.1931
1927-07-01,179.3323
1927-07-04,179.7497
1927-07-05,179.8889
1927-07-06,180.0280
1927-07-07,180.1672
1927-07-08,180.3063
1927-07-11,180.7238
1927-07-12,180.8629
1927-07-13,181.0021
1927-07-14,181.1412
1927-07-15,181.2804
1927-07-18,181.9415
1927-07-19,182.1618
1927-07-20,182.3822
1927-07-21,182.6025
1927-07-22,182.8229
1927-07-25,183.4839
1927-07-26,183.7043
1927-07-27,183.9247
1927-07-28,184.1450
1927-07-29,184.3654
1927-08-01,185.0264
1927-08-02,185.2468
1927-08-03,185.4672
1927-08-04,185.6875
1927-08-05,185.9079
1927-08-08,186.5689
1927-08-09,186.7893
1927-08-10,187.0096
1927-08-11,187.2300
1927-08-12,187.4504
1927-08-15,188.1114
1927-08-16,188.2624
1927-08-17,188.4134
1927-08-18,188.5644
1927-08-19,188.7154
1927-08-22,189.1683
1927-08-23,189.3193
1927-08-24,189.4703
1927-08-25,189.6213
1927-08-26,189.7723
1927-08-29,190.2252
1927-08-30,190.3762
1927-08-31,190.5272
1927-09-01,190.6782
1927-09-02,190.8292
1927-09-05,191.2821
1927-09-06,191.4331
1927-09-07,191.5841
1927-09-08,191.7351
1927-09-09,191.8861
1927-09-12,192.3390
1927-09-13,192.4900
1927-09-14,192.6410
1927-09-15,192.7920
1927-09-16,192.7835
1927-09-19,192.7582
1927-09-20,192.7498
1927-09-21,192.7414
1927-09-22,192.7329
1927-09-23,192.7245
1927-09-26,192.6992
1927-09-27,192.6908
1927-09-28,192.6823
1927-09-29,192.6739
1927-09-30,192.6655
1927-10-03,192.6402
1927-10-04,192.6317
1927-10-05,192.6233
1927-10-06,192.6149
1927-10-07,192.6064
1927-10-10,192.5811
1927-10-11,192.5727
1927-10-12,192.5643
1927-10-13,192.5558
1927-10-14,192.5474
1927-10-17,192.6206
1927-10-18,192.6614
1927-10-19,192.7022
1927-10-20,192.7430
1927-10-21,192.7838
1927-10-24,192.9062
1927-10-25,192.9470
1927-10-26,192.9878
1927-10-27,193.0286
1927-10-28,193.0695
1927-10-31,193.1919
1927-11-01,193.2327
1927-11-02,193.2735
1927-11-03,193.3143
1927-11-04,193.3551
1927-11-07,193.4775
1927-11-08,193.5183
1927-11-09,193.5591
1927-11-10,193.5999
1927-11-11,193.6407
1927-11-14,193.7632
1927-11-15,193.8040
1927-11-16,193.9600
1927-11-17,194.1160
1927-11-18,194.2720
1927-11-21,194.7401
1927-11-22,194.8961
1927-11-23,195.0521
1927-11-24,195.2081
1927-11-25,195.3642
1927-11-28,195.8322
1927-11-29,195.9882
1927-11-30,196.1442
1927-12-01,196.3003
1927-12-02,196.4563
1927-12-05,196.9243
1927-12-06,197.0803
1927-12-07,197.2364
1927-12-08,197.3924
1927-12-09,197.5484
1927-12-12,198.0165
1927-12-13,198.1725
1927-12-14,198.3285
1927-12-15,198.4845
1927-12-16,198.6028
1927-12-19,198.9579
1927-12-20,199.0762
1927-12-21,199.1945
1927-12-22,199.3129
1927-12-23,199.4312
1927-12-26,199.7862
1927-12-27,199.9046
1927-12-28,200.0229
1927-12-29,200.1413
1927-12-30,200.2596
1928-01-02,200.6146
1928-01-03,200.7330
1928-01-04,200.8513
1928-01-05,200.9696
1928-01-06,201.0880
1928-01-09,201.4430
1928-01-10,201.5613
1928-01-11,201.6797
1928-01-12,201.7980
1928-01-13,201.9164
1928-01-16,202.2959
1928-01-17,202.4387
1928-01-18,202.5815
1928-01-19,202.7243
1928-01-20,202.8672
1928-01-23,203.2956
1928-01-24,203.4384
1928-01-25,203.5813
1928-01-26,203.7241
1928-01-27,203.8669
1928-01-30,204.2954
1928-01-31,204.4382
1928-02-01,204.5810
1928-02-02,204.7239
1928-02-03,204.8667
1928-02-06,205.2952
1928-02-07,205.4380
1928-02-08,205.5808
1928-02-09,205.7236
1928-02-10,205.8665
1928-02-13,206.2949
1928-02-14,206.4377
1928-02-15,206.5806
1928-02-16,206.6155
1928-02-17,206.6504
1928-02-20,206.7551
1928-02-21,206.7900
1928-02-22,206.8248
1928-02-23,206.8597
1928-02-24,206.8946
1928-02-27,206.9993
1928-02-28,207.0342
1928-02-29,207.0691
1928-03-01,207.1040
1928-03-02,207.1389
1928-03-05,207.2436
1928-03-06,207.2785
1928-03-07,207.3134
1928-03-08,207.3483
1928-03-09,207.3832
1928-03-12,207.4879
1928-03-13,207.5228
1928-03-14,207.5577
1928-03-15,207.5926
1928-03-16,207.7966
1928-03-19,208.4087
1928-03-20,208.6127
1928-03-21,208.8168
1928-03-22,209.0208
1928-03-23,209.2248
1928-03-26,209.8369
1928-03-27,210.0410
1928-03-28,210.2450
1928-03-29,210.4490
1928-03-30,210.6531
1928-04-02,211.2652
1928-04-03,211.4692
1928-04-04,211.6733
1928-04-05,211.8773
1928-04-06,212.0813
1928-04-09,212.6934
1928-04-10,212.8975
1928-04-11,213.1015
1928-04-12,213.3055
1928-04-13,213.5096
1928-04-16,214.0610
1928-04-17,214.2044
1928-04-18,214.3477
1928-04-19,214.4911
1928-04-20,214.6345
1928-04-23,215.0646
1928-04-24,215.2079
1928-04-25,215.3513
1928-04-26,215.4947
1928-04-27,215.6380
1928-04-30,216.0681
1928-05-01,216.2115
1928-05-02,216.3549
1928-05-03,216.4982
1928-05-04,216.6416
1928-05-07,217.0717
1928-05-08,217.2151
1928-05-09,217.3584
1928-05-10,217.5018
1928-05-11,217.6452
1928-05-14,218.0753
1928-05-15,218.2187
1928-05-16,218.2595
1928-05-17,218.3003
1928-05-18,218.3411
1928-05-21,218.4635
1928-05-22,218.5043
1928-05-23,218.5451
1928-05-24,218.5859
1928-05-25,218.6267
1928-05-28,218.7491
1928-05-29,218.7900
1928-05-30,218.8308
1928-05-31,218.8716
1928-06-01,218.9124
1928-06-04,219.0348
1928-06-05,219.0756
1928-06-06,219.1164
1928-06-07,219.1572
1928-06-08,219.1980
1928-06-11,219.3204
1928-06-12,219.3612
1928-06-13,219.4021
1928-06-14,219.4429
1928-06-15,219.4837
1928-06-18,220.2680
1928-06-19,220.5294
1928-06-20,220.7908
1928-06-21,221.0523
1928-06-22,221.3137
1928-06-25,222.0980
1928-06-26,222.3595
1928-06-27,222.6209
1928-06-28,222.8823
1928-06-29,223.1438
1928-07-02,223.9281
1928-07-03,224.1895
1928-07-04,224.4509
1928-07-05,224.7124
1928-07-06,224.9738
1928-07-09,225.7581
1928-07-10,226.0195
1928-07-11,226.2810
1928-07-12,226.5424
1928-07-13,226.8039
1928-07-16,227.4287
1928-07-17,227.5308
1928-07-18,227.6328
1928-07-19,227.7348
1928-07-20,227.8368
1928-07-23,228.1429
1928-07-24,228.2449
1928-07-25,228.3469
1928-07-26,228.4489
1928-07-27,228.5509
1928-07-30,228.8570
1928-07-31,228.9590
1928-08-01,229.0610
1928-08-02,229.1630
1928-08-03,229.2650
1928-08-06,229.5711
1928-08-07,229.6731
1928-08-08,229.7751
1928-08-09,229.8771
1928-08-10,229.9792
1928-08-13,230.2852
1928-08-14,230.3872
1928-08-15,230.4892
1928-08-16,231.1911
1928-08-17,231.8930
1928-08-20,233.9986
1928-08-21,234.7005
1928-08-22,235.4024
1928-08-23,236.1043
1928-08-24,236.8061
1928-08-27,238.9118
1928-08-28,239.6136
1928-08-29,240.3155
1928-08-30,241.0174
1928-08-31,241.7193
1928-09-03,243.8249
1928-09-04,244.5268
1928-09-05,245.2286
1928-09-06,245.9305
1928-09-07,246.6324
1928-09-10,248.7380
1928-09-11,249.4399
1928-09-12,250.1418
1928-09-13,250.8437
1928-09-14,251.5455
1928-09-17,253.2931
1928-09-18,253.8160
1928-09-19,254.3389
1928-09-20,254.8618
1928-09-21,255.3846
1928-09-24,256.9532
1928-09-25,257.4761
1928-09-26,257.9990
1928-09-27,258.5219
1928-09-28,259.0447
1928-10-01,260.6133
1928-10-02,261.1362
1928-10-03,261.6591
1928-10-04,262.1819
1928-10-05,262.7048
1928-10-08,264.2734
1928-10-09,264.7963
1928-10-10,265.3192
1928-10-11,265.8420
1928-10-12,266.3649
1928-10-15,267.9335
1928-10-16,268.2151
1928-10-17,268.4967
1928-10-18,268.7782
1928-10-19,269.0598
1928-10-22,269.9045
1928-10-23,270.1861
1928-10-24,270.4676
1928-10-25,270.7492
1928-10-26,271.0308
1928-10-29,271.8755
1928-10-30,272.1570
1928-10-31,272.4386
1928-11-01,272.7202
1928-11-02,273.0017
1928-11-05,273.8464
1928-11-06,274.1280
1928-11-07,274.4096
1928-11-08,274.6911
1928-11-09,274.9727
1928-11-12,275.8174
1928-11-13,276.0990
1928-11-14,276.3805
1928-11-15,276.6621
1928-11-16,277.4675
1928-11-19,279.8836
1928-11-20,280.6890
1928-11-21,281.4944
1928-11-22,282.2998
1928-11-23,283.1052
1928-11-26,285.5214
1928-11-27,286.3268
1928-11-28,287.1322
1928-11-29,287.9375
1928-11-30,288.7429
1928-12-03,291.1591
1928-12-04,291.9645
1928-12-05,292.7699
1928-12-06,293.5753
1928-12-07,294.3807
1928-12-10,296.7968
1928-12-11,297.6022
1928-12-12,298.4076
1928-12-13,299.2130
1928-12-14,300.0184
1928-12-17,301.4522
1928-12-18,301.7664
1928-12-19,302.0806
1928-12-20,302.3948
1928-12-21,302.7090
1928-12-24,303.6517
1928-12-25,303.9659
1928-12-26,304.2801
1928-12-27,304.5943
1928-12-28,304.9085
1928-12-31,305.8512
1929-01-01,306.1654
1929-01-02,306.4796
1929-01-03,306.7938
1929-01-04,307.1080
1929-01-07,308.0506
1929-01-08,308.3649
1929-01-09,308.6791
1929-01-10,308.9933
1929-01-11,309.3075
1929-01-14,310.2501
1929-01-15,310.5643
1929-01-16,310.7072
1929-01-17,310.8500
1929-01-18,310.9928
1929-01-21,311.4213
1929-01-22,311.5641
1929-01-23,311.7069
1929-01-24,311.8498
1929-01-25,311.9926
1929-01-28,312.4210
1929-01-29,312.5639
1929-01-30,312.7067
1929-01-31,312.8495
1929-02-01,312.9923
1929-02-04,313.4208
1929-02-05,313.5636
1929-02-06,313.7065
1929-02-07,313.8493
1929-02-08,313.9921
1929-02-11,314.4206
1929-02-12,314.5634
1929-02-13,314.7062
1929-02-14,314.8490
1929-02-15,314.9919
1929-02-18,314.9919
1929-02-19,314.9919
1929-02-20,314.9919
1929-02-21,314.9919
1929-02-22,314.9919
1929-02-25,314.9919
1929-02-26,314.9919
1929-02-27,314.9919
1929-02-28,314.9919
1929-03-01,314.9919
1929-03-04,314.9919
1929-03-05,314.9919
1929-03-06,314.9919
1929-03-07,314.9919
1929-03-08,314.9919
1929-03-11,314.9919
1929-03-12,314.9919
1929-03-13,314.9919
1929-03-14,314.9919
1929-03-15,314.9919
1929-03-18,314.6491
1929-03-19,314.5348
1929-03-20,314.4206
1929-03-21,314.3063
1929-03-22,314.1921
1929-03-25,313.8493
1929-03-26,313.7350
1929-03-27,313.6208
1929-03-28,313.5065
1929-03-29,313.3922
1929-04-01,313.0495
1929-04-02,312.9352
1929-04-03,312.8210
1929-04-04,312.7067
1929-04-05,312.5924
1929-04-08,312.2497
1929-04-09,312.1354
1929-04-10,312.0211
1929-04-11,311.9069
1929-04-12,311.7926
1929-04-15,311.4498
1929-04-16,311.6902
1929-04-17,311.9306
1929-04-18,312.1709
1929-04-19,312.4113
1929-04-22,313.1323
1929-04-23,313.3727
1929-04-24,313.6130
1929-04-25,313.8534
1929-04-26,314.0937
1929-04-29,314.8148
1929-04-30,315.0551
1929-05-01,315.2955
1929-05-02,315.5358
1929-05-03,315.7762
1929-05-06,316.4972
1929-05-07,316.7376
1929-05-08,316.9779
1929-05-09,317.2183
1929-05-10,317.4586
1929-05-13,318.1797
1929-05-14,318.4200
1929-05-15,318.6604
1929-05-16,318.9869
1929-05-17,319.3133
1929-05-20,320.2927
1929-05-21,320.6191
1929-05-22,320.9456
1929-05-23,321.2720
1929-05-24,321.5985
1929-05-27,322.5778
1929-05-28,322.9043
1929-05-29,323.2308
1929-05-30,323.5572
1929-05-31,323.8837
1929-06-03,324.8630
1929-06-04,325.1895
1929-06-05,325.5159
1929-06-06,325.8424
1929-06-07,326.1688
1929-06-10,327.1482
1929-06-11,327.4747
1929-06-12,327.8011
1929-06-13,328.1276
1929-06-14,328.4540
1929-06-17,330.0455
1929-06-18,330.6780
1929-06-19,331.3105
1929-06-20,331.9430
1929-06-21,332.5755
1929-06-24,334.4730
1929-06-25,335.1055
1929-06-26,335.7380
1929-06-27,336.3705
1929-06-28,337.0030
1929-07-01,338.9006
1929-07-02,339.5331
1929-07-03,340.1656
1929-07-04,340.7981
1929-07-05,341.4306
1929-07-08,343.3281
1929-07-09,343.9606
1929-07-10,344.5931
1929-07-11,345.2256
1929-07-12,345.8581
1929-07-15,347.7556
1929-07-16,347.7515
1929-07-17,347.7475
1929-07-18,347.7434
1929-07-19,347.7393
1929-07-22,347.7271
1929-07-23,347.7230
1929-07-24,347.7189
1929-07-25,347.7148
1929-07-26,347.7107
1929-07-29,347.6985
1929-07-30,347.6944
1929-07-31,347.6903
1929-08-01,347.6862
1929-08-02,347.6822
1929-08-05,347.6699
1929-08-06,347.6658
1929-08-07,347.6618
1929-08-08,347.6577
1929-08-09,347.6536
1929-08-12,347.6414
1929-08-13,347.6373
1929-08-14,347.6332
1929-08-15,347.6291
1929-08-16,346.8252
1929-08-19,344.4135
1929-08-20,343.6097
1929-08-21,342.8058
1929-08-22,342.0019
1929-08-23,341.1980
1929-08-26,338.7863
1929-08-27,337.9824
1929-08-28,337.1785
1929-08-29,336.3746
1929-08-30,335.5707
1929-09-02,333.1590
1929-09-03,332.3551
1929-09-04,331.5513
1929-09-05,330.7474
1929-09-06,329.9435
1929-09-09,327.5318
1929-09-10,326.7279
1929-09-11,325.9240
1929-09-12,325.1201
1929-09-13,324.3162
1929-09-16,322.0506
1929-09-17,321.3928
1929-09-18,320.7350
1929-09-19,320.0772
1929-09-20,319.4194
1929-09-23,317.4460
1929-09-24,316.7882
1929-09-25,316.1304
1929-09-26,315.4726
1929-09-27,314.8148
1929-09-30,312.8414
1929-10-01,312.1836
1929-10-02,311.5257
1929-10-03,310.8679
1929-10-04,310.2101
1929-10-07,308.2367
1929-10-08,307.5789
1929-10-09,306.9211
1929-10-10,306.2633
1929-10-11,305.6055
1929-10-14,303.6321
1929-10-15,302.9743
1929-10-16,302.2112
1929-10-17,301.4481
1929-10-18,300.6850
1929-10-21,298.3958
1929-10-22,297.6327
1929-10-23,296.8696
1929-10-24,296.1065
1929-10-25,295.3434
1929-10-28,293.0542
1929-10-29,292.2911
1929-10-30,291.5280
1929-10-31,290.7649
1929-11-01,290.0018
1929-11-04,287.7126
1929-11-05,286.9495
1929-11-06,286.1864
1929-11-07,285.4233
1929-11-08,284.6602
1929-11-11,282.3710
1929-11-12,281.6079
1929-11-13,280.8448
1929-11-14,280.0817
1929-11-15,279.3186
1929-11-18,277.2819
1929-11-19,276.6031
1929-11-20,275.9242
1929-11-21,275.2453
1929-11-22,274.5664
1929-11-25,272.5297
1929-11-26,271.8508
1929-11-27,271.1719
1929-11-28,270.4931
1929-11-29,269.8142
1929-12-02,267.7775
1929-12-03,267.0986
1929-12-04,266.4197
1929-12-05,265.7408
1929-12-06,265.0620
1929-12-09,263.0253
1929-12-10,262.3464
1929-12-11,261.6675
1929-12-12,260.9886
1929-12-13,260.3097
1929-12-16,259.2417
1929-12-17,259.5314
1929-12-18,259.8211
1929-12-19,260.1109
1929-12-20,260.4006
1929-12-23,261.2698
1929-12-24,261.5595
1929-12-25,261.8492
1929-12-26,262.1390
1929-12-27,262.4287
1929-12-30,263.2979
1929-12-31,263.5876
1930-01-01,263.8773
1930-01-02,264.1671
1930-01-03,264.4568
1930-01-06,265.3260
1930-01-07,265.6157
1930-01-08,265.9054
1930-01-09,266.1952
1930-01-10,266.4849
1930-01-13,267.3541
1930-01-14,267.6438
1930-01-15,267.9335
1930-01-16,268.1620
1930-01-17,268.3906
1930-01-20,269.0761
1930-01-21,269.3046
1930-01-22,269.5331
1930-01-23,269.7617
1930-01-24,269.9902
1930-01-27,270.6757
1930-01-28,270.9043
1930-01-29,271.1328
1930-01-30,271.3613
1930-01-31,271.5898
1930-02-03,272.2754
1930-02-04,272.5039
1930-02-05,272.7324
1930-02-06,272.9609
1930-02-07,273.1894
1930-02-10,273.8750
1930-02-11,274.1035
1930-02-12,274.3320
1930-02-13,274.5605
1930-02-14,274.7891
1930-02-17,275.6049
1930-02-18,275.8986
1930-02-19,276.1922
1930-02-20,276.4859
1930-02-21,276.7796
1930-02-24,277.6605
1930-02-25,277.9542
1930-02-26,278.2479
1930-02-27,278.5415
1930-02-28,278.8352
1930-03-03,279.7162
1930-03-04,280.0098
1930-03-05,280.3035
1930-03-06,280.5972
1930-03-07,280.8908
1930-03-10,281.7718
1930-03-11,282.0655
1930-03-12,282.3591
1930-03-13,282.6528
1930-03-14,282.9465
1930-03-17,282.3832
1930-03-18,281.9547
1930-03-19,281.5263
1930-03-20,281.0978
1930-03-21,280.6693
1930-03-24,279.3839
1930-03-25,278.9554
1930-03-26,278.5270
1930-03-27,278.0985
1930-03-28,277.6700
1930-03-31,276.3846
1930-04-01,275.9561
1930-04-02,275.5277
1930-04-03,275.0992
1930-04-04,274.6707
1930-04-07,273.3853
1930-04-08,272.9568
1930-04-09,272.5284
1930-04-10,272.0999
1930-04-11,271.6714
1930-04-14,270.3860
1930-04-15,269.9575
1930-04-16,269.4726
1930-04-17,268.9877
1930-04-18,268.5028
1930-04-21,267.0480
1930-04-22,266.5631
1930-04-23,266.0782
1930-04-24,265.5933
1930-04-25,265.1083
1930-04-28,263.6536
1930-04-29,263.1687
1930-04-30,262.6837
1930-05-01,262.1988
1930-05-02,261.7139
1930-05-05,260.2591
1930-05-06,259.7742
1930-05-07,259.2893
1930-05-08,258.8044
1930-05-09,258.3195
1930-05-12,256.8647
1930-05-13,256.3798
1930-05-14,255.8949
1930-05-15,255.4099
1930-05-16,255.3324
1930-05-19,255.0998
1930-05-20,255.0223
1930-05-21,254.9447
1930-05-22,254.8672
1930-05-23,254.7897
1930-05-26,254.5571
1930-05-27,254.4795
1930-05-28,254.4020
1930-05-29,254.3245
1930-05-30,254.2469
1930-06-02,254.0143
1930-06-03,253.9368
1930-06-04,253.8593
1930-06-05,253.7817
1930-06-06,253.7042
1930-06-09,253.4716
1930-06-10,253.3941
1930-06-11,253.3165
1930-06-12,253.2390
1930-06-13,253.1615
1930-06-16,252.4456
1930-06-17,251.8848
1930-06-18,251.3240
1930-06-19,250.7631
1930-06-20,250.2023
1930-06-23,248.5198
1930-06-24,247.9590
1930-06-25,247.3982
1930-06-26,246.8374
1930-06-27,246.2766
1930-06-30,244.5941
1930-07-01,244.0333
1930-07-02,243.4725
1930-07-03,242.9116
1930-07-04,242.3508
1930-07-07,240.6684
1930-07-08,240.1075
1930-07-09,239.5467
1930-07-10,238.9859
1930-07-11,238.4251
1930-07-14,236.7426
1930-07-15,236.1818
1930-07-16,235.7207
1930-07-17,235.2596
1930-07-18,234.7984
1930-07-21,233.4151
1930-07-22,232.9540
1930-07-23,232.4929
1930-07-24,232.0317
1930-07-25,231.5706
1930-07-28,230.1873
1930-07-29,229.7262
1930-07-30,229.2650
1930-07-31,228.8039
1930-08-01,228.3428
1930-08-04,226.9595
1930-08-05,226.4983
1930-08-06,226.0372
1930-08-07,225.5761
1930-08-08,225.1150
1930-08-11,223.7316
1930-08-12,223.2705
1930-08-13,222.8094
1930-08-14,222.3483
1930-08-15,221.8872
1930-08-18,221.1894
1930-08-19,220.9568
1930-08-20,220.7242
1930-08-21,220.4916
1930-08-22,220.2590
1930-08-25,219.5612
1930-08-26,219.3286
1930-08-27,219.0960
1930-08-28,218.8634
1930-08-29,218.6308
1930-09-01,217.9330
1930-09-02,217.7004
1930-09-03,217.4678
1930-09-04,217.2352
1930-09-05,217.0026
1930-09-08,216.3048
1930-09-09,216.0722
1930-09-10,215.8396
1930-09-11,215.6070
1930-09-12,215.3744
1930-09-15,214.6766
1930-09-16,214.3266
1930-09-17,213.9767
1930-09-18,213.6267
1930-09-19,213.2767
1930-09-22,212.2267
1930-09-23,211.8767
1930-09-24,211.5268
1930-09-25,211.1768
1930-09-26,210.8268
1930-09-29,209.7768
1930-09-30,209.4268
1930-10-01,209.0769
1930-10-02,208.7269
1930-10-03,208.3769
1930-10-06,207.3269
1930-10-07,206.9769
1930-10-08,206.6270
1930-10-09,206.2770
1930-10-10,205.9270
1930-10-13,204.8770
1930-10-14,204.5270
1930-10-15,204.1771
1930-10-16,203.4017
1930-10-17,202.6264
1930-10-20,200.3004
1930-10-21,199.5251
1930-10-22,198.7498
1930-10-23,197.9744
1930-10-24,197.1991
1930-10-27,194.8731
1930-10-28,194.0978
1930-10-29,193.3225
1930-10-30,192.5471
1930-10-31,191.7718
1930-11-03,189.4458
1930-11-04,188.6705
1930-11-05,187.8952
1930-11-06,187.1198
1930-11-07,186.3445
1930-11-10,184.0185
1930-11-11,183.2432
1930-11-12,182.4679
1930-11-13,181.6925
1930-11-14,180.9172
1930-11-17,179.8889
1930-11-18,179.7624
1930-11-19,179.6359
1930-11-20,179.5094
1930-11-21,179.3829
1930-11-24,179.0034
1930-11-25,178.8769
1930-11-26,178.7504
1930-11-27,178.6239
1930-11-28,178.4974
1930-12-01,178.1179
1930-12-02,177.9914
1930-12-03,177.8649
1930-12-04,177.7384
1930-12-05,177.6119
1930-12-08,177.2324
1930-12-09,177.1059
1930-12-10,176.9793
1930-12-11,176.8528
1930-12-12,176.7263
1930-12-15,176.3468
1930-12-16,176.4570
1930-12-17,176.5672
1930-12-18,176.6774
1930-12-19,176.7876
1930-12-22,177.1181
1930-12-23,177.2283
1930-12-24,177.3384
1930-12-25,177.4486
1930-12-26,177.5588
1930-12-29,177.8893
1930-12-30,177.9995
1930-12-31,178.1097
1931-01-01,178.2199
1931-01-02,178.3301
1931-01-05,178.6606
1931-01-06,178.7708
1931-01-07,178.8809
1931-01-08,178.9911
1931-01-09,179.1013
1931-01-12,179.4318
1931-01-13,179.5420
1931-01-14,179.6522
1931-01-15,179.7624
1931-01-16,179.7950
1931-01-19,179.8930
1931-01-20,179.9256
1931-01-21,179.9582
1931-01-22,179.9909
1931-01-23,180.0235
1931-01-26,180.1215
1931-01-27,180.1541
1931-01-28,180.1868
1931-01-29,180.2194
1931-01-30,180.2521
1931-02-02,180.3500
1931-02-03,180.3826
1931-02-04,180.4153
1931-02-05,180.4479
1931-02-06,180.4806
1931-02-09,180.5785
1931-02-10,180.6112
1931-02-11,180.6438
1931-02-12,180.6764
1931-02-13,180.7091
1931-02-16,180.3361
1931-02-17,179.8979
1931-02-18,179.4597
1931-02-19,179.0214
1931-02-20,178.5832
1931-02-23,177.2685
1931-02-24,176.8303
1931-02-25,176.3920
1931-02-26,175.9538
1931-02-27,175.5156
1931-03-02,174.2008
1931-03-03,173.7626
1931-03-04,173.3244
1931-03-05,172.8861
1931-03-06,172.4479
1931-03-09,171.1332
1931-03-10,170.6950
1931-03-11,170.2567
1931-03-12,169.8185
1931-03-13,169.3803
1931-03-16,168.1243
1931-03-17,167.7448
1931-03-18,167.3653
1931-03-19,166.9858
1931-03-20,166.6063
1931-03-23,165.4678
1931-03-24,165.0883
1931-03-25,164.7088
1931-03-26,164.3293
1931-03-27,163.9498
1931-03-30,162.8112
1931-03-31,162.4317
1931-04-01,162.0522
1931-04-02,161.6727
1931-04-03,161.2932
1931-04-06,160.1547
1931-04-07,159.7752
1931-04-08,159.3957
1931-04-09,159.0162
1931-04-10,158.6367
1931-04-13,157.4982
1931-04-14,157.1187
1931-04-15,156.7392
1931-04-16,156.4145
1931-04-17,156.0898
1931-04-20,155.1158
1931-04-21,154.7911
1931-04-22,154.4664
1931-04-23,154.1417
1931-04-24,153.8170
1931-04-27,152.8430
1931-04-28,152.5183
1931-04-29,152.1936
1931-04-30,151.8689
1931-05-01,151.5442
1931-05-04,150.5702
1931-05-05,150.2455
1931-05-06,149.9208
1931-05-07,149.5961
1931-05-08,149.2714
1931-05-11,148.2974
1931-05-12,147.9727
1931-05-13,147.6480
1931-05-14,147.3233
1931-05-15,146.9986
1931-05-18,146.6314
1931-05-19,146.5089
1931-05-20,146.3865
1931-05-21,146.2641
1931-05-22,146.1417
1931-05-25,145.7744
1931-05-26,145.6520
1931-05-27,145.5296
1931-05-28,145.4072
1931-05-29,145.2847
1931-06-01,144.9175
1931-06-02,144.7951
1931-06-03,144.6726
1931-06-04,144.5502
1931-06-05,144.4278
1931-06-08,144.0605
1931-06-09,143.9381
1931-06-10,143.8157
1931-06-11,143.6933
1931-06-12,143.5709
1931-06-15,143.2036
1931-06-16,143.0434
1931-06-17,142.8831
1931-06-18,142.7229
1931-06-19,142.5627
1931-06-22,142.0820
1931-06-23,141.9217
1931-06-24,141.7615
1931-06-25,141.6013
1931-06-26,141.4410
1931-06-29,140.9603
1931-06-30,140.8001
1931-07-01,140.6398
1931-07-02,140.4796
1931-07-03,140.3194
1931-07-06,139.8387
1931-07-07,139.6784
1931-07-08,139.5182
1931-07-09,139.3580
1931-07-10,139.1977
1931-07-13,138.7170
1931-07-14,138.5568
1931-07-15,138.3966
1931-07-16,137.8906
1931-07-17,137.3846
1931-07-20,135.8665
1931-07-21,135.3605
1931-07-22,134.8545
1931-07-23,134.3485
1931-07-24,133.8425
1931-07-27,132.3245
1931-07-28,131.8185
1931-07-29,131.3125
1931-07-30,130.8065
1931-07-31,130.3005
1931-08-03,128.7825
1931-08-04,128.2765
1931-08-05,127.7705
1931-08-06,127.2645
1931-08-07,126.7585
1931-08-10,125.2405
1931-08-11,124.7345
1931-08-12,124.2285
1931-08-13,123.7225
1931-08-14,123.2165
1931-08-17,122.6043
1931-08-18,122.5513
1931-08-19,122.4983
1931-08-20,122.4452
1931-08-21,122.3922
1931-08-24,122.2330
1931-08-25,122.1800
1931-08-26,122.1269
1931-08-27,122.0739
1931-08-28,122.0208
1931-08-31,121.8617
1931-09-01,121.8086
1931-09-02,121.7556
1931-09-03,121.7025
1931-09-04,121.6495
1931-09-07,121.4903
1931-09-08,121.4373
1931-09-09,121.3842
1931-09-10,121.3312
1931-09-11,121.2781
1931-09-14,121.1190
1931-09-15,121.0659
1931-09-16,120.4714
1931-09-17,119.8768
1931-09-18,119.2823
1931-09-21,117.4986
1931-09-22,116.9041
1931-09-23,116.3095
1931-09-24,115.7149
1931-09-25,115.1204
1931-09-28,113.3367
1931-09-29,112.7422
1931-09-30,112.1476
1931-10-01,111.5531
1931-10-02,110.9585
1931-10-05,109.1748
1931-10-06,108.5803
1931-10-07,107.9857
1931-10-08,107.3912
1931-10-09,106.7966
1931-10-12,105.0130
1931-10-13,104.4184
1931-10-14,103.8239
1931-10-15,103.2293
1931-10-16,102.9722
1931-10-19,102.2010
1931-10-20,101.9439
1931-10-21,101.6868
1931-10-22,101.4297
1931-10-23,101.1726
1931-10-26,100.4014
1931-10-27,100.1443
1931-10-28,99.8872
1931-10-29,99.6301
1931-10-30,99.3731
1931-11-02,98.6018
1931-11-03,98.3447
1931-11-04,98.0877
1931-11-05,97.8306
1931-11-06,97.5735
1931-11-09,96.8022
1931-11-10,96.5452
1931-11-11,96.2881
1931-11-12,96.0310
1931-11-13,95.7739
1931-11-16,95.0995
1931-11-17,94.9393
1931-11-18,94.7790
1931-11-19,94.6188
1931-11-20,94.4586
1931-11-23,93.9779
1931-11-24,93.8176
1931-11-25,93.6574
1931-11-26,93.4972
1931-11-27,93.3369
1931-11-30,92.8562
1931-12-01,92.6960
1931-12-02,92.5358
1931-12-03,92.3755
1931-12-04,92.2153
1931-12-07,91.7346
1931-12-08,91.5743
1931-12-09,91.4141
1931-12-10,91.2539
1931-12-11,91.0936
1931-12-14,90.6129
1931-12-15,90.4527
1931-12-16,90.2446
1931-12-17,90.0365
1931-12-18,89.8284
1931-12-21,89.2040
1931-12-22,88.9959
1931-12-23,88.7878
1931-12-24,88.5797
1931-12-25,88.3716
1931-12-28,87.7472
1931-12-29,87.5391
1931-12-30,87.3310
1931-12-31,87.1229
1932-01-01,86.9148
1932-01-04,86.2904
1932-01-05,86.0823
1932-01-06,85.8742
1932-01-07,85.6661
1932-01-08,85.4580
1932-01-11,84.8336
1932-01-12,84.6255
1932-01-13,84.4174
1932-01-14,84.2093
1932-01-15,84.0012
1932-01-18,83.4013
1932-01-19,83.2013
1932-01-20,83.0014
1932-01-21,82.8014
1932-01-22,82.6015
1932-01-25,82.0016
1932-01-26,81.8017
1932-01-27,81.6017
1932-01-28,81.4018
1932-01-29,81.2018
1932-02-01,80.6020
1932-02-02,80.4020
1932-02-03,80.2021
1932-02-04,80.0021
1932-02-05,79.8021
1932-02-08,79.2023
1932-02-09,79.0023
1932-02-10,78.8024
1932-02-11,78.6024
1932-02-12,78.4025
1932-02-15,77.8026
1932-02-16,77.5627
1932-02-17,77.3228
1932-02-18,77.0829
1932-02-19,76.8430
1932-02-22,76.1232
1932-02-23,75.8833
1932-02-24,75.6434
1932-02-25,75.4035
1932-02-26,75.1635
1932-02-29,74.4438
1932-03-01,74.2039
1932-03-02,73.9640
1932-03-03,73.7240
1932-03-04,73.4841
1932-03-07,72.7644
1932-03-08,72.5245
1932-03-09,72.2846
1932-03-10,72.0446
1932-03-11,71.8047
1932-03-14,71.0850
1932-03-15,70.8451
1932-03-16,70.6288
1932-03-17,70.4125
1932-03-18,70.1962
1932-03-21,69.5474
1932-03-22,69.3311
1932-03-23,69.1149
1932-03-24,68.8986
1932-03-25,68.6823
1932-03-28,68.0335
1932-03-29,67.8172
1932-03-30,67.6009
1932-03-31,67.3846
1932-04-01,67.1684
1932-04-04,66.5195
1932-04-05,66.3033
1932-04-06,66.0870
1932-04-07,65.8707
1932-04-08,65.6544
1932-04-11,65.0056
1932-04-12,64.7893
1932-04-13,64.5731
1932-04-14,64.3568
1932-04-15,64.1405
1932-04-18,63.4574
1932-04-19,63.2297
1932-04-20,63.0020
1932-04-21,62.7743
1932-04-22,62.5466
1932-04-25,61.8635
1932-04-26,61.6358
1932-04-27,61.4081
1932-04-28,61.1804
1932-04-29,60.9527
1932-05-02,60.2696
1932-05-03,60.0419
1932-05-04,59.8142
1932-05-05,59.5865
1932-05-06,59.3588
1932-05-09,58.6757
1932-05-10,58.4480
1932-05-11,58.2203
1932-05-12,57.9926
1932-05-13,57.7649
1932-05-16,57.2605
1932-05-17,57.2115
1932-05-18,57.1626
1932-05-19,57.1136
1932-05-20,57.0646
1932-05-23,56.9177
1932-05-24,56.8687
1932-05-25,56.8198
1932-05-26,56.7708
1932-05-27,56.7218
1932-05-30,56.5749
1932-05-31,56.5260
1932-06-01,56.4770
1932-06-02,56.4280
1932-06-03,56.3791
1932-06-06,56.2322
1932-06-07,56.1832
1932-06-08,56.1342
1932-06-09,56.0853
1932-06-10,56.0363
1932-06-13,55.8894
1932-06-14,55.8404
1932-06-15,55.7915
1932-06-16,55.9939
1932-06-17,56.1963
1932-06-20,56.8035
1932-06-21,57.0059
1932-06-22,57.2083
1932-06-23,57.4107
1932-06-24,57.6131
1932-06-27,58.2203
1932-06-28,58.4227
1932-06-29,58.6251
1932-06-30,58.8275
1932-07-01,59.0299
1932-07-04,59.6371
1932-07-05,59.8395
1932-07-06,60.0419
1932-07-07,60.2443
1932-07-08,60.4467
1932-07-11,61.0539
1932-07-12,61.2563
1932-07-13,61.4587
1932-07-14,61.6611
1932-07-15,61.8635
1932-07-18,62.2797
1932-07-19,62.4185
1932-07-20,62.5572
1932-07-21,62.6960
1932-07-22,62.8347
1932-07-25,63.2509
1932-07-26,63.3897
1932-07-27,63.5284
1932-07-28,63.6672
1932-07-29,63.8059
1932-08-01,64.2221
1932-08-02,64.3609
1932-08-03,64.4996
1932-08-04,64.6384
1932-08-05,64.7771
1932-08-08,65.1933
1932-08-09,65.3321
1932-08-10,65.4708
1932-08-11,65.6096
1932-08-12,65.7483
1932-08-15,66.1645
1932-08-16,66.3074
1932-08-17,66.4502
1932-08-18,66.5930
1932-08-19,66.7358
1932-08-22,67.1643
1932-08-23,67.3071
1932-08-24,67.4499
1932-08-25,67.5928
1932-08-26,67.7356
1932-08-29,68.1641
1932-08-30,68.3069
1932-08-31,68.4497
1932-09-01,68.5925
1932-09-02,68.7354
1932-09-05,69.1638
1932-09-06,69.3066
1932-09-07,69.4495
1932-09-08,69.5923
1932-09-09,69.7351
1932-09-12,70.1636
1932-09-13,70.3064
1932-09-14,70.4492
1932-09-15,70.5921
1932-09-16,70.4909
1932-09-19,70.1873
1932-09-20,70.0861
1932-09-21,69.9849
1932-09-22,69.8837
1932-09-23,69.7825
1932-09-26,69.4789
1932-09-27,69.3777
1932-09-28,69.2765
1932-09-29,69.1752
1932-09-30,69.0740
1932-10-03,68.7704
1932-10-04,68.6692
1932-10-05,68.5680
1932-10-06,68.4668
1932-10-07,68.3656
1932-10-10,68.0620
1932-10-11,67.9608
1932-10-12,67.8596
1932-10-13,67.7584
1932-10-14,67.6572
1932-10-17,67.3030
1932-10-18,67.1765
1932-10-19,67.0500
1932-10-20,66.9235
1932-10-21,66.7970
1932-10-24,66.4175
1932-10-25,66.2910
1932-10-26,66.1645
1932-10-27,66.0380
1932-10-28,65.9115
1932-10-31,65.5320
1932-11-01,65.4055
1932-11-02,65.2790
1932-11-03,65.1525
1932-11-04,65.0260
1932-11-07,64.6465
1932-11-08,64.5200
1932-11-09,64.3935
1932-11-10,64.2670
1932-11-11,64.1405
1932-11-14,63.7610
1932-11-15,63.6345
1932-11-16,63.5966
1932-11-17,63.5586
1932-11-18,63.5207
1932-11-21,63.4068
1932-11-22,63.3689
1932-11-23,63.3309
1932-11-24,63.2930
1932-11-25,63.2550
1932-11-28,63.1412
1932-11-29,63.1032
1932-11-30,63.0653
1932-12-01,63.0273
1932-12-02,62.9894
1932-12-05,62.8755
1932-12-06,62.8376
1932-12-07,62.7996
1932-12-08,62.7617
1932-12-09,62.7237
1932-12-12,62.6099
1932-12-13,62.5719
1932-12-14,62.5340
1932-12-15,62.4960
1932-12-16,62.4266
1932-12-19,62.2185
1932-12-20,62.1491
1932-12-21,62.0798
1932-12-22,62.0104
1932-12-23,61.9410
1932-12-26,61.7329
1932-12-27,61.6635
1932-12-28,61.5942
1932-12-29,61.5248
1932-12-30,61.4554
1933-01-02,61.2473
1933-01-03,61.1779
1933-01-04,61.1086
1933-01-05,61.0392
1933-01-06,60.9698
1933-01-09,60.7617
1933-01-10,60.6923
1933-01-11,60.6230
1933-01-12,60.5536
1933-01-13,60.4842
1933-01-16,60.3985
1933-01-17,60.4516
1933-01-18,60.5046
1933-01-19,60.5577
1933-01-20,60.6107
1933-01-23,60.7699
1933-01-24,60.8229
1933-01-25,60.8760
1933-01-26,60.9290
1933-01-27,60.9821
1933-01-30,61.1412
1933-01-31,61.1943
1933-02-01,61.2473
1933-02-02,61.3004
1933-02-03,61.3534
1933-02-06,61.5126
1933-02-07,61.5656
1933-02-08,61.6187
1933-02-09,61.6717
1933-02-10,61.7248
1933-02-13,61.8839
1933-02-14,61.9369
1933-02-15,61.9900
1933-02-16,62.2566
1933-02-17,62.5231
1933-02-20,63.3228
1933-02-21,63.5893
1933-02-22,63.8559
1933-02-23,64.1224
1933-02-24,64.3890
1933-02-27,65.1887
1933-02-28,65.4552
1933-03-01,65.7218
1933-03-02,65.9883
1933-03-03,66.2549
1933-03-06,67.0546
1933-03-07,67.3211
1933-03-08,67.5877
1933-03-09,67.8542
1933-03-10,68.1208
1933-03-13,68.9204
1933-03-14,69.1870
1933-03-15,69.4536
1933-03-16,69.6535
1933-03-17,69.8535
1933-03-20,70.4533
1933-03-21,70.6533
1933-03-22,70.8532
1933-03-23,71.0532
1933-03-24,71.2531
1933-03-27,71.8530
1933-03-28,72.0529
1933-03-29,72.2529
1933-03-30,72.4528
1933-03-31,72.6528
1933-04-03,73.2527
1933-04-04,73.4526
1933-04-05,73.6526
1933-04-06,73.8525
1933-04-07,74.0525
1933-04-10,74.6523
1933-04-11,74.8523
1933-04-12,75.0522
1933-04-13,75.2522
1933-04-14,75.4521
1933-04-17,76.5545
1933-04-18,77.0057
1933-04-19,77.4568
1933-04-20,77.9080
1933-04-21,78.3592
1933-04-24,79.7128
1933-04-25,80.1640
1933-04-26,80.6152
1933-04-27,81.0663
1933-04-28,81.5175
1933-05-01,82.8711
1933-05-02,83.3223
1933-05-03,83.7735
1933-05-04,84.2246
1933-05-05,84.6758
1933-05-08,86.0294
1933-05-09,86.4806
1933-05-10,86.9318
1933-05-11,87.3830
1933-05-12,87.8341
1933-05-15,89.1877
1933-05-16,89.4081
1933-05-17,89.6284
1933-05-18,89.8488
1933-05-19,90.0691
1933-05-22,90.7302
1933-05-23,90.9506
1933-05-24,91.1709
1933-05-25,91.3913
1933-05-26,91.6116
1933-05-29,92.2727
1933-05-30,92.4930
1933-05-31,92.7134
1933-06-01,92.9338
1933-06-02,93.1541
1933-06-05,93.8152
1933-06-06,94.0355
1933-06-07,94.2559
1933-06-08,94.4763
1933-06-09,94.6966
1933-06-12,95.3577
1933-06-13,95.5780
1933-06-14,95.7984
1933-06-15,96.0187
1933-06-16,96.1326
1933-06-19,96.4742
1933-06-20,96.5880
1933-06-21,96.7019
1933-06-22,96.8157
1933-06-23,96.9296
1933-06-26,97.2711
1933-06-27,97.3850
1933-06-28,97.4988
1933-06-29,97.6127
1933-06-30,97.7265
1933-07-03,98.0681
1933-07-04,98.1819
1933-07-05,98.2958
1933-07-06,98.4096
1933-07-07,98.5235
1933-07-10,98.8650
1933-07-11,98.9789
1933-07-12,99.0927
1933-07-13,99.2066
1933-07-14,99.3204
1933-07-17,99.4996
1933-07-18,99.5322
1933-07-19,99.5649
1933-07-20,99.5975
1933-07-21,99.6301
1933-07-24,99.7281
1933-07-25,99.7607
1933-07-26,99.7934
1933-07-27,99.8260
1933-07-28,99.8587
1933-07-31,99.9566
1933-08-01,99.9892
1933-08-02,100.0219
1933-08-03,100.0545
1933-08-04,100.0872
1933-08-07,100.1851
1933-08-08,100.2178
1933-08-09,100.2504
1933-08-10,100.2831
1933-08-11,100.3157
1933-08-14,100.4136
1933-08-15,100.4463
1933-08-16,100.3851
1933-08-17,100.3239
1933-08-18,100.2627
1933-08-21,100.0790
1933-08-22,100.0178
1933-08-23,99.9566
1933-08-24,99.8954
1933-08-25,99.8342
1933-08-28,99.6506
1933-08-29,99.5893
1933-08-30,99.5281
1933-08-31,99.4669
1933-09-01,99.4057
1933-09-04,99.2221
1933-09-05,99.1609
1933-09-06,99.0997
1933-09-07,99.0384
1933-09-08,98.9772
1933-09-11,98.7936
1933-09-12,98.7324
1933-09-13,98.6712
1933-09-14,98.6100
1933-09-15,98.5488
1933-09-18,98.3464
1933-09-19,98.2789
1933-09-20,98.2114
1933-09-21,98.1440
1933-09-22,98.0765
1933-09-25,97.8741
1933-09-26,97.8066
1933-09-27,97.7392
1933-09-28,97.6717
1933-09-29,97.6042
1933-10-02,97.4018
1933-10-03,97.3344
1933-10-04,97.2669
1933-10-05,97.1994
1933-10-06,97.1320
1933-10-09,96.9296
1933-10-10,96.8621
1933-10-11,96.7946
1933-10-12,96.7272
1933-10-13,96.6597
1933-10-16,96.5737
1933-10-17,96.6227
1933-10-18,96.6717
1933-10-19,96.7206
1933-10-20,96.7696
1933-10-23,96.9165
1933-10-24,96.9655
1933-10-25,97.0144
1933-10-26,97.0634
1933-10-27,97.1124
1933-10-30,97.2593
1933-10-31,97.3082
1933-11-01,97.3572
1933-11-02,97.4062
1933-11-03,97.4551
1933-11-06,97.6021
1933-11-07,97.6510
1933-11-08,97.7000
1933-11-09,97.7490
1933-11-10,97.7979
1933-11-13,97.9448
1933-11-14,97.9938
1933-11-15,98.0428
1933-11-16,98.2958
1933-11-17,98.5488
1933-11-20,99.3078
1933-11-21,99.5608
1933-11-22,99.8138
1933-11-23,100.0668
1933-11-24,100.3198
1933-11-27,101.0788
1933-11-28,101.3318
1933-11-29,101.5848
1933-11-30,101.8378
1933-12-01,102.0908
1933-12-04,102.8498
1933-12-05,103.1028
1933-12-06,103.3558
1933-12-07,103.6088
1933-12-08,103.8618
1933-12-11,104.6208
1933-12-12,104.8738
1933-12-13,105.1268
1933-12-14,105.3798
1933-12-15,105.6328
1933-12-18,105.8409
1933-12-19,105.9103
1933-12-20,105.9797
1933-12-21,106.0490
1933-12-22,106.1184
1933-12-25,106.3265
1933-12-26,106.3959
1933-12-27,106.4653
1933-12-28,106.5346
1933-12-29,106.6040
1934-01-01,106.8121
1934-01-02,106.8815
1934-01-03,106.9509
1934-01-04,107.0202
1934-01-05,107.0896
1934-01-08,107.2977
1934-01-09,107.3671
1934-01-10,107.4365
1934-01-11,107.5059
1934-01-12,107.5752
1934-01-15,107.7833
1934-01-16,107.7833
1934-01-17,107.7833
1934-01-18,107.7833
1934-01-19,107.7833
1934-01-22,107.7833
1934-01-23,107.7833
1934-01-24,107.7833
1934-01-25,107.7833
1934-01-26,107.7833
1934-01-29,107.7833
1934-01-30,107.7833
1934-01-31,107.7833
1934-02-01,107.7833
1934-02-02,107.7833
1934-02-05,107.7833
1934-02-06,107.7833
1934-02-07,107.7833
1934-02-08,107.7833
1934-02-09,107.7833
1934-02-12,107.7833
1934-02-13,107.7833
1934-02-14,107.7833
1934-02-15,107.7833
1934-02-16,107.6885
1934-02-19,107.4038
1934-02-20,107.3090
1934-02-21,107.2141
1934-02-22,107.1192
1934-02-23,107.0243
1934-02-26,106.7397
1934-02-27,106.6448
1934-02-28,106.5500
1934-03-01,106.4551
1934-03-02,106.3602
1934-03-05,106.0756
1934-03-06,105.9807
1934-03-07,105.8858
1934-03-08,105.7909
1934-03-09,105.6961
1934-03-12,105.4114
1934-03-13,105.3166
1934-03-14,105.2217
1934-03-15,105.1268
1934-03-16,105.0044
1934-03-19,104.6371
1934-03-20,104.5147
1934-03-21,104.3923
1934-03-22,104.2699
1934-03-23,104.1475
1934-03-26,103.7802
1934-03-27,103.6578
1934-03-28,103.5354
1934-03-29,103.4129
1934-03-30,103.2905
1934-04-02,102.9233
1934-04-03,102.8008
1934-04-04,102.6784
1934-04-05,102.5560
1934-04-06,102.4336
1934-04-09,102.0663
1934-04-10,101.9439
1934-04-11,101.8215
1934-04-12,101.6990
1934-04-13,101.5766
1934-04-16,101.2812
1934-04-17,101.2306
1934-04-18,101.1800
1934-04-19,101.1294
1934-04-20,101.0788
1934-04-23,100.9270
1934-04-24,100.8764
1934-04-25,100.8258
1934-04-26,100.7752
1934-04-27,100.7246
1934-04-30,100.5728
1934-05-01,100.5222
1934-05-02,100.4716
1934-05-03,100.4210
1934-05-04,100.3704
1934-05-07,100.2186
1934-05-08,100.1680
1934-05-09,100.1174
1934-05-10,100.0668
1934-05-11,100.0162
1934-05-14,99.8644
1934-05-15,99.8138
1934-05-16,99.6914
1934-05-17,99.5689
1934-05-18,99.4465
1934-05-21,99.0793
1934-05-22,98.9568
1934-05-23,98.8344
1934-05-24,98.7120
1934-05-25,98.5896
1934-05-28,98.2223
1934-05-29,98.0999
1934-05-30,97.9775
1934-05-31,97.8551
1934-06-01,97.7326
1934-06-04,97.3654
1934-06-05,97.2430
1934-06-06,97.1205
1934-06-07,96.9981
1934-06-08,96.8757
1934-06-11,96.5084
1934-06-12,96.3860
1934-06-13,96.2636
1934-06-14,96.1412
1934-06-15,96.0187
1934-06-18,95.9049
1934-06-19,95.8669
1934-06-20,95.8290
1934-06-21,95.7910
1934-06-22,95.7531
1934-06-25,95.6392
1934-06-26,95.6013
1934-06-27,95.5633
1934-06-28,95.5254
1934-06-29,95.4874
1934-07-02,95.3736
1934-07-03,95.3356
1934-07-04,95.2977
1934-07-05,95.2597
1934-07-06,95.2218
1934-07-09,95.1079
1934-07-10,95.0700
1934-07-11,95.0320
1934-07-12,94.9941
1934-07-13,94.9561
1934-07-16,94.8802
1934-07-17,94.8802
1934-07-18,94.8802
1934-07-19,94.8802
1934-07-20,94.8802
1934-07-23,94.8802
1934-07-24,94.8802
1934-07-25,94.8802
1934-07-26,94.8802
1934-07-27,94.8802
1934-07-30,94.8802
1934-07-31,94.8802
1934-08-01,94.8802
1934-08-02,94.8802
1934-08-03,94.8802
1934-08-06,94.8802
1934-08-07,94.8802
1934-08-08,94.8802
1934-08-09,94.8802
1934-08-10,94.8802
1934-08-13,94.8802
1934-08-14,94.8802
1934-08-15,94.8802
1934-08-16,94.9619
1934-08-17,95.0435
1934-08-20,95.2883
1934-08-21,95.3699
1934-08-22,95.4515
1934-08-23,95.5331
1934-08-24,95.6148
1934-08-27,95.8596
1934-08-28,95.9412
1934-08-29,96.0228
1934-08-30,96.1044
1934-08-31,96.1861
1934-09-03,96.4309
1934-09-04,96.5125
1934-09-05,96.5941
1934-09-06,96.6757
1934-09-07,96.7574
1934-09-10,97.0022
1934-09-11,97.0838
1934-09-12,97.1654
1934-09-13,97.2470
1934-09-14,97.3286
1934-09-17,97.6464
1934-09-18,97.7645
1934-09-19,97.8825
1934-09-20,98.0006
1934-09-21,98.1187
1934-09-24,98.4729
1934-09-25,98.5909
1934-09-26,98.7090
1934-09-27,98.8271
1934-09-28,98.9451
1934-10-01,99.2993
1934-10-02,99.4174
1934-10-03,99.5355
1934-10-04,99.6535
1934-10-05,99.7716
1934-10-08,100.1258
1934-10-09,100.2439
1934-10-10,100.3619
1934-10-11,100.4800
1934-10-12,100.5981
1934-10-15,100.9523
1934-10-16,100.9972
1934-10-17,101.0421
1934-10-18,101.0869
1934-10-19,101.1318
1934-10-22,101.2665
1934-10-23,101.3114
1934-10-24,101.3563
1934-10-25,101.4012
1934-10-26,101.4460
1934-10-29,101.5807
1934-10-30,101.6256
1934-10-31,101.6705
1934-11-01,101.7154
1934-11-02,101.7603
1934-11-05,101.8949
1934-11-06,101.9398
1934-11-07,101.9847
1934-11-08,102.0296
1934-11-09,102.0745
1934-11-12,102.2091
1934-11-13,102.2540
1934-11-14,102.2989
1934-11-15,102.3438
1934-11-16,102.4745
1934-11-19,102.8667
1934-11-20,102.9974
1934-11-21,103.1281
1934-11-22,103.2588
1934-11-23,103.3895
1934-11-26,103.7817
1934-11-27,103.9124
1934-11-28,104.0431
1934-11-29,104.1738
1934-11-30,104.3046
1934-12-03,104.6967
1934-12-04,104.8274
1934-12-05,104.9581
1934-12-06,105.0889
1934-12-07,105.2196
1934-12-10,105.6117
1934-12-11,105.7425
1934-12-12,105.8732
1934-12-13,106.0039
1934-12-14,106.1346
1934-12-17,106.2164
1934-12-18,106.1919
1934-12-19,106.1674
1934-12-20,106.1429
1934-12-21,106.1184
1934-12-24,106.0450
1934-12-25,106.0205
1934-12-26,105.9960
1934-12-27,105.9715
1934-12-28,105.9470
1934-12-31,105.8736
1935-01-01,105.8491
1935-01-02,105.8246
1935-01-03,105.8001
1935-01-04,105.7756
1935-01-07,105.7022
1935-01-08,105.6777
1935-01-09,105.6532
1935-01-10,105.6287
1935-01-11,105.6043
1935-01-14,105.5308
1935-01-15,105.5063
1935-01-16,105.5226
1935-01-17,105.5390
1935-01-18,105.5553
1935-01-21,105.6043
1935-01-22,105.6206
1935-01-23,105.6369
1935-01-24,105.6532
1935-01-25,105.6695
1935-01-28,105.7185
1935-01-29,105.7348
1935-01-30,105.7512
1935-01-31,105.7675
1935-02-01,105.7838
1935-02-04,105.8328
1935-02-05,105.8491
1935-02-06,105.8654
1935-02-07,105.8817
1935-02-08,105.8981
1935-02-11,105.9470
1935-02-12,105.9634
1935-02-13,105.9797
1935-02-14,105.9960
1935-02-15,106.0123
1935-02-18,106.2563
1935-02-19,106.3376
1935-02-20,106.4189
1935-02-21,106.5003
1935-02-22,106.5816
1935-02-25,106.8255
1935-02-26,106.9069
1935-02-27,106.9882
1935-02-28,107.0695
1935-03-01,107.1508
1935-03-04,107.3948
1935-03-05,107.4761
1935-03-06,107.5574
1935-03-07,107.6388
1935-03-08,107.7201
1935-03-11,107.9641
1935-03-12,108.0454
1935-03-13,108.1267
1935-03-14,108.2080
1935-03-15,108.2893
1935-03-18,108.5097
1935-03-19,108.5831
1935-03-20,108.6566
1935-03-21,108.7301
1935-03-22,108.8035
1935-03-25,109.0239
1935-03-26,109.0973
1935-03-27,109.1708
1935-03-28,109.2442
1935-03-29,109.3177
1935-04-01,109.5380
1935-04-02,109.6115
1935-04-03,109.6849
1935-04-04,109.7584
1935-04-05,109.8318
1935-04-08,110.0522
1935-04-09,110.1256
1935-04-10,110.1991
1935-04-11,110.2725
1935-04-12,110.3460
1935-04-15,110.5664
1935-04-16,110.7898
1935-04-17,111.0133
1935-04-18,111.2368
1935-04-19,111.4603
1935-04-22,112.1308
1935-04-23,112.3542
1935-04-24,112.5777
1935-04-25,112.8012
1935-04-26,113.0247
1935-04-29,113.6951
1935-04-30,113.9186
1935-05-01,114.1421
1935-05-02,114.3656
1935-05-03,114.5891
1935-05-06,115.2595
1935-05-07,115.4830
1935-05-08,115.7065
1935-05-09,115.9300
1935-05-10,116.1535
1935-05-13,116.8239
1935-05-14,117.0474
1935-05-15,117.2709
1935-05-16,117.4137
1935-05-17,117.5566
1935-05-20,117.9850
1935-05-21,118.1278
1935-05-22,118.2707
1935-05-23,118.4135
1935-05-24,118.5563
1935-05-27,118.9848
1935-05-28,119.1276
1935-05-29,119.2704
1935-05-30,119.4133
1935-05-31,119.5561
1935-06-03,119.9846
1935-06-04,120.1274
1935-06-05,120.2702
1935-06-06,120.4130
1935-06-07,120.5559
1935-06-10,120.9843
1935-06-11,121.1271
1935-06-12,121.2700
1935-06-13,121.4128
1935-06-14,121.5556
1935-06-17,122.0442
1935-06-18,122.2171
1935-06-19,122.3900
1935-06-20,122.5629
1935-06-21,122.7357
1935-06-24,123.2544
1935-06-25,123.4273
1935-06-26,123.6002
1935-06-27,123.7731
1935-06-28,123.9459
1935-07-01,124.4646
1935-07-02,124.6375
1935-07-03,124.8104
1935-07-04,124.9832
1935-07-05,125.1561
1935-07-08,125.6748
1935-07-09,125.8477
1935-07-10,126.0206
1935-07-11,126.1934
1935-07-12,126.3663
1935-07-15,126.8850
1935-07-16,127.0809
1935-07-17,127.2767
1935-07-18,127.4726
1935-07-19,127.6685
1935-07-22,128.2561
1935-07-23,128.4520
1935-07-24,128.6478
1935-07-25,128.8437
1935-07-26,129.0396
1935-07-29,129.6272
1935-07-30,129.8231
1935-07-31,130.0189
1935-08-01,130.2148
1935-08-02,130.4107
1935-08-05,130.9983
1935-08-06,131.1942
1935-08-07,131.3900
1935-08-08,131.5859
1935-08-09,131.7818
1935-08-12,132.3694
1935-08-13,132.5653
1935-08-14,132.7612
1935-08-15,132.9570
1935-08-16,133.0876
1935-08-19,133.4793
1935-08-20,133.6099
1935-08-21,133.7405
1935-08-22,133.8711
1935-08-23,134.0017
1935-08-26,134.3934
1935-08-27,134.5240
1935-08-28,134.6546
1935-08-29,134.7852
1935-08-30,134.9157
1935-09-02,135.3075
1935-09-03,135.4381
1935-09-04,135.5687
1935-09-05,135.6992
1935-09-06,135.8298
1935-09-09,136.2216
1935-09-10,136.3521
1935-09-11,136.4827
1935-09-12,136.6133
1935-09-13,136.7439
1935-09-16,137.1020
1935-09-17,137.1990
1935-09-18,137.2960
1935-09-19,137.3930
1935-09-20,137.4900
1935-09-23,137.7809
1935-09-24,137.8779
1935-09-25,137.9749
1935-09-26,138.0719
1935-09-27,138.1689
1935-09-30,138.4598
1935-10-01,138.5568
1935-10-02,138.6538
1935-10-03,138.7508
1935-10-04,138.8478
1935-10-07,139.1387
1935-10-08,139.2357
1935-10-09,139.3327
1935-10-10,139.4297
1935-10-11,139.5266
1935-10-14,139.8176
1935-10-15,139.9146
1935-10-16,140.0982
1935-10-17,140.2818
1935-10-18,140.4655
1935-10-21,141.0164
1935-10-22,141.2000
1935-10-23,141.3836
1935-10-24,141.5672
1935-10-25,141.7509
1935-10-28,142.3018
1935-10-29,142.4854
1935-10-30,142.6690
1935-10-31,142.8527
1935-11-01,143.0363
1935-11-04,143.5872
1935-11-05,143.7708
1935-11-06,143.9544
1935-11-07,144.1381
1935-11-08,144.3217
1935-11-11,144.8726
1935-11-12,145.0562
1935-11-13,145.2399
1935-11-14,145.4235
1935-11-15,145.6071
1935-11-18,145.9613
1935-11-19,146.0794
1935-11-20,146.1975
1935-11-21,146.3155
1935-11-22,146.4336
1935-11-25,146.7878
1935-11-26,146.9059
1935-11-27,147.0239
1935-11-28,147.1420
1935-11-29,147.2601
1935-12-02,147.6143
1935-12-03,147.7323
1935-12-04,147.8504
1935-12-05,147.9685
1935-12-06,148.0865
1935-12-09,148.4407
1935-12-10,148.5588
1935-12-11,148.6769
1935-12-12,148.7949
1935-12-13,148.9130
1935-12-16,149.2226
1935-12-17,149.2960
1935-12-18,149.3695
1935-12-19,149.4430
1935-12-20,149.5164
1935-12-23,149.7368
1935-12-24,149.8102
1935-12-25,149.8837
1935-12-26,149.9571
1935-12-27,150.0306
1935-12-30,150.2509
1935-12-31,150.3244
1936-01-01,150.3978
1936-01-02,150.4713
1936-01-03,150.5447
1936-01-06,150.7651
1936-01-07,150.8385
1936-01-08,150.9120
1936-01-09,150.9854
1936-01-10,151.0589
1936-01-13,151.2793
1936-01-14,151.3527
1936-01-15,151.4262
1936-01-16,151.5527
1936-01-17,151.6792
1936-01-20,152.0587
1936-01-21,152.1852
1936-01-22,152.3117
1936-01-23,152.4382
1936-01-24,152.5647
1936-01-27,152.9442
1936-01-28,153.0707
1936-01-29,153.1972
1936-01-30,153.3237
1936-01-31,153.4502
1936-02-03,153.8297
1936-02-04,153.9562
1936-02-05,154.0827
1936-02-06,154.2092
1936-02-07,154.3357
1936-02-10,154.7152
1936-02-11,154.8417
1936-02-12,154.9682
1936-02-13,155.0947
1936-02-14,155.2212
1936-02-17,155.2866
1936-02-18,155.2561
1936-02-19,155.2256
1936-02-20,155.1950
1936-02-21,155.1645
1936-02-24,155.0729
1936-02-25,155.0423
1936-02-26,155.0118
1936-02-27,154.9813
1936-02-28,154.9507
1936-03-02,154.8591
1936-03-03,154.8286
1936-03-04,154.7981
1936-03-05,154.7675
1936-03-06,154.7370
1936-03-09,154.6454
1936-03-10,154.6149
1936-03-11,154.5843
1936-03-12,154.5538
1936-03-13,154.5233
1936-03-16,154.4255
1936-03-17,154.3887
1936-03-18,154.3520
1936-03-19,154.3153
1936-03-20,154.2786
1936-03-23,154.1684
1936-03-24,154.1316
1936-03-25,154.0949
1936-03-26,154.0582
1936-03-27,154.0215
1936-03-30,153.9113
1936-03-31,153.8746
1936-04-01,153.8378
1936-04-02,153.8011
1936-04-03,153.7644
1936-04-06,153.6542
1936-04-07,153.6175
1936-04-08,153.5808
1936-04-09,153.5440
1936-04-10,153.5073
1936-04-13,153.3971
1936-04-14,153.3604
1936-04-15,153.3237
1936-04-16,153.3954
1936-04-17,153.4670
1936-04-20,153.6821
1936-04-21,153.7538
1936-04-22,153.8255
1936-04-23,153.8971
1936-04-24,153.9688
1936-04-27,154.1839
1936-04-28,154.2556
1936-04-29,154.3272
1936-04-30,154.3989
1936-05-01,154.4706
1936-05-04,154.6857
1936-05-05,154.7574
1936-05-06,154.8290
1936-05-07,154.9007
1936-05-08,154.9724
1936-05-11,155.1875
1936-05-12,155.2591
1936-05-13,155.3308
1936-05-14,155.4025
1936-05-15,155.4742
1936-05-18,156.1230
1936-05-19,156.3393
1936-05-20,156.5556
1936-05-21,156.7718
1936-05-22,156.9881
1936-05-25,157.6369
1936-05-26,157.8532
1936-05-27,158.0695
1936-05-28,158.2858
1936-05-29,158.5021
1936-06-01,159.1509
1936-06-02,159.3672
1936-06-03,159.5834
1936-06-04,159.7997
1936-06-05,160.0160
1936-06-08,160.6648
1936-06-09,160.8811
1936-06-10,161.0974
1936-06-11,161.3136
1936-06-12,161.5299
1936-06-15,162.1787
1936-06-16,162.2799
1936-06-17,162.3811
1936-06-18,162.4823
1936-06-19,162.5835
1936-06-22,162.8871
1936-06-23,162.9883
1936-06-24,163.0895
1936-06-25,163.1907
1936-06-26,163.2919
1936-06-29,163.5956
1936-06-30,163.6968
1936-07-01,163.7980
1936-07-02,163.8992
1936-07-03,164.0004
1936-07-06,164.3040
1936-07-07,164.4052
1936-07-08,164.5064
1936-07-09,164.6076
1936-07-10,164.7088
1936-07-13,165.0124
1936-07-14,165.1136
1936-07-15,165.2148
1936-07-16,165.3739
1936-07-17,165.5331
1936-07-20,166.0105
1936-07-21,166.1696
1936-07-22,166.3288
1936-07-23,166.4879
1936-07-24,166.6471
1936-07-27,167.1245
1936-07-28,167.2837
1936-07-29,167.4428
1936-07-30,167.6020
1936-07-31,167.7611
1936-08-03,168.2385
1936-08-04,168.3977
1936-08-05,168.5568
1936-08-06,168.7160
1936-08-07,168.8751
1936-08-10,169.3526
1936-08-11,169.5117
1936-08-12,169.6709
1936-08-13,169.8300
1936-08-14,169.9892
1936-08-17,170.4584
1936-08-18,170.6135
1936-08-19,170.7686
1936-08-20,170.9236
1936-08-21,171.0787
1936-08-24,171.5439
1936-08-25,171.6990
1936-08-26,171.8540
1936-08-27,172.0091
1936-08-28,172.1642
1936-08-31,172.6293
1936-09-01,172.7844
1936-09-02,172.9395
1936-09-03,173.0945
1936-09-04,173.2496
1936-09-07,173.7148
1936-09-08,173.8699
1936-09-09,174.0249
1936-09-10,174.1800
1936-09-11,174.3351
1936-09-14,174.8003
1936-09-15,174.9553
1936-09-16,175.0945
1936-09-17,175.2336
1936-09-18,175.3728
1936-09-21,175.7902
1936-09-22,175.9294
1936-09-23,176.0685
1936-09-24,176.2077
1936-09-25,176.3468
1936-09-28,176.7643
1936-09-29,176.9034
1936-09-30,177.0426
1936-10-01,177.1818
1936-10-02,177.3209
1936-10-05,177.7384
1936-10-06,177.8775
1936-10-07,178.0167
1936-10-08,178.1558
1936-10-09,178.2950
1936-10-12,178.7124
1936-10-13,178.8516
1936-10-14,178.9907
1936-10-15,179.1299
1936-10-16,179.2523
1936-10-19,179.6195
1936-10-20,179.7420
1936-10-21,179.8644
1936-10-22,179.9868
1936-10-23,180.1092
1936-10-26,180.4765
1936-10-27,180.5989
1936-10-28,180.7213
1936-10-29,180.8437
1936-10-30,180.9662
1936-11-02,181.3334
1936-11-03,181.4559
1936-11-04,181.5783
1936-11-05,181.7007
1936-11-06,181.8231
1936-11-09,182.1904
1936-11-10,182.3128
1936-11-11,182.4352
1936-11-12,182.5576
1936-11-13,182.6801
1936-11-16,182.9966
1936-11-17,183.0683
1936-11-18,183.1399
1936-11-19,183.2116
1936-11-20,183.2833
1936-11-23,183.4984
1936-11-24,183.5700
1936-11-25,183.6417
1936-11-26,183.7134
1936-11-27,183.7851
1936-11-30,184.0002
1936-12-01,184.0718
1936-12-02,184.1435
1936-12-03,184.2152
1936-12-04,184.2869
1936-12-07,184.5019
1936-12-08,184.5736
1936-12-09,184.6453
1936-12-10,184.7170
1936-12-11,184.7887
1936-12-14,185.0037
1936-12-15,185.0754
1936-12-16,185.1203
1936-12-17,185.1652
1936-12-18,185.2101
1936-12-21,185.3447
1936-12-22,185.3896
1936-12-23,185.4345
1936-12-24,185.4794
1936-12-25,185.5243
1936-12-28,185.6589
1936-12-29,185.7038
1936-12-30,185.7487
1936-12-31,185.7936
1937-01-01,185.8385
1937-01-04,185.9732
1937-01-05,186.0180
1937-01-06,186.0629
1937-01-07,186.1078
1937-01-08,186.1527
1937-01-11,186.2874
1937-01-12,186.3323
1937-01-13,186.3771
1937-01-14,186.4220
1937-01-15,186.4669
1937-01-18,186.5404
1937-01-19,186.5649
1937-01-20,186.5893
1937-01-21,186.6138
1937-01-22,186.6383
1937-01-25,186.7118
1937-01-26,186.7362
1937-01-27,186.7607
1937-01-28,186.7852
1937-01-29,186.8097
1937-02-01,186.8831
1937-02-02,186.9076
1937-02-03,186.9321
1937-02-04,186.9566
1937-02-05,186.9811
1937-02-08,187.0545
1937-02-09,187.0790
1937-02-10,187.1035
1937-02-11,187.1280
1937-02-12,187.1525
1937-02-15,187.2259
1937-02-16,187.0949
1937-02-17,186.9639
1937-02-18,186.8329
1937-02-19,186.7019
1937-02-22,186.3088
1937-02-23,186.1778
1937-02-24,186.0468
1937-02-25,185.9157
1937-02-26,185.7847
1937-03-01,185.3917
1937-03-02,185.2606
1937-03-03,185.1296
1937-03-04,184.9986
1937-03-05,184.8676
1937-03-08,184.4745
1937-03-09,184.3435
1937-03-10,184.2125
1937-03-11,184.0815
1937-03-12,183.9505
1937-03-15,183.5574
1937-03-16,183.5166
1937-03-17,183.4758
1937-03-18,183.4350
1937-03-19,183.3942
1937-03-22,183.2718
1937-03-23,183.2309
1937-03-24,183.1901
1937-03-25,183.1493
1937-03-26,183.1085
1937-03-29,182.9861
1937-03-30,182.9453
1937-03-31,182.9045
1937-04-01,182.8637
1937-04-02,182.8229
1937-04-05,182.7005
1937-04-06,182.6596
1937-04-07,182.6188
1937-04-08,182.5780
1937-04-09,182.5372
1937-04-12,182.4148
1937-04-13,182.3740
1937-04-14,182.3332
1937-04-15,182.2924
1937-04-16,182.1279
1937-04-19,181.6346
1937-04-20,181.4701
1937-04-21,181.3057
1937-04-22,181.1412
1937-04-23,180.9768
1937-04-26,180.4834
1937-04-27,180.3190
1937-04-28,180.1545
1937-04-29,179.9901
1937-04-30,179.8256
1937-05-03,179.3323
1937-05-04,179.1678
1937-05-05,179.0034
1937-05-06,178.8389
1937-05-07,178.6745
1937-05-10,178.1811
1937-05-11,178.0167
1937-05-12,177.8522
1937-05-13,177.6878
1937-05-14,177.5233
1937-05-17,177.5384
1937-05-18,177.6282
1937-05-19,177.7180
1937-05-20,177.8077
1937-05-21,177.8975
1937-05-24,178.1668
1937-05-25,178.2566
1937-05-26,178.3464
1937-05-27,178.4362
1937-05-28,178.5259
1937-05-31,178.7953
1937-06-01,178.8850
1937-06-02,178.9748
1937-06-03,179.0646
1937-06-04,179.1543
1937-06-07,179.4237
1937-06-08,179.5134
1937-06-09,179.6032
1937-06-10,179.6930
1937-06-11,179.7828
1937-06-14,180.0521
1937-06-15,180.1419
1937-06-16,180.0997
1937-06-17,180.0575
1937-06-18,180.0154
1937-06-21,179.8889
1937-06-22,179.8467
1937-06-23,179.8045
1937-06-24,179.7624
1937-06-25,179.7202
1937-06-28,179.5937
1937-06-29,179.5515
1937-06-30,179.5094
1937-07-01,179.4672
1937-07-02,179.4250
1937-07-05,179.2985
1937-07-06,179.2564
1937-07-07,179.2142
1937-07-08,179.1720
1937-07-09,179.1299
1937-07-12,179.0034
1937-07-13,178.9612
1937-07-14,178.9190
1937-07-15,178.8769
1937-07-16,178.5953
1937-07-19,177.7506
1937-07-20,177.4690
1937-07-21,177.1875
1937-07-22,176.9059
1937-07-23,176.6243
1937-07-26,175.7796
1937-07-27,175.4981
1937-07-28,175.2165
1937-07-29,174.9349
1937-07-30,174.6534
1937-08-02,173.8087
1937-08-03,173.5271
1937-08-04,173.2455
1937-08-05,172.9640
1937-08-06,172.6824
1937-08-09,171.8377
1937-08-10,171.5561
1937-08-11,171.2746
1937-08-12,170.9930
1937-08-13,170.7114
1937-08-16,169.7035
1937-08-17,169.2587
1937-08-18,168.8139
1937-08-19,168.3691
1937-08-20,167.9243
1937-08-23,166.5899
1937-08-24,166.1452
1937-08-25,165.7004
1937-08-26,165.2556
1937-08-27,164.8108
1937-08-30,163.4764
1937-08-31,163.0316
1937-09-01,162.5868
1937-09-02,162.1420
1937-09-03,161.6972
1937-09-06,160.3628
1937-09-07,159.9180
1937-09-08,159.4733
1937-09-09,159.0285
1937-09-10,158.5837
1937-09-13,157.2493
1937-09-14,156.8045
1937-09-15,156.3597
1937-09-16,155.9507
1937-09-17,155.5417
1937-09-20,154.3146
1937-09-21,153.9056
1937-09-22,153.4966
1937-09-23,153.0875
1937-09-24,152.6785
1937-09-27,151.4515
1937-09-28,151.0424
1937-09-29,150.6334
1937-09-30,150.2244
1937-10-01,149.8154
1937-10-04,148.5883
1937-10-05,148.1793
1937-10-06,147.7703
1937-10-07,147.3613
1937-10-08,146.9522
1937-10-11,145.7252
1937-10-12,145.3162
1937-10-13,144.9071
1937-10-14,144.4981
1937-10-15,144.0891
1937-10-18,143.1710
1937-10-19,142.8649
1937-10-20,142.5589
1937-10-21,142.2528
1937-10-22,141.9468
1937-10-25,141.0286
1937-10-26,140.7225
1937-10-27,140.4165
1937-10-28,140.1104
1937-10-29,139.8044
1937-11-01,138.8862
1937-11-02,138.5802
1937-11-03,138.2741
1937-11-04,137.9681
1937-11-05,137.6620
1937-11-08,136.7439
1937-11-09,136.4378
1937-11-10,136.1318
1937-11-11,135.8257
1937-11-12,135.5197
1937-11-15,134.6015
1937-11-16,134.3654
1937-11-17,134.1293
1937-11-18,133.8931
1937-11-19,133.6570
1937-11-22,132.9486
1937-11-23,132.7125
1937-11-24,132.4763
1937-11-25,132.2402
1937-11-26,132.0040
1937-11-29,131.2956
1937-11-30,131.0595
1937-12-01,130.8234
1937-12-02,130.5872
1937-12-03,130.3511
1937-12-06,129.6427
1937-12-07,129.4066
1937-12-08,129.1704
1937-12-09,128.9343
1937-12-10,128.6982
1937-12-13,127.9898
1937-12-14,127.7536
1937-12-15,127.5175
1937-12-16,127.3951
1937-12-17,127.2726
1937-12-20,126.9054
1937-12-21,126.7830
1937-12-22,126.6605
1937-12-23,126.5381
1937-12-24,126.4157
1937-12-27,126.0484
1937-12-28,125.9260
1937-12-29,125.8036
1937-12-30,125.6812
1937-12-31,125.5588
1938-01-03,125.1915
1938-01-04,125.0691
1938-01-05,124.9467
1938-01-06,124.8242
1938-01-07,124.7018
1938-01-10,124.3346
1938-01-11,124.2121
1938-01-12,124.0897
1938-01-13,123.9673
1938-01-14,123.8449
1938-01-17,123.3552
1938-01-18,123.1716
1938-01-19,122.9879
1938-01-20,122.8043
1938-01-21,122.6207
1938-01-24,122.0698
1938-01-25,121.8862
1938-01-26,121.7025
1938-01-27,121.5189
1938-01-28,121.3353
1938-01-31,120.7844
1938-02-01,120.6007
1938-02-02,120.4171
1938-02-03,120.2335
1938-02-04,120.0498
1938-02-07,119.4990
1938-02-08,119.3153
1938-02-09,119.1317
1938-02-10,118.9481
1938-02-11,118.7644
1938-02-14,118.2135
1938-02-15,118.0299
1938-02-16,117.9938
1938-02-17,117.9576
1938-02-18,117.9215
1938-02-21,117.8131
1938-02-22,117.7769
1938-02-23,117.7408
1938-02-24,117.7046
1938-02-25,117.6685
1938-02-28,117.5601
1938-03-01,117.5239
1938-03-02,117.4878
1938-03-03,117.4516
1938-03-04,117.4155
1938-03-07,117.3070
1938-03-08,117.2709
1938-03-09,117.2348
1938-03-10,117.1986
1938-03-11,117.1625
1938-03-14,117.0540
1938-03-15,117.0179
1938-03-16,116.8996
1938-03-17,116.7812
1938-03-18,116.6629
1938-03-21,116.3079
1938-03-22,116.1895
1938-03-23,116.0712
1938-03-24,115.9528
1938-03-25,115.8345
1938-03-28,115.4795
1938-03-29,115.3612
1938-03-30,115.2428
1938-03-31,115.1245
1938-04-01,115.0061
1938-04-04,114.6511
1938-04-05,114.5328
1938-04-06,114.4144
1938-04-07,114.2961
1938-04-08,114.1778
1938-04-11,113.8227
1938-04-12,113.7044
1938-04-13,113.5861
1938-04-14,113.4677
1938-04-15,113.3494
1938-04-18,114.5132
1938-04-19,114.9011
1938-04-20,115.2891
1938-04-21,115.6770
1938-04-22,116.0649
1938-04-25,117.2287
1938-04-26,117.6167
1938-04-27,118.0046
1938-04-28,118.3925
1938-04-29,118.7805
1938-05-02,119.9443
1938-05-03,120.3322
1938-05-04,120.7202
1938-05-05,121.1081
1938-05-06,121.4960
1938-05-09,122.6598
1938-05-10,123.0478
1938-05-11,123.4357
1938-05-12,123.8237
1938-05-13,124.2116
1938-05-16,125.0936
1938-05-17,125.1997
1938-05-18,125.3058
1938-05-19,125.4119
1938-05-20,125.5180
1938-05-23,125.8362
1938-05-24,125.9423
1938-05-25,126.0484
1938-05-26,126.1545
1938-05-27,126.2606
1938-05-30,126.5789
1938-05-31,126.6850
1938-06-01,126.7911
1938-06-02,126.8972
1938-06-03,127.0033
1938-06-06,127.3216
1938-06-07,127.4277
1938-06-08,127.5338
1938-06-09,127.6399
1938-06-10,127.7460
1938-06-13,128.0643
1938-06-14,128.1704
1938-06-15,128.2765
1938-06-16,128.5759
1938-06-17,128.8753
1938-06-20,129.7734
1938-06-21,130.0728
1938-06-22,130.3722
1938-06-23,130.6716
1938-06-24,130.9710
1938-06-27,131.8691
1938-06-28,132.1685
1938-06-29,132.4679
1938-06-30,132.7673
1938-07-01,133.0667
1938-07-04,133.9648
1938-07-05,134.2642
1938-07-06,134.5636
1938-07-07,134.8630
1938-07-08,135.1624
1938-07-11,136.0605
1938-07-12,136.3599
1938-07-13,136.6593
1938-07-14,136.9587
1938-07-15,137.2581
1938-07-18,138.0660
1938-07-19,138.3354
1938-07-20,138.6047
1938-07-21,138.8740
1938-07-22,139.1433
1938-07-25,139.9513
1938-07-26,140.2206
1938-07-27,140.4899
1938-07-28,140.7593
1938-07-29,141.0286
1938-08-01,141.8366
1938-08-02,142.1059
1938-08-03,142.3752
1938-08-04,142.6445
1938-08-05,142.9139
1938-08-08,143.7218
1938-08-09,143.9912
1938-08-10,144.2605
1938-08-11,144.5298
1938-08-12,144.7991
1938-08-15,145.6071
1938-08-16,145.7091
1938-08-17,145.8112
1938-08-18,145.9132
1938-08-19,146.0152
1938-08-22,146.3212
1938-08-23,146.4233
1938-08-24,146.5253
1938-08-25,146.6273
1938-08-26,146.7293
1938-08-29,147.0354
1938-08-30,147.1374
1938-08-31,147.2394
1938-09-01,147.3414
1938-09-02,147.4434
1938-09-05,147.7495
1938-09-06,147.8515
1938-09-07,147.9535
1938-09-08,148.0555
1938-09-09,148.1575
1938-09-12,148.4636
1938-09-13,148.5656
1938-09-14,148.6676
1938-09-15,148.7696
1938-09-16,148.8245
1938-09-19,148.9889
1938-09-20,149.0437
1938-09-21,149.0985
1938-09-22,149.1534
1938-09-23,149.2082
1938-09-26,149.3726
1938-09-27,149.4274
1938-09-28,149.4823
1938-09-29,149.5371
1938-09-30,149.5919
1938-10-03,149.7563
1938-10-04,149.8112
1938-10-05,149.8660
1938-10-06,149.9208
1938-10-07,149.9756
1938-10-10,150.1401
1938-10-11,150.1949
1938-10-12,150.2497
1938-10-13,150.3045
1938-10-14,150.3593
1938-10-17,150.6672
1938-10-18,150.7937
1938-10-19,150.9202
1938-10-20,151.0467
1938-10-21,151.1732
1938-10-24,151.5527
1938-10-25,151.6792
1938-10-26,151.8057
1938-10-27,151.9322
1938-10-28,152.0587
1938-10-31,152.4382
1938-11-01,152.5647
1938-11-02,152.6912
1938-11-03,152.8177
1938-11-04,152.9442
1938-11-07,153.3237
1938-11-08,153.4502
1938-11-09,153.5767
1938-11-10,153.7032
1938-11-11,153.8297
1938-11-14,154.2092
1938-11-15,154.3357
1938-11-16,154.2809
1938-11-17,154.2260
1938-11-18,154.1712
1938-11-21,154.0068
1938-11-22,153.9520
1938-11-23,153.8971
1938-11-24,153.8423
1938-11-25,153.7875
1938-11-28,153.6231
1938-11-29,153.5682
1938-11-30,153.5134
1938-12-01,153.4586
1938-12-02,153.4038
1938-12-05,153.2393
1938-12-06,153.1845
1938-12-07,153.1297
1938-12-08,153.0749
1938-12-09,153.0201
1938-12-12,152.8556
1938-12-13,152.8008
1938-12-14,152.7460
1938-12-15,152.6912
1938-12-16,152.5851
1938-12-19,152.2668
1938-12-20,152.1607
1938-12-21,152.0546
1938-12-22,151.9485
1938-12-23,151.8424
1938-12-26,151.5241
1938-12-27,151.4180
1938-12-28,151.3119
1938-12-29,151.2058
1938-12-30,151.0997
1939-01-02,150.7814
1939-01-03,150.6753
1939-01-04,150.5692
1939-01-05,150.4631
1939-01-06,150.3570
1939-01-09,150.0387
1939-01-10,149.9326
1939-01-11,149.8265
1939-01-12,149.7204
1939-01-13,149.6143
1939-01-16,149.1981
1939-01-17,148.9941
1939-01-18,148.7900
1939-01-19,148.5860
1939-01-20,148.3820
1939-01-23,147.7699
1939-01-24,147.5658
1939-01-25,147.3618
1939-01-26,147.1578
1939-01-27,146.9537
1939-01-30,146.3416
1939-01-31,146.1376
1939-02-01,145.9336
1939-02-02,145.7295
1939-02-03,145.5255
1939-02-06,144.9134
1939-02-07,144.7094
1939-02-08,144.5053
1939-02-09,144.3013
1939-02-10,144.0973
1939-02-13,143.4852
1939-02-14,143.2811
1939-02-15,143.0771
1939-02-16,143.0048
1939-02-17,142.9325
1939-02-20,142.7157
1939-02-21,142.6434
1939-02-22,142.5711
1939-02-23,142.4988
1939-02-24,142.4265
1939-02-27,142.2097
1939-02-28,142.1374
1939-03-01,142.0651
1939-03-02,141.9928
1939-03-03,141.9205
1939-03-06,141.7037
1939-03-07,141.6314
1939-03-08,141.5591
1939-03-09,141.4868
1939-03-10,141.4145
1939-03-13,141.1977
1939-03-14,141.1254
1939-03-15,141.0531
1939-03-16,140.8980
1939-03-17,140.7430
1939-03-20,140.2778
1939-03-21,140.1227
1939-03-22,139.9676
1939-03-23,139.8126
1939-03-24,139.6575
1939-03-27,139.1923
1939-03-28,139.0372
1939-03-29,138.8822
1939-03-30,138.7271
1939-03-31,138.5720
1939-04-03,138.1068
1939-04-04,137.9518
1939-04-05,137.7967
1939-04-06,137.6416
1939-04-07,137.4866
1939-04-10,137.0214
1939-04-11,136.8663
1939-04-12,136.7112
1939-04-13,136.5562
1939-04-14,136.4011
1939-04-17,136.3219
1939-04-18,136.3599
1939-04-19,136.3978
1939-04-20,136.4358
1939-04-21,136.4737
1939-04-24,136.5876
1939-04-25,136.6256
1939-04-26,136.6635
1939-04-27,136.7015
1939-04-28,136.7394
1939-05-01,136.8533
1939-05-02,136.8912
1939-05-03,136.9292
1939-05-04,136.9671
1939-05-05,137.0051
1939-05-08,137.1189
1939-05-09,137.1569
1939-05-10,137.1948
1939-05-11,137.2328
1939-05-12,137.2707
1939-05-15,137.3846
1939-05-16,137.4580
1939-05-17,137.5315
1939-05-18,137.6049
1939-05-19,137.6784
1939-05-22,137.8987
1939-05-23,137.9722
1939-05-24,138.0456
1939-05-25,138.1191
1939-05-26,138.1925
1939-05-29,138.4129
1939-05-30,138.4863
1939-05-31,138.5598
1939-06-01,138.6332
1939-06-02,138.7067
1939-06-05,138.9271
1939-06-06,139.0005
1939-06-07,139.0740
1939-06-08,139.1474
1939-06-09,139.2209
1939-06-12,139.4412
1939-06-13,139.5147
1939-06-14,139.5881
1939-06-15,139.6616
1939-06-16,139.7122
1939-06-19,139.8640
1939-06-20,139.9146
1939-06-21,139.9652
1939-06-22,140.0158
1939-06-23,140.0664
1939-06-26,140.2182
1939-06-27,140.2688
1939-06-28,140.3194
1939-06-29,140.3700
1939-06-30,140.4206
1939-07-03,140.5724
1939-07-04,140.6230
1939-07-05,140.6736
1939-07-06,140.7242
1939-07-07,140.7748
1939-07-10,140.9266
1939-07-11,140.9772
1939-07-12,141.0278
1939-07-13,141.0784
1939-07-14,141.1290
1939-07-17,141.5142
1939-07-18,141.6815
1939-07-19,141.8488
1939-07-20,142.0161
1939-07-21,142.1834
1939-07-24,142.6854
1939-07-25,142.8527
1939-07-26,143.0200
1939-07-27,143.1873
1939-07-28,143.3546
1939-07-31,143.8565
1939-08-01,144.0238
1939-08-02,144.1911
1939-08-03,144.3584
1939-08-04,144.5257
1939-08-07,145.0277
1939-08-08,145.1950
1939-08-09,145.3623
1939-08-10,145.5296
1939-08-11,145.6969
1939-08-14,146.1988
1939-08-15,146.3661
1939-08-16,146.4028
1939-08-17,146.4396
1939-08-18,146.4763
1939-08-21,146.5865
1939-08-22,146.6232
1939-08-23,146.6599
1939-08-24,146.6967
1939-08-25,146.7334
1939-08-28,146.8436
1939-08-29,146.8803
1939-08-30,146.9170
1939-08-31,146.9537
1939-09-01,146.9905
1939-09-04,147.1006
1939-09-05,147.1374
1939-09-06,147.1741
1939-09-07,147.2108
1939-09-08,147.2475
1939-09-11,147.3577
1939-09-12,147.3945
1939-09-13,147.4312
1939-09-14,147.4679
1939-09-15,147.5046
1939-09-18,147.9347
1939-09-19,148.0781
1939-09-20,148.2215
1939-09-21,148.3648
1939-09-22,148.5082
1939-09-25,148.9383
1939-09-26,149.0817
1939-09-27,149.2250
1939-09-28,149.3684
1939-09-29,149.5118
1939-10-02,149.9419
1939-10-03,150.0853
1939-10-04,150.2286
1939-10-05,150.3720
1939-10-06,150.5154
1939-10-09,150.9455
1939-10-10,151.0888
1939-10-11,151.2322
1939-10-12,151.3756
1939-10-13,151.5189
1939-10-16,151.7853
1939-10-17,151.7649
1939-10-18,151.7445
1939-10-19,151.7240
1939-10-20,151.7036
1939-10-23,151.6424
1939-10-24,151.6220
1939-10-25,151.6016
1939-10-26,151.5812
1939-10-27,151.5608
1939-10-30,151.4996
1939-10-31,151.4792
1939-11-01,151.4588
1939-11-02,151.4384
1939-11-03,151.4180
1939-11-06,151.3568
1939-11-07,151.3364
1939-11-08,151.3160
1939-11-09,151.2956
1939-11-10,151.2752
1939-11-13,151.2140
1939-11-14,151.1936
1939-11-15,151.1732
1939-11-16,151.1732
1939-11-17,151.1732
1939-11-20,151.1732
1939-11-21,151.1732
1939-11-22,151.1732
1939-11-23,151.1732
1939-11-24,151.1732
1939-11-27,151.1732
1939-11-28,151.1732
1939-11-29,151.1732
1939-11-30,151.1732
1939-12-01,151.1732
1939-12-04,151.1732
1939-12-05,151.1732
1939-12-06,151.1732
1939-12-07,151.1732
1939-12-08,151.1732
1939-12-11,151.1732
1939-12-12,151.1732
1939-12-13,151.1732
1939-12-14,151.1732
1939-12-15,151.1732
1939-12-18,151.0630
1939-12-19,151.0263
1939-12-20,150.9895
1939-12-21,150.9528
1939-12-22,150.9161
1939-12-25,150.8059
1939-12-26,150.7692
1939-12-27,150.7324
1939-12-28,150.6957
1939-12-29,150.6590
1940-01-01,150.5488
1940-01-02,150.5121
1940-01-03,150.4754
1940-01-04,150.4386
1940-01-05,150.4019
1940-01-08,150.2917
1940-01-09,150.2550
1940-01-10,150.2183
1940-01-11,150.1816
1940-01-12,150.1448
1940-01-15,150.0346
1940-01-16,150.0306
1940-01-17,150.0265
1940-01-18,150.0224
1940-01-19,150.0183
1940-01-22,150.0061
1940-01-23,150.0020
1940-01-24,149.9979
1940-01-25,149.9938
1940-01-26,149.9898
1940-01-29,149.9775
1940-01-30,149.9734
1940-01-31,149.9694
1940-02-01,149.9653
1940-02-02,149.9612
1940-02-05,149.9490
1940-02-06,149.9449
1940-02-07,149.9408
1940-02-08,149.9367
1940-02-09,149.9326
1940-02-12,149.9204
1940-02-13,149.9163
1940-02-14,149.9122
1940-02-15,149.9081
1940-02-16,149.6115
1940-02-19,148.7217
1940-02-20,148.4250
1940-02-21,148.1284
1940-02-22,147.8318
1940-02-23,147.5352
1940-02-26,146.6453
1940-02-27,146.3487
1940-02-28,146.0521
1940-02-29,145.7554
1940-03-01,145.4588
1940-03-04,144.5689
1940-03-05,144.2723
1940-03-06,143.9757
1940-03-07,143.6791
1940-03-08,143.3824
1940-03-11,142.4926
1940-03-12,142.1960
1940-03-13,141.8993
1940-03-14,141.6027
1940-03-15,141.3061
1940-03-18,140.7797
1940-03-19,140.6042
1940-03-20,140.4287
1940-03-21,140.2533
1940-03-22,140.0778
1940-03-25,139.5514
1940-03-26,139.3759
1940-03-27,139.2005
1940-03-28,139.0250
1940-03-29,138.8495
1940-04-01,138.3231
1940-04-02,138.1476
1940-04-03,137.9722
1940-04-04,137.7967
1940-04-05,137.6212
1940-04-08,137.0948
1940-04-09,136.9194
1940-04-10,136.7439
1940-04-11,136.5684
1940-04-12,136.3930
1940-04-15,135.8665
1940-04-16,135.8286
1940-04-17,135.7906
1940-04-18,135.7527
1940-04-19,135.7147
1940-04-22,135.6009
1940-04-23,135.5629
1940-04-24,135.5250
1940-04-25,135.4870
1940-04-26,135.4491
1940-04-29,135.3352
1940-04-30,135.2973
1940-05-01,135.2593
1940-05-02,135.2214
1940-05-03,135.1834
1940-05-06,135.0696
1940-05-07,135.0316
1940-05-08,134.9937
1940-05-09,134.9557
1940-05-10,134.9178
1940-05-13,134.8039
1940-05-14,134.7660
1940-05-15,134.7280
1940-05-16,134.4669
1940-05-17,134.2057
1940-05-20,133.4222
1940-05-21,133.1611
1940-05-22,132.8999
1940-05-23,132.6387
1940-05-24,132.3776
1940-05-27,131.5941
1940-05-28,131.3329
1940-05-29,131.0718
1940-05-30,130.8106
1940-05-31,130.5494
1940-06-03,129.7659
1940-06-04,129.5048
1940-06-05,129.2436
1940-06-06,128.9824
1940-06-07,128.7213
1940-06-10,127.9378
1940-06-11,127.6766
1940-06-12,127.4155
1940-06-13,127.1543
1940-06-14,126.8931
1940-06-17,126.8428
1940-06-18,126.9482
1940-06-19,127.0536
1940-06-20,127.1591
1940-06-21,127.2645
1940-06-24,127.5807
1940-06-25,127.6862
1940-06-26,127.7916
1940-06-27,127.8970
1940-06-28,128.0024
1940-07-01,128.3187
1940-07-02,128.4241
1940-07-03,128.5295
1940-07-04,128.6349
1940-07-05,128.7403
1940-07-08,129.0566
1940-07-09,129.1620
1940-07-10,129.2674
1940-07-11,129.3728
1940-07-12,129.4782
1940-07-15,129.7945
1940-07-16,129.9006
1940-07-17,130.0067
1940-07-18,130.1128
1940-07-19,130.2189
1940-07-22,130.5372
1940-07-23,130.6433
1940-07-24,130.7494
1940-07-25,130.8555
1940-07-26,130.9616
1940-07-29,131.2799
1940-07-30,131.3860
1940-07-31,131.4921
1940-08-01,131.5982
1940-08-02,131.7043
1940-08-05,132.0225
1940-08-06,132.1286
1940-08-07,132.2347
1940-08-08,132.3408
1940-08-09,132.4469
1940-08-12,132.7652
1940-08-13,132.8713
1940-08-14,132.9774
1940-08-15,133.0835
1940-08-16,133.1611
1940-08-19,133.3937
1940-08-20,133.4712
1940-08-21,133.5487
1940-08-22,133.6263
1940-08-23,133.7038
1940-08-26,133.9364
1940-08-27,134.0139
1940-08-28,134.0915
1940-08-29,134.1690
1940-08-30,134.2465
1940-09-02,134.4791
1940-09-03,134.5566
1940-09-04,134.6342
1940-09-05,134.7117
1940-09-06,134.7892
1940-09-09,135.0218
1940-09-10,135.0994
1940-09-11,135.1769
1940-09-12,135.2544
1940-09-13,135.3320
1940-09-16,135.5250
1940-09-17,135.5629
1940-09-18,135.6009
1940-09-19,135.6388
1940-09-20,135.6768
1940-09-23,135.7906
1940-09-24,135.8286
1940-09-25,135.8665
1940-09-26,135.9045
1940-09-27,135.9424
1940-09-30,136.0563
1940-10-01,136.0942
1940-10-02,136.1322
1940-10-03,136.1701
1940-10-04,136.2081
1940-10-07,136.3219
1940-10-08,136.3599
1940-10-09,136.3978
1940-10-10,136.4358
1940-10-11,136.4737
1940-10-14,136.5876
1940-10-15,136.6256
1940-10-16,136.5439
1940-10-17,136.4623
1940-10-18,136.3807
1940-10-21,136.1359
1940-10-22,136.0543
1940-10-23,135.9726
1940-10-24,135.8910
1940-10-25,135.8094
1940-10-28,135.5646
1940-10-29,135.4830
1940-10-30,135.4013
1940-10-31,135.3197
1940-11-01,135.2381
1940-11-04,134.9933
1940-11-05,134.9117
1940-11-06,134.8301
1940-11-07,134.7484
1940-11-08,134.6668
1940-11-11,134.4220
1940-11-12,134.3404
1940-11-13,134.2588
1940-11-14,134.1771
1940-11-15,134.0955
1940-11-18,133.8046
1940-11-19,133.7076
1940-11-20,133.6106
1940-11-21,133.5136
1940-11-22,133.4166
1940-11-25,133.1257
1940-11-26,133.0287
1940-11-27,132.9317
1940-11-28,132.8347
1940-11-29,132.7378
1940-12-02,132.4468
1940-12-03,132.3498
1940-12-04,132.2528
1940-12-05,132.1559
1940-12-06,132.0589
1940-12-09,131.7679
1940-12-10,131.6709
1940-12-11,131.5739
1940-12-12,131.4770
1940-12-13,131.3800
1940-12-16,131.1370
1940-12-17,131.0881
1940-12-18,131.0391
1940-12-19,130.9901
1940-12-20,130.9412
1940-12-23,130.7943
1940-12-24,130.7453
1940-12-25,130.6963
1940-12-26,130.6474
1940-12-27,130.5984
1940-12-30,130.4515
1940-12-31,130.4025
1941-01-01,130.3536
1941-01-02,130.3046
1941-01-03,130.2556
1941-01-06,130.1087
1941-01-07,130.0597
1941-01-08,130.0108
1941-01-09,129.9618
1941-01-10,129.9128
1941-01-13,129.7659
1941-01-14,129.7170
1941-01-15,129.6680
1941-01-16,129.5129
1941-01-17,129.3579
1941-01-20,128.8927
1941-01-21,128.7376
1941-01-22,128.5825
1941-01-23,128.4275
1941-01-24,128.2724
1941-01-27,127.8072
1941-01-28,127.6521
1941-01-29,127.4971
1941-01-30,127.3420
1941-01-31,127.1869
1941-02-03,126.7218
1941-02-04,126.5667
1941-02-05,126.4116
1941-02-06,126.2566
1941-02-07,126.1015
1941-02-10,125.6363
1941-02-11,125.4812
1941-02-12,125.3262
1941-02-13,125.1711
1941-02-14,125.0160
1941-02-17,124.7074
1941-02-18,124.6306
1941-02-19,124.5537
1941-02-20,124.4769
1941-02-21,124.4001
1941-02-24,124.1697
1941-02-25,124.0929
1941-02-26,124.0161
1941-02-27,123.9393
1941-02-28,123.8625
1941-03-03,123.6321
1941-03-04,123.5553
1941-03-05,123.4785
1941-03-06,123.4017
1941-03-07,123.3249
1941-03-10,123.0945
1941-03-11,123.0177
1941-03-12,122.9409
1941-03-13,122.8641
1941-03-14,122.7873
1941-03-17,122.6288
1941-03-18,122.5880
1941-03-19,122.5472
1941-03-20,122.5064
1941-03-21,122.4656
1941-03-24,122.3432
1941-03-25,122.3024
1941-03-26,122.2616
1941-03-27,122.2208
1941-03-28,122.1800
1941-03-31,122.0575
1941-04-01,122.0167
1941-04-02,121.9759
1941-04-03,121.9351
1941-04-04,121.8943
1941-04-07,121.7719
1941-04-08,121.7311
1941-04-09,121.6903
1941-04-10,121.6495
1941-04-11,121.6087
1941-04-14,121.4862
1941-04-15,121.4454
1941-04-16,121.4960
1941-04-17,121.5466
1941-04-18,121.5972
1941-04-21,121.7490
1941-04-22,121.7996
1941-04-23,121.8502
1941-04-24,121.9008
1941-04-25,121.9514
1941-04-28,122.1032
1941-04-29,122.1538
1941-04-30,122.2044
1941-05-01,122.2550
1941-05-02,122.3056
1941-05-05,122.4574
1941-05-06,122.5080
1941-05-07,122.5586
1941-05-08,122.6092
1941-05-09,122.6598
1941-05-12,122.8116
1941-05-13,122.8622
1941-05-14,122.9128
1941-05-15,122.9634
1941-05-16,123.0818
1941-05-19,123.4368
1941-05-20,123.5551
1941-05-21,123.6735
1941-05-22,123.7918
1941-05-23,123.9102
1941-05-26,124.2652
1941-05-27,124.3835
1941-05-28,124.5019
1941-05-29,124.6202
1941-05-30,124.7385
1941-06-02,125.0936
1941-06-03,125.2119
1941-06-04,125.3302
1941-06-05,125.4486
1941-06-06,125.5669
1941-06-09,125.9219
1941-06-10,126.0403
1941-06-11,126.1586
1941-06-12,126.2770
1941-06-13,126.3953
1941-06-16,126.7374
1941-06-17,126.8428
1941-06-18,126.9482
1941-06-19,127.0536
1941-06-20,127.1591
1941-06-23,127.4753
1941-06-24,127.5807
1941-06-25,127.6862
1941-06-26,127.7916
1941-06-27,127.8970
1941-06-30,128.2132
1941-07-01,128.3187
1941-07-02,128.4241
1941-07-03,128.5295
1941-07-04,128.6349
1941-07-07,128.9512
1941-07-08,129.0566
1941-07-09,129.1620
1941-07-10,129.2674
1941-07-11,129.3728
1941-07-14,129.6891
1941-07-15,129.7945
1941-07-16,129.7823
1941-07-17,129.7700
1941-07-18,129.7578
1941-07-21,129.7210
1941-07-22,129.7088
1941-07-23,129.6966
1941-07-24,129.6843
1941-07-25,129.6721
1941-07-28,129.6354
1941-07-29,129.6231
1941-07-30,129.6109
1941-07-31,129.5986
1941-08-01,129.5864
1941-08-04,129.5497
1941-08-05,129.5374
1941-08-06,129.5252
1941-08-07,129.5129
1941-08-08,129.5007
1941-08-11,129.4640
1941-08-12,129.4517
1941-08-13,129.4395
1941-08-14,129.4272
1941-08-15,129.4150
1941-08-18,129.0845
1941-08-19,128.9743
1941-08-20,128.8641
1941-08-21,128.7539
1941-08-22,128.6437
1941-08-25,128.3132
1941-08-26,128.2030
1941-08-27,128.0929
1941-08-28,127.9827
1941-08-29,127.8725
1941-09-01,127.5420
1941-09-02,127.4318
1941-09-03,127.3216
1941-09-04,127.2114
1941-09-05,127.1013
1941-09-08,126.7707
1941-09-09,126.6605
1941-09-10,126.5504
1941-09-11,126.4402
1941-09-12,126.3300
1941-09-15,125.9995
1941-09-16,125.8856
1941-09-17,125.7718
1941-09-18,125.6579
1941-09-19,125.5441
1941-09-22,125.2025
1941-09-23,125.0887
1941-09-24,124.9748
1941-09-25,124.8610
1941-09-26,124.7471
1941-09-29,124.4056
1941-09-30,124.2917
1941-10-01,124.1779
1941-10-02,124.0640
1941-10-03,123.9502
1941-10-06,123.6086
1941-10-07,123.4948
1941-10-08,123.3809
1941-10-09,123.2671
1941-10-10,123.1532
1941-10-13,122.8116
1941-10-14,122.6978
1941-10-15,122.5839
1941-10-16,122.4207
1941-10-17,122.2575
1941-10-20,121.7678
1941-10-21,121.6046
1941-10-22,121.4414
1941-10-23,121.2781
1941-10-24,121.1149
1941-10-27,120.6252
1941-10-28,120.4620
1941-10-29,120.2988
1941-10-30,120.1355
1941-10-31,119.9723
1941-11-03,119.4826
1941-11-04,119.3194
1941-11-05,119.1562
1941-11-06,118.9930
1941-11-07,118.8297
1941-11-10,118.3400
1941-11-11,118.1768
1941-11-12,118.0136
1941-11-13,117.8504
1941-11-14,117.6871
1941-11-17,117.3384
1941-11-18,117.2456
1941-11-19,117.1528
1941-11-20,117.0601
1941-11-21,116.9673
1941-11-24,116.6890
1941-11-25,116.5962
1941-11-26,116.5035
1941-11-27,116.4107
1941-11-28,116.3179
1941-12-01,116.0396
1941-12-02,115.9469
1941-12-03,115.8541
1941-12-04,115.7613
1941-12-05,115.6686
1941-12-08,115.3903
1941-12-09,115.2975
1941-12-10,115.2047
1941-12-11,115.1120
1941-12-12,115.0192
1941-12-15,114.7409
1941-12-16,114.6348
1941-12-17,114.5287
1941-12-18,114.4226
1941-12-19,114.3165
1941-12-22,113.9982
1941-12-23,113.8921
1941-12-24,113.7860
1941-12-25,113.6799
1941-12-26,113.5738
1941-12-29,113.2555
1941-12-30,113.1494
1941-12-31,113.0433
1942-01-01,112.9372
1942-01-02,112.8311
1942-01-05,112.5128
1942-01-06,112.4067
1942-01-07,112.3006
1942-01-08,112.1945
1942-01-09,112.0884
1942-01-12,111.7702
1942-01-13,111.6641
1942-01-14,111.5580
1942-01-15,111.4519
1942-01-16,111.2968
1942-01-19,110.8316
1942-01-20,110.6765
1942-01-21,110.5215
1942-01-22,110.3664
1942-01-23,110.2113
1942-01-26,109.7461
1942-01-27,109.5911
1942-01-28,109.4360
1942-01-29,109.2809
1942-01-30,109.1259
1942-02-02,108.6607
1942-02-03,108.5056
1942-02-04,108.3506
1942-02-05,108.1955
1942-02-06,108.0404
1942-02-09,107.5752
1942-02-10,107.4202
1942-02-11,107.2651
1942-02-12,107.1100
1942-02-13,106.9550
1942-02-16,106.5454
1942-02-17,106.4460
1942-02-18,106.3466
1942-02-19,106.2473
1942-02-20,106.1479
1942-02-23,105.8497
1942-02-24,105.7503
1942-02-25,105.6509
1942-02-26,105.5515
1942-02-27,105.4521
1942-03-02,105.1539
1942-03-03,105.0545
1942-03-04,104.9551
1942-03-05,104.8557
1942-03-06,104.7563
1942-03-09,104.4582
1942-03-10,104.3588
1942-03-11,104.2594
1942-03-12,104.1600
1942-03-13,104.0606
1942-03-16,103.7884
1942-03-17,103.7149
1942-03-18,103.6415
1942-03-19,103.5680
1942-03-20,103.4945
1942-03-23,103.2742
1942-03-24,103.2007
1942-03-25,103.1273
1942-03-26,103.0538
1942-03-27,102.9804
1942-03-30,102.7600
1942-03-31,102.6866
1942-04-01,102.6131
1942-04-02,102.5397
1942-04-03,102.4662
1942-04-06,102.2459
1942-04-07,102.1724
1942-04-08,102.0990
1942-04-09,102.0255
1942-04-10,101.9521
1942-04-13,101.7317
1942-04-14,101.6582
1942-04-15,101.5848
1942-04-16,101.6691
1942-04-17,101.7535
1942-04-20,102.0065
1942-04-21,102.0908
1942-04-22,102.1751
1942-04-23,102.2595
1942-04-24,102.3438
1942-04-27,102.5968
1942-04-28,102.6811
1942-04-29,102.7655
1942-04-30,102.8498
1942-05-01,102.9341
1942-05-04,103.1871
1942-05-05,103.2715
1942-05-06,103.3558
1942-05-07,103.4401
1942-05-08,103.5245
1942-05-11,103.7775
1942-05-12,103.8618
1942-05-13,103.9461
1942-05-14,104.0305
1942-05-15,104.1148
1942-05-18,104.4086
1942-05-19,104.5066
1942-05-20,104.6045
1942-05-21,104.7024
1942-05-22,104.8004
1942-05-25,105.0942
1942-05-26,105.1921
1942-05-27,105.2900
1942-05-28,105.3880
1942-05-29,105.4859
1942-06-01,105.7797
1942-06-02,105.8777
1942-06-03,105.9756
1942-06-04,106.0735
1942-06-05,106.1715
1942-06-08,106.4653
1942-06-09,106.5632
1942-06-10,106.6612
1942-06-11,106.7591
1942-06-12,106.8570
1942-06-15,107.1508
1942-06-16,107.2014
1942-06-17,107.2520
1942-06-18,107.3026
1942-06-19,107.3532
1942-06-22,107.5050
1942-06-23,107.5556
1942-06-24,107.6062
1942-06-25,107.6568
1942-06-26,107.7074
1942-06-29,107.8592
1942-06-30,107.9098
1942-07-01,107.9604
1942-07-02,108.0110
1942-07-03,108.0616
1942-07-06,108.2134
1942-07-07,108.2640
1942-07-08,108.3146
1942-07-09,108.3652
1942-07-10,108.4158
1942-07-13,108.5676
1942-07-14,108.6182
1942-07-15,108.6688
1942-07-16,108.7545
1942-07-17,108.8402
1942-07-20,109.0973
1942-07-21,109.1830
1942-07-22,109.2687
1942-07-23,109.3544
1942-07-24,109.4401
1942-07-27,109.6972
1942-07-28,109.7829
1942-07-29,109.8686
1942-07-30,109.9543
1942-07-31,110.0399
1942-08-03,110.2970
1942-08-04,110.3827
1942-08-05,110.4684
1942-08-06,110.5541
1942-08-07,110.6398
1942-08-10,110.8969
1942-08-11,110.9826
1942-08-12,111.0683
1942-08-13,111.1540
1942-08-14,111.2397
1942-08-17,111.5212
1942-08-18,111.6192
1942-08-19,111.7171
1942-08-20,111.8150
1942-08-21,111.9130
1942-08-24,112.2068
1942-08-25,112.3047
1942-08-26,112.4027
1942-08-27,112.5006
1942-08-28,112.5985
1942-08-31,112.8923
1942-09-01,112.9903
1942-09-02,113.0882
1942-09-03,113.1862
1942-09-04,113.2841
1942-09-07,113.5779
1942-09-08,113.6758
1942-09-09,113.7738
1942-09-10,113.8717
1942-09-11,113.9696
1942-09-14,114.2634
1942-09-15,114.3614
1942-09-16,114.4289
1942-09-17,114.4963
1942-09-18,114.5638
1942-09-21,114.7662
1942-09-22,114.8337
1942-09-23,114.9011
1942-09-24,114.9686
1942-09-25,115.0361
1942-09-28,115.2385
1942-09-29,115.3059
1942-09-30,115.3734
1942-10-01,115.4409
1942-10-02,115.5083
1942-10-05,115.7107
1942-10-06,115.7782
1942-10-07,115.8457
1942-10-08,115.9131
1942-10-09,115.9806
1942-10-12,116.1830
1942-10-13,116.2505
1942-10-14,116.3179
1942-10-15,116.3854
1942-10-16,116.5282
1942-10-19,116.9567
1942-10-20,117.0995
1942-10-21,117.2423
1942-10-22,117.3852
1942-10-23,117.5280
1942-10-26,117.9565
1942-10-27,118.0993
1942-10-28,118.2421
1942-10-29,118.3849
1942-10-30,118.5278
1942-11-02,118.9562
1942-11-03,119.0990
1942-11-04,119.2419
1942-11-05,119.3847
1942-11-06,119.5275
1942-11-09,119.9560
1942-11-10,120.0988
1942-11-11,120.2416
1942-11-12,120.3845
1942-11-13,120.5273
1942-11-16,120.9226
1942-11-17,121.0322
1942-11-18,121.1418
1942-11-19,121.2515
1942-11-20,121.3611
1942-11-23,121.6900
1942-11-24,121.7996
1942-11-25,121.9093
1942-11-26,122.0189
1942-11-27,122.1285
1942-11-30,122.4574
1942-12-01,122.5671
1942-12-02,122.6767
1942-12-03,122.7863
1942-12-04,122.8960
1942-12-07,123.2249
1942-12-08,123.3345
1942-12-09,123.4442
1942-12-10,123.5538
1942-12-11,123.6634
1942-12-14,123.9923
1942-12-15,124.1020
1942-12-16,124.2978
1942-12-17,124.4937
1942-12-18,124.6896
1942-12-21,125.2772
1942-12-22,125.4731
1942-12-23,125.6689
1942-12-24,125.8648
1942-12-25,126.0607
1942-12-28,126.6483
1942-12-29,126.8442
1942-12-30,127.0400
1942-12-31,127.2359
1943-01-01,127.4318
1943-01-04,128.0194
1943-01-05,128.2153
1943-01-06,128.4112
1943-01-07,128.6070
1943-01-08,128.8029
1943-01-11,129.3905
1943-01-12,129.5864
1943-01-13,129.7823
1943-01-14,129.9781
1943-01-15,130.1740
1943-01-18,130.6270
1943-01-19,130.7779
1943-01-20,130.9289
1943-01-21,131.0799
1943-01-22,131.2309
1943-01-25,131.6839
1943-01-26,131.8348
1943-01-27,131.9858
1943-01-28,132.1368
1943-01-29,132.2878
1943-02-01,132.7407
1943-02-02,132.8917
1943-02-03,133.0427
1943-02-04,133.1937
1943-02-05,133.3447
1943-02-08,133.7976
1943-02-09,133.9486
1943-02-10,134.0996
1943-02-11,134.2506
1943-02-12,134.4016
1943-02-15,134.8545
1943-02-16,134.9494
1943-02-17,135.0443
1943-02-18,135.1392
1943-02-19,135.2340
1943-02-22,135.5187
1943-02-23,135.6135
1943-02-24,135.7084
1943-02-25,135.8033
1943-02-26,135.8982
1943-03-01,136.1828
1943-03-02,136.2777
1943-03-03,136.3725
1943-03-04,136.4674
1943-03-05,136.5623
1943-03-08,136.8469
1943-03-09,136.9418
1943-03-10,137.0367
1943-03-11,137.1316
1943-03-12,137.2264
1943-03-15,137.5111
1943-03-16,137.6335
1943-03-17,137.7559
1943-03-18,137.8783
1943-03-19,138.0007
1943-03-22,138.3680
1943-03-23,138.4904
1943-03-24,138.6128
1943-03-25,138.7353
1943-03-26,138.8577
1943-03-29,139.2249
1943-03-30,139.3474
1943-03-31,139.4698
1943-04-01,139.5922
1943-04-02,139.7146
1943-04-05,140.0819
1943-04-06,140.2043
1943-04-07,140.3267
1943-04-08,140.4491
1943-04-09,140.5716
1943-04-12,140.9388
1943-04-13,141.0612
1943-04-14,141.1837
1943-04-15,141.3061
1943-04-16,141.3736
1943-04-19,141.5760
1943-04-20,141.6434
1943-04-21,141.7109
1943-04-22,141.7784
1943-04-23,141.8458
1943-04-26,142.0482
1943-04-27,142.1157
1943-04-28,142.1832
1943-04-29,142.2506
1943-04-30,142.3181
1943-05-03,142.5205
1943-05-04,142.5880
1943-05-05,142.6554
1943-05-06,142.7229
1943-05-07,142.7904
1943-05-10,142.9928
1943-05-11,143.0602
1943-05-12,143.1277
1943-05-13,143.1952
1943-05-14,143.2626
1943-05-17,143.3138
1943-05-18,143.3056
1943-05-19,143.2975
1943-05-20,143.2893
1943-05-21,143.2811
1943-05-24,143.2566
1943-05-25,143.2485
1943-05-26,143.2403
1943-05-27,143.2322
1943-05-28,143.2240
1943-05-31,143.1995
1943-06-01,143.1914
1943-06-02,143.1832
1943-06-03,143.1750
1943-06-04,143.1669
1943-06-07,143.1424
1943-06-08,143.1342
1943-06-09,143.1261
1943-06-10,143.1179
1943-06-11,143.1097
1943-06-14,143.0853
1943-06-15,143.0771
1943-06-16,143.0349
1943-06-17,142.9928
1943-06-18,142.9506
1943-06-21,142.8241
1943-06-22,142.7819
1943-06-23,142.7398
1943-06-24,142.6976
1943-06-25,142.6554
1943-06-28,142.5289
1943-06-29,142.4868
1943-06-30,142.4446
1943-07-01,142.4024
1943-07-02,142.3603
1943-07-05,142.2338
1943-07-06,142.1916
1943-07-07,142.1494
1943-07-08,142.1073
1943-07-09,142.0651
1943-07-12,141.9386
1943-07-13,141.8964
1943-07-14,141.8543
1943-07-15,141.8121
1943-07-16,141.8039
1943-07-19,141.7794
1943-07-20,141.7713
1943-07-21,141.7631
1943-07-22,141.7550
1943-07-23,141.7468
1943-07-26,141.7223
1943-07-27,141.7142
1943-07-28,141.7060
1943-07-29,141.6978
1943-07-30,141.6897
1943-08-02,141.6652
1943-08-03,141.6570
1943-08-04,141.6489
1943-08-05,141.6407
1943-08-06,141.6325
1943-08-09,141.6081
1943-08-10,141.5999
1943-08-11,141.5917
1943-08-12,141.5836
1943-08-13,141.5754
1943-08-16,141.5305
1943-08-17,141.5020
1943-08-18,141.4734
1943-08-19,141.4448
1943-08-20,141.4163
1943-08-23,141.3306
1943-08-24,141.3020
1943-08-25,141.2734
1943-08-26,141.2449
1943-08-27,141.2163
1943-08-30,141.1306
1943-08-31,141.1021
1943-09-01,141.0735
1943-09-02,141.0449
1943-09-03,141.0164
1943-09-06,140.9307
1943-09-07,140.9021
1943-09-08,140.8735
1943-09-09,140.8450
1943-09-10,140.8164
1943-09-13,140.7307
1943-09-14,140.7021
1943-09-15,140.6736
1943-09-16,140.5682
1943-09-17,140.4627
1943-09-20,140.1465
1943-09-21,140.0411
1943-09-22,139.9357
1943-09-23,139.8302
1943-09-24,139.7248
1943-09-27,139.4086
1943-09-28,139.3032
1943-09-29,139.1977
1943-09-30,139.0923
1943-10-01,138.9869
1943-10-04,138.6706
1943-10-05,138.5652
1943-10-06,138.4598
1943-10-07,138.3544
1943-10-08,138.2490
1943-10-11,137.9327
1943-10-12,137.8273
1943-10-13,137.7219
1943-10-14,137.6165
1943-10-15,137.5111
1943-10-18,137.4131
1943-10-19,137.3805
1943-10-20,137.3478
1943-10-21,137.3152
1943-10-22,137.2825
1943-10-25,137.1846
1943-10-26,137.1520
1943-10-27,137.1193
1943-10-28,137.0867
1943-10-29,137.0540
1943-11-01,136.9561
1943-11-02,136.9234
1943-11-03,136.8908
1943-11-04,136.8581
1943-11-05,136.8255
1943-11-08,136.7276
1943-11-09,136.6949
1943-11-10,136.6623
1943-11-11,136.6296
1943-11-12,136.5970
1943-11-15,136.4990
1943-11-16,136.5412
1943-11-17,136.5834
1943-11-18,136.6256
1943-11-19,136.6677
1943-11-22,136.7942
1943-11-23,136.8364
1943-11-24,136.8786
1943-11-25,136.9207
1943-11-26,136.9629
1943-11-29,137.0894
1943-11-30,137.1316
1943-12-01,137.1737
1943-12-02,137.2159
1943-12-03,137.2581
1943-12-06,137.3846
1943-12-07,137.4267
1943-12-08,137.4689
1943-12-09,137.5111
1943-12-10,137.5532
1943-12-13,137.6797
1943-12-14,137.7219
1943-12-15,137.7641
1943-12-16,137.8375
1943-12-17,137.9110
1943-12-20,138.1313
1943-12-21,138.2048
1943-12-22,138.2782
1943-12-23,138.3517
1943-12-24,138.4251
1943-12-27,138.6455
1943-12-28,138.7189
1943-12-29,138.7924
1943-12-30,138.8658
1943-12-31,138.9393
1944-01-03,139.1596
1944-01-04,139.2331
1944-01-05,139.3066
1944-01-06,139.3800
1944-01-07,139.4535
1944-01-10,139.6738
1944-01-11,139.7473
1944-01-12,139.8207
1944-01-13,139.8942
1944-01-14,139.9676
1944-01-17,140.0819
1944-01-18,140.1023
1944-01-19,140.1227
1944-01-20,140.1431
1944-01-21,140.1635
1944-01-24,140.2247
1944-01-25,140.2451
1944-01-26,140.2655
1944-01-27,140.2859
1944-01-28,140.3063
1944-01-31,140.3675
1944-02-01,140.3879
1944-02-02,140.4083
1944-02-03,140.4287
1944-02-04,140.4491
1944-02-07,140.5104
1944-02-08,140.5308
1944-02-09,140.5512
1944-02-10,140.5716
1944-02-11,140.5920
1944-02-14,140.6532
1944-02-15,140.6736
1944-02-16,140.6867
1944-02-17,140.6998
1944-02-18,140.7128
1944-02-21,140.7521
1944-02-22,140.7652
1944-02-23,140.7783
1944-02-24,140.7914
1944-02-25,140.8044
1944-02-28,140.8437
1944-02-29,140.8568
1944-03-01,140.8699
1944-03-02,140.8830
1944-03-03,140.8960
1944-03-06,140.9353
1944-03-07,140.9484
1944-03-08,140.9615
1944-03-09,140.9746
1944-03-10,140.9877
1944-03-13,141.0269
1944-03-14,141.0400
1944-03-15,141.0531
1944-03-16,141.1306
1944-03-17,141.2081
1944-03-20,141.4407
1944-03-21,141.5183
1944-03-22,141.5958
1944-03-23,141.6733
1944-03-24,141.7509
1944-03-27,141.9835
1944-03-28,142.0610
1944-03-29,142.1385
1944-03-30,142.2161
1944-03-31,142.2936
1944-04-03,142.5262
1944-04-04,142.6037
1944-04-05,142.6813
1944-04-06,142.7588
1944-04-07,142.8363
1944-04-10,143.0689
1944-04-11,143.1465
1944-04-12,143.2240
1944-04-13,143.3015
1944-04-14,143.3791
1944-04-17,143.6421
1944-04-18,143.7349
1944-04-19,143.8277
1944-04-20,143.9204
1944-04-21,144.0132
1944-04-24,144.2915
1944-04-25,144.3843
1944-04-26,144.4770
1944-04-27,144.5698
1944-04-28,144.6626
1944-05-01,144.9409
1944-05-02,145.0336
1944-05-03,145.1264
1944-05-04,145.2192
1944-05-05,145.3119
1944-05-08,145.5903
1944-05-09,145.6830
1944-05-10,145.7758
1944-05-11,145.8686
1944-05-12,145.9613
1944-05-15,146.2396
1944-05-16,146.3376
1944-05-17,146.4355
1944-05-18,146.5334
1944-05-19,146.6314
1944-05-22,146.9252
1944-05-23,147.0231
1944-05-24,147.1210
1944-05-25,147.2190
1944-05-26,147.3169
1944-05-29,147.6107
1944-05-30,147.7087
1944-05-31,147.8066
1944-06-01,147.9045
1944-06-02,148.0025
1944-06-05,148.2963
1944-06-06,148.3942
1944-06-07,148.4922
1944-06-08,148.5901
1944-06-09,148.6880
1944-06-12,148.9818
1944-06-13,149.0798
1944-06-14,149.1777
1944-06-15,149.2756
1944-06-16,149.2925
1944-06-19,149.3431
1944-06-20,149.3600
1944-06-21,149.3768
1944-06-22,149.3937
1944-06-23,149.4106
1944-06-26,149.4612
1944-06-27,149.4780
1944-06-28,149.4949
1944-06-29,149.5118
1944-06-30,149.5286
1944-07-03,149.5792
1944-07-04,149.5961
1944-07-05,149.6130
1944-07-06,149.6298
1944-07-07,149.6467
1944-07-10,149.6973
1944-07-11,149.7142
1944-07-12,149.7310
1944-07-13,149.7479
1944-07-14,149.7648
1944-07-17,149.7898
1944-07-18,149.7939
1944-07-19,149.7980
1944-07-20,149.8021
1944-07-21,149.8061
1944-07-24,149.8184
1944-07-25,149.8225
1944-07-26,149.8265
1944-07-27,149.8306
1944-07-28,149.8347
1944-07-31,149.8469
1944-08-01,149.8510
1944-08-02,149.8551
1944-08-03,149.8592
1944-08-04,149.8633
1944-08-07,149.8755
1944-08-08,149.8796
1944-08-09,149.8837
1944-08-10,149.8877
1944-08-11,149.8918
1944-08-14,149.9041
1944-08-15,149.9081
1944-08-16,149.9081
1944-08-17,149.9081
1944-08-18,149.9081
1944-08-21,149.9081
1944-08-22,149.9081
1944-08-23,149.9081
1944-08-24,149.9081
1944-08-25,149.9081
1944-08-28,149.9081
1944-08-29,149.9081
1944-08-30,149.9081
1944-08-31,149.9081
1944-09-01,149.9081
1944-09-04,149.9081
1944-09-05,149.9081
1944-09-06,149.9081
1944-09-07,149.9081
1944-09-08,149.9081
1944-09-11,149.9081
1944-09-12,149.9081
1944-09-13,149.9081
1944-09-14,149.9081
1944-09-15,149.9081
1944-09-18,149.9587
1944-09-19,149.9756
1944-09-20,149.9925
1944-09-21,150.0093
1944-09-22,150.0262
1944-09-25,150.0768
1944-09-26,150.0937
1944-09-27,150.1106
1944-09-28,150.1274
1944-09-29,150.1443
1944-10-02,150.1949
1944-10-03,150.2118
1944-10-04,150.2286
1944-10-05,150.2455
1944-10-06,150.2624
1944-10-09,150.3130
1944-10-10,150.3298
1944-10-11,150.3467
1944-10-12,150.3636
1944-10-13,150.3804
1944-10-16,150.4958
1944-10-17,150.5774
1944-10-18,150.6590
1944-10-19,150.7406
1944-10-20,150.8222
1944-10-23,151.0671
1944-10-24,151.1487
1944-10-25,151.2303
1944-10-26,151.3119
1944-10-27,151.3935
1944-10-30,151.6384
1944-10-31,151.7200
1944-11-01,151.8016
1944-11-02,151.8832
1944-11-03,151.9648
1944-11-06,152.2096
1944-11-07,152.2913
1944-11-08,152.3729
1944-11-09,152.4545
1944-11-10,152.5361
1944-11-13,152.7809
1944-11-14,152.8626
1944-11-15,152.9442
1944-11-16,153.0412
1944-11-17,153.1381
1944-11-20,153.4291
1944-11-21,153.5261
1944-11-22,153.6231
1944-11-23,153.7200
1944-11-24,153.8170
1944-11-27,154.1080
1944-11-28,154.2050
1944-11-29,154.3019
1944-11-30,154.3989
1944-12-01,154.4959
1944-12-04,154.7869
1944-12-05,154.8839
1944-12-06,154.9808
1944-12-07,155.0778
1944-12-08,155.1748
1944-12-11,155.4658
1944-12-12,155.5627
1944-12-13,155.6597
1944-12-14,155.7567
1944-12-15,155.8537
1944-12-18,156.2210
1944-12-19,156.3434
1944-12-20,156.4658
1944-12-21,156.5882
1944-12-22,156.7106
1944-12-25,157.0779
1944-12-26,157.2003
1944-12-27,157.3227
1944-12-28,157.4452
1944-12-29,157.5676
1945-01-01,157.9348
1945-01-02,158.0573
1945-01-03,158.1797
1945-01-04,158.3021
1945-01-05,158.4245
1945-01-08,158.7918
1945-01-09,158.9142
1945-01-10,159.0366
1945-01-11,159.1590
1945-01-12,159.2815
1945-01-15,159.6487
1945-01-16,159.6814
1945-01-17,159.7140
1945-01-18,159.7467
1945-01-19,159.7793
1945-01-22,159.8772
1945-01-23,159.9099
1945-01-24,159.9425
1945-01-25,159.9752
1945-01-26,160.0078
1945-01-29,160.1058
1945-01-30,160.1384
1945-01-31,160.1710
1945-02-01,160.2037
1945-02-02,160.2363
1945-02-05,160.3343
1945-02-06,160.3669
1945-02-07,160.3996
1945-02-08,160.4322
1945-02-09,160.4649
1945-02-12,160.5628
1945-02-13,160.5954
1945-02-14,160.6281
1945-02-15,160.6607
1945-02-16,160.7466
1945-02-19,161.0041
1945-02-20,161.0899
1945-02-21,161.1758
1945-02-22,161.2616
1945-02-23,161.3474
1945-02-26,161.6050
1945-02-27,161.6908
1945-02-28,161.7766
1945-03-01,161.8625
1945-03-02,161.9483
1945-03-05,162.2058
1945-03-06,162.2917
1945-03-07,162.3775
1945-03-08,162.4634
1945-03-09,162.5492
1945-03-12,162.8067
1945-03-13,162.8926
1945-03-14,162.9784
1945-03-15,163.0642
1945-03-16,163.1418
1945-03-19,163.3744
1945-03-20,163.4519
1945-03-21,163.5294
1945-03-22,163.6070
1945-03-23,163.6845
1945-03-26,163.9171
1945-03-27,163.9946
1945-03-28,164.0722
1945-03-29,164.1497
1945-03-30,164.2272
1945-04-02,164.4598
1945-04-03,164.5374
1945-04-04,164.6149
1945-04-05,164.6924
1945-04-06,164.7700
1945-04-09,165.0026
1945-04-10,165.0801
1945-04-11,165.1576
1945-04-12,165.2352
1945-04-13,165.3127
1945-04-16,165.5943
1945-04-17,165.7208
1945-04-18,165.8473
1945-04-19,165.9738
1945-04-20,166.1003
1945-04-23,166.4798
1945-04-24,166.6063
1945-04-25,166.7328
1945-04-26,166.8593
1945-04-27,166.9858
1945-04-30,167.3653
1945-05-01,167.4918
1945-05-02,167.6183
1945-05-03,167.7448
1945-05-04,167.8713
1945-05-07,168.2508
1945-05-08,168.3773
1945-05-09,168.5038
1945-05-10,168.6303
1945-05-11,168.7568
1945-05-14,169.1363
1945-05-15,169.2628
1945-05-16,169.2506
1945-05-17,169.2383
1945-05-18,169.2261
1945-05-21,169.1893
1945-05-22,169.1771
1945-05-23,169.1649
1945-05-24,169.1526
1945-05-25,169.1404
1945-05-28,169.1036
1945-05-29,169.0914
1945-05-30,169.0792
1945-05-31,169.0669
1945-06-01,169.0547
1945-06-04,169.0180
1945-06-05,169.0057
1945-06-06,168.9935
1945-06-07,168.9812
1945-06-08,168.9690
1945-06-11,168.9323
1945-06-12,168.9200
1945-06-13,168.9078
1945-06-14,168.8955
1945-06-15,168.8833
1945-06-18,169.3260
1945-06-19,169.4736
1945-06-20,169.6212
1945-06-21,169.7688
1945-06-22,169.9164
1945-06-25,170.3591
1945-06-26,170.5067
1945-06-27,170.6543
1945-06-28,170.8019
1945-06-29,170.9495
1945-07-02,171.3922
1945-07-03,171.5398
1945-07-04,171.6874
1945-07-05,171.8350
1945-07-06,171.9826
1945-07-09,172.4253
1945-07-10,172.5729
1945-07-11,172.7205
1945-07-12,172.8681
1945-07-13,173.0157
1945-07-16,173.4332
1945-07-17,173.5557
1945-07-18,173.6781
1945-07-19,173.8005
1945-07-20,173.9229
1945-07-23,174.2902
1945-07-24,174.4126
1945-07-25,174.5350
1945-07-26,174.6574
1945-07-27,174.7799
1945-07-30,175.1471
1945-07-31,175.2695
1945-08-01,175.3920
1945-08-02,175.5144
1945-08-03,175.6368
1945-08-06,176.0041
1945-08-07,176.1265
1945-08-08,176.2489
1945-08-09,176.3713
1945-08-10,176.4937
1945-08-13,176.8610
1945-08-14,176.9834
1945-08-15,177.1059
1945-08-16,177.3140
1945-08-17,177.5221
1945-08-20,178.1464
1945-08-21,178.3545
1945-08-22,178.5627
1945-08-23,178.7708
1945-08-24,178.9789
1945-08-27,179.6032
1945-08-28,179.8113
1945-08-29,180.0195
1945-08-30,180.2276
1945-08-31,180.4357
1945-09-03,181.0600
1945-09-04,181.2681
1945-09-05,181.4763
1945-09-06,181.6844
1945-09-07,181.8925
1945-09-10,182.5168
1945-09-11,182.7249
1945-09-12,182.9331
1945-09-13,183.1412
1945-09-14,183.3493
1945-09-17,183.9453
1945-09-18,184.1393
1945-09-19,184.3333
1945-09-20,184.5272
1945-09-21,184.7212
1945-09-24,185.3031
1945-09-25,185.4971
1945-09-26,185.6910
1945-09-27,185.8850
1945-09-28,186.0790
1945-10-01,186.6609
1945-10-02,186.8549
1945-10-03,187.0488
1945-10-04,187.2428
1945-10-05,187.4368
1945-10-08,188.0187
1945-10-09,188.2126
1945-10-10,188.4066
1945-10-11,188.6006
1945-10-12,188.7945
1945-10-15,189.3764
1945-10-16,189.6090
1945-10-17,189.8416
1945-10-18,190.0742
1945-10-19,190.3068
1945-10-22,191.0046
1945-10-23,191.2372
1945-10-24,191.4698
1945-10-25,191.7024
1945-10-26,191.9350
1945-10-29,192.6328
1945-10-30,192.8654
1945-10-31,193.0980
1945-11-01,193.3306
1945-11-02,193.5632
1945-11-05,194.2610
1945-11-06,194.4936
1945-11-07,194.7262
1945-11-08,194.9588
1945-11-09,195.1914
1945-11-12,195.8892
1945-11-13,196.1218
1945-11-14,196.3544
1945-11-15,196.5870
1945-11-16,196.7346
1945-11-19,197.1773
1945-11-20,197.3249
1945-11-21,197.4725
1945-11-22,197.6201
1945-11-23,197.7677
1945-11-26,198.2104
1945-11-27,198.3580
1945-11-28,198.5056
1945-11-29,198.6532
1945-11-30,198.8008
1945-12-03,199.2435
1945-12-04,199.3911
1945-12-05,199.5387
1945-12-06,199.6863
1945-12-07,199.8339
1945-12-10,200.2766
1945-12-11,200.4242
1945-12-12,200.5718
1945-12-13,200.7194
1945-12-14,200.8669
1945-12-17,200.9819
1945-12-18,200.9656
1945-12-19,200.9492
1945-12-20,200.9329
1945-12-21,200.9166
1945-12-24,200.8676
1945-12-25,200.8513
1945-12-26,200.8350
1945-12-27,200.8187
1945-12-28,200.8023
1945-12-31,200.7534
1946-01-01,200.7370
1946-01-02,200.7207
1946-01-03,200.7044
1946-01-04,200.6881
1946-01-07,200.6391
1946-01-08,200.6228
1946-01-09,200.6065
1946-01-10,200.5901
1946-01-11,200.5738
1946-01-14,200.5248
1946-01-15,200.5085
1946-01-16,200.4840
1946-01-17,200.4596
1946-01-18,200.4351
1946-01-21,200.3616
1946-01-22,200.3371
1946-01-23,200.3127
1946-01-24,200.2882
1946-01-25,200.2637
1946-01-28,200.1902
1946-01-29,200.1657
1946-01-30,200.1413
1946-01-31,200.1168
1946-02-01,200.0923
1946-02-04,200.0188
1946-02-05,199.9944
1946-02-06,199.9699
1946-02-07,199.9454
1946-02-08,199.9209
1946-02-11,199.8475
1946-02-12,199.8230
1946-02-13,199.7985
1946-02-14,199.7740
1946-02-15,199.7495
1946-02-18,200.1290
1946-02-19,200.2555
1946-02-20,200.3820
1946-02-21,200.5085
1946-02-22,200.6350
1946-02-25,201.0145
1946-02-26,201.1410
1946-02-27,201.2675
1946-02-28,201.3940
1946-03-01,201.5205
1946-03-04,201.9000
1946-03-05,202.0265
1946-03-06,202.1530
1946-03-07,202.2795
1946-03-08,202.4060
1946-03-11,202.7855
1946-03-12,202.9120
1946-03-13,203.0385
1946-03-14,203.1650
1946-03-15,203.2915
1946-03-18,203.8547
1946-03-19,204.0424
1946-03-20,204.2301
1946-03-21,204.4178
1946-03-22,204.6055
1946-03-25,205.1687
1946-03-26,205.3564
1946-03-27,205.5441
1946-03-28,205.7318
1946-03-29,205.9195
1946-04-01,206.4826
1946-04-02,206.6703
1946-04-03,206.8581
1946-04-04,207.0458
1946-04-05,207.2335
1946-04-08,207.7966
1946-04-09,207.9843
1946-04-10,208.1720
1946-04-11,208.3597
1946-04-12,208.5475
1946-04-15,209.1106
1946-04-16,209.1823
1946-04-17,209.2540
1946-04-18,209.3256
1946-04-19,209.3973
1946-04-22,209.6124
1946-04-23,209.6841
1946-04-24,209.7557
1946-04-25,209.8274
1946-04-26,209.8991
1946-04-29,210.1142
1946-04-30,210.1858
1946-05-01,210.2575
1946-05-02,210.3292
1946-05-03,210.4009
1946-05-06,210.6159
1946-05-07,210.6876
1946-05-08,210.7593
1946-05-09,210.8310
1946-05-10,210.9027
1946-05-13,211.1177
1946-05-14,211.1894
1946-05-15,211.2611
1946-05-16,211.0367
1946-05-17,210.8122
1946-05-20,210.1389
1946-05-21,209.9145
1946-05-22,209.6900
1946-05-23,209.4656
1946-05-24,209.2412
1946-05-27,208.5679
1946-05-28,208.3434
1946-05-29,208.1190
1946-05-30,207.8945
1946-05-31,207.6701
1946-06-03,206.9968
1946-06-04,206.7724
1946-06-05,206.5479
1946-06-06,206.3235
1946-06-07,206.0990
1946-06-10,205.4257
1946-06-11,205.2013
1946-06-12,204.9769
1946-06-13,204.7524
1946-06-14,204.5280
1946-06-17,203.6373
1946-06-18,203.3042
1946-06-19,202.9711
1946-06-20,202.6380
1946-06-21,202.3048
1946-06-24,201.3055
1946-06-25,200.9724
1946-06-26,200.6392
1946-06-27,200.3061
1946-06-28,199.9730
1946-07-01,198.9736
1946-07-02,198.6405
1946-07-03,198.3074
1946-07-04,197.9743
1946-07-05,197.6412
1946-07-08,196.6418
1946-07-09,196.3087
1946-07-10,195.9756
1946-07-11,195.6425
1946-07-12,195.3093
1946-07-15,194.3100
1946-07-16,194.1304
1946-07-17,193.9509
1946-07-18,193.7713
1946-07-19,193.5918
1946-07-22,193.0531
1946-07-23,192.8736
1946-07-24,192.6940
1946-07-25,192.5145
1946-07-26,192.3349
1946-07-29,191.7963
1946-07-30,191.6167
1946-07-31,191.4372
1946-08-01,191.2576
1946-08-02,191.0781
1946-08-05,190.5394
1946-08-06,190.3599
1946-08-07,190.1803
1946-08-08,190.0008
1946-08-09,189.8212
1946-08-12,189.2826
1946-08-13,189.1030
1946-08-14,188.9235
1946-08-15,188.7439
1946-08-16,188.5358
1946-08-19,187.9115
1946-08-20,187.7034
1946-08-21,187.4953
1946-08-22,187.2871
1946-08-23,187.0790
1946-08-26,186.4547
1946-08-27,186.2466
1946-08-28,186.0384
1946-08-29,185.8303
1946-08-30,185.6222
1946-09-02,184.9979
1946-09-03,184.7898
1946-09-04,184.5816
1946-09-05,184.3735
1946-09-06,184.1654
1946-09-09,183.5411
1946-09-10,183.3330
1946-09-11,183.1248
1946-09-12,182.9167
1946-09-13,182.7086
1946-09-16,182.0436
1946-09-17,181.7948
1946-09-18,181.5460
1946-09-19,181.2972
1946-09-20,181.0485
1946-09-23,180.3021
1946-09-24,180.0533
1946-09-25,179.8045
1946-09-26,179.5558
1946-09-27,179.3070
1946-09-30,178.5606
1946-10-01,178.3118
1946-10-02,178.0630
1946-10-03,177.8143
1946-10-04,177.5655
1946-10-07,176.8191
1946-10-08,176.5703
1946-10-09,176.3215
1946-10-10,176.0728
1946-10-11,175.8240
1946-10-14,175.0776
1946-10-15,174.8288
1946-10-16,174.8819
1946-10-17,174.9349
1946-10-18,174.9880
1946-10-21,175.1471
1946-10-22,175.2002
1946-10-23,175.2532
1946-10-24,175.3063
1946-10-25,175.3593
1946-10-28,175.5185
1946-10-29,175.5715
1946-10-30,175.6246
1946-10-31,175.6776
1946-11-01,175.7307
1946-11-04,175.8898
1946-11-05,175.9429
1946-11-06,175.9959
1946-11-07,176.0490
1946-11-08,176.1020
1946-11-11,176.2612
1946-11-12,176.3142
1946-11-13,176.3672
1946-11-14,176.4203
1946-11-15,176.4733
1946-11-18,176.7137
1946-11-19,176.7938
1946-11-20,176.8739
1946-11-21,176.9540
1946-11-22,177.0342
1946-11-25,177.2745
1946-11-26,177.3546
1946-11-27,177.4348
1946-11-28,177.5149
1946-11-29,177.5950
1946-12-02,177.8353
1946-12-03,177.9155
1946-12-04,177.9956
1946-12-05,178.0757
1946-12-06,178.1558
1946-12-09,178.3962
1946-12-10,178.4763
1946-12-11,178.5564
1946-12-12,178.6365
1946-12-13,178.7166
1946-12-16,178.9748
1946-12-17,179.0727
1946-12-18,179.1707
1946-12-19,179.2686
1946-12-20,179.3665
1946-12-23,179.6604
1946-12-24,179.7583
1946-12-25,179.8562
1946-12-26,179.9542
1946-12-27,180.0521
1946-12-30,180.3459
1946-12-31,180.4438
1947-01-01,180.5418
1947-01-02,180.6397
1947-01-03,180.7377
1947-01-06,181.0315
1947-01-07,181.1294
1947-01-08,181.2273
1947-01-09,181.3253
1947-01-10,181.4232
1947-01-13,181.7170
1947-01-14,181.8150
1947-01-15,181.9129
1947-01-16,181.8394
1947-01-17,181.7660
1947-01-20,181.5456
1947-01-21,181.4722
1947-01-22,181.3987
1947-01-23,181.3253
1947-01-24,181.2518
1947-01-27,181.0315
1947-01-28,180.9580
1947-01-29,180.8846
1947-01-30,180.8111
1947-01-31,180.7377
1947-02-03,180.5173
1947-02-04,180.4438
1947-02-05,180.3704
1947-02-06,180.2969
1947-02-07,180.2235
1947-02-10,180.0031
1947-02-11,179.9297
1947-02-12,179.8562
1947-02-13,179.7828
1947-02-14,179.7093
1947-02-17,179.4642
1947-02-18,179.3783
1947-02-19,179.2925
1947-02-20,179.2067
1947-02-21,179.1208
1947-02-24,178.8633
1947-02-25,178.7775
1947-02-26,178.6916
1947-02-27,178.6058
1947-02-28,178.5200
1947-03-03,178.2624
1947-03-04,178.1766
1947-03-05,178.0908
1947-03-06,178.0049
1947-03-07,177.9191
1947-03-10,177.6616
1947-03-11,177.5757
1947-03-12,177.4899
1947-03-13,177.4040
1947-03-14,177.3182
1947-03-17,177.1181
1947-03-18,177.0610
1947-03-19,177.0038
1947-03-20,176.9467
1947-03-21,176.8896
1947-03-24,176.7182
1947-03-25,176.6611
1947-03-26,176.6039
1947-03-27,176.5468
1947-03-28,176.4897
1947-03-31,176.3183
1947-04-01,176.2612
1947-04-02,176.2040
1947-04-03,176.1469
1947-04-04,176.0898
1947-04-07,175.9184
1947-04-08,175.8612
1947-04-09,175.8041
1947-04-10,175.7470
1947-04-11,175.6899
1947-04-14,175.5185
1947-04-15,175.4613
1947-04-16,175.5330
1947-04-17,175.6047
1947-04-18,175.6764
1947-04-21,175.8914
1947-04-22,175.9631
1947-04-23,176.0348
1947-04-24,176.1065
1947-04-25,176.1782
1947-04-28,176.3932
1947-04-29,176.4649
1947-04-30,176.5366
1947-05-01,176.6083
1947-05-02,176.6800
1947-05-05,176.8950
1947-05-06,176.9667
1947-05-07,177.0384
1947-05-08,177.1101
1947-05-09,177.1818
1947-05-12,177.3968
1947-05-13,177.4685
1947-05-14,177.5402
1947-05-15,177.6119
1947-05-16,177.6975
1947-05-19,177.9546
1947-05-20,178.0403
1947-05-21,178.1260
1947-05-22,178.2117
1947-05-23,178.2974
1947-05-26,178.5545
1947-05-27,178.6402
1947-05-28,178.7259
1947-05-29,178.8116
1947-05-30,178.8973
1947-06-02,179.1543
1947-06-03,179.2400
1947-06-04,179.3257
1947-06-05,179.4114
1947-06-06,179.4971
1947-06-09,179.7542
1947-06-10,179.8399
1947-06-11,179.9256
1947-06-12,180.0113
1947-06-13,180.0970
1947-06-16,180.3696
1947-06-17,180.4708
1947-06-18,180.5720
1947-06-19,180.6732
1947-06-20,180.7744
1947-06-23,181.0780
1947-06-24,181.1792
1947-06-25,181.2804
1947-06-26,181.3816
1947-06-27,181.4828
1947-06-30,181.7864
1947-07-01,181.8876
1947-07-02,181.9888
1947-07-03,182.0900
1947-07-04,182.1912
1947-07-07,182.4948
1947-07-08,182.5960
1947-07-09,182.6972
1947-07-10,182.7984
1947-07-11,182.8996
1947-07-14,183.2032
1947-07-15,183.3044
1947-07-16,183.2799
1947-07-17,183.2554
1947-07-18,183.2309
1947-07-21,183.1575
1947-07-22,183.1330
1947-07-23,183.1085
1947-07-24,183.0840
1947-07-25,183.0596
1947-07-28,182.9861
1947-07-29,182.9616
1947-07-30,182.9371
1947-07-31,182.9127
1947-08-01,182.8882
1947-08-04,182.8147
1947-08-05,182.7902
1947-08-06,182.7657
1947-08-07,182.7413
1947-08-08,182.7168
1947-08-11,182.6433
1947-08-12,182.6188
1947-08-13,182.5944
1947-08-14,182.5699
1947-08-15,182.5454
1947-08-18,182.5209
1947-08-19,182.5127
1947-08-20,182.5046
1947-08-21,182.4964
1947-08-22,182.4883
1947-08-25,182.4638
1947-08-26,182.4556
1947-08-27,182.4475
1947-08-28,182.4393
1947-08-29,182.4311
1947-09-01,182.4066
1947-09-02,182.3985
1947-09-03,182.3903
1947-09-04,182.3822
1947-09-05,182.3740
1947-09-08,182.3495
1947-09-09,182.3414
1947-09-10,182.3332
1947-09-11,182.3250
1947-09-12,182.3169
1947-09-15,182.2924
1947-09-16,182.3261
1947-09-17,182.3599
1947-09-18,182.3936
1947-09-19,182.4273
1947-09-22,182.5285
1947-09-23,182.5623
1947-09-24,182.5960
1947-09-25,182.6297
1947-09-26,182.6635
1947-09-29,182.7647
1947-09-30,182.7984
1947-10-01,182.8321
1947-10-02,182.8659
1947-10-03,182.8996
1947-10-06,183.0008
1947-10-07,183.0345
1947-10-08,183.0683
1947-10-09,183.1020
1947-10-10,183.1357
1947-10-13,183.2369
1947-10-14,183.2707
1947-10-15,183.3044
1947-10-16,183.2881
1947-10-17,183.2718
1947-10-20,183.2228
1947-10-21,183.2065
1947-10-22,183.1901
1947-10-23,183.1738
1947-10-24,183.1575
1947-10-27,183.1085
1947-10-28,183.0922
1947-10-29,183.0759
1947-10-30,183.0596
1947-10-31,183.0432
1947-11-03,182.9943
1947-11-04,182.9779
1947-11-05,182.9616
1947-11-06,182.9453
1947-11-07,182.9290
1947-11-10,182.8800
1947-11-11,182.8637
1947-11-12,182.8474
1947-11-13,182.8310
1947-11-14,182.8147
1947-11-17,182.6129
1947-11-18,182.5201
1947-11-19,182.4273
1947-11-20,182.3346
1947-11-21,182.2418
1947-11-24,181.9635
1947-11-25,181.8707
1947-11-26,181.7780
1947-11-27,181.6852
1947-11-28,181.5924
1947-12-01,181.3141
1947-12-02,181.2213
1947-12-03,181.1286
1947-12-04,181.0358
1947-12-05,180.9430
1947-12-08,180.6647
1947-12-09,180.5720
1947-12-10,180.4792
1947-12-11,180.3864
1947-12-12,180.2937
1947-12-15,180.0154
1947-12-16,179.8848
1947-12-17,179.7542
1947-12-18,179.6236
1947-12-19,179.4930
1947-12-22,179.1013
1947-12-23,178.9707
1947-12-24,178.8401
1947-12-25,178.7096
1947-12-26,178.5790
1947-12-29,178.1872
1947-12-30,178.0566
1947-12-31,177.9261
1948-01-01,177.7955
1948-01-02,177.6649
1948-01-05,177.2732
1948-01-06,177.1426
1948-01-07,177.0120
1948-01-08,176.8814
1948-01-09,176.7508
1948-01-12,176.3591
1948-01-13,176.2285
1948-01-14,176.0979
1948-01-15,175.9673
1948-01-16,175.9469
1948-01-19,175.8857
1948-01-20,175.8653
1948-01-21,175.8449
1948-01-22,175.8245
1948-01-23,175.8041
1948-01-26,175.7429
1948-01-27,175.7225
1948-01-28,175.7021
1948-01-29,175.6817
1948-01-30,175.6613
1948-02-02,175.6001
1948-02-03,175.5797
1948-02-04,175.5593
1948-02-05,175.5389
1948-02-06,175.5185
1948-02-09,175.4573
1948-02-10,175.4369
1948-02-11,175.4165
1948-02-12,175.3960
1948-02-13,175.3756
1948-02-16,175.4962
1948-02-17,175.6576
1948-02-18,175.8190
1948-02-19,175.9804
1948-02-20,176.1418
1948-02-23,176.6260
1948-02-24,176.7874
1948-02-25,176.9488
1948-02-26,177.1102
1948-02-27,177.2716
1948-03-01,177.7558
1948-03-02,177.9172
1948-03-03,178.0786
1948-03-04,178.2400
1948-03-05,178.4014
1948-03-08,178.8856
1948-03-09,179.0470
1948-03-10,179.2084
1948-03-11,179.3698
1948-03-12,179.5312
1948-03-15,180.0154
1948-03-16,180.2235
1948-03-17,180.4316
1948-03-18,180.6397
1948-03-19,180.8478
1948-03-22,181.4722
1948-03-23,181.6803
1948-03-24,181.8884
1948-03-25,182.0965
1948-03-26,182.3046
1948-03-29,182.9290
1948-03-30,183.1371
1948-03-31,183.3452
1948-04-01,183.5533
1948-04-02,183.7614
1948-04-05,184.3858
1948-04-06,184.5939
1948-04-07,184.8020
1948-04-08,185.0101
1948-04-09,185.2182
1948-04-12,185.8426
1948-04-13,186.0507
1948-04-14,186.2588
1948-04-15,186.4669
1948-04-16,186.5681
1948-04-19,186.8717
1948-04-20,186.9729
1948-04-21,187.0741
1948-04-22,187.1753
1948-04-23,187.2765
1948-04-26,187.5801
1948-04-27,187.6813
1948-04-28,187.7825
1948-04-29,187.8837
1948-04-30,187.9849
1948-05-03,188.2885
1948-05-04,188.3897
1948-05-05,188.4909
1948-05-06,188.5921
1948-05-07,188.6933
1948-05-10,188.9969
1948-05-11,189.0981
1948-05-12,189.1993
1948-05-13,189.3005
1948-05-14,189.4017
1948-05-17,189.4458
1948-05-18,189.4172
1948-05-19,189.3887
1948-05-20,189.3601
1948-05-21,189.3316
1948-05-24,189.2459
1948-05-25,189.2173
1948-05-26,189.1887
1948-05-27,189.1602
1948-05-28,189.1316
1948-05-31,189.0459
1948-06-01,189.0173
1948-06-02,188.9888
1948-06-03,188.9602
1948-06-04,188.9316
1948-06-07,188.8460
1948-06-08,188.8174
1948-06-09,188.7888
1948-06-10,188.7603
1948-06-11,188.7317
1948-06-14,188.6460
1948-06-15,188.6174
1948-06-16,188.5584
1948-06-17,188.4994
1948-06-18,188.4403
1948-06-21,188.2632
1948-06-22,188.2042
1948-06-23,188.1452
1948-06-24,188.0861
1948-06-25,188.0271
1948-06-28,187.8500
1948-06-29,187.7910
1948-06-30,187.7319
1948-07-01,187.6729
1948-07-02,187.6139
1948-07-05,187.4368
1948-07-06,187.3777
1948-07-07,187.3187
1948-07-08,187.2597
1948-07-09,187.2006
1948-07-12,187.0235
1948-07-13,186.9645
1948-07-14,186.9055
1948-07-15,186.8464
1948-07-16,186.7648
1948-07-19,186.5200
1948-07-20,186.4384
1948-07-21,186.3567
1948-07-22,186.2751
1948-07-23,186.1935
1948-07-26,185.9487
1948-07-27,185.8671
1948-07-28,185.7854
1948-07-29,185.7038
1948-07-30,185.6222
1948-08-02,185.3774
1948-08-03,185.2958
1948-08-04,185.2142
1948-08-05,185.1325
1948-08-06,185.0509
1948-08-09,184.8061
1948-08-10,184.7245
1948-08-11,184.6429
1948-08-12,184.5612
1948-08-13,184.4796
1948-08-16,184.3368
1948-08-17,184.3572
1948-08-18,184.3776
1948-08-19,184.3980
1948-08-20,184.4184
1948-08-23,184.4796
1948-08-24,184.5000
1948-08-25,184.5204
1948-08-26,184.5408
1948-08-27,184.5612
1948-08-30,184.6225
1948-08-31,184.6429
1948-09-01,184.6633
1948-09-02,184.6837
1948-09-03,184.7041
1948-09-06,184.7653
1948-09-07,184.7857
1948-09-08,184.8061
1948-09-09,184.8265
1948-09-10,184.8469
1948-09-13,184.9081
1948-09-14,184.9285
1948-09-15,184.9489
1948-09-16,184.8857
1948-09-17,184.8224
1948-09-20,184.6327
1948-09-21,184.5694
1948-09-22,184.5062
1948-09-23,184.4429
1948-09-24,184.3797
1948-09-27,184.1899
1948-09-28,184.1267
1948-09-29,184.0634
1948-09-30,184.0002
1948-10-01,183.9369
1948-10-04,183.7471
1948-10-05,183.6839
1948-10-06,183.6206
1948-10-07,183.5574
1948-10-08,183.4941
1948-10-11,183.3044
1948-10-12,183.2411
1948-10-13,183.1779
1948-10-14,183.1146
1948-10-15,183.0514
1948-10-18,182.9045
1948-10-19,182.8555
1948-10-20,182.8066
1948-10-21,182.7576
1948-10-22,182.7086
1948-10-25,182.5617
1948-10-26,182.5127
1948-10-27,182.4638
1948-10-28,182.4148
1948-10-29,182.3658
1948-11-01,182.2189
1948-11-02,182.1700
1948-11-03,182.1210
1948-11-04,182.0720
1948-11-05,182.0231
1948-11-08,181.8762
1948-11-09,181.8272
1948-11-10,181.7782
1948-11-11,181.7293
1948-11-12,181.6803
1948-11-15,181.5334
1948-11-16,181.4575
1948-11-17,181.3816
1948-11-18,181.3057
1948-11-19,181.2298
1948-11-22,181.0021
1948-11-23,180.9262
1948-11-24,180.8503
1948-11-25,180.7744
1948-11-26,180.6985
1948-11-29,180.4708
1948-11-30,180.3949
1948-12-01,180.3190
1948-12-02,180.2431
1948-12-03,180.1672
1948-12-06,179.9395
1948-12-07,179.8636
1948-12-08,179.7877
1948-12-09,179.7118
1948-12-10,179.6359
1948-12-13,179.4082
1948-12-14,179.3323
1948-12-15,179.2564
1948-12-16,179.2564
1948-12-17,179.2564
1948-12-20,179.2564
1948-12-21,179.2564
1948-12-22,179.2564
1948-12-23,179.2564
1948-12-24,179.2564
1948-12-27,179.2564
1948-12-28,179.2564
1948-12-29,179.2564
1948-12-30,179.2564
1948-12-31,179.2564
1949-01-03,179.2564
1949-01-04,179.2564
1949-01-05,179.2564
1949-01-06,179.2564
1949-01-07,179.2564
1949-01-10,179.2564
1949-01-11,179.2564
1949-01-12,179.2564
1949-01-13,179.2564
1949-01-14,179.2564
1949-01-17,179.1911
1949-01-18,179.1584
1949-01-19,179.1258
1949-01-20,179.0931
1949-01-21,179.0605
1949-01-24,178.9626
1949-01-25,178.9299
1949-01-26,178.8973
1949-01-27,178.8646
1949-01-28,178.8320
1949-01-31,178.7340
1949-02-01,178.7014
1949-02-02,178.6687
1949-02-03,178.6361
1949-02-04,178.6035
1949-02-07,178.5055
1949-02-08,178.4729
1949-02-09,178.4402
1949-02-10,178.4076
1949-02-11,178.3749
1949-02-14,178.2770
1949-02-15,178.2444
1949-02-16,178.2263
1949-02-17,178.2082
1949-02-18,178.1901
1949-02-21,178.1359
1949-02-22,178.1179
1949-02-23,178.0998
1949-02-24,178.0817
1949-02-25,178.0636
1949-02-28,178.0094
1949-03-01,177.9914
1949-03-02,177.9733
1949-03-03,177.9552
1949-03-04,177.9371
1949-03-07,177.8829
1949-03-08,177.8649
1949-03-09,177.8468
1949-03-10,177.8287
1949-03-11,177.8106
1949-03-14,177.7564
1949-03-15,177.7384
1949-03-16,177.6323
1949-03-17,177.5262
1949-03-18,177.4201
1949-03-21,177.1018
1949-03-22,176.9957
1949-03-23,176.8896
1949-03-24,176.7835
1949-03-25,176.6774
1949-03-28,176.3591
1949-03-29,176.2530
1949-03-30,176.1469
1949-03-31,176.0408
1949-04-01,175.9347
1949-04-04,175.6164
1949-04-05,175.5103
1949-04-06,175.4042
1949-04-07,175.2981
1949-04-08,175.1920
1949-04-11,174.8737
1949-04-12,174.7676
1949-04-13,174.6615
1949-04-14,174.5554
1949-04-15,174.4493
1949-04-18,174.3228
1949-04-19,174.2807
1949-04-20,174.2385
1949-04-21,174.1963
1949-04-22,174.1542
1949-04-25,174.0277
1949-04-26,173.9855
1949-04-27,173.9433
1949-04-28,173.9012
1949-04-29,173.8590
1949-05-02,173.7325
1949-05-03,173.6903
1949-05-04,173.6482
1949-05-05,173.6060
1949-05-06,173.5638
1949-05-09,173.4373
1949-05-10,173.3952
1949-05-11,173.3530
1949-05-12,173.3108
1949-05-13,173.2687
1949-05-16,173.2292
1949-05-17,173.2741
1949-05-18,173.3190
1949-05-19,173.3639
1949-05-20,173.4088
1949-05-23,173.5434
1949-05-24,173.5883
1949-05-25,173.6332
1949-05-26,173.6781
1949-05-27,173.7230
1949-05-30,173.8576
1949-05-31,173.9025
1949-06-01,173.9474
1949-06-02,173.9923
1949-06-03,174.0372
1949-06-06,174.1718
1949-06-07,174.2167
1949-06-08,174.2616
1949-06-09,174.3065
1949-06-10,174.3514
1949-06-13,174.4861
1949-06-14,174.5309
1949-06-15,174.5758
1949-06-16,174.6559
1949-06-17,174.7361
1949-06-20,174.9764
1949-06-21,175.0565
1949-06-22,175.1367
1949-06-23,175.2168
1949-06-24,175.2969
1949-06-27,175.5372
1949-06-28,175.6174
1949-06-29,175.6975
1949-06-30,175.7776
1949-07-01,175.8577
1949-07-04,176.0981
1949-07-05,176.1782
1949-07-06,176.2583
1949-07-07,176.3384
1949-07-08,176.4185
1949-07-11,176.6589
1949-07-12,176.7390
1949-07-13,176.8191
1949-07-14,176.8992
1949-07-15,176.9793
1949-07-18,177.7139
1949-07-19,177.9587
1949-07-20,178.2036
1949-07-21,178.4484
1949-07-22,178.6932
1949-07-25,179.4278
1949-07-26,179.6726
1949-07-27,179.9174
1949-07-28,180.1623
1949-07-29,180.4071
1949-08-01,181.1416
1949-08-02,181.3865
1949-08-03,181.6313
1949-08-04,181.8762
1949-08-05,182.1210
1949-08-08,182.8555
1949-08-09,183.1004
1949-08-10,183.3452
1949-08-11,183.5900
1949-08-12,183.8349
1949-08-15,184.5694
1949-08-16,184.6796
1949-08-17,184.7898
1949-08-18,184.8999
1949-08-19,185.0101
1949-08-22,185.3407
1949-08-23,185.4508
1949-08-24,185.5610
1949-08-25,185.6712
1949-08-26,185.7814
1949-08-29,186.1119
1949-08-30,186.2221
1949-08-31,186.3323
1949-09-01,186.4424
1949-09-02,186.5526
1949-09-05,186.8831
1949-09-06,186.9933
1949-09-07,187.1035
1949-09-08,187.2137
1949-09-09,187.3239
1949-09-12,187.6544
1949-09-13,187.7646
1949-09-14,187.8748
1949-09-15,187.9849
1949-09-16,188.1367
1949-09-19,188.5921
1949-09-20,188.7439
1949-09-21,188.8957
1949-09-22,189.0475
1949-09-23,189.1993
1949-09-26,189.6547
1949-09-27,189.8065
1949-09-28,189.9583
1949-09-29,190.1101
1949-09-30,190.2619
1949-10-03,190.7174
1949-10-04,190.8692
1949-10-05,191.0210
1949-10-06,191.1728
1949-10-07,191.3246
1949-10-10,191.7800
1949-10-11,191.9318
1949-10-12,192.0836
1949-10-13,192.2354
1949-10-14,192.3872
1949-10-17,192.9307
1949-10-18,193.1266
1949-10-19,193.3225
1949-10-20,193.5183
1949-10-21,193.7142
1949-10-24,194.3018
1949-10-25,194.4977
1949-10-26,194.6936
1949-10-27,194.8894
1949-10-28,195.0853
1949-10-31,195.6729
1949-11-01,195.8688
1949-11-02,196.0647
1949-11-03,196.2605
1949-11-04,196.4564
1949-11-07,197.0440
1949-11-08,197.2399
1949-11-09,197.4358
1949-11-10,197.6316
1949-11-11,197.8275
1949-11-14,198.4151
1949-11-15,198.6110
1949-11-16,198.6911
1949-11-17,198.7712
1949-11-18,198.8514
1949-11-21,199.0917
1949-11-22,199.1718
1949-11-23,199.2519
1949-11-24,199.3321
1949-11-25,199.4122
1949-11-28,199.6525
1949-11-29,199.7327
1949-11-30,199.8128
1949-12-01,199.8929
1949-12-02,199.9730
1949-12-05,200.2134
1949-12-06,200.2935
1949-12-07,200.3736
1949-12-08,200.4537
1949-12-09,200.5338
1949-12-12,200.7742
1949-12-13,200.8543
1949-12-14,200.9344
1949-12-15,201.0145
1949-12-16,201.1451
1949-12-19,201.5369
1949-12-20,201.6674
1949-12-21,201.7980
1949-12-22,201.9286
1949-12-23,202.0592
1949-12-26,202.4509
1949-12-27,202.5815
1949-12-28,202.7121
1949-12-29,202.8427
1949-12-30,202.9733
1950-01-02,203.3650
1950-01-03,203.4956
1950-01-04,203.6262
1950-01-05,203.7567
1950-01-06,203.8873
1950-01-09,204.2791
1950-01-10,204.4096
1950-01-11,204.5402
1950-01-12,204.6708
1950-01-13,204.8014
1950-01-16,205.1809
1950-01-17,205.2992
1950-01-18,205.4176
1950-01-19,205.5359
1950-01-20,205.6543
1950-01-23,206.0093
1950-01-24,206.1276
1950-01-25,206.2460
1950-01-26,206.3643
1950-01-27,206.4826
1950-01-30,206.8377
1950-01-31,206.9560
1950-02-01,207.0743
1950-02-02,207.1927
1950-02-03,207.3110
1950-02-06,207.6660
1950-02-07,207.7844
1950-02-08,207.9027
1950-02-09,208.0210
1950-02-10,208.1394
1950-02-13,208.4944
1950-02-14,208.6127
1950-02-15,208.7311
1950-02-16,208.9615
1950-02-17,209.1919
1950-02-20,209.8831
1950-02-21,210.1136
1950-02-22,210.3440
1950-02-23,210.5744
1950-02-24,210.8048
1950-02-27,211.4960
1950-02-28,211.7264
1950-03-01,211.9569
1950-03-02,212.1873
1950-03-03,212.4177
1950-03-06,213.1089
1950-03-07,213.3393
1950-03-08,213.5697
1950-03-09,213.8002
1950-03-10,214.0306
1950-03-13,214.7218
1950-03-14,214.9522
1950-03-15,215.1826
1950-03-16,215.2928
1950-03-17,215.4030
1950-03-20,215.7335
1950-03-21,215.8437
1950-03-22,215.9539
1950-03-23,216.0641
1950-03-24,216.1742
1950-03-27,216.5048
1950-03-28,216.6150
1950-03-29,216.7251
1950-03-30,216.8353
1950-03-31,216.9455
1950-04-03,217.2760
1950-04-04,217.3862
1950-04-05,217.4964
1950-04-06,217.6066
1950-04-07,217.7167
1950-04-10,218.0473
1950-04-11,218.1574
1950-04-12,218.2676
1950-04-13,218.3778
1950-04-14,218.4880
1950-04-17,218.6235
1950-04-18,218.6361
1950-04-19,218.6488
1950-04-20,218.6614
1950-04-21,218.6741
1950-04-24,218.7120
1950-04-25,218.7247
1950-04-26,218.7373
1950-04-27,218.7500
1950-04-28,218.7626
1950-05-01,218.8006
1950-05-02,218.8132
1950-05-03,218.8259
1950-05-04,218.8385
1950-05-05,218.8512
1950-05-08,218.8891
1950-05-09,218.9018
1950-05-10,218.9144
1950-05-11,218.9271
1950-05-12,218.9397
1950-05-15,218.9777
1950-05-16,218.9369
1950-05-17,218.8960
1950-05-18,218.8552
1950-05-19,218.8144
1950-05-22,218.6920
1950-05-23,218.6512
1950-05-24,218.6104
1950-05-25,218.5696
1950-05-26,218.5288
1950-05-29,218.4064
1950-05-30,218.3656
1950-05-31,218.3248
1950-06-01,218.2839
1950-06-02,218.2431
1950-06-05,218.1207
1950-06-06,218.0799
1950-06-07,218.0391
1950-06-08,217.9983
1950-06-09,217.9575
1950-06-12,217.8351
1950-06-13,217.7943
1950-06-14,217.7535
1950-06-15,217.7127
1950-06-16,217.7422
1950-06-19,217.8307
1950-06-20,217.8602
1950-06-21,217.8898
1950-06-22,217.9193
1950-06-23,217.9488
1950-06-26,218.0373
1950-06-27,218.0669
1950-06-28,218.0964
1950-06-29,218.1259
1950-06-30,218.1554
1950-07-03,218.2440
1950-07-04,218.2735
1950-07-05,218.3030
1950-07-06,218.3325
1950-07-07,218.3620
1950-07-10,218.4506
1950-07-11,218.4801
1950-07-12,218.5096
1950-07-13,218.5391
1950-07-14,218.5686
1950-07-17,218.8104
1950-07-18,218.9165
1950-07-19,219.0225
1950-07-20,219.1286
1950-07-21,219.2347
1950-07-24,219.5530
1950-07-25,219.6591
1950-07-26,219.7652
1950-07-27,219.8713
1950-07-28,219.9774
1950-07-31,220.2957
1950-08-01,220.4018
1950-08-02,220.5079
1950-08-03,220.6140
1950-08-04,220.7201
1950-08-07,221.0384
1950-08-08,221.1445
1950-08-09,221.2506
1950-08-10,221.3567
1950-08-11,221.4628
1950-08-14,221.7811
1950-08-15,221.8872
1950-08-16,221.9974
1950-08-17,222.1075
1950-08-18,222.2177
1950-08-21,222.5483
1950-08-22,222.6584
1950-08-23,222.7686
1950-08-24,222.8788
1950-08-25,222.9890
1950-08-28,223.3195
1950-08-29,223.4297
1950-08-30,223.5399
1950-08-31,223.6500
1950-09-01,223.7602
1950-09-04,224.0907
1950-09-05,224.2009
1950-09-06,224.3111
1950-09-07,224.4213
1950-09-08,224.5315
1950-09-11,224.8620
1950-09-12,224.9722
1950-09-13,225.0824
1950-09-14,225.1925
1950-09-15,225.3027
1950-09-18,225.7708
1950-09-19,225.9268
1950-09-20,226.0828
1950-09-21,226.2388
1950-09-22,226.3948
1950-09-25,226.8629
1950-09-26,227.0189
1950-09-27,227.1749
1950-09-28,227.3309
1950-09-29,227.4870
1950-10-02,227.9550
1950-10-03,228.1110
1950-10-04,228.2670
1950-10-05,228.4231
1950-10-06,228.5791
1950-10-09,229.0471
1950-10-10,229.2032
1950-10-11,229.3592
1950-10-12,229.5152
1950-10-13,229.6712
1950-10-16,230.2362
1950-10-17,230.4892
1950-10-18,230.7422
1950-10-19,230.9953
1950-10-20,231.2483
1950-10-23,232.0073
1950-10-24,232.2603
1950-10-25,232.5133
1950-10-26,232.7663
1950-10-27,233.0193
1950-10-30,233.7783
1950-10-31,234.0313
1950-11-01,234.2843
1950-11-02,234.5373
1950-11-03,234.7903
1950-11-06,235.5493
1950-11-07,235.8023
1950-11-08,236.0553
1950-11-09,236.3083
1950-11-10,236.5613
1950-11-13,237.3203
1950-11-14,237.5733
1950-11-15,237.8263
1950-11-16,237.9697
1950-11-17,238.1130
1950-11-20,238.5431
1950-11-21,238.6865
1950-11-22,238.8299
1950-11-23,238.9732
1950-11-24,239.1166
1950-11-27,239.5467
1950-11-28,239.6901
1950-11-29,239.8334
1950-11-30,239.9768
1950-12-01,240.1202
1950-12-04,240.5503
1950-12-05,240.6937
1950-12-06,240.8370
1950-12-07,240.9804
1950-12-08,241.1238
1950-12-11,241.5539
1950-12-12,241.6972
1950-12-13,241.8406
1950-12-14,241.9840
1950-12-15,242.1273
1950-12-18,242.5925
1950-12-19,242.7476
1950-12-20,242.9027
1950-12-21,243.0577
1950-12-22,243.2128
1950-12-25,243.6780
1950-12-26,243.8331
1950-12-27,243.9881
1950-12-28,244.1432
1950-12-29,244.2983
1951-01-01,244.7634
1951-01-02,244.9185
1951-01-03,245.0736
1951-01-04,245.2286
1951-01-05,245.3837
1951-01-08,245.8489
1951-01-09,246.0040
1951-01-10,246.1590
1951-01-11,246.3141
1951-01-12,246.4692
1951-01-15,246.9344
1951-01-16,247.1670
1951-01-17,247.3996
1951-01-18,247.6322
1951-01-19,247.8648
1951-01-22,248.5626
1951-01-23,248.7952
1951-01-24,249.0278
1951-01-25,249.2604
1951-01-26,249.4930
1951-01-29,250.1907
1951-01-30,250.4233
1951-01-31,250.6559
1951-02-01,250.8885
1951-02-02,251.1211
1951-02-05,251.8189
1951-02-06,252.0515
1951-02-07,252.2841
1951-02-08,252.5167
1951-02-09,252.7493
1951-02-12,253.4471
1951-02-13,253.6797
1951-02-14,253.9123
1951-02-15,254.1449
1951-02-16,254.2037
1951-02-19,254.3799
1951-02-20,254.4386
1951-02-21,254.4973
1951-02-22,254.5561
1951-02-23,254.6148
1951-02-26,254.7910
1951-02-27,254.8497
1951-02-28,254.9084
1951-03-01,254.9672
1951-03-02,255.0259
1951-03-05,255.2021
1951-03-06,255.2608
1951-03-07,255.3196
1951-03-08,255.3783
1951-03-09,255.4370
1951-03-12,255.6132
1951-03-13,255.6720
1951-03-14,255.7307
1951-03-15,255.7894
1951-03-16,255.7690
1951-03-19,255.7078
1951-03-20,255.6874
1951-03-21,255.6670
1951-03-22,255.6466
1951-03-23,255.6262
1951-03-26,255.5650
1951-03-27,255.5446
1951-03-28,255.5242
1951-03-29,255.5038
1951-03-30,255.4834
1951-04-02,255.4222
1951-04-03,255.4018
1951-04-04,255.3814
1951-04-05,255.3610
1951-04-06,255.3406
1951-04-09,255.2793
1951-04-10,255.2589
1951-04-11,255.2385
1951-04-12,255.2181
1951-04-13,255.1977
1951-04-16,255.0642
1951-04-17,254.9714
1951-04-18,254.8786
1951-04-19,254.7859
1951-04-20,254.6931
1951-04-23,254.4148
1951-04-24,254.3220
1951-04-25,254.2293
1951-04-26,254.1365
1951-04-27,254.0437
1951-04-30,253.7654
1951-05-01,253.6727
1951-05-02,253.5799
1951-05-03,253.4871
1951-05-04,253.3943
1951-05-07,253.1160
1951-05-08,253.0233
1951-05-09,252.9305
1951-05-10,252.8377
1951-05-11,252.7450
1951-05-14,252.4667
1951-05-15,252.3739
1951-05-16,252.5127
1951-05-17,252.6514
1951-05-18,252.7901
1951-05-21,253.2064
1951-05-22,253.3451
1951-05-23,253.4839
1951-05-24,253.6226
1951-05-25,253.7613
1951-05-28,254.1776
1951-05-29,254.3163
1951-05-30,254.4551
1951-05-31,254.5938
1951-06-01,254.7325
1951-06-04,255.1488
1951-06-05,255.2875
1951-06-06,255.4263
1951-06-07,255.5650
1951-06-08,255.7037
1951-06-11,256.1200
1951-06-12,256.2587
1951-06-13,256.3975
1951-06-14,256.5362
1951-06-15,256.6749
1951-06-18,257.0671
1951-06-19,257.1978
1951-06-20,257.3285
1951-06-21,257.4592
1951-06-22,257.5900
1951-06-25,257.9821
1951-06-26,258.1128
1951-06-27,258.2436
1951-06-28,258.3743
1951-06-29,258.5050
1951-07-02,258.8971
1951-07-03,259.0279
1951-07-04,259.1586
1951-07-05,259.2893
1951-07-06,259.4200
1951-07-09,259.8122
1951-07-10,259.9429
1951-07-11,260.0736
1951-07-12,260.2043
1951-07-13,260.3350
1951-07-16,260.8127
1951-07-17,261.0290
1951-07-18,261.2453
1951-07-19,261.4616
1951-07-20,261.6778
1951-07-23,262.3267
1951-07-24,262.5430
1951-07-25,262.7592
1951-07-26,262.9755
1951-07-27,263.1918
1951-07-30,263.8406
1951-07-31,264.0569
1951-08-01,264.2732
1951-08-02,264.4894
1951-08-03,264.7057
1951-08-06,265.3545
1951-08-07,265.5708
1951-08-08,265.7871
1951-08-09,266.0034
1951-08-10,266.2196
1951-08-13,266.8685
1951-08-14,267.0847
1951-08-15,267.3010
1951-08-16,267.3622
1951-08-17,267.4234
1951-08-20,267.6071
1951-08-21,267.6683
1951-08-22,267.7295
1951-08-23,267.7907
1951-08-24,267.8519
1951-08-27,268.0355
1951-08-28,268.0968
1951-08-29,268.1580
1951-08-30,268.2192
1951-08-31,268.2804
1951-09-03,268.4640
1951-09-04,268.5252
1951-09-05,268.5864
1951-09-06,268.6476
1951-09-07,268.7089
1951-09-10,268.8925
1951-09-11,268.9537
1951-09-12,269.0149
1951-09-13,269.0761
1951-09-14,269.1373
1951-09-17,269.0636
1951-09-18,268.9961
1951-09-19,268.9287
1951-09-20,268.8612
1951-09-21,268.7937
1951-09-24,268.5913
1951-09-25,268.5239
1951-09-26,268.4564
1951-09-27,268.3889
1951-09-28,268.3215
1951-10-01,268.1191
1951-10-02,268.0516
1951-10-03,267.9841
1951-10-04,267.9167
1951-10-05,267.8492
1951-10-08,267.6468
1951-10-09,267.5793
1951-10-10,267.5119
1951-10-11,267.4444
1951-10-12,267.3769
1951-10-15,267.1745
1951-10-16,267.1868
1951-10-17,267.1990
1951-10-18,267.2112
1951-10-19,267.2235
1951-10-22,267.2602
1951-10-23,267.2725
1951-10-24,267.2847
1951-10-25,267.2969
1951-10-26,267.3092
1951-10-29,267.3459
1951-10-30,267.3581
1951-10-31,267.3704
1951-11-01,267.3826
1951-11-02,267.3949
1951-11-05,267.4316
1951-11-06,267.4438
1951-11-07,267.4561
1951-11-08,267.4683
1951-11-09,267.4806
1951-11-12,267.5173
1951-11-13,267.5295
1951-11-14,267.5418
1951-11-15,267.5540
1951-11-16,267.5962
1951-11-19,267.7227
1951-11-20,267.7649
1951-11-21,267.8070
1951-11-22,267.8492
1951-11-23,267.8914
1951-11-26,268.0179
1951-11-27,268.0600
1951-11-28,268.1022
1951-11-29,268.1444
1951-11-30,268.1865
1951-12-03,268.3130
1951-12-04,268.3552
1951-12-05,268.3974
1951-12-06,268.4395
1951-12-07,268.4817
1951-12-10,268.6082
1951-12-11,268.6504
1951-12-12,268.6925
1951-12-13,268.7347
1951-12-14,268.7769
1951-12-17,268.7619
1951-12-18,268.7333
1951-12-19,268.7048
1951-12-20,268.6762
1951-12-21,268.6476
1951-12-24,268.5619
1951-12-25,268.5334
1951-12-26,268.5048
1951-12-27,268.4763
1951-12-28,268.4477
1951-12-31,268.3620
1952-01-01,268.3334
1952-01-02,268.3049
1952-01-03,268.2763
1952-01-04,268.2477
1952-01-07,268.1620
1952-01-08,268.1335
1952-01-09,268.1049
1952-01-10,268.0763
1952-01-11,268.0478
1952-01-14,267.9621
1952-01-15,267.9335
1952-01-16,267.8968
1952-01-17,267.8601
1952-01-18,267.8233
1952-01-21,267.7132
1952-01-22,267.6764
1952-01-23,267.6397
1952-01-24,267.6030
1952-01-25,267.5663
1952-01-28,267.4561
1952-01-29,267.4194
1952-01-30,267.3826
1952-01-31,267.3459
1952-02-01,267.3092
1952-02-04,267.1990
1952-02-05,267.1623
1952-02-06,267.1256
1952-02-07,267.0888
1952-02-08,267.0521
1952-02-11,266.9419
1952-02-12,266.9052
1952-02-13,266.8685
1952-02-14,266.8317
1952-02-15,266.7950
1952-02-18,266.6903
1952-02-19,266.6554
1952-02-20,266.6205
1952-02-21,266.5856
1952-02-22,266.5507
1952-02-25,266.4460
1952-02-26,266.4112
1952-02-27,266.3763
1952-02-28,266.3414
1952-02-29,266.3065
1952-03-03,266.2018
1952-03-04,266.1669
1952-03-05,266.1320
1952-03-06,266.0971
1952-03-07,266.0622
1952-03-10,265.9575
1952-03-11,265.9226
1952-03-12,265.8877
1952-03-13,265.8528
1952-03-14,265.8179
1952-03-17,265.7912
1952-03-18,265.7953
1952-03-19,265.7993
1952-03-20,265.8034
1952-03-21,265.8075
1952-03-24,265.8197
1952-03-25,265.8238
1952-03-26,265.8279
1952-03-27,265.8320
1952-03-28,265.8361
1952-03-31,265.8483
1952-04-01,265.8524
1952-04-02,265.8565
1952-04-03,265.8605
1952-04-04,265.8646
1952-04-07,265.8769
1952-04-08,265.8809
1952-04-09,265.8850
1952-04-10,265.8891
1952-04-11,265.8932
1952-04-14,265.9054
1952-04-15,265.9095
1952-04-16,266.0866
1952-04-17,266.2637
1952-04-18,266.4408
1952-04-21,266.9721
1952-04-22,267.1492
1952-04-23,267.3263
1952-04-24,267.5034
1952-04-25,267.6805
1952-04-28,268.2118
1952-04-29,268.3889
1952-04-30,268.5660
1952-05-01,268.7431
1952-05-02,268.9202
1952-05-05,269.4515
1952-05-06,269.6286
1952-05-07,269.8057
1952-05-08,269.9828
1952-05-09,270.1599
1952-05-12,270.6912
1952-05-13,270.8683
1952-05-14,271.0454
1952-05-15,271.2225
1952-05-16,271.3490
1952-05-19,271.7286
1952-05-20,271.8551
1952-05-21,271.9816
1952-05-22,272.1081
1952-05-23,272.2346
1952-05-26,272.6141
1952-05-27,272.7406
1952-05-28,272.8671
1952-05-29,272.9936
1952-05-30,273.1201
1952-06-02,273.4996
1952-06-03,273.6261
1952-06-04,273.7526
1952-06-05,273.8791
1952-06-06,274.0056
1952-06-09,274.3851
1952-06-10,274.5116
1952-06-11,274.6381
1952-06-12,274.7646
1952-06-13,274.8911
1952-06-16,275.2579
1952-06-17,275.3718
1952-06-18,275.4856
1952-06-19,275.5995
1952-06-20,275.7133
1952-06-23,276.0549
1952-06-24,276.1687
1952-06-25,276.2826
1952-06-26,276.3964
1952-06-27,276.5103
1952-06-30,276.8518
1952-07-01,276.9657
1952-07-02,277.0795
1952-07-03,277.1934
1952-07-04,277.3072
1952-07-07,277.6488
1952-07-08,277.7626
1952-07-09,277.8765
1952-07-10,277.9903
1952-07-11,278.1042
1952-07-14,278.4458
1952-07-15,278.5596
1952-07-16,278.4943
1952-07-17,278.4290
1952-07-18,278.3637
1952-07-21,278.1679
1952-07-22,278.1026
1952-07-23,278.0373
1952-07-24,277.9720
1952-07-25,277.9067
1952-07-28,277.7108
1952-07-29,277.6455
1952-07-30,277.5802
1952-07-31,277.5150
1952-08-01,277.4497
1952-08-04,277.2538
1952-08-05,277.1885
1952-08-06,277.1232
1952-08-07,277.0579
1952-08-08,276.9926
1952-08-11,276.7968
1952-08-12,276.7315
1952-08-13,276.6662
1952-08-14,276.6009
1952-08-15,276.5356
1952-08-18,276.5601
1952-08-19,276.5682
1952-08-20,276.5764
1952-08-21,276.5846
1952-08-22,276.5927
1952-08-25,276.6172
1952-08-26,276.6254
1952-08-27,276.6335
1952-08-28,276.6417
1952-08-29,276.6498
1952-09-01,276.6743
1952-09-02,276.6825
1952-09-03,276.6907
1952-09-04,276.6988
1952-09-05,276.7070
1952-09-08,276.7315
1952-09-09,276.7396
1952-09-10,276.7478
1952-09-11,276.7559
1952-09-12,276.7641
1952-09-15,276.7886
1952-09-16,276.9193
1952-09-17,277.0500
1952-09-18,277.1807
1952-09-19,277.3115
1952-09-22,277.7036
1952-09-23,277.8343
1952-09-24,277.9650
1952-09-25,278.0958
1952-09-26,278.2265
1952-09-29,278.6186
1952-09-30,278.7494
1952-10-01,278.8801
1952-10-02,279.0108
1952-10-03,279.1415
1952-10-06,279.5337
1952-10-07,279.6644
1952-10-08,279.7951
1952-10-09,279.9258
1952-10-10,280.0565
1952-10-13,280.4487
1952-10-14,280.5794
1952-10-15,280.7101
1952-10-16,280.8203
1952-10-17,280.9305
1952-10-20,281.2610
1952-10-21,281.3712
1952-10-22,281.4814
1952-10-23,281.5915
1952-10-24,281.7017
1952-10-27,282.0323
1952-10-28,282.1424
1952-10-29,282.2526
1952-10-30,282.3628
1952-10-31,282.4730
1952-11-03,282.8035
1952-11-04,282.9137
1952-11-05,283.0239
1952-11-06,283.1340
1952-11-07,283.2442
1952-11-10,283.5748
1952-11-11,283.6849
1952-11-12,283.7951
1952-11-13,283.9053
1952-11-14,284.0155
1952-11-17,284.5136
1952-11-18,284.7075
1952-11-19,284.9015
1952-11-20,285.0955
1952-11-21,285.2895
1952-11-24,285.8714
1952-11-25,286.0653
1952-11-26,286.2593
1952-11-27,286.4533
1952-11-28,286.6472
1952-12-01,287.2291
1952-12-02,287.4231
1952-12-03,287.6171
1952-12-04,287.8110
1952-12-05,288.0050
1952-12-08,288.5869
1952-12-09,288.7809
1952-12-10,288.9748
1952-12-11,289.1688
1952-12-12,289.3628
1952-12-15,289.9447
1952-12-16,289.8916
1952-12-17,289.8386
1952-12-18,289.7855
1952-12-19,289.7325
1952-12-22,289.5733
1952-12-23,289.5203
1952-12-24,289.4672
1952-12-25,289.4142
1952-12-26,289.3612
1952-12-29,289.2020
1952-12-30,289.1490
1952-12-31,289.0959
1953-01-01,289.0429
1953-01-02,288.9898
1953-01-05,288.8307
1953-01-06,288.7776
1953-01-07,288.7246
1953-01-08,288.6715
1953-01-09,288.6185
1953-01-12,288.4593
1953-01-13,288.4063
1953-01-14,288.3532
1953-01-15,288.3002
1953-01-16,288.1818
1953-01-19,287.8268
1953-01-20,287.7085
1953-01-21,287.5901
1953-01-22,287.4718
1953-01-23,287.3535
1953-01-26,286.9984
1953-01-27,286.8801
1953-01-28,286.7618
1953-01-29,286.6434
1953-01-30,286.5251
1953-02-02,286.1701
1953-02-03,286.0517
1953-02-04,285.9334
1953-02-05,285.8150
1953-02-06,285.6967
1953-02-09,285.3417
1953-02-10,285.2233
1953-02-11,285.1050
1953-02-12,284.9867
1953-02-13,284.8683
1953-02-16,284.4916
1953-02-17,284.3515
1953-02-18,284.2115
1953-02-19,284.0714
1953-02-20,283.9314
1953-02-23,283.5112
1953-02-24,283.3712
1953-02-25,283.2311
1953-02-26,283.0910
1953-02-27,282.9510
1953-03-02,282.5308
1953-03-03,282.3908
1953-03-04,282.2507
1953-03-05,282.1107
1953-03-06,281.9706
1953-03-09,281.5504
1953-03-10,281.4104
1953-03-11,281.2703
1953-03-12,281.1303
1953-03-13,280.9902
1953-03-16,280.5918
1953-03-17,280.4734
1953-03-18,280.3551
1953-03-19,280.2368
1953-03-20,280.1184
1953-03-23,279.7634
1953-03-24,279.6451
1953-03-25,279.5267
1953-03-26,279.4084
1953-03-27,279.2900
1953-03-30,278.9350
1953-03-31,278.8167
1953-04-01,278.6983
1953-04-02,278.5800
1953-04-03,278.4617
1953-04-06,278.1066
1953-04-07,277.9883
1953-04-08,277.8700
1953-04-09,277.7516
1953-04-10,277.6333
1953-04-13,277.2783
1953-04-14,277.1599
1953-04-15,277.0416
1953-04-16,276.9067
1953-04-17,276.7717
1953-04-20,276.3669
1953-04-21,276.2320
1953-04-22,276.0971
1953-04-23,275.9621
1953-04-24,275.8272
1953-04-27,275.4224
1953-04-28,275.2874
1953-04-29,275.1525
1953-04-30,275.0176
1953-05-01,274.8826
1953-05-04,274.4778
1953-05-05,274.3429
1953-05-06,274.2080
1953-05-07,274.0730
1953-05-08,273.9381
1953-05-11,273.5333
1953-05-12,273.3984
1953-05-13,273.2634
1953-05-14,273.1285
1953-05-15,272.9936
1953-05-18,272.9568
1953-05-19,272.9446
1953-05-20,272.9324
1953-05-21,272.9201
1953-05-22,272.9079
1953-05-25,272.8711
1953-05-26,272.8589
1953-05-27,272.8467
1953-05-28,272.8344
1953-05-29,272.8222
1953-06-01,272.7854
1953-06-02,272.7732
1953-06-03,272.7610
1953-06-04,272.7487
1953-06-05,272.7365
1953-06-08,272.6998
1953-06-09,272.6875
1953-06-10,272.6753
1953-06-11,272.6630
1953-06-12,272.6508
1953-06-15,272.6141
1953-06-16,272.5508
1953-06-17,272.4876
1953-06-18,272.4243
1953-06-19,272.3611
1953-06-22,272.1713
1953-06-23,272.1081
1953-06-24,272.0448
1953-06-25,271.9816
1953-06-26,271.9183
1953-06-29,271.7286
1953-06-30,271.6653
1953-07-01,271.6021
1953-07-02,271.5388
1953-07-03,271.4756
1953-07-06,271.2858
1953-07-07,271.2225
1953-07-08,271.1593
1953-07-09,271.0960
1953-07-10,271.0328
1953-07-13,270.8430
1953-07-14,270.7798
1953-07-15,270.7165
1953-07-16,270.6880
1953-07-17,270.6594
1953-07-20,270.5737
1953-07-21,270.5452
1953-07-22,270.5166
1953-07-23,270.4880
1953-07-24,270.4595
1953-07-27,270.3738
1953-07-28,270.3452
1953-07-29,270.3166
1953-07-30,270.2881
1953-07-31,270.2595
1953-08-03,270.1738
1953-08-04,270.1453
1953-08-05,270.1167
1953-08-06,270.0881
1953-08-07,270.0596
1953-08-10,269.9739
1953-08-11,269.9453
1953-08-12,269.9167
1953-08-13,269.8882
1953-08-14,269.8596
1953-08-17,270.0351
1953-08-18,270.1371
1953-08-19,270.2391
1953-08-20,270.3411
1953-08-21,270.4431
1953-08-24,270.7492
1953-08-25,270.8512
1953-08-26,270.9532
1953-08-27,271.0552
1953-08-28,271.1573
1953-08-31,271.4633
1953-09-01,271.5653
1953-09-02,271.6673
1953-09-03,271.7694
1953-09-04,271.8714
1953-09-07,272.1774
1953-09-08,272.2794
1953-09-09,272.3815
1953-09-10,272.4835
1953-09-11,272.5855
1953-09-14,272.8915
1953-09-15,272.9936
1953-09-16,273.1116
1953-09-17,273.2297
1953-09-18,273.3478
1953-09-21,273.7020
1953-09-22,273.8200
1953-09-23,273.9381
1953-09-24,274.0562
1953-09-25,274.1742
1953-09-28,274.5284
1953-09-29,274.6465
1953-09-30,274.7646
1953-10-01,274.8826
1953-10-02,275.0007
1953-10-05,275.3549
1953-10-06,275.4730
1953-10-07,275.5910
1953-10-08,275.7091
1953-10-09,275.8272
1953-10-12,276.1814
1953-10-13,276.2995
1953-10-14,276.4175
1953-10-15,276.5356
1953-10-16,276.7763
1953-10-19,277.4986
1953-10-20,277.7394
1953-10-21,277.9801
1953-10-22,278.2209
1953-10-23,278.4617
1953-10-26,279.1839
1953-10-27,279.4247
1953-10-28,279.6655
1953-10-29,279.9062
1953-10-30,280.1470
1953-11-02,280.8693
1953-11-03,281.1100
1953-11-04,281.3508
1953-11-05,281.5915
1953-11-06,281.8323
1953-11-09,282.5546
1953-11-10,282.7953
1953-11-11,283.0361
1953-11-12,283.2769
1953-11-13,283.5176
1953-11-16,284.1720
1953-11-17,284.3449
1953-11-18,284.5178
1953-11-19,284.6907
1953-11-20,284.8636
1953-11-23,285.3822
1953-11-24,285.5551
1953-11-25,285.7280
1953-11-26,285.9009
1953-11-27,286.0738
1953-11-30,286.5924
1953-12-01,286.7653
1953-12-02,286.9382
1953-12-03,287.1111
1953-12-04,287.2840
1953-12-07,287.8026
1953-12-08,287.9755
1953-12-09,288.1484
1953-12-10,288.3213
1953-12-11,288.4941
1953-12-14,289.0128
1953-12-15,289.1857
1953-12-16,289.3612
1953-12-17,289.5366
1953-12-18,289.7121
1953-12-21,290.2385
1953-12-22,290.4140
1953-12-23,290.5894
1953-12-24,290.7649
1953-12-25,290.9404
1953-12-28,291.4668
1953-12-29,291.6422
1953-12-30,291.8177
1953-12-31,291.9932
1954-01-01,292.1687
1954-01-04,292.6951
1954-01-05,292.8705
1954-01-06,293.0460
1954-01-07,293.2215
1954-01-08,293.3969
1954-01-11,293.9233
1954-01-12,294.0988
1954-01-13,294.2743
1954-01-14,294.4498
1954-01-15,294.6252
1954-01-18,295.6780
1954-01-19,296.0290
1954-01-20,296.3799
1954-01-21,296.7309
1954-01-22,297.0818
1954-01-25,298.1346
1954-01-26,298.4855
1954-01-27,298.8365
1954-01-28,299.1874
1954-01-29,299.5384
1954-02-01,300.5912
1954-02-02,300.9421
1954-02-03,301.2930
1954-02-04,301.6440
1954-02-05,301.9949
1954-02-08,303.0477
1954-02-09,303.3987
1954-02-10,303.7496
1954-02-11,304.1006
1954-02-12,304.4515
1954-02-15,305.5043
1954-02-16,305.7302
1954-02-17,305.9561
1954-02-18,306.1820
1954-02-19,306.4079
1954-02-22,307.0856
1954-02-23,307.3115
1954-02-24,307.5374
1954-02-25,307.7632
1954-02-26,307.9891
1954-03-01,308.6668
1954-03-02,308.8927
1954-03-03,309.1186
1954-03-04,309.3445
1954-03-05,309.5704
1954-03-08,310.2481
1954-03-09,310.4740
1954-03-10,310.6999
1954-03-11,310.9258
1954-03-12,311.1517
1954-03-15,311.8293
1954-03-16,312.1599
1954-03-17,312.4904
1954-03-18,312.8210
1954-03-19,313.1515
1954-03-22,314.1431
1954-03-23,314.4736
1954-03-24,314.8042
1954-03-25,315.1347
1954-03-26,315.4652
1954-03-29,316.4568
1954-03-30,316.7874
1954-03-31,317.1179
1954-04-01,317.4484
1954-04-02,317.7790
1954-04-05,318.7706
1954-04-06,319.1011
1954-04-07,319.4316
1954-04-08,319.7622
1954-04-09,320.0927
1954-04-12,321.0843
1954-04-13,321.4149
1954-04-14,321.7454
1954-04-15,322.0759
1954-04-16,322.4723
1954-04-19,323.6614
1954-04-20,324.0578
1954-04-21,324.4541
1954-04-22,324.8505
1954-04-23,325.2469
1954-04-26,326.4360
1954-04-27,326.8324
1954-04-28,327.2287
1954-04-29,327.6251
1954-04-30,328.0215
1954-05-03,329.2106
1954-05-04,329.6069
1954-05-05,330.0033
1954-05-06,330.3997
1954-05-07,330.7961
1954-05-10,331.9852
1954-05-11,332.3815
1954-05-12,332.7779
1954-05-13,333.1743
1954-05-14,333.5706
1954-05-17,334.3751
1954-05-18,334.5791
1954-05-19,334.7831
1954-05-20,334.9872
1954-05-21,335.1912
1954-05-24,335.8033
1954-05-25,336.0074
1954-05-26,336.2114
1954-05-27,336.4154
1954-05-28,336.6195
1954-05-31,337.2316
1954-06-01,337.4356
1954-06-02,337.6396
1954-06-03,337.8437
1954-06-04,338.0477
1954-06-07,338.6598
1954-06-08,338.8638
1954-06-09,339.0679
1954-06-10,339.2719
1954-06-11,339.4759
1954-06-14,340.0880
1954-06-15,340.2921
1954-06-16,340.4649
1954-06-17,340.6378
1954-06-18,340.8107
1954-06-21,341.3294
1954-06-22,341.5023
1954-06-23,341.6751
1954-06-24,341.8480
1954-06-25,342.0209
1954-06-28,342.5396
1954-06-29,342.7124
1954-06-30,342.8853
1954-07-01,343.0582
1954-07-02,343.2311
1954-07-05,343.7498
1954-07-06,343.9226
1954-07-07,344.0955
1954-07-08,344.2684
1954-07-09,344.4413
1954-07-12,344.9599
1954-07-13,345.1328
1954-07-14,345.3057
1954-07-15,345.4786
1954-07-16,345.6133
1954-07-19,346.0172
1954-07-20,346.1519
1954-07-21,346.2866
1954-07-22,346.4212
1954-07-23,346.5559
1954-07-26,346.9599
1954-07-27,347.0945
1954-07-28,347.2292
1954-07-29,347.3639
1954-07-30,347.4985
1954-08-02,347.9025
1954-08-03,348.0372
1954-08-04,348.1718
1954-08-05,348.3065
1954-08-06,348.4412
1954-08-09,348.8452
1954-08-10,348.9798
1954-08-11,349.1145
1954-08-12,349.2491
1954-08-13,349.3838
1954-08-16,350.0367
1954-08-17,350.4203
1954-08-18,350.8039
1954-08-19,351.1875
1954-08-20,351.5710
1954-08-23,352.7218
1954-08-24,353.1054
1954-08-25,353.4890
1954-08-26,353.8725
1954-08-27,354.2561
1954-08-30,355.4069
1954-08-31,355.7905
1954-09-01,356.1740
1954-09-02,356.5576
1954-09-03,356.9412
1954-09-06,358.0920
1954-09-07,358.4756
1954-09-08,358.8591
1954-09-09,359.2427
1954-09-10,359.6263
1954-09-13,360.7771
1954-09-14,361.1606
1954-09-15,361.5442
1954-09-16,362.0418
1954-09-17,362.5394
1954-09-20,364.0321
1954-09-21,364.5296
1954-09-22,365.0272
1954-09-23,365.5248
1954-09-24,366.0224
1954-09-27,367.5151
1954-09-28,368.0126
1954-09-29,368.5102
1954-09-30,369.0078
1954-10-01,369.5053
1954-10-04,370.9981
1954-10-05,371.4956
1954-10-06,371.9932
1954-10-07,372.4908
1954-10-08,372.9883
1954-10-11,374.4810
1954-10-12,374.9786
1954-10-13,375.4762
1954-10-14,375.9738
1954-10-15,376.4713
1954-10-18,377.3405
1954-10-19,377.6302
1954-10-20,377.9200
1954-10-21,378.2097
1954-10-22,378.4994
1954-10-25,379.3686
1954-10-26,379.6583
1954-10-27,379.9481
1954-10-28,380.2378
1954-10-29,380.5275
1954-11-01,381.3967
1954-11-02,381.6864
1954-11-03,381.9762
1954-11-04,382.2659
1954-11-05,382.5556
1954-11-08,383.4248
1954-11-09,383.7145
1954-11-10,384.0043
1954-11-11,384.2940
1954-11-12,384.5837
1954-11-15,385.4529
1954-11-16,385.9673
1954-11-17,386.4818
1954-11-18,386.9962
1954-11-19,387.5106
1954-11-22,389.0540
1954-11-23,389.5684
1954-11-24,390.0828
1954-11-25,390.5973
1954-11-26,391.1117
1954-11-29,392.6550
1954-11-30,393.1695
1954-12-01,393.6839
1954-12-02,394.1983
1954-12-03,394.7128
1954-12-06,396.2561
1954-12-07,396.7705
1954-12-08,397.2850
1954-12-09,397.7994
1954-12-10,398.3138
1954-12-13,399.8571
1954-12-14,400.3716
1954-12-15,400.8860
1954-12-16,401.1717
1954-12-17,401.4573
1954-12-20,402.3142
1954-12-21,402.5999
1954-12-22,402.8855
1954-12-23,403.1712
1954-12-24,403.4568
1954-12-27,404.3138
1954-12-28,404.5994
1954-12-29,404.8851
1954-12-30,405.1707
1954-12-31,405.4564
1955-01-03,406.3133
1955-01-04,406.5990
1955-01-05,406.8846
1955-01-06,407.1703
1955-01-07,407.4559
1955-01-10,408.3128
1955-01-11,408.5985
1955-01-12,408.8841
1955-01-13,409.1698
1955-01-14,409.4554
1955-01-17,410.1165
1955-01-18,410.3042
1955-01-19,410.4919
1955-01-20,410.6796
1955-01-21,410.8673
1955-01-24,411.4305
1955-01-25,411.6182
1955-01-26,411.8059
1955-01-27,411.9936
1955-01-28,412.1813
1955-01-31,412.7445
1955-02-01,412.9322
1955-02-02,413.1199
1955-02-03,413.3076
1955-02-04,413.4953
1955-02-07,414.0584
1955-02-08,414.2461
1955-02-09,414.4339
1955-02-10,414.6216
1955-02-11,414.8093
1955-02-14,415.3724
1955-02-15,415.5601
1955-02-16,415.7047
1955-02-17,415.8493
1955-02-18,415.9938
1955-02-21,416.4276
1955-02-22,416.5721
1955-02-23,416.7167
1955-02-24,416.8613
1955-02-25,417.0058
1955-02-28,417.4396
1955-03-01,417.5841
1955-03-02,417.7287
1955-03-03,417.8733
1955-03-04,418.0179
1955-03-07,418.4516
1955-03-08,418.5961
1955-03-09,418.7407
1955-03-10,418.8853
1955-03-11,419.0299
1955-03-14,419.4636
1955-03-15,419.6081
1955-03-16,419.9877
1955-03-17,420.3672
1955-03-18,420.7467
1955-03-21,421.8852
1955-03-22,422.2647
1955-03-23,422.6442
1955-03-24,423.0237
1955-03-25,423.4032
1955-03-28,424.5417
1955-03-29,424.9212
1955-03-30,425.3007
1955-03-31,425.6802
1955-04-01,426.0597
1955-04-04,427.1982
1955-04-05,427.5777
1955-04-06,427.9572
1955-04-07,428.3367
1955-04-08,428.7162
1955-04-11,429.8547
1955-04-12,430.2342
1955-04-13,430.6137
1955-04-14,430.9932
1955-04-15,431.3727
1955-04-18,432.5745
1955-04-19,432.9751
1955-04-20,433.3757
1955-04-21,433.7763
1955-04-22,434.1768
1955-04-25,435.3786
1955-04-26,435.7792
1955-04-27,436.1798
1955-04-28,436.5804
1955-04-29,436.9809
1955-05-02,438.1827
1955-05-03,438.5833
1955-05-04,438.9839
1955-05-05,439.3845
1955-05-06,439.7850
1955-05-09,440.9868
1955-05-10,441.3874
1955-05-11,441.7880
1955-05-12,442.1886
1955-05-13,442.5892
1955-05-16,443.5454
1955-05-17,443.7005
1955-05-18,443.8555
1955-05-19,444.0106
1955-05-20,444.1657
1955-05-23,444.6309
1955-05-24,444.7859
1955-05-25,444.9410
1955-05-26,445.0960
1955-05-27,445.2511
1955-05-30,445.7163
1955-05-31,445.8714
1955-06-01,446.0264
1955-06-02,446.1815
1955-06-03,446.3366
1955-06-06,446.8018
1955-06-07,446.9568
1955-06-08,447.1119
1955-06-09,447.2670
1955-06-10,447.4220
1955-06-13,447.8872
1955-06-14,448.0423
1955-06-15,448.1974
1955-06-16,448.6781
1955-06-17,449.1588
1955-06-20,450.6009
1955-06-21,451.0816
1955-06-22,451.5623
1955-06-23,452.0430
1955-06-24,452.5237
1955-06-27,453.9658
1955-06-28,454.4465
1955-06-29,454.9272
1955-06-30,455.4079
1955-07-01,455.8886
1955-07-04,457.3307
1955-07-05,457.8114
1955-07-06,458.2921
1955-07-07,458.7728
1955-07-08,459.2535
1955-07-11,460.6957
1955-07-12,461.1764
1955-07-13,461.6571
1955-07-14,462.1378
1955-07-15,462.6185
1955-07-18,462.7776
1955-07-19,462.8307
1955-07-20,462.8837
1955-07-21,462.9368
1955-07-22,462.9898
1955-07-25,463.1490
1955-07-26,463.2020
1955-07-27,463.2551
1955-07-28,463.3081
1955-07-29,463.3612
1955-08-01,463.5203
1955-08-02,463.5733
1955-08-03,463.6264
1955-08-04,463.6794
1955-08-05,463.7325
1955-08-08,463.8916
1955-08-09,463.9447
1955-08-10,463.9977
1955-08-11,464.0508
1955-08-12,464.1038
1955-08-15,464.2630
1955-08-16,464.3079
1955-08-17,464.3528
1955-08-18,464.3976
1955-08-19,464.4425
1955-08-22,464.5772
1955-08-23,464.6221
1955-08-24,464.6670
1955-08-25,464.7119
1955-08-26,464.7567
1955-08-29,464.8914
1955-08-30,464.9363
1955-08-31,464.9812
1955-09-01,465.0261
1955-09-02,465.0710
1955-09-05,465.2056
1955-09-06,465.2505
1955-09-07,465.2954
1955-09-08,465.3403
1955-09-09,465.3852
1955-09-12,465.5198
1955-09-13,465.5647
1955-09-14,465.6096
1955-09-15,465.6545
1955-09-16,465.8105
1955-09-19,466.2786
1955-09-20,466.4346
1955-09-21,466.5906
1955-09-22,466.7466
1955-09-23,466.9026
1955-09-26,467.3707
1955-09-27,467.5267
1955-09-28,467.6827
1955-09-29,467.8387
1955-09-30,467.9948
1955-10-03,468.4628
1955-10-04,468.6188
1955-10-05,468.7748
1955-10-06,468.9309
1955-10-07,469.0869
1955-10-10,469.5549
1955-10-11,469.7110
1955-10-12,469.8670
1955-10-13,470.0230
1955-10-14,470.1790
1955-10-17,470.7023
1955-10-18,470.8859
1955-10-19,471.0695
1955-10-20,471.2532
1955-10-21,471.4368
1955-10-24,471.9877
1955-10-25,472.1713
1955-10-26,472.3550
1955-10-27,472.5386
1955-10-28,472.7222
1955-10-31,473.2731
1955-11-01,473.4567
1955-11-02,473.6404
1955-11-03,473.8240
1955-11-04,474.0076
1955-11-07,474.5585
1955-11-08,474.7422
1955-11-09,474.9258
1955-11-10,475.1094
1955-11-11,475.2930
1955-11-14,475.8439
1955-11-15,476.0276
1955-11-16,476.3818
1955-11-17,476.7360
1955-11-18,477.0902
1955-11-21,478.1528
1955-11-22,478.5070
1955-11-23,478.8612
1955-11-24,479.2154
1955-11-25,479.5696
1955-11-28,480.6322
1955-11-29,480.9864
1955-11-30,481.3406
1955-12-01,481.6948
1955-12-02,482.0490
1955-12-05,483.1116
1955-12-06,483.4658
1955-12-07,483.8200
1955-12-08,484.1742
1955-12-09,484.5284
1955-12-12,485.5910
1955-12-13,485.9452
1955-12-14,486.2994
1955-12-15,486.6536
1955-12-16,486.6536
1955-12-19,486.6536
1955-12-20,486.6536
1955-12-21,486.6536
1955-12-22,486.6536
1955-12-23,486.6536
1955-12-26,486.6536
1955-12-27,486.6536
1955-12-28,486.6536
1955-12-29,486.6536
1955-12-30,486.6536
