date,close,bh_equity,flagship_equity,flagship_position,bh_drawdown,flagship_drawdown
1999-03-10,51.0600,1.000000,1.000000,0,0.000000,0.000000
1999-03-11,51.3100,1.004394,1.000156,0,0.000000,0.000000
1999-03-12,50.0600,0.979925,1.000311,0,-0.024362,0.000000
1999-03-15,51.5000,1.008113,1.000467,0,0.000000,0.000000
1999-03-16,51.9400,1.016726,1.000623,0,0.000000,0.000000
1999-03-17,51.5600,1.009288,1.000778,0,-0.007316,0.000000
1999-03-18,52.5600,1.028863,1.000934,0,0.000000,0.000000
1999-03-19,51.2200,1.002632,1.001090,0,-0.025495,0.000000
1999-03-22,50.5900,0.990300,1.001246,0,-0.037481,0.000000
1999-03-23,48.8100,0.955456,1.001402,0,-0.071347,0.000000
1999-03-24,50.4700,0.987951,1.001558,0,-0.039764,0.000000
1999-03-25,52.3100,1.023969,1.001713,0,-0.004756,0.000000
1999-03-26,51.7500,1.013007,1.001869,0,-0.015411,0.000000
1999-03-29,53.6300,1.049808,1.002025,0,0.000000,0.000000
1999-03-30,53.2500,1.042369,1.002181,0,-0.007086,0.000000
1999-03-31,52.4700,1.027101,1.002337,0,-0.021630,0.000000
1999-04-01,53.5600,1.048438,1.002493,0,-0.001305,0.000000
1999-04-05,55.5000,1.086413,1.002649,0,0.000000,0.000000
1999-04-06,55.6100,1.088566,1.002805,0,0.000000,0.000000
1999-04-07,55.0300,1.077213,1.002961,0,-0.010430,0.000000
1999-04-08,55.4700,1.085826,1.003118,0,-0.002518,0.000000
1999-04-09,55.8100,1.092481,1.003274,0,0.000000,0.000000
1999-04-12,55.4400,1.085239,1.003430,0,-0.006630,0.000000
1999-04-13,54.6900,1.070557,1.003586,0,-0.020068,0.000000
1999-04-14,52.8100,1.033756,1.003742,0,-0.053754,0.000000
1999-04-15,53.5300,1.047850,1.003899,0,-0.040853,0.000000
1999-04-16,51.9700,1.017313,1.004055,0,-0.068805,0.000000
1999-04-19,49.5300,0.969550,1.004211,0,-0.112525,0.000000
1999-04-20,50.6600,0.991670,1.004367,0,-0.092277,0.000000
1999-04-21,53.1600,1.040608,1.004524,0,-0.047483,0.000000
1999-04-22,54.5900,1.068600,1.004680,0,-0.021860,0.000000
1999-04-23,55.3100,1.082694,1.004836,0,-0.008959,0.000000
1999-04-26,56.5900,1.107750,1.004993,0,0.000000,0.000000
1999-04-27,55.7200,1.090720,1.005149,0,-0.015374,0.000000
1999-04-28,53.8100,1.053331,1.005306,0,-0.049125,0.000000
1999-04-29,53.3800,1.044914,1.005462,0,-0.056724,0.000000
1999-04-30,53.7200,1.051570,1.005619,0,-0.050716,0.000000
1999-05-03,53.4400,1.046089,1.005775,0,-0.055664,0.000000
1999-05-04,52.5900,1.029450,1.005932,0,-0.070684,0.000000
1999-05-05,54.1900,1.060770,1.006088,0,-0.042410,0.000000
1999-05-06,52.2200,1.022207,1.006245,0,-0.077222,0.000000
1999-05-07,52.9700,1.036888,1.006402,0,-0.063969,0.000000
1999-05-10,53.5000,1.047263,1.006558,0,-0.054603,0.000000
1999-05-11,54.3400,1.063706,1.006715,0,-0.039760,0.000000
1999-05-12,55.4700,1.085826,1.006872,0,-0.019791,0.000000
1999-05-13,54.4400,1.065664,1.007028,0,-0.037993,0.000000
1999-05-14,53.4100,1.045501,1.007185,0,-0.056194,0.000000
1999-05-17,54.3700,1.064293,1.007342,0,-0.039230,0.000000
1999-05-18,54.1300,1.059595,1.007499,0,-0.043471,0.000000
1999-05-19,54.8800,1.074277,1.007655,0,-0.030217,0.000000
1999-05-20,53.3700,1.044718,1.007812,0,-0.056901,0.000000
1999-05-21,52.8800,1.035127,1.007969,0,-0.065559,0.000000
1999-05-24,51.5300,1.008700,1.008126,0,-0.089415,0.000000
1999-05-25,49.8400,0.975618,1.008283,0,-0.119279,0.000000
1999-05-26,51.2300,1.002828,1.008440,0,-0.094716,0.000000
1999-05-27,51.1900,1.002045,1.008597,0,-0.095423,0.000000
1999-05-28,52.0300,1.018488,1.008754,0,-0.080580,0.000000
1999-06-01,50.8800,0.995976,1.008911,0,-0.100901,0.000000
1999-06-02,51.7300,1.012615,1.009068,0,-0.085881,0.000000
1999-06-03,51.0000,0.998325,1.009225,0,-0.098781,0.000000
1999-06-04,52.5600,1.028863,1.009382,0,-0.071214,0.000000
1999-06-07,53.6600,1.050395,1.009539,0,-0.051776,0.000000
1999-06-08,52.3100,1.023969,1.009696,0,-0.075632,0.000000
1999-06-09,53.1900,1.041195,1.009853,0,-0.060081,0.000000
1999-06-10,52.5800,1.029254,1.010011,0,-0.070861,0.000000
1999-06-11,51.7800,1.013594,1.010168,0,-0.084997,0.000000
1999-06-14,50.8000,0.994410,1.010325,0,-0.102315,0.000000
1999-06-15,51.5600,1.009288,1.010482,0,-0.088885,0.000000
1999-06-16,54.2100,1.061161,1.010640,0,-0.042057,0.000000
1999-06-17,54.8100,1.072906,1.010797,0,-0.031454,0.000000
1999-06-18,55.0600,1.077800,1.010954,0,-0.027037,0.000000
1999-06-21,56.7100,1.110099,1.011112,0,0.000000,0.000000
1999-06-22,55.0000,1.076626,1.011269,0,-0.030153,0.000000
1999-06-23,55.8700,1.093656,1.011426,0,-0.014812,0.000000
1999-06-24,54.7600,1.071928,1.011584,0,-0.034385,0.000000
1999-06-25,54.6900,1.070557,1.011741,0,-0.035620,0.000000
1999-06-28,55.9800,1.095809,1.011899,0,-0.012873,0.000000
1999-06-29,56.7500,1.110882,1.012056,0,0.000000,0.000000
1999-06-30,57.6300,1.128108,1.012214,0,0.000000,0.000000
1999-07-01,58.0200,1.135742,1.012371,0,0.000000,0.000000
1999-07-02,58.7500,1.150032,1.012529,0,0.000000,0.000000
1999-07-06,58.3800,1.142789,1.012686,0,-0.006298,0.000000
1999-07-07,58.4700,1.144551,1.012844,0,-0.004766,0.000000
1999-07-08,59.2500,1.159819,1.013002,0,0.000000,0.000000
1999-07-09,59.8400,1.171369,1.013159,0,0.000000,0.000000
1999-07-12,59.5300,1.165300,1.013317,0,-0.005180,0.000000
1999-07-13,59.2500,1.159819,1.013475,0,-0.009860,0.000000
1999-07-14,60.2600,1.179590,1.013633,0,0.000000,0.000000
1999-07-15,60.8100,1.190356,1.013790,0,0.000000,0.000000
1999-07-16,61.3800,1.201514,1.013948,0,0.000000,0.000000
1999-07-19,60.7500,1.189182,1.014106,0,-0.010264,0.000000
1999-07-20,58.4100,1.143376,1.014264,0,-0.048387,0.000000
1999-07-21,58.6900,1.148857,1.014422,0,-0.043825,0.000000
1999-07-22,57.2000,1.119691,1.014580,0,-0.068100,0.000000
1999-07-23,57.2800,1.121257,1.014737,0,-0.066797,0.000000
1999-07-26,55.8800,1.093852,1.014895,0,-0.089606,0.000000
1999-07-27,57.0000,1.115776,1.015053,0,-0.071359,0.000000
1999-07-28,58.1200,1.137700,1.015211,0,-0.053112,0.000000
1999-07-29,56.8800,1.113427,1.015369,0,-0.073314,0.000000
1999-07-30,56.5900,1.107750,1.015527,0,-0.078038,0.000000
1999-08-02,56.4400,1.104814,1.015686,0,-0.080482,0.000000
1999-08-03,56.0700,1.097571,1.015844,0,-0.086510,0.000000
1999-08-04,55.0500,1.077604,1.016002,0,-0.103128,0.000000
1999-08-05,55.9300,1.094830,1.016160,0,-0.088791,0.000000
1999-08-06,55.3300,1.083085,1.016318,0,-0.098566,0.000000
1999-08-09,54.6200,1.069187,1.016476,0,-0.110134,0.000000
1999-08-10,54.1300,1.059595,1.016634,0,-0.118117,0.000000
1999-08-11,55.9100,1.094439,1.016793,0,-0.089117,0.000000
1999-08-12,55.2500,1.081519,1.016951,0,-0.099870,0.000000
1999-08-13,57.6600,1.128695,1.017109,0,-0.060606,0.000000
1999-08-16,58.1200,1.137700,1.017268,0,-0.053112,0.000000
1999-08-17,58.4100,1.143376,1.017426,0,-0.048387,0.000000
1999-08-18,57.7500,1.130457,1.017584,0,-0.059140,0.000000
1999-08-19,57.0600,1.116950,1.017743,0,-0.070381,0.000000
1999-08-20,57.9700,1.134763,1.017901,0,-0.055556,0.000000
1999-08-23,59.8100,1.170781,1.018059,0,-0.025578,0.000000
1999-08-24,60.2200,1.178807,1.018218,0,-0.018899,0.000000
1999-08-25,61.5000,1.203863,1.018376,0,0.000000,0.000000
1999-08-26,60.4800,1.183897,1.018535,0,-0.016585,0.000000
1999-08-27,59.8800,1.172152,1.018693,0,-0.026341,0.000000
1999-08-30,59.0300,1.155513,1.018852,0,-0.040163,0.000000
1999-08-31,59.6900,1.168432,1.019011,0,-0.029431,0.000000
1999-09-01,60.1200,1.176850,1.019169,0,-0.022439,0.000000
1999-09-02,59.9100,1.172739,1.019328,0,-0.025854,0.000000
1999-09-03,62.6600,1.226570,1.019487,0,0.000000,0.000000
1999-09-07,62.3800,1.221089,1.019645,0,-0.004469,0.000000
1999-09-08,61.5300,1.204450,1.019804,0,-0.018034,0.000000
1999-09-09,62.4100,1.221676,1.019963,0,-0.003990,0.000000
1999-09-10,63.1300,1.235770,1.020121,0,0.000000,0.000000
1999-09-13,62.3700,1.220893,1.020280,0,-0.012039,0.000000
1999-09-14,62.7100,1.227549,1.020439,0,-0.006653,0.000000
1999-09-15,61.5000,1.203863,1.020598,0,-0.025820,0.000000
1999-09-16,61.4700,1.203276,1.020757,0,-0.026295,0.000000
1999-09-17,63.3100,1.239294,1.020916,0,0.000000,0.000000
1999-09-20,63.4600,1.242230,1.021074,0,0.000000,0.000000
1999-09-21,61.9400,1.212476,1.021233,0,-0.023952,0.000000
1999-09-22,62.5900,1.225200,1.021392,0,-0.013709,0.000000
1999-09-23,60.0000,1.174501,1.021551,0,-0.054523,0.000000
1999-09-24,60.0800,1.176067,1.021710,0,-0.053262,0.000000
1999-09-27,60.5000,1.184288,1.021869,0,-0.046644,0.000000
1999-09-28,60.7800,1.189769,1.022028,0,-0.042231,0.000000
1999-09-29,59.5600,1.165888,1.022187,0,-0.061456,0.000000
1999-09-30,60.1900,1.178220,1.022347,0,-0.051529,0.000000
1999-10-01,60.2100,1.178611,1.022506,0,-0.051213,0.000000
1999-10-04,61.5600,1.205038,1.022665,0,-0.029940,0.000000
1999-10-05,62.0000,1.213651,1.022824,0,-0.023007,0.000000
1999-10-06,63.2400,1.237924,1.022983,0,-0.003467,0.000000
1999-10-07,63.0900,1.234987,1.023142,0,-0.005830,0.000000
1999-10-08,63.7600,1.248103,1.023302,0,0.000000,0.000000
1999-10-11,64.6600,1.265720,1.023461,0,0.000000,0.000000
1999-10-12,63.1900,1.236945,1.023620,0,-0.022734,0.000000
1999-10-13,61.3100,1.200144,1.023780,0,-0.051809,0.000000
1999-10-14,61.7000,1.207778,1.023939,0,-0.045778,0.000000
1999-10-15,59.8800,1.172152,1.024098,0,-0.073925,0.000000
1999-10-18,59.1200,1.157275,1.024258,0,-0.085679,0.000000
1999-10-19,59.4400,1.163539,1.024417,0,-0.080730,0.000000
1999-10-20,61.2500,1.198969,1.024577,0,-0.052737,0.000000
1999-10-21,62.2500,1.218544,1.024736,0,-0.037272,0.000000
1999-10-22,61.9700,1.213063,1.024896,0,-0.041602,0.000000
1999-10-25,62.0000,1.213651,1.025055,0,-0.041138,0.000000
1999-10-26,61.5000,1.203863,1.025215,0,-0.048871,0.000000
1999-10-27,61.4100,1.202101,1.025374,0,-0.050263,0.000000
1999-10-28,63.5300,1.243600,1.025534,0,-0.017476,0.000000
1999-10-29,65.7500,1.287057,1.025693,0,0.000000,0.000000
1999-11-01,65.4100,1.280401,1.025853,0,-0.005171,0.000000
1999-11-02,65.4500,1.281184,1.026013,0,-0.004563,0.000000
1999-11-03,66.7500,1.306632,1.026173,0,0.000000,0.000000
1999-11-04,67.5000,1.321313,1.026332,0,0.000000,0.000000
1999-11-05,68.1900,1.334820,1.026492,0,0.000000,0.000000
1999-11-08,69.5600,1.361638,1.026652,0,0.000000,0.000000
1999-11-09,69.0900,1.352437,1.026812,0,-0.006757,0.000000
1999-11-10,70.0000,1.370251,1.026971,0,0.000000,0.000000
1999-11-11,71.2500,1.394719,1.027131,0,0.000000,0.000000
1999-11-12,72.1900,1.413120,1.027291,0,0.000000,0.000000
1999-11-15,72.0500,1.410379,1.027451,0,-0.001939,0.000000
1999-11-16,73.8800,1.446202,1.027611,0,0.000000,0.000000
1999-11-17,72.8800,1.426627,1.027771,0,-0.013535,0.000000
1999-11-18,75.1100,1.470279,1.027931,0,0.000000,0.000000
1999-11-19,75.7800,1.483394,1.028091,0,0.000000,0.000000
1999-11-22,77.5000,1.517063,1.028251,0,0.000000,0.000000
1999-11-23,74.9700,1.467538,1.028411,0,-0.032645,0.000000
1999-11-24,77.4400,1.515889,1.028571,0,-0.000774,0.000000
1999-11-26,77.6900,1.520783,1.028731,0,0.000000,0.000000
1999-11-29,76.4100,1.495726,1.028891,0,-0.016476,0.000000
1999-11-30,74.0000,1.448551,1.029051,0,-0.047496,0.000000
1999-12-01,75.0900,1.469887,1.029212,0,-0.033466,0.000000
1999-12-02,77.4800,1.516672,1.029372,0,-0.002703,0.000000
1999-12-03,79.1300,1.548971,1.029532,0,0.000000,0.000000
1999-12-06,79.8400,1.562869,1.029692,0,0.000000,0.000000
1999-12-07,79.8400,1.562869,1.029852,0,0.000000,0.000000
1999-12-08,78.8800,1.544077,1.030013,0,-0.012024,0.000000
1999-12-09,79.0000,1.546426,1.030173,0,-0.010521,0.000000
1999-12-10,79.5000,1.556213,1.030333,0,-0.004259,0.000000
1999-12-13,80.9900,1.585380,1.030494,0,0.000000,0.000000
1999-12-14,79.5300,1.556801,1.030654,0,-0.018027,0.000000
1999-12-15,81.0000,1.585576,1.030815,0,0.000000,0.000000
1999-12-16,83.1300,1.627271,1.030975,0,0.000000,0.000000
1999-12-17,83.7800,1.639994,1.031136,0,0.000000,0.000000
1999-12-20,84.8800,1.661527,1.031296,0,0.000000,0.000000
1999-12-21,88.6900,1.736108,1.031457,0,0.000000,0.000000
1999-12-22,89.1600,1.745308,1.036404,1,0.000000,0.000000
1999-12-23,89.6600,1.755095,1.042216,1,0.000000,0.000000
1999-12-27,89.6900,1.755683,1.042565,1,0.000000,0.000000
1999-12-28,89.1900,1.745895,1.036753,1,-0.005575,-0.005575
1999-12-29,92.5000,1.810688,1.075229,1,0.000000,0.000000
1999-12-30,91.5000,1.791113,1.063605,1,-0.010811,-0.010811
1999-12-31,91.3800,1.788764,1.062210,1,-0.012108,-0.012108
2000-01-03,94.7500,1.854732,1.101383,1,0.000000,0.000000
2000-01-04,88.0100,1.722797,1.023036,1,-0.071135,-0.071135
2000-01-05,86.1900,1.687170,1.001881,1,-0.090343,-0.090343
2000-01-06,80.7500,1.580682,0.938646,1,-0.147757,-0.147757
2000-01-07,88.5000,1.732388,1.028732,1,-0.065963,-0.065963
2000-01-10,92.2500,1.805795,1.072323,1,-0.026385,-0.026385
2000-01-11,88.2500,1.727495,1.025826,1,-0.068602,-0.068602
2000-01-12,86.5600,1.694413,1.006181,1,-0.086438,-0.086438
2000-01-13,91.2500,1.786220,1.060698,1,-0.036939,-0.036939
2000-01-14,92.6900,1.814408,1.077437,1,-0.021741,-0.021741
2000-01-18,94.0000,1.840051,1.092665,1,-0.007916,-0.007916
2000-01-19,95.2800,1.865107,1.107544,1,0.000000,0.000000
2000-01-20,95.5000,1.869413,1.110101,1,0.000000,0.000000
2000-01-21,96.2500,1.884095,1.118819,1,0.000000,0.000000
2000-01-24,91.2500,1.786220,1.060698,1,-0.051948,-0.051948
2000-01-25,93.1600,1.823608,1.082900,1,-0.032104,-0.032104
2000-01-26,89.5000,1.751963,1.040356,1,-0.070130,-0.070130
2000-01-27,90.5000,1.771538,1.051980,1,-0.059740,-0.059740
2000-01-28,85.7500,1.678557,0.996766,1,-0.109091,-0.109091
2000-01-31,90.0000,1.761751,1.046168,1,-0.064935,-0.064935
2000-02-01,92.5000,1.810688,1.075229,1,-0.038961,-0.038961
2000-02-02,92.8800,1.818127,1.079646,1,-0.035013,-0.035013
2000-02-03,96.1300,1.881746,1.117424,1,-0.001247,-0.001247
2000-02-04,96.9100,1.897014,1.126491,1,0.000000,0.000000
2000-02-07,98.4100,1.926377,1.143927,1,0.000000,0.000000
2000-02-08,102.2500,2.001545,1.188564,1,0.000000,0.000000
2000-02-09,99.0000,1.937926,1.150785,1,-0.031785,-0.031785
2000-02-10,102.1900,2.000370,1.187866,1,-0.000587,-0.000587
2000-02-11,99.0000,1.937926,1.150785,1,-0.031785,-0.031785
2000-02-14,99.3600,1.944973,1.154970,1,-0.028264,-0.028264
2000-02-15,100.2500,1.962395,1.165315,1,-0.019560,-0.019560
2000-02-16,100.0000,1.957501,1.162409,1,-0.022005,-0.022005
2000-02-17,101.8800,1.994302,1.184263,1,-0.003619,-0.003619
2000-02-18,98.8100,1.934207,1.148577,1,-0.033643,-0.033643
2000-02-22,98.6600,1.931270,1.146833,1,-0.035110,-0.035110
2000-02-23,104.1300,2.038346,1.210417,1,0.000000,0.000000
2000-02-24,106.5000,2.084739,1.237966,1,0.000000,0.000000
2000-02-25,104.1900,2.039520,1.211114,1,-0.021690,-0.021690
2000-02-28,103.7500,2.030907,1.206000,1,-0.025822,-0.025822
2000-02-29,107.0000,2.094526,1.243778,1,0.000000,0.000000
2000-03-01,107.6300,2.106858,1.251101,1,0.000000,0.000000
2000-03-02,105.1300,2.057921,1.222041,1,-0.023228,-0.023228
2000-03-03,109.5200,2.143855,1.273071,1,0.000000,0.000000
2000-03-06,111.5000,2.182614,1.296086,1,0.000000,0.000000
2000-03-07,109.7500,2.148357,1.275744,1,-0.015695,-0.015695
2000-03-08,111.5600,2.183788,1.296784,1,0.000000,0.000000
2000-03-09,115.0000,2.251126,1.336771,1,0.000000,0.000000
2000-03-10,114.6900,2.245058,1.333167,1,-0.002696,-0.002696
2000-03-13,111.1900,2.176545,1.292483,1,-0.033130,-0.033130
2000-03-14,107.0000,2.094526,1.243778,1,-0.069565,-0.069565
2000-03-15,102.9700,2.015639,1.196933,1,-0.104609,-0.104609
2000-03-16,108.5000,2.123889,1.261214,1,-0.056522,-0.056522
2000-03-17,110.8100,2.169107,1.288066,1,-0.036435,-0.036435
2000-03-20,107.2500,2.099420,1.246684,1,-0.067391,-0.067391
2000-03-21,111.5000,2.182614,1.296086,1,-0.030435,-0.030435
2000-03-22,114.0000,2.231551,1.325147,1,-0.008696,-0.008696
2000-03-23,116.3800,2.278140,1.352812,1,0.000000,0.000000
2000-03-24,117.8800,2.307502,1.370248,1,0.000000,0.000000
2000-03-27,117.3600,2.297323,1.364204,1,-0.004411,-0.004411
2000-03-28,115.0000,2.251126,1.336771,1,-0.024432,-0.024432
2000-03-29,110.5000,2.163039,1.284462,1,-0.062606,-0.062606
2000-03-30,107.2500,2.099420,1.246684,1,-0.090176,-0.090176
2000-03-31,109.5000,2.143464,1.272838,1,-0.071089,-0.071089
2000-04-03,103.5000,2.026014,1.203094,1,-0.121988,-0.121988
2000-04-04,100.7500,1.972182,1.171127,1,-0.145317,-0.145317
2000-04-05,99.0000,1.937926,1.150785,1,-0.160163,-0.160163
2000-04-06,102.3100,2.002719,1.189261,1,-0.132083,-0.132083
2000-04-07,106.0000,2.074951,1.232154,1,-0.100780,-0.100780
2000-04-10,100.0000,1.957501,1.162409,1,-0.151680,-0.151680
2000-04-11,97.7300,1.913066,1.136023,1,-0.170937,-0.170937
2000-04-12,92.0000,1.800901,1.069417,1,-0.219545,-0.219545
2000-04-13,89.0000,1.742176,1.034544,1,-0.244995,-0.244995
2000-04-14,79.7500,1.561107,0.927021,1,-0.323465,-0.323465
2000-04-17,89.0000,1.742176,1.034544,1,-0.244995,-0.244995
2000-04-18,91.7500,1.796007,1.066511,1,-0.221666,-0.221666
2000-04-19,89.0600,1.743350,1.035242,1,-0.244486,-0.244486
2000-04-20,86.8800,1.700677,1.009901,1,-0.262979,-0.262979
2000-04-24,85.0000,1.663876,0.988048,1,-0.278928,-0.278928
2000-04-25,90.4400,1.770364,1.051283,1,-0.232779,-0.232779
2000-04-26,87.3800,1.710464,1.015713,1,-0.258738,-0.258738
2000-04-27,91.3800,1.788764,1.062210,1,-0.224805,-0.224805
2000-04-28,94.5000,1.849838,1.098477,1,-0.198337,-0.198337
2000-05-01,95.7500,1.874307,1.113007,1,-0.187733,-0.187733
2000-05-02,90.0000,1.761751,1.046168,1,-0.236512,-0.236512
2000-05-03,89.3800,1.749614,1.038961,1,-0.241771,-0.241771
2000-05-04,89.1300,1.744721,1.036055,1,-0.243892,-0.243892
2000-05-05,91.5000,1.791113,1.063605,1,-0.223787,-0.223787
2000-05-08,88.2500,1.727495,1.025826,1,-0.251357,-0.251357
2000-05-09,85.5000,1.673663,0.993860,1,-0.274686,-0.274686
2000-05-10,80.0000,1.566001,0.929927,1,-0.321344,-0.321344
2000-05-11,84.7500,1.658982,0.985142,1,-0.281049,-0.281049
2000-05-12,84.6900,1.657808,0.984444,1,-0.281558,-0.281558
2000-05-15,88.6300,1.734933,1.030243,1,-0.248134,-0.248134
2000-05-16,91.0600,1.782500,1.058490,1,-0.227520,-0.227520
2000-05-17,89.1900,1.745895,1.036753,1,-0.243383,-0.243383
2000-05-18,85.6900,1.677383,0.996069,1,-0.273074,-0.273074
2000-05-19,81.6900,1.599083,0.949572,1,-0.307007,-0.307007
2000-05-22,82.0000,1.605151,0.953176,1,-0.304377,-0.304377
2000-05-23,75.1300,1.470670,0.873318,1,-0.362657,-0.362657
2000-05-24,79.7500,1.561107,0.927021,1,-0.323465,-0.323465
2000-05-25,77.5000,1.517063,0.900867,1,-0.342552,-0.342552
2000-05-26,77.6900,1.520783,0.903076,1,-0.340940,-0.340940
2000-05-30,85.5000,1.673663,0.993860,1,-0.274686,-0.274686
2000-05-31,83.0000,1.624726,0.964800,1,-0.295894,-0.295894
2000-06-01,87.5000,1.712813,1.017108,1,-0.257720,-0.257720
2000-06-02,93.2500,1.825370,1.083947,1,-0.208941,-0.208941
2000-06-05,93.6300,1.832808,1.088364,1,-0.205718,-0.205718
2000-06-06,91.3800,1.788764,1.062210,1,-0.224805,-0.224805
2000-06-07,93.4400,1.829089,1.086155,1,-0.207329,-0.207329
2000-06-08,93.0000,1.820476,1.081041,1,-0.211062,-0.211062
2000-06-09,93.5600,1.831438,1.087550,1,-0.206312,-0.206312
2000-06-12,91.0000,1.781326,1.057792,1,-0.228029,-0.228029
2000-06-13,94.1900,1.843770,1.094873,1,-0.200967,-0.200967
2000-06-14,92.1600,1.804033,1.071276,1,-0.218188,-0.218188
2000-06-15,93.8000,1.836136,1.090340,1,-0.204276,-0.204276
2000-06-16,94.1700,1.843379,1.094641,1,-0.201137,-0.201137
2000-06-19,97.8100,1.914632,1.136953,1,-0.170258,-0.170258
2000-06-20,98.3900,1.925985,1.143695,1,-0.165338,-0.165338
2000-06-21,98.6900,1.931858,1.147182,1,-0.162793,-0.162793
2000-06-22,94.7700,1.855124,1.101615,1,-0.196047,-0.196047
2000-06-23,91.6400,1.793854,1.065232,1,-0.222599,-0.222599
2000-06-26,94.1900,1.843770,1.094873,1,-0.200967,-0.200967
2000-06-27,92.7200,1.814995,1.077786,1,-0.213437,-0.213437
2000-06-28,93.8900,1.837898,1.091386,1,-0.203512,-0.203512
2000-06-29,91.7000,1.795028,1.065929,1,-0.222090,-0.222090
2000-06-30,93.1900,1.824195,1.083249,1,-0.209450,-0.209450
2000-07-03,95.1300,1.862171,1.105800,1,-0.192993,-0.192993
2000-07-05,91.2500,1.786220,1.060698,1,-0.225908,-0.225908
2000-07-06,94.5600,1.851013,1.099174,1,-0.197828,-0.197828
2000-07-07,95.4100,1.867652,1.109055,1,-0.190618,-0.190618
2000-07-10,94.2500,1.844945,1.095571,1,-0.200458,-0.200458
2000-07-11,93.2000,1.824391,1.083365,1,-0.209365,-0.209365
2000-07-12,96.9700,1.898189,1.127188,1,-0.177384,-0.177384
2000-07-13,98.9400,1.936751,1.150088,1,-0.160672,-0.160672
2000-07-14,100.6300,1.969833,1.169732,1,-0.146335,-0.146335
2000-07-17,101.4400,1.985689,1.179148,1,-0.139464,-0.139464
2000-07-18,99.2500,1.942820,1.153691,1,-0.158042,-0.158042
2000-07-19,96.6300,1.891533,1.123236,1,-0.180268,-0.180268
2000-07-20,100.1900,1.961220,1.164618,1,-0.150068,-0.150068
2000-07-21,97.3100,1.904844,1.131140,1,-0.174499,-0.174499
2000-07-24,94.3100,1.846119,1.096268,1,-0.199949,-0.199949
2000-07-25,96.0800,1.880767,1.116843,1,-0.184934,-0.184934
2000-07-26,95.6300,1.871958,1.111612,1,-0.188751,-0.188751
2000-07-27,91.5600,1.792288,1.064302,1,-0.223278,-0.223278
2000-07-28,86.8100,1.699307,1.009088,1,-0.263573,-0.263573
2000-07-31,89.5000,1.751963,1.040356,1,-0.240753,-0.240753
2000-08-01,88.4100,1.730627,1.027686,1,-0.250000,-0.250000
2000-08-02,86.8600,1.700285,1.009669,1,-0.263149,-0.263149
2000-08-03,90.8100,1.777607,1.055584,1,-0.229640,-0.229640
2000-08-04,90.0000,1.761751,1.046168,1,-0.236512,-0.236512
2000-08-07,92.2700,1.806186,1.072555,1,-0.217255,-0.217255
2000-08-08,92.0000,1.800901,1.069417,1,-0.219545,-0.219545
2000-08-09,91.6100,1.793267,1.064883,1,-0.222854,-0.222854
2000-08-10,89.9400,1.760576,1.045471,1,-0.237021,-0.237021
2000-08-11,90.8800,1.778977,1.056398,1,-0.229046,-0.229046
2000-08-14,92.9400,1.819301,1.080343,1,-0.211571,-0.211571
2000-08-15,93.0600,1.821650,1.081738,1,-0.210553,-0.210553
2000-08-16,93.4200,1.828697,1.085923,1,-0.207499,-0.207499
2000-08-17,95.4400,1.868239,1.109403,1,-0.190363,-0.190363
2000-08-18,95.1400,1.862366,1.105916,1,-0.192908,-0.192908
2000-08-21,95.7500,1.874307,1.113007,1,-0.187733,-0.187733
2000-08-22,95.4400,1.868239,1.109403,1,-0.190363,-0.190363
2000-08-23,97.0000,1.898776,1.127537,1,-0.177129,-0.177129
2000-08-24,98.5600,1.929313,1.145671,1,-0.163895,-0.163895
2000-08-25,98.3800,1.925789,1.143578,1,-0.165422,-0.165422
2000-08-28,98.4400,1.926964,1.144276,1,-0.164913,-0.164913
2000-08-29,98.8300,1.934598,1.148809,1,-0.161605,-0.161605
2000-08-30,98.8900,1.935773,1.149507,1,-0.161096,-0.161096
2000-08-31,101.8800,1.994302,1.184263,1,-0.135731,-0.135731
2000-09-01,102.5000,2.006439,1.191470,1,-0.130472,-0.130472
2000-09-05,99.5200,1.948105,1.156830,1,-0.155752,-0.155752
2000-09-06,96.0600,1.880375,1.116610,1,-0.185103,-0.185103
2000-09-07,98.2500,1.923245,1.142067,1,-0.166525,-0.166525
2000-09-08,94.8800,1.857277,1.102894,1,-0.195114,-0.195114
2000-09-11,92.7800,1.816169,1.078483,1,-0.212928,-0.212928
2000-09-12,91.3100,1.787394,1.061396,1,-0.225399,-0.225399
2000-09-13,93.4400,1.829089,1.086155,1,-0.207329,-0.207329
2000-09-14,93.3800,1.827914,1.085458,1,-0.207838,-0.207838
2000-09-15,91.3800,1.788764,1.062210,1,-0.224805,-0.224805
2000-09-18,89.8100,1.758032,1.043960,1,-0.238124,-0.238124
2000-09-19,93.5000,1.830263,1.086853,1,-0.206820,-0.206820
2000-09-20,94.6900,1.853558,1.100685,1,-0.196725,-0.196725
2000-09-21,92.3900,1.808535,1.073950,1,-0.216237,-0.216237
2000-09-22,92.9400,1.819301,1.080343,1,-0.211571,-0.211571
2000-09-25,90.1900,1.765470,1.079971,0,-0.234900,-0.211843
2000-09-26,88.9400,1.741001,1.080139,0,-0.245504,-0.211720
2000-09-27,89.5000,1.751963,1.080307,0,-0.240753,-0.211597
2000-09-28,92.4500,1.809710,1.080475,0,-0.215728,-0.211475
2000-09-29,88.6900,1.736108,1.080644,0,-0.247625,-0.211352
2000-10-02,86.7500,1.698132,1.080812,0,-0.264082,-0.211229
2000-10-03,83.3800,1.632164,1.080980,0,-0.292671,-0.211106
2000-10-04,85.6300,1.676208,1.081148,0,-0.273583,-0.210984
2000-10-05,85.8800,1.681102,1.081317,0,-0.271463,-0.210861
2000-10-06,83.0000,1.624726,1.081485,0,-0.295894,-0.210738
2000-10-09,82.6300,1.617483,1.081653,0,-0.299033,-0.210615
2000-10-10,78.3100,1.532919,1.081822,0,-0.335680,-0.210492
2000-10-11,77.0600,1.508450,1.081990,0,-0.346284,-0.210369
2000-10-12,75.1300,1.470670,1.082158,0,-0.362657,-0.210246
2000-10-13,81.2500,1.590470,1.082327,0,-0.310740,-0.210123
2000-10-16,81.6300,1.597908,1.082495,0,-0.307516,-0.210000
2000-10-17,78.2500,1.531745,1.082664,0,-0.336189,-0.209878
2000-10-18,78.0000,1.526851,1.082832,0,-0.338310,-0.209755
2000-10-19,85.0600,1.665050,1.083001,0,-0.278419,-0.209632
2000-10-20,86.3100,1.689519,1.083169,0,-0.267815,-0.209509
2000-10-23,86.1900,1.687170,1.083338,0,-0.268833,-0.209385
2000-10-24,82.4400,1.613764,1.083507,0,-0.300645,-0.209262
2000-10-25,77.8800,1.524502,1.083675,0,-0.339328,-0.209139
2000-10-26,79.8800,1.563652,1.083844,0,-0.322362,-0.209016
2000-10-27,79.7200,1.560520,1.084013,0,-0.323719,-0.208893
2000-10-30,76.7700,1.502774,1.084181,0,-0.348744,-0.208770
2000-10-31,81.7000,1.599278,1.084350,0,-0.306922,-0.208647
2000-11-01,81.0000,1.585576,1.084519,0,-0.312861,-0.208524
2000-11-02,82.0000,1.605151,1.084688,0,-0.304377,-0.208400
2000-11-03,83.0600,1.625900,1.084857,0,-0.295385,-0.208277
2000-11-06,82.4400,1.613764,1.085025,0,-0.300645,-0.208154
2000-11-07,82.1300,1.607696,1.085194,0,-0.303275,-0.208031
2000-11-08,75.7000,1.481828,1.085363,0,-0.357822,-0.207908
2000-11-09,75.6900,1.481632,1.085532,0,-0.357906,-0.207784
2000-11-10,71.7500,1.404507,1.085701,0,-0.391330,-0.207661
2000-11-13,70.0600,1.371425,1.085870,0,-0.405667,-0.207538
2000-11-14,75.8400,1.484569,1.086039,0,-0.356634,-0.207414
2000-11-15,77.3800,1.514714,1.086208,0,-0.343570,-0.207291
2000-11-16,72.8800,1.426627,1.086377,0,-0.381744,-0.207167
2000-11-17,72.8300,1.425648,1.086546,0,-0.382168,-0.207044
2000-11-20,69.8600,1.367510,1.086715,0,-0.407363,-0.206921
2000-11-21,69.7500,1.365357,1.086885,0,-0.408297,-0.206797
2000-11-22,66.6300,1.304283,1.087054,0,-0.434764,-0.206674
2000-11-24,70.4400,1.378864,1.087223,0,-0.402443,-0.206550
2000-11-27,69.5600,1.361638,1.087392,0,-0.409908,-0.206427
2000-11-28,65.4500,1.281184,1.087561,0,-0.444774,-0.206303
2000-11-29,62.9400,1.232051,1.087731,0,-0.466067,-0.206180
2000-11-30,62.9800,1.232834,1.087900,0,-0.465728,-0.206056
2000-12-01,64.0000,1.252801,1.088069,0,-0.457075,-0.205933
2000-12-04,63.6900,1.246732,1.088239,0,-0.459705,-0.205809
2000-12-05,70.6900,1.383757,1.088408,0,-0.400322,-0.205685
2000-12-06,68.0000,1.331101,1.088578,0,-0.423142,-0.205562
2000-12-07,66.5000,1.301738,1.088747,0,-0.435867,-0.205438
2000-12-08,68.0000,1.331101,1.088916,0,-0.423142,-0.205314
2000-12-11,74.3800,1.455989,1.089086,0,-0.369019,-0.205191
2000-12-12,71.6600,1.402745,1.089255,0,-0.392094,-0.205067
2000-12-13,68.7300,1.345390,1.089425,0,-0.416949,-0.204943
2000-12-14,65.3800,1.279814,1.089595,0,-0.445368,-0.204820
2000-12-15,63.8800,1.250452,1.089764,0,-0.458093,-0.204696
2000-12-18,64.0000,1.252801,1.089934,0,-0.457075,-0.204572
2000-12-19,59.1300,1.157470,1.090103,0,-0.498388,-0.204448
2000-12-20,55.7300,1.090915,1.090273,0,-0.527231,-0.204324
2000-12-21,56.0600,1.097375,1.090443,0,-0.524432,-0.204200
2000-12-22,60.5000,1.184288,1.090612,0,-0.486766,-0.204077
2000-12-26,60.8800,1.191727,1.090782,0,-0.483543,-0.203953
2000-12-27,61.5600,1.205038,1.090952,0,-0.477774,-0.203829
2000-12-28,61.4400,1.202689,1.091122,0,-0.478792,-0.203705
2000-12-29,58.3800,1.142789,1.091292,0,-0.504751,-0.203581
2001-01-02,53.4400,1.046089,1.091462,0,-0.546658,-0.203457
2001-01-03,62.4400,1.222264,1.091631,0,-0.470309,-0.203333
2001-01-04,61.3100,1.200144,1.091801,0,-0.479895,-0.203209
2001-01-05,56.6300,1.108533,1.091971,0,-0.519596,-0.203085
2001-01-08,57.2500,1.120669,1.092141,0,-0.514337,-0.202961
2001-01-09,57.2500,1.120669,1.092311,0,-0.514337,-0.202837
2001-01-10,60.1900,1.178220,1.092481,0,-0.489396,-0.202713
2001-01-11,61.9400,1.212476,1.092651,0,-0.474550,-0.202589
2001-01-12,62.7300,1.227940,1.092821,0,-0.467849,-0.202465
2001-01-16,61.9800,1.213259,1.092991,0,-0.474211,-0.202340
2001-01-17,63.8800,1.250452,1.093162,0,-0.458093,-0.202216
2001-01-18,66.5600,1.302913,1.093332,0,-0.435358,-0.202092
2001-01-19,66.3100,1.298019,1.093502,0,-0.437479,-0.201968
2001-01-22,66.3800,1.299389,1.093672,0,-0.436885,-0.201844
2001-01-23,67.7700,1.326598,1.093842,0,-0.425093,-0.201719
2001-01-24,67.1300,1.314070,1.094013,0,-0.430523,-0.201595
2001-01-25,64.5000,1.262588,1.094183,0,-0.452833,-0.201471
2001-01-26,65.5500,1.283142,1.094353,0,-0.443926,-0.201347
2001-01-29,67.0000,1.311526,1.094524,0,-0.431625,-0.201222
2001-01-30,66.7500,1.306632,1.094694,0,-0.433746,-0.201098
2001-01-31,64.3000,1.258673,1.094864,0,-0.454530,-0.200974
2001-02-01,65.1500,1.275312,1.095035,0,-0.447319,-0.200849
2001-02-02,61.5500,1.204842,1.095205,0,-0.477859,-0.200725
2001-02-05,61.5000,1.203863,1.095376,0,-0.478283,-0.200601
2001-02-06,61.6000,1.205821,1.095546,0,-0.477435,-0.200476
2001-02-07,60.6000,1.186246,1.095717,0,-0.485918,-0.200352
2001-02-08,58.7900,1.150815,1.095887,0,-0.501272,-0.200227
2001-02-09,56.4000,1.104031,1.096058,0,-0.521547,-0.200103
2001-02-12,57.0800,1.117342,1.096228,0,-0.515779,-0.199978
2001-02-13,55.3000,1.082498,1.096399,0,-0.530879,-0.199854
2001-02-14,57.4500,1.124584,1.096570,0,-0.512640,-0.199729
2001-02-15,58.4000,1.143181,1.096740,0,-0.504581,-0.199605
2001-02-16,55.1300,1.079170,1.096911,0,-0.532321,-0.199480
2001-02-20,52.9900,1.037280,1.097082,0,-0.550475,-0.199355
2001-02-21,51.5000,1.008113,1.097253,0,-0.563115,-0.199231
2001-02-22,51.0000,0.998325,1.097423,0,-0.567357,-0.199106
2001-02-23,51.1800,1.001849,1.097594,0,-0.565830,-0.198981
2001-02-26,52.1500,1.020837,1.097765,0,-0.557601,-0.198857
2001-02-27,49.0000,0.959175,1.097936,0,-0.584323,-0.198732
2001-02-28,47.4500,0.928834,1.098107,0,-0.597472,-0.198607
2001-03-01,48.8000,0.955260,1.098278,0,-0.586020,-0.198483
2001-03-02,46.7000,0.914153,1.098449,0,-0.603834,-0.198358
2001-03-05,47.5500,0.930792,1.098620,0,-0.596624,-0.198233
2001-03-06,49.4000,0.967005,1.098791,0,-0.580930,-0.198108
2001-03-07,49.4200,0.967397,1.098962,0,-0.580760,-0.197983
2001-03-08,48.5000,0.949388,1.099133,0,-0.588565,-0.197859
2001-03-09,45.1000,0.882833,1.099304,0,-0.617408,-0.197734
2001-03-12,42.3000,0.828023,1.099475,0,-0.641161,-0.197609
2001-03-13,44.4500,0.870109,1.099646,0,-0.622922,-0.197484
2001-03-14,43.7500,0.856407,1.099817,0,-0.628860,-0.197359
2001-03-15,42.1500,0.825087,1.099988,0,-0.642433,-0.197234
2001-03-16,41.1000,0.804533,1.100160,0,-0.651340,-0.197109
2001-03-19,43.2600,0.846815,1.100331,0,-0.633017,-0.196984
2001-03-20,40.3500,0.789852,1.100502,0,-0.657703,-0.196859
2001-03-21,40.3500,0.789852,1.100673,0,-0.657703,-0.196734
2001-03-22,42.8000,0.837810,1.100845,0,-0.636919,-0.196609
2001-03-23,42.8000,0.837810,1.101016,0,-0.636919,-0.196484
2001-03-26,41.8100,0.818431,1.101187,0,-0.645317,-0.196359
2001-03-27,43.2500,0.846619,1.101359,0,-0.633101,-0.196234
2001-03-28,39.7000,0.777128,1.101530,0,-0.663217,-0.196109
2001-03-29,38.9500,0.762447,1.101702,0,-0.669579,-0.195984
2001-03-30,39.1500,0.766362,1.101873,0,-0.667883,-0.195859
2001-04-02,37.4000,0.732105,1.102045,0,-0.682728,-0.195734
2001-04-03,34.6600,0.678470,1.102216,0,-0.705972,-0.195608
2001-04-04,34.0500,0.666529,1.102388,0,-0.711147,-0.195483
2001-04-05,37.3100,0.730344,1.102559,0,-0.683492,-0.195358
2001-04-06,36.3000,0.710573,1.102731,0,-0.692060,-0.195233
2001-04-09,37.0500,0.725254,1.102903,0,-0.685697,-0.195107
2001-04-10,39.8000,0.779085,1.103074,0,-0.662369,-0.194982
2001-04-11,41.0000,0.802575,1.103246,0,-0.652189,-0.194857
2001-04-12,42.8000,0.837810,1.103418,0,-0.636919,-0.194731
2001-04-16,40.2500,0.787894,1.103589,0,-0.658551,-0.194606
2001-04-17,41.2500,0.807469,1.103761,0,-0.650068,-0.194481
2001-04-18,45.5500,0.891642,1.103933,0,-0.613590,-0.194355
2001-04-19,48.3000,0.945473,1.104105,0,-0.590261,-0.194230
2001-04-20,48.4000,0.947430,1.104277,0,-0.589413,-0.194105
2001-04-23,45.1500,0.883812,1.104449,0,-0.616983,-0.193979
2001-04-24,44.3000,0.867173,1.104620,0,-0.624194,-0.193854
2001-04-25,45.1000,0.882833,1.104792,0,-0.617408,-0.193728
2001-04-26,43.9500,0.860322,1.104964,0,-0.627163,-0.193603
2001-04-27,45.1500,0.883812,1.105136,0,-0.616983,-0.193477
2001-04-30,46.1500,0.903387,1.105308,0,-0.608500,-0.193352
2001-05-01,48.0500,0.940579,1.105480,0,-0.592382,-0.193226
2001-05-02,48.9800,0.958784,1.105652,0,-0.584493,-0.193101
2001-05-03,46.8000,0.916110,1.105825,0,-0.602986,-0.192975
2001-05-04,48.2000,0.943515,1.105997,0,-0.591110,-0.192849
2001-05-07,47.2000,0.923940,1.106169,0,-0.599593,-0.192724
2001-05-08,48.2000,0.943515,1.106341,0,-0.591110,-0.192598
2001-05-09,46.5500,0.911217,1.106513,0,-0.605107,-0.192472
2001-05-10,45.7700,0.895948,1.106685,0,-0.611724,-0.192347
2001-05-11,45.5500,0.891642,1.106858,0,-0.613590,-0.192221
2001-05-14,44.8200,0.877352,1.107030,0,-0.619783,-0.192095
2001-05-15,45.1500,0.883812,1.107202,0,-0.616983,-0.191970
2001-05-16,47.1500,0.922962,1.107375,0,-0.600017,-0.191844
2001-05-17,47.9000,0.937643,1.107547,0,-0.593655,-0.191718
2001-05-18,48.0400,0.940383,1.107719,0,-0.592467,-0.191592
2001-05-21,51.0500,0.999304,1.107892,0,-0.566932,-0.191466
2001-05-22,50.9000,0.996368,1.108064,0,-0.568205,-0.191340
2001-05-23,48.6500,0.952324,1.108237,0,-0.587292,-0.191215
2001-05-24,49.9000,0.976793,1.108409,0,-0.576688,-0.191089
2001-05-25,48.9900,0.958980,1.108582,0,-0.584408,-0.190963
2001-05-29,46.1200,0.902799,1.108754,0,-0.608755,-0.190837
2001-05-30,44.4300,0.869718,1.108927,0,-0.623091,-0.190711
2001-05-31,44.7300,0.875590,1.109099,0,-0.620546,-0.190585
2001-06-01,46.0500,0.901429,1.109272,0,-0.609348,-0.190459
2001-06-04,45.8300,0.897123,1.109445,0,-0.611215,-0.190333
2001-06-05,47.8500,0.936664,1.109617,0,-0.594079,-0.190207
2001-06-06,47.4800,0.929421,1.109790,0,-0.597218,-0.190081
2001-06-07,48.7000,0.953303,1.109963,0,-0.586868,-0.189955
2001-06-08,47.3500,0.926877,1.110136,0,-0.598320,-0.189829
2001-06-11,46.0500,0.901429,1.110308,0,-0.609348,-0.189703
2001-06-12,45.8000,0.896535,1.110481,0,-0.611469,-0.189577
2001-06-13,44.5500,0.872067,1.110654,0,-0.622073,-0.189450
2001-06-14,42.2500,0.827044,1.110827,0,-0.641585,-0.189324
2001-06-15,42.6000,0.833895,1.111000,0,-0.638616,-0.189198
2001-06-18,42.0300,0.822738,1.111173,0,-0.643451,-0.189072
2001-06-19,41.8200,0.818627,1.111346,0,-0.645232,-0.188946
2001-06-20,42.7700,0.837223,1.111519,0,-0.637173,-0.188819
2001-06-21,43.3500,0.848577,1.111692,0,-0.632253,-0.188693
2001-06-22,43.2500,0.846619,1.111865,0,-0.633101,-0.188567
2001-06-25,43.3600,0.848772,1.112038,0,-0.632168,-0.188441
2001-06-26,43.5100,0.851709,1.112211,0,-0.630896,-0.188314
2001-06-27,43.7900,0.857190,1.112384,0,-0.628521,-0.188188
2001-06-28,44.3500,0.868152,1.112557,0,-0.623770,-0.188062
2001-06-29,45.7000,0.894578,1.112730,0,-0.612318,-0.187935
2001-07-02,45.4500,0.889684,1.112904,0,-0.614438,-0.187809
2001-07-03,45.6400,0.893403,1.113077,0,-0.612827,-0.187682
2001-07-05,43.4500,0.850534,1.113250,0,-0.631405,-0.187556
2001-07-06,41.6500,0.815299,1.113423,0,-0.646675,-0.187429
2001-07-09,42.0100,0.822346,1.113597,0,-0.643621,-0.187303
2001-07-10,40.5000,0.792788,1.113770,0,-0.656430,-0.187176
2001-07-11,41.0000,0.802575,1.113943,0,-0.652189,-0.187050
2001-07-12,43.6000,0.853470,1.114117,0,-0.630132,-0.186923
2001-07-13,43.1500,0.844662,1.114290,0,-0.633950,-0.186797
2001-07-16,42.3500,0.829002,1.114463,0,-0.640736,-0.186670
2001-07-17,43.3000,0.847598,1.114637,0,-0.632677,-0.186544
2001-07-18,41.6500,0.815299,1.114810,0,-0.646675,-0.186417
2001-07-19,42.6400,0.834678,1.114984,0,-0.638276,-0.186290
2001-07-20,41.6500,0.815299,1.115158,0,-0.646675,-0.186164
2001-07-23,40.6100,0.794941,1.115331,0,-0.655497,-0.186037
2001-07-24,40.1500,0.785937,1.115505,0,-0.659399,-0.185910
2001-07-25,40.5000,0.792788,1.115678,0,-0.656430,-0.185784
2001-07-26,41.1000,0.804533,1.115852,0,-0.651340,-0.185657
2001-07-27,41.9500,0.821172,1.116026,0,-0.644130,-0.185530
2001-07-30,41.7000,0.816278,1.116199,0,-0.646250,-0.185403
2001-07-31,41.7600,0.817452,1.116373,0,-0.645741,-0.185277
2001-08-01,43.1000,0.843683,1.116547,0,-0.634374,-0.185150
2001-08-02,43.9100,0.859539,1.116721,0,-0.627503,-0.185023
2001-08-03,43.1800,0.845249,1.116894,0,-0.633695,-0.184896
2001-08-06,42.5000,0.831938,1.117068,0,-0.639464,-0.184769
2001-08-07,42.2800,0.827631,1.117242,0,-0.641330,-0.184642
2001-08-08,40.5000,0.792788,1.117416,0,-0.656430,-0.184515
2001-08-09,40.6700,0.796116,1.117590,0,-0.654988,-0.184389
2001-08-10,40.2800,0.788481,1.117764,0,-0.658297,-0.184262
2001-08-13,41.1000,0.804533,1.117938,0,-0.651340,-0.184135
2001-08-14,40.6000,0.794745,1.118112,0,-0.655582,-0.184008
2001-08-15,39.1000,0.765383,1.118286,0,-0.668307,-0.183881
2001-08-16,39.5600,0.774387,1.118460,0,-0.664404,-0.183754
2001-08-17,37.7600,0.739152,1.118634,0,-0.679674,-0.183627
2001-08-20,38.2800,0.749331,1.118808,0,-0.675263,-0.183499
2001-08-21,36.6900,0.718207,1.118982,0,-0.688751,-0.183372
2001-08-22,37.6900,0.737782,1.119157,0,-0.680268,-0.183245
2001-08-23,37.3200,0.730539,1.119331,0,-0.683407,-0.183118
2001-08-24,39.3000,0.769298,1.119505,0,-0.666610,-0.182991
2001-08-27,39.3500,0.770277,1.119679,0,-0.666186,-0.182864
2001-08-28,38.1200,0.746199,1.119854,0,-0.676620,-0.182737
2001-08-29,37.5600,0.735237,1.120028,0,-0.681371,-0.182609
2001-08-30,36.1700,0.708028,1.120202,0,-0.693163,-0.182482
2001-08-31,36.6300,0.717033,1.120376,0,-0.689260,-0.182355
2001-09-04,35.4700,0.694326,1.120551,0,-0.699101,-0.182228
2001-09-05,35.3300,0.691585,1.120725,0,-0.700288,-0.182100
2001-09-06,33.9000,0.663593,1.120900,0,-0.712419,-0.181973
2001-09-07,33.7000,0.659678,1.121074,0,-0.714116,-0.181846
2001-09-10,34.1000,0.667508,1.121249,0,-0.710723,-0.181718
2001-09-17,31.2000,0.610740,1.121423,0,-0.735324,-0.181591
2001-09-18,30.5000,0.597038,1.121598,0,-0.741262,-0.181464
2001-09-19,29.9700,0.586663,1.121772,0,-0.745758,-0.181336
2001-09-20,28.9700,0.567088,1.121947,0,-0.754242,-0.181209
2001-09-21,28.1900,0.551820,1.122122,0,-0.760859,-0.181081
2001-09-24,29.6100,0.579616,1.122296,0,-0.748812,-0.180954
2001-09-25,29.7000,0.581378,1.122471,0,-0.748049,-0.180826
2001-09-26,28.6700,0.561216,1.122646,0,-0.756787,-0.180699
2001-09-27,28.4800,0.557496,1.122820,0,-0.758398,-0.180571
2001-09-28,28.9800,0.567284,1.122995,0,-0.754157,-0.180444
2001-10-01,28.7300,0.562390,1.123170,0,-0.756278,-0.180316
2001-10-02,28.8200,0.564152,1.123345,0,-0.755514,-0.180189
2001-10-03,31.0000,0.606825,1.123520,0,-0.737021,-0.180061
2001-10-04,31.3000,0.612698,1.123694,0,-0.734476,-0.179934
2001-10-05,31.7600,0.621702,1.123869,0,-0.730573,-0.179806
2001-10-08,31.8600,0.623660,1.124044,0,-0.729725,-0.179678
2001-10-09,31.0900,0.608587,1.124219,0,-0.736257,-0.179551
2001-10-10,32.5000,0.636188,1.124394,0,-0.724296,-0.179423
2001-10-11,34.7000,0.679253,1.124569,0,-0.705633,-0.179295
2001-10-12,34.5500,0.676317,1.124744,0,-0.706905,-0.179167
2001-10-15,34.4000,0.673380,1.124919,0,-0.708178,-0.179040
2001-10-16,34.9600,0.684342,1.125094,0,-0.703427,-0.178912
2001-10-17,32.4500,0.635209,1.125270,0,-0.724720,-0.178784
2001-10-18,33.3300,0.652435,1.125445,0,-0.717255,-0.178656
2001-10-19,33.5500,0.656742,1.125620,0,-0.715389,-0.178528
2001-10-22,34.4500,0.674359,1.125795,0,-0.707754,-0.178401
2001-10-23,34.6300,0.677883,1.125970,0,-0.706227,-0.178273
2001-10-24,35.3800,0.692564,1.126146,0,-0.699864,-0.178145
2001-10-25,36.8000,0.720360,1.126321,0,-0.687818,-0.178017
2001-10-26,36.0100,0.704896,1.126496,0,-0.694520,-0.177889
2001-10-29,34.0400,0.666333,1.126672,0,-0.711232,-0.177761
2001-10-30,33.3800,0.653414,1.126847,0,-0.716831,-0.177633
2001-10-31,33.9000,0.663593,1.127022,0,-0.712419,-0.177505
2001-11-01,35.3400,0.691781,1.127198,0,-0.700204,-0.177377
2001-11-02,35.6000,0.696870,1.127373,0,-0.697998,-0.177249
2001-11-05,36.7600,0.719577,1.127549,0,-0.688157,-0.177121
2001-11-06,38.1900,0.747570,1.127724,0,-0.676026,-0.176993
2001-11-07,38.1400,0.746591,1.127900,0,-0.676451,-0.176865
2001-11-08,37.7500,0.738957,1.128075,0,-0.679759,-0.176736
2001-11-09,37.7300,0.738565,1.128251,0,-0.679929,-0.176608
2001-11-12,38.0000,0.743850,1.128426,0,-0.677638,-0.176480
2001-11-13,39.3600,0.770472,1.128602,0,-0.666101,-0.176352
2001-11-14,39.6400,0.775953,1.128778,0,-0.663726,-0.176224
2001-11-15,39.4800,0.772821,1.128953,0,-0.665083,-0.176096
2001-11-16,39.3700,0.770668,1.129129,0,-0.666016,-0.175967
2001-11-19,40.4900,0.792592,1.129305,0,-0.656515,-0.175839
2001-11-20,38.6200,0.755987,1.129481,0,-0.672379,-0.175711
2001-11-21,38.6400,0.756378,1.129656,0,-0.672209,-0.175583
2001-11-23,39.2800,0.768906,1.129832,0,-0.666780,-0.175454
2001-11-26,40.2500,0.787894,1.130008,0,-0.658551,-0.175326
2001-11-27,40.2000,0.786915,1.130184,0,-0.658975,-0.175197
2001-11-28,38.7500,0.758532,1.130360,0,-0.671276,-0.175069
2001-11-29,39.9500,0.782022,1.130536,0,-0.661096,-0.174941
2001-11-30,39.6500,0.776149,1.130712,0,-0.663641,-0.174812
2001-12-03,38.9700,0.762838,1.130888,0,-0.669410,-0.174684
2001-12-04,40.8300,0.799248,1.131064,0,-0.653631,-0.174555
2001-12-05,42.8500,0.838789,1.131240,0,-0.636495,-0.174427
2001-12-06,42.9100,0.839964,1.131416,0,-0.635986,-0.174298
2001-12-07,41.7300,0.816865,1.131592,0,-0.645996,-0.174170
2001-12-10,41.0000,0.802575,1.131768,0,-0.652189,-0.174041
2001-12-11,41.2300,0.807078,1.131944,0,-0.650238,-0.173913
2001-12-12,41.5600,0.813537,1.132121,0,-0.647438,-0.173784
2001-12-13,39.7600,0.778302,1.132297,0,-0.662708,-0.173656
2001-12-14,40.1100,0.785154,1.132473,0,-0.659739,-0.173527
2001-12-17,40.8000,0.798660,1.132649,0,-0.653885,-0.173398
2001-12-18,41.2600,0.807665,1.132826,0,-0.649983,-0.173270
2001-12-19,40.5100,0.792984,1.133002,0,-0.656345,-0.173141
2001-12-20,38.7900,0.759315,1.133178,0,-0.670937,-0.173012
2001-12-21,39.4800,0.772821,1.133355,0,-0.665083,-0.172884
2001-12-24,39.3200,0.769689,1.133531,0,-0.666440,-0.172755
2001-12-26,39.6900,0.776932,1.133708,0,-0.663302,-0.172626
2001-12-27,40.0100,0.783196,1.133884,0,-0.660587,-0.172497
2001-12-28,40.3300,0.789460,1.134060,0,-0.657872,-0.172368
2001-12-31,38.9100,0.761664,1.134237,0,-0.669919,-0.172240
2002-01-02,40.1100,0.785154,1.134414,0,-0.659739,-0.172111
2002-01-03,41.5000,0.812363,1.134590,0,-0.647947,-0.171982
2002-01-04,41.6700,0.815691,1.134767,0,-0.646505,-0.171853
2002-01-07,41.2100,0.806686,1.134943,0,-0.650407,-0.171724
2002-01-08,41.4900,0.812167,1.135120,0,-0.648032,-0.171595
2002-01-09,41.1100,0.804729,1.135297,0,-0.651256,-0.171466
2002-01-10,41.3800,0.810014,1.135473,0,-0.648965,-0.171337
2002-01-11,40.8500,0.799639,1.135650,0,-0.653461,-0.171208
2002-01-14,39.9600,0.782217,1.135827,0,-0.661011,-0.171079
2002-01-15,40.3400,0.789656,1.136004,0,-0.657788,-0.170950
2002-01-16,38.7800,0.759119,1.136180,0,-0.671021,-0.170821
2002-01-17,39.6500,0.776149,1.136357,0,-0.663641,-0.170692
2002-01-18,38.5900,0.755400,1.136534,0,-0.672633,-0.170563
2002-01-22,37.4000,0.732105,1.136711,0,-0.682728,-0.170434
2002-01-23,38.4300,0.752268,1.136888,0,-0.673990,-0.170305
2002-01-24,38.9400,0.762251,1.137065,0,-0.669664,-0.170176
2002-01-25,38.8300,0.760098,1.137242,0,-0.670597,-0.170047
2002-01-28,39.0500,0.764404,1.137419,0,-0.668731,-0.169917
2002-01-29,37.9800,0.743459,1.137596,0,-0.677808,-0.169788
2002-01-30,38.2700,0.749136,1.137773,0,-0.675348,-0.169659
2002-01-31,38.5100,0.753834,1.137950,0,-0.673312,-0.169530
2002-02-01,38.1400,0.746591,1.138127,0,-0.676451,-0.169401
2002-02-04,36.9200,0.722709,1.138304,0,-0.686800,-0.169271
2002-02-05,36.3100,0.710769,1.138482,0,-0.691975,-0.169142
2002-02-06,36.0600,0.705875,1.138659,0,-0.694096,-0.169013
2002-02-07,35.1900,0.688845,1.138836,0,-0.701476,-0.168883
2002-02-08,36.1700,0.708028,1.139013,0,-0.693163,-0.168754
2002-02-11,36.6300,0.717033,1.139191,0,-0.689260,-0.168625
2002-02-12,36.3300,0.711160,1.139368,0,-0.691805,-0.168495
2002-02-13,36.9500,0.723297,1.139545,0,-0.686546,-0.168366
2002-02-14,36.8800,0.721926,1.139723,0,-0.687139,-0.168236
2002-02-15,35.7800,0.700394,1.139900,0,-0.696471,-0.168107
2002-02-19,34.6800,0.678861,1.140077,0,-0.705803,-0.167977
2002-02-20,35.1500,0.688062,1.140255,0,-0.701815,-0.167848
2002-02-21,33.4800,0.655371,1.140432,0,-0.715982,-0.167718
2002-02-22,33.6500,0.658699,1.140610,0,-0.714540,-0.167589
2002-02-25,35.0100,0.685321,1.140787,0,-0.703003,-0.167459
2002-02-26,34.8800,0.682776,1.140965,0,-0.704106,-0.167330
2002-02-27,34.4000,0.673380,1.141143,0,-0.708178,-0.167200
2002-02-28,33.7800,0.661244,1.141320,0,-0.713437,-0.167070
2002-03-01,35.7400,0.699611,1.141498,0,-0.696810,-0.166941
2002-03-04,37.1500,0.727212,1.141676,0,-0.684849,-0.166811
2002-03-05,37.4200,0.732497,1.141853,0,-0.682559,-0.166681
2002-03-06,37.6000,0.736020,1.142031,0,-0.681032,-0.166552
2002-03-07,37.6800,0.737586,1.142209,0,-0.680353,-0.166422
2002-03-08,38.6700,0.756966,1.142387,0,-0.671955,-0.166292
2002-03-11,38.5300,0.754225,1.142564,0,-0.673142,-0.166162
2002-03-12,38.0000,0.743850,1.142742,0,-0.677638,-0.166033
2002-03-13,37.0800,0.725841,1.142920,0,-0.685443,-0.165903
2002-03-14,36.8600,0.721535,1.143098,0,-0.687309,-0.165773
2002-03-15,37.2300,0.728778,1.143276,0,-0.684170,-0.165643
2002-03-18,37.4400,0.732888,1.143454,0,-0.682389,-0.165513
2002-03-19,37.3800,0.731714,1.143632,0,-0.682898,-0.165383
2002-03-20,36.0600,0.705875,1.143810,0,-0.694096,-0.165253
2002-03-21,37.0200,0.724667,1.143988,0,-0.685952,-0.165124
2002-03-22,36.6800,0.718011,1.144166,0,-0.688836,-0.164994
2002-03-25,35.5600,0.696087,1.144344,0,-0.698337,-0.164864
2002-03-26,35.8900,0.702547,1.144522,0,-0.695538,-0.164734
2002-03-27,35.6100,0.697066,1.144700,0,-0.697913,-0.164604
2002-03-28,36.0600,0.705875,1.144878,0,-0.694096,-0.164474
2002-04-01,36.7500,0.719382,1.145057,0,-0.688242,-0.164344
2002-04-02,35.0900,0.686887,1.145235,0,-0.702324,-0.164214
2002-04-03,35.0300,0.685713,1.145413,0,-0.702833,-0.164083
2002-04-04,34.7600,0.680427,1.145591,0,-0.705124,-0.163953
2002-04-05,34.3700,0.672793,1.145770,0,-0.708432,-0.163823
2002-04-08,34.8000,0.681210,1.145948,0,-0.704785,-0.163693
2002-04-09,33.5900,0.657525,1.146126,0,-0.715049,-0.163563
2002-04-10,33.8400,0.662418,1.146305,0,-0.712928,-0.163433
2002-04-11,33.0000,0.645975,1.146483,0,-0.720054,-0.163302
2002-04-12,33.5200,0.656154,1.146662,0,-0.715643,-0.163172
2002-04-15,33.7900,0.661440,1.146840,0,-0.713353,-0.163042
2002-04-16,35.2000,0.689040,1.147019,0,-0.701391,-0.162912
2002-04-17,35.0200,0.685517,1.147197,0,-0.702918,-0.162781
2002-04-18,34.3500,0.672402,1.147376,0,-0.708602,-0.162651
2002-04-19,34.4600,0.674555,1.147554,0,-0.707669,-0.162521
2002-04-22,33.5900,0.657525,1.147733,0,-0.715049,-0.162390
2002-04-23,33.0100,0.646171,1.147912,0,-0.719969,-0.162260
2002-04-24,32.5000,0.636188,1.148090,0,-0.724296,-0.162130
2002-04-25,32.4200,0.634622,1.148269,0,-0.724975,-0.161999
2002-04-26,31.0400,0.607608,1.148448,0,-0.736681,-0.161869
2002-04-29,31.1200,0.609174,1.148626,0,-0.736003,-0.161738
2002-04-30,31.7300,0.621115,1.148805,0,-0.730828,-0.161608
2002-05-01,31.5600,0.617787,1.148984,0,-0.732270,-0.161477
2002-05-02,30.5100,0.597234,1.149163,0,-0.741177,-0.161347
2002-05-03,29.7400,0.582161,1.149342,0,-0.747710,-0.161216
2002-05-06,28.9700,0.567088,1.149521,0,-0.754242,-0.161086
2002-05-07,28.7000,0.561803,1.149700,0,-0.756532,-0.160955
2002-05-08,31.7700,0.621898,1.149879,0,-0.730489,-0.160825
2002-05-09,30.9500,0.605847,1.150057,0,-0.737445,-0.160694
2002-05-10,29.5600,0.578637,1.150236,0,-0.749237,-0.160563
2002-05-13,30.7600,0.602127,1.150416,0,-0.739057,-0.160433
2002-05-14,32.5700,0.637558,1.150595,0,-0.723702,-0.160302
2002-05-15,32.8100,0.642256,1.150774,0,-0.721666,-0.160171
2002-05-16,32.8600,0.643235,1.150953,0,-0.721242,-0.160041
2002-05-17,32.9300,0.644605,1.151132,0,-0.720648,-0.159910
2002-05-20,32.2100,0.630511,1.151311,0,-0.726756,-0.159779
2002-05-21,31.3300,0.613285,1.151490,0,-0.734221,-0.159648
2002-05-22,31.4000,0.614655,1.151670,0,-0.733627,-0.159517
2002-05-23,32.0300,0.626988,1.151849,0,-0.728283,-0.159387
2002-05-24,31.2400,0.611523,1.152028,0,-0.734985,-0.159256
2002-05-28,31.1000,0.608783,1.152207,0,-0.736172,-0.159125
2002-05-29,30.2800,0.592731,1.152387,0,-0.743129,-0.158994
2002-05-30,30.5400,0.597821,1.152566,0,-0.740923,-0.158863
2002-05-31,30.0400,0.588033,1.152746,0,-0.745165,-0.158732
2002-06-03,28.9800,0.567284,1.152925,0,-0.754157,-0.158601
2002-06-04,29.3600,0.574722,1.153104,0,-0.750933,-0.158470
2002-06-05,29.6600,0.580595,1.153284,0,-0.748388,-0.158339
2002-06-06,28.8800,0.565326,1.153463,0,-0.755005,-0.158208
2002-06-07,28.3000,0.553973,1.153643,0,-0.759925,-0.158077
2002-06-10,28.2500,0.552994,1.153822,0,-0.760350,-0.157946
2002-06-11,27.4600,0.537530,1.154002,0,-0.767051,-0.157815
2002-06-12,27.8600,0.545360,1.154182,0,-0.763658,-0.157684
2002-06-13,27.6800,0.541836,1.154361,0,-0.765185,-0.157553
2002-06-14,27.6200,0.540662,1.154541,0,-0.765694,-0.157422
2002-06-17,28.5600,0.559062,1.154721,0,-0.757720,-0.157291
2002-06-18,29.0200,0.568067,1.154900,0,-0.753817,-0.157160
2002-06-19,27.3400,0.535181,1.155080,0,-0.768069,-0.157028
2002-06-20,26.4600,0.517955,1.155260,0,-0.775534,-0.156897
2002-06-21,25.8200,0.505427,1.155440,0,-0.780964,-0.156766
2002-06-24,26.3300,0.515410,1.155620,0,-0.776637,-0.156635
2002-06-25,25.4600,0.498380,1.155800,0,-0.784018,-0.156503
2002-06-26,25.4500,0.498184,1.155979,0,-0.784102,-0.156372
2002-06-27,26.2100,0.513061,1.156159,0,-0.777655,-0.156241
2002-06-28,26.1000,0.510908,1.156339,0,-0.778588,-0.156110
2002-07-01,24.8500,0.486439,1.156519,0,-0.789192,-0.155978
2002-07-02,23.9500,0.468821,1.156699,0,-0.796827,-0.155847
2002-07-03,24.7500,0.484481,1.156879,0,-0.790041,-0.155715
2002-07-05,26.3400,0.515606,1.157059,0,-0.776552,-0.155584
2002-07-08,25.3800,0.496814,1.157240,0,-0.784696,-0.155453
2002-07-09,24.6600,0.482720,1.157420,0,-0.790804,-0.155321
2002-07-10,23.9000,0.467843,1.157600,0,-0.797251,-0.155190
2002-07-11,24.8000,0.485460,1.157780,0,-0.789617,-0.155058
2002-07-12,24.8000,0.485460,1.157960,0,-0.789617,-0.154927
2002-07-15,25.5700,0.500533,1.158140,0,-0.783084,-0.154795
2002-07-16,25.1900,0.493094,1.158321,0,-0.786308,-0.154664
2002-07-17,25.6500,0.502099,1.158501,0,-0.782406,-0.154532
2002-07-18,24.7300,0.484090,1.158681,0,-0.790210,-0.154400
2002-07-19,23.9900,0.469604,1.158862,0,-0.796488,-0.154269
2002-07-22,23.4000,0.458055,1.159042,0,-0.801493,-0.154137
2002-07-23,22.4000,0.438480,1.159222,0,-0.809976,-0.154005
2002-07-24,23.6200,0.462362,1.159403,0,-0.799627,-0.153874
2002-07-25,22.2500,0.435544,1.159583,0,-0.811249,-0.153742
2002-07-26,22.6700,0.443765,1.159764,0,-0.807686,-0.153610
2002-07-29,23.8300,0.466472,1.159944,0,-0.797845,-0.153479
2002-07-30,24.3100,0.475868,1.160125,0,-0.793773,-0.153347
2002-07-31,23.8500,0.466864,1.160305,0,-0.797676,-0.153215
2002-08-01,22.7300,0.444940,1.160486,0,-0.807177,-0.153083
2002-08-02,22.2500,0.435544,1.160667,0,-0.811249,-0.152951
2002-08-05,21.4400,0.419688,1.160847,0,-0.818120,-0.152820
2002-08-06,22.5000,0.440438,1.161028,0,-0.809128,-0.152688
2002-08-07,22.8000,0.446310,1.161209,0,-0.806583,-0.152556
2002-08-08,23.5700,0.461383,1.161389,0,-0.800051,-0.152424
2002-08-09,23.3300,0.456685,1.161570,0,-0.802087,-0.152292
2002-08-12,23.4000,0.458055,1.161751,0,-0.801493,-0.152160
2002-08-13,22.6000,0.442395,1.161932,0,-0.808280,-0.152028
2002-08-14,24.0400,0.470583,1.162113,0,-0.796064,-0.151896
2002-08-15,24.5300,0.480175,1.162294,0,-0.791907,-0.151764
2002-08-16,24.7000,0.483503,1.162475,0,-0.790465,-0.151632
2002-08-19,25.3000,0.495248,1.162655,0,-0.785375,-0.151500
2002-08-20,25.1900,0.493094,1.162836,0,-0.786308,-0.151368
2002-08-21,25.7500,0.504057,1.163017,0,-0.781558,-0.151236
2002-08-22,26.1600,0.512082,1.163198,0,-0.778079,-0.151104
2002-08-23,25.1500,0.492311,1.163379,0,-0.786647,-0.150972
2002-08-26,25.2500,0.494269,1.163561,0,-0.785799,-0.150839
2002-08-27,24.3700,0.477043,1.163742,0,-0.793264,-0.150707
2002-08-28,23.4800,0.459621,1.163923,0,-0.800814,-0.150575
2002-08-29,23.7900,0.465689,1.164104,0,-0.798185,-0.150443
2002-08-30,23.4900,0.459817,1.164285,0,-0.800730,-0.150311
2002-09-03,22.6400,0.443178,1.164466,0,-0.807940,-0.150178
2002-09-04,22.7300,0.444940,1.164648,0,-0.807177,-0.150046
2002-09-05,22.1700,0.433978,1.164829,0,-0.811927,-0.149914
2002-09-06,22.8500,0.447289,1.165010,0,-0.806159,-0.149782
2002-09-09,23.0800,0.451791,1.165192,0,-0.804208,-0.149649
2002-09-10,23.6500,0.462949,1.165373,0,-0.799372,-0.149517
2002-09-11,23.4500,0.459034,1.165554,0,-0.801069,-0.149384
2002-09-12,22.8100,0.446506,1.165736,0,-0.806498,-0.149252
2002-09-13,22.9900,0.450029,1.165917,0,-0.804971,-0.149120
2002-09-16,22.6600,0.443570,1.166099,0,-0.807771,-0.148987
2002-09-17,22.1800,0.434174,1.166280,0,-0.811843,-0.148855
2002-09-18,21.9300,0.429280,1.166462,0,-0.813963,-0.148722
2002-09-19,21.5800,0.422429,1.166643,0,-0.816932,-0.148590
2002-09-20,21.6700,0.424190,1.166825,0,-0.816169,-0.148457
2002-09-23,21.0200,0.411467,1.167006,0,-0.821683,-0.148325
2002-09-24,21.0300,0.411662,1.167188,0,-0.821598,-0.148192
2002-09-25,21.8700,0.428105,1.167370,0,-0.814472,-0.148060
2002-09-26,21.6000,0.422820,1.167551,0,-0.816763,-0.147927
2002-09-27,21.3100,0.417143,1.167733,0,-0.819223,-0.147794
2002-09-30,20.7200,0.405594,1.167915,0,-0.824228,-0.147662
2002-10-01,21.9800,0.430259,1.168097,0,-0.813539,-0.147529
2002-10-02,21.2500,0.415969,1.168279,0,-0.819732,-0.147396
2002-10-03,20.7400,0.405986,1.168460,0,-0.824058,-0.147264
2002-10-04,20.3500,0.398351,1.168642,0,-0.827367,-0.147131
2002-10-07,20.1600,0.394632,1.168824,0,-0.828979,-0.146998
2002-10-08,20.2000,0.395415,1.169006,0,-0.828639,-0.146865
2002-10-09,20.0600,0.392675,1.169188,0,-0.829827,-0.146733
2002-10-10,21.0800,0.412641,1.169370,0,-0.821174,-0.146600
2002-10-11,22.2200,0.434957,1.169552,0,-0.811503,-0.146467
2002-10-14,22.4800,0.440046,1.169734,0,-0.809298,-0.146334
2002-10-15,23.5600,0.461187,1.169916,0,-0.800136,-0.146201
2002-10-16,22.7800,0.445919,1.170098,0,-0.806753,-0.146068
2002-10-17,23.5500,0.460991,1.170280,0,-0.800221,-0.145935
2002-10-18,23.8100,0.466081,1.170463,0,-0.798015,-0.145802
2002-10-21,24.2900,0.475477,1.170645,0,-0.793943,-0.145670
2002-10-22,24.1400,0.472541,1.170827,0,-0.795215,-0.145537
2002-10-23,24.6000,0.481545,1.171009,0,-0.791313,-0.145404
2002-10-24,23.9800,0.469409,1.171191,0,-0.796573,-0.145271
2002-10-25,24.6200,0.481937,1.171374,0,-0.791144,-0.145137
2002-10-28,24.4900,0.479392,1.171556,0,-0.792246,-0.145004
2002-10-29,23.9200,0.468234,1.171738,0,-0.797082,-0.144871
2002-10-30,24.5600,0.480762,1.171921,0,-0.791653,-0.144738
2002-10-31,24.5500,0.480566,1.172103,0,-0.791737,-0.144605
2002-11-01,25.2500,0.494269,1.172286,0,-0.785799,-0.144472
2002-11-04,25.9000,0.506993,1.172468,0,-0.780285,-0.144339
2002-11-05,26.1000,0.510908,1.172651,0,-0.778588,-0.144206
2002-11-06,26.4700,0.518151,1.172833,0,-0.775450,-0.144072
2002-11-07,25.5400,0.499946,1.173016,0,-0.783339,-0.143939
2002-11-08,25.0700,0.490745,1.173198,0,-0.787326,-0.143806
2002-11-11,24.3100,0.475868,1.173381,0,-0.793773,-0.143673
2002-11-12,24.9300,0.488005,1.173563,0,-0.788514,-0.143539
2002-11-13,25.2300,0.493877,1.173746,0,-0.785969,-0.143406
2002-11-14,26.1000,0.510908,1.173929,0,-0.778588,-0.143273
2002-11-15,26.4400,0.517563,1.174112,0,-0.775704,-0.143139
2002-11-18,26.0500,0.509929,1.174294,0,-0.779013,-0.143006
2002-11-19,25.6500,0.502099,1.174477,0,-0.782406,-0.142873
2002-11-20,26.7400,0.523436,1.174660,0,-0.773159,-0.142739
2002-11-21,27.7300,0.542815,1.174843,0,-0.764761,-0.142606
2002-11-22,27.7200,0.542619,1.175026,0,-0.764846,-0.142472
2002-11-25,27.9900,0.547905,1.175209,0,-0.762555,-0.142339
2002-11-26,27.0500,0.529504,1.175391,0,-0.770529,-0.142205
2002-11-27,27.9100,0.546339,1.175574,0,-0.763234,-0.142072
2002-11-29,27.7200,0.542619,1.175757,0,-0.764846,-0.141938
2002-12-02,28.0000,0.548100,1.175940,0,-0.762470,-0.141805
2002-12-03,27.1700,0.531853,1.176123,0,-0.769511,-0.141671
2002-12-04,26.5700,0.520108,1.176306,0,-0.774601,-0.141538
2002-12-05,26.2000,0.512865,1.176490,0,-0.777740,-0.141404
2002-12-06,26.4700,0.518151,1.176673,0,-0.775450,-0.141270
2002-12-09,25.2200,0.493682,1.176856,0,-0.786054,-0.141137
2002-12-10,25.6000,0.501120,1.177039,0,-0.782830,-0.141003
2002-12-11,25.7200,0.503469,1.177222,0,-0.781812,-0.140869
2002-12-12,25.8600,0.506210,1.177405,0,-0.780624,-0.140736
2002-12-13,25.0400,0.490158,1.177589,0,-0.787581,-0.140602
2002-12-16,25.8500,0.506014,1.177772,0,-0.780709,-0.140468
2002-12-17,25.9300,0.507580,1.177955,0,-0.780031,-0.140334
2002-12-18,25.3800,0.496814,1.178139,0,-0.784696,-0.140200
2002-12-19,25.0600,0.490550,1.178322,0,-0.787411,-0.140067
2002-12-20,25.3200,0.495639,1.178505,0,-0.785205,-0.139933
2002-12-23,25.6700,0.502491,1.178689,0,-0.782236,-0.139799
2002-12-24,25.3500,0.496226,1.178872,0,-0.784951,-0.139665
2002-12-26,25.2800,0.494856,1.179056,0,-0.785545,-0.139531
2002-12-27,24.8200,0.485852,1.179239,0,-0.789447,-0.139397
2002-12-30,24.6300,0.482132,1.179423,0,-0.791059,-0.139263
2002-12-31,24.3700,0.477043,1.179606,0,-0.793264,-0.139129
2003-01-02,25.4000,0.497205,1.179790,0,-0.784527,-0.138995
2003-01-03,25.6800,0.502686,1.179974,0,-0.782151,-0.138861
2003-01-06,26.3200,0.515214,1.180157,0,-0.776722,-0.138727
2003-01-07,26.6500,0.521674,1.180341,0,-0.773923,-0.138593
2003-01-08,25.9000,0.506993,1.180525,0,-0.780285,-0.138459
2003-01-09,26.7000,0.522653,1.180709,0,-0.773498,-0.138325
2003-01-10,27.1000,0.530483,1.180892,0,-0.770105,-0.138191
2003-01-13,26.9400,0.527351,1.181076,0,-0.771463,-0.138057
2003-01-14,27.0800,0.530091,1.181260,0,-0.770275,-0.137923
2003-01-15,26.7400,0.523436,1.181444,0,-0.773159,-0.137788
2003-01-16,26.4400,0.517563,1.181628,0,-0.775704,-0.137654
2003-01-17,25.3100,0.495443,1.181812,0,-0.785290,-0.137520
2003-01-21,25.0300,0.489962,1.181996,0,-0.787665,-0.137386
2003-01-22,24.9300,0.488005,1.182180,0,-0.788514,-0.137251
2003-01-23,25.5100,0.499358,1.182364,0,-0.783593,-0.137117
2003-01-24,24.8200,0.485852,1.182548,0,-0.789447,-0.136983
2003-01-27,24.5300,0.480175,1.168146,1,-0.791907,-0.147493
2003-01-28,24.7800,0.485069,1.180051,1,-0.789786,-0.138805
2003-01-29,25.1500,0.492311,1.197671,1,-0.786647,-0.125946
2003-01-30,24.5400,0.480371,1.168622,1,-0.791822,-0.147145
2003-01-31,24.4400,0.478413,1.163860,1,-0.792671,-0.150621
2003-02-03,24.4900,0.479392,1.166241,1,-0.792246,-0.148883
2003-02-04,24.1900,0.473519,1.151955,1,-0.794791,-0.159309
2003-02-05,24.0800,0.471366,1.146717,1,-0.795724,-0.163132
2003-02-06,24.2100,0.473911,1.152907,1,-0.794622,-0.158614
2003-02-07,23.8100,0.466081,1.133859,1,-0.798015,-0.172516
2003-02-10,24.0200,0.470192,1.143859,1,-0.796233,-0.165217
2003-02-11,24.1500,0.472736,1.150050,1,-0.795131,-0.160699
2003-02-12,23.8200,0.466277,1.134335,1,-0.797930,-0.172168
2003-02-13,23.9400,0.468626,1.133944,0,-0.796912,-0.172453
2003-02-14,24.4900,0.479392,1.134121,0,-0.792246,-0.172324
2003-02-18,25.2500,0.494269,1.134298,0,-0.785799,-0.172196
2003-02-19,25.0800,0.490941,1.134474,0,-0.787241,-0.172067
2003-02-20,24.9800,0.488984,1.134651,0,-0.788090,-0.171938
2003-02-21,25.1700,0.492703,1.134827,0,-0.786478,-0.171809
2003-02-24,24.7400,0.484286,1.135004,0,-0.790126,-0.171680
2003-02-25,24.7700,0.484873,1.135181,0,-0.789871,-0.171551
2003-02-26,24.2200,0.474107,1.135357,0,-0.794537,-0.171422
2003-02-27,24.7700,0.484873,1.135534,0,-0.789871,-0.171293
2003-02-28,25.1600,0.492507,1.135711,0,-0.786563,-0.171164
2003-03-03,24.6500,0.482524,1.112133,1,-0.790889,-0.188371
2003-03-04,24.5000,0.479588,1.105366,1,-0.792162,-0.193310
2003-03-05,24.5500,0.480566,1.107622,1,-0.791737,-0.191664
2003-03-06,24.4900,0.479392,1.104914,1,-0.792246,-0.193639
2003-03-07,24.5400,0.480371,1.107170,1,-0.791822,-0.191993
2003-03-10,24.0100,0.469996,1.083258,1,-0.796318,-0.209444
2003-03-11,23.8000,0.465885,1.073784,1,-0.798100,-0.216358
2003-03-12,24.2300,0.474302,1.093184,1,-0.794452,-0.202200
2003-03-13,25.6200,0.501512,1.155897,1,-0.782660,-0.156433
2003-03-14,25.7200,0.503469,1.160408,1,-0.781812,-0.153140
2003-03-17,26.6000,0.520695,1.200111,1,-0.774347,-0.124165
2003-03-18,26.9300,0.527155,1.215000,1,-0.771547,-0.113299
2003-03-19,26.7000,0.522653,1.204623,1,-0.773498,-0.120872
2003-03-20,26.8000,0.524610,1.209135,1,-0.772650,-0.117580
2003-03-21,27.1700,0.531853,1.225828,1,-0.769511,-0.105397
2003-03-24,26.0400,0.509733,1.174846,1,-0.779097,-0.142604
2003-03-25,26.4100,0.516976,1.191539,1,-0.775959,-0.130421
2003-03-26,26.5600,0.519912,1.198307,1,-0.774686,-0.125482
2003-03-27,26.3700,0.516193,1.189734,1,-0.776298,-0.131738
2003-03-28,26.0800,0.510516,1.176650,1,-0.778758,-0.141287
2003-03-31,25.2500,0.494269,1.139203,1,-0.785799,-0.168615
2003-04-01,25.4500,0.498184,1.148227,1,-0.784102,-0.162030
2003-04-02,26.3600,0.515997,1.189283,1,-0.776383,-0.132067
2003-04-03,26.4800,0.518346,1.194697,1,-0.775365,-0.128116
2003-04-04,26.0500,0.509929,1.175297,1,-0.779013,-0.142274
2003-04-07,26.0900,0.510712,1.177102,1,-0.778673,-0.140957
2003-04-08,26.0600,0.510125,1.175748,1,-0.778928,-0.141945
2003-04-09,25.4600,0.498380,1.148678,1,-0.784018,-0.161701
2003-04-10,25.7700,0.504448,1.162664,1,-0.781388,-0.151494
2003-04-11,25.5100,0.499358,1.150934,1,-0.783593,-0.160054
2003-04-14,26.0300,0.509538,1.174395,1,-0.779182,-0.142933
2003-04-15,26.2800,0.514431,1.185674,1,-0.777061,-0.134701
2003-04-16,26.2200,0.513257,1.182967,1,-0.777570,-0.136677
2003-04-17,26.8200,0.525002,1.210037,1,-0.772480,-0.116921
2003-04-21,26.9200,0.526959,1.214549,1,-0.771632,-0.113629
2003-04-22,27.4300,0.536943,1.237558,1,-0.767306,-0.096836
2003-04-23,27.6300,0.540858,1.246582,1,-0.765609,-0.090251
2003-04-24,27.4800,0.537921,1.239814,1,-0.766882,-0.095190
2003-04-25,26.9500,0.527547,1.215902,1,-0.771378,-0.112641
2003-04-28,27.4800,0.537921,1.239814,1,-0.766882,-0.095190
2003-04-29,27.7300,0.542815,1.251093,1,-0.764761,-0.086958
2003-04-30,27.4500,0.537334,1.238461,1,-0.767136,-0.096178
2003-05-01,27.6900,0.542032,1.249289,1,-0.765100,-0.088275
2003-05-02,28.2800,0.553581,1.275908,1,-0.760095,-0.068849
2003-05-05,28.2500,0.552994,1.274554,1,-0.760350,-0.069837
2003-05-06,28.6100,0.560041,1.290796,1,-0.757296,-0.057983
2003-05-07,28.2900,0.553777,1.276359,1,-0.760010,-0.068520
2003-05-08,27.7700,0.543598,1.252898,1,-0.764421,-0.085641
2003-05-09,28.4100,0.556126,1.281773,1,-0.758992,-0.064569
2003-05-12,28.8400,0.564543,1.301173,1,-0.755344,-0.050410
2003-05-13,28.6600,0.561020,1.293052,1,-0.756871,-0.056337
2003-05-14,28.6000,0.559845,1.290345,1,-0.757380,-0.058313
2003-05-15,28.9200,0.566109,1.304783,1,-0.754666,-0.047776
2003-05-16,28.7000,0.561803,1.294857,1,-0.756532,-0.055020
2003-05-19,27.6900,0.542032,1.249289,1,-0.765100,-0.088275
2003-05-20,27.7700,0.543598,1.252898,1,-0.764421,-0.085641
2003-05-21,27.6900,0.542032,1.249289,1,-0.765100,-0.088275
2003-05-22,28.0900,0.549862,1.267336,1,-0.761707,-0.075105
2003-05-23,28.1000,0.550058,1.267787,1,-0.761622,-0.074776
2003-05-27,29.1000,0.569633,1.312904,1,-0.753139,-0.041850
2003-05-28,29.1900,0.571395,1.316964,1,-0.752375,-0.038886
2003-05-29,29.3100,0.573744,1.322378,1,-0.751357,-0.034935
2003-05-30,29.7900,0.583140,1.344034,1,-0.747285,-0.019131
2003-06-02,29.5800,0.579029,1.334560,1,-0.749067,-0.026045
2003-06-03,29.8600,0.584510,1.347193,1,-0.746692,-0.016826
2003-06-04,30.4200,0.595472,1.372458,1,-0.741941,0.000000
2003-06-05,30.6400,0.599778,1.382384,1,-0.740075,0.000000
2003-06-06,30.1300,0.589795,1.359374,1,-0.744401,-0.016645
2003-06-09,29.7300,0.581965,1.341327,1,-0.747794,-0.029700
2003-06-10,30.1800,0.590774,1.361630,1,-0.743977,-0.015013
2003-06-11,30.5200,0.597429,1.376970,1,-0.741093,-0.003916
2003-06-12,30.6500,0.599974,1.382835,1,-0.739990,0.000000
2003-06-13,29.9600,0.586467,1.351704,1,-0.745843,-0.022512
2003-06-16,30.8800,0.604476,1.393212,1,-0.738039,0.000000
2003-06-17,30.7600,0.602127,1.387798,1,-0.739057,-0.003886
2003-06-18,30.9200,0.605259,1.395017,1,-0.737699,0.000000
2003-06-19,30.4200,0.595472,1.372458,1,-0.741941,-0.016171
2003-06-20,30.3800,0.594689,1.370653,1,-0.742280,-0.017464
2003-06-23,29.9100,0.585489,1.349448,1,-0.746267,-0.032665
2003-06-24,29.6800,0.580986,1.339072,1,-0.748219,-0.040103
2003-06-25,29.5200,0.577854,1.331853,1,-0.749576,-0.045278
2003-06-26,30.2200,0.591557,1.363435,1,-0.743638,-0.022639
2003-06-27,29.8300,0.583923,1.345839,1,-0.746946,-0.035252
2003-06-30,29.9500,0.586272,1.351253,1,-0.745928,-0.031371
2003-07-01,30.3500,0.594102,1.369300,1,-0.742535,-0.018435
2003-07-02,30.9700,0.606238,1.397272,1,-0.737275,0.000000
2003-07-03,30.5800,0.598604,1.379677,1,-0.740584,-0.012593
2003-07-07,31.8900,0.624247,1.438780,1,-0.729471,0.000000
2003-07-08,32.2800,0.631881,1.456376,1,-0.726162,0.000000
2003-07-09,32.2000,0.630315,1.452766,1,-0.726841,-0.002478
2003-07-10,31.6000,0.618570,1.425696,1,-0.731931,-0.021066
2003-07-11,31.8400,0.623268,1.436524,1,-0.729895,-0.013631
2003-07-14,32.2200,0.630707,1.453669,1,-0.726671,-0.001859
2003-07-15,32.2600,0.631490,1.455473,1,-0.726332,-0.000620
2003-07-16,32.1600,0.629532,1.450962,1,-0.727180,-0.003717
2003-07-17,31.1800,0.610349,1.406747,1,-0.735494,-0.034077
2003-07-18,31.2800,0.612306,1.411259,1,-0.734645,-0.030979
2003-07-21,30.8800,0.604476,1.393212,1,-0.738039,-0.043371
2003-07-22,31.3400,0.613481,1.413966,1,-0.734136,-0.029120
2003-07-23,31.6000,0.618570,1.425696,1,-0.731931,-0.021066
2003-07-24,31.1800,0.610349,1.406747,1,-0.735494,-0.034077
2003-07-25,31.8000,0.622485,1.434720,1,-0.730234,-0.014870
2003-07-28,31.8900,0.624247,1.438780,1,-0.729471,-0.012082
2003-07-29,31.6500,0.619549,1.427952,1,-0.731507,-0.019517
2003-07-30,31.4200,0.615047,1.417575,1,-0.733458,-0.026642
2003-07-31,31.8000,0.622485,1.434720,1,-0.730234,-0.014870
2003-08-01,31.4600,0.615830,1.419380,1,-0.733118,-0.025403
2003-08-04,31.4500,0.615634,1.418929,1,-0.733203,-0.025713
2003-08-05,30.2100,0.591361,1.362984,1,-0.743722,-0.064126
2003-08-06,30.1900,0.590970,1.362081,1,-0.743892,-0.064746
2003-08-07,30.3100,0.593319,1.367495,1,-0.742874,-0.061029
2003-08-08,30.0700,0.588621,1.356667,1,-0.744910,-0.068463
2003-08-11,30.4000,0.595080,1.371556,1,-0.742111,-0.058240
2003-08-12,30.8600,0.604085,1.392310,1,-0.738208,-0.043990
2003-08-13,30.8700,0.604281,1.392761,1,-0.738124,-0.043680
2003-08-14,30.9000,0.604868,1.394114,1,-0.737869,-0.042751
2003-08-15,31.1700,0.610153,1.406296,1,-0.735579,-0.034387
2003-08-18,31.9700,0.625813,1.442389,1,-0.728792,-0.009603
2003-08-19,32.3700,0.633643,1.460436,1,-0.725399,0.000000
2003-08-20,32.2900,0.632077,1.456827,1,-0.726077,-0.002471
2003-08-21,32.6400,0.638928,1.472618,1,-0.723108,0.000000
2003-08-22,32.4400,0.635013,1.463594,1,-0.724805,-0.006127
2003-08-25,32.5100,0.636384,1.466753,1,-0.724211,-0.003983
2003-08-26,32.5400,0.636971,1.468106,1,-0.723957,-0.003064
2003-08-27,32.8000,0.642060,1.479836,1,-0.721751,0.000000
2003-08-28,33.0900,0.647737,1.492920,1,-0.719291,0.000000
2003-08-29,33.3900,0.653610,1.506455,1,-0.716746,0.000000
2003-09-02,33.8700,0.663006,1.528112,1,-0.712674,0.000000
2003-09-03,33.8500,0.662614,1.527209,1,-0.712844,-0.000590
2003-09-04,34.1600,0.668682,1.541196,1,-0.710214,0.000000
2003-09-05,33.9400,0.664376,1.531270,1,-0.712080,-0.006440
2003-09-08,34.5000,0.675338,1.556535,1,-0.707329,0.000000
2003-09-09,34.0900,0.667312,1.538037,1,-0.710808,-0.011884
2003-09-10,33.2700,0.651261,1.501041,1,-0.717764,-0.035652
2003-09-11,33.6400,0.658503,1.517735,1,-0.714625,-0.024928
2003-09-12,33.8200,0.662027,1.525856,1,-0.713098,-0.019710
2003-09-15,33.4900,0.655567,1.510967,1,-0.715898,-0.029275
2003-09-16,34.4000,0.673380,1.552024,1,-0.708178,-0.002899
2003-09-17,34.2600,0.670640,1.545707,1,-0.709365,-0.006957
2003-09-18,34.7800,0.680819,1.569168,1,-0.704954,0.000000
2003-09-19,34.5800,0.676904,1.560145,1,-0.706651,-0.005750
2003-09-22,33.9200,0.663984,1.530367,1,-0.712250,-0.024727
2003-09-23,34.5200,0.675729,1.557438,1,-0.707160,-0.007476
2003-09-24,33.2200,0.650282,1.498786,1,-0.718188,-0.044853
2003-09-25,32.7900,0.641865,1.479385,1,-0.721836,-0.057217
2003-09-26,32.5800,0.637754,1.469911,1,-0.723617,-0.063255
2003-09-29,33.1400,0.648716,1.495176,1,-0.718867,-0.047154
2003-09-30,32.4200,0.634622,1.462692,1,-0.724975,-0.067855
2003-10-01,33.1500,0.648912,1.495627,1,-0.718782,-0.046866
2003-10-02,33.2600,0.651065,1.500590,1,-0.717849,-0.043703
2003-10-03,34.1900,0.669270,1.542549,1,-0.709959,-0.016964
2003-10-06,34.4400,0.674163,1.553828,1,-0.707838,-0.009776
2003-10-07,34.6500,0.678274,1.563303,1,-0.706057,-0.003738
2003-10-08,34.4300,0.673968,1.553377,1,-0.707923,-0.010063
2003-10-09,34.6900,0.679057,1.565108,1,-0.705718,-0.002588
2003-10-10,35.0100,0.685321,1.579545,1,-0.703003,0.000000
2003-10-13,35.2400,0.689823,1.589922,1,-0.701052,0.000000
2003-10-14,35.3300,0.691585,1.593982,1,-0.700288,0.000000
2003-10-15,35.1800,0.688649,1.587215,1,-0.701561,-0.004246
2003-10-16,35.4600,0.694130,1.599848,1,-0.699186,0.000000
2003-10-17,34.6100,0.677491,1.561498,1,-0.706396,-0.023971
2003-10-20,35.0400,0.685908,1.580898,1,-0.702749,-0.011844
2003-10-21,35.2500,0.690019,1.590373,1,-0.700967,-0.005922
2003-10-22,34.5700,0.676708,1.559694,1,-0.706736,-0.025099
2003-10-23,34.1700,0.668878,1.541647,1,-0.710129,-0.036379
2003-10-24,34.2000,0.669465,1.543000,1,-0.709874,-0.035533
2003-10-27,34.2100,0.669661,1.543451,1,-0.709790,-0.035251
2003-10-28,35.3600,0.692172,1.595336,1,-0.700034,-0.002820
2003-10-29,35.3200,0.691389,1.593531,1,-0.700373,-0.003948
2003-10-30,35.3900,0.692760,1.596689,1,-0.699779,-0.001974
2003-10-31,35.1800,0.688649,1.587215,1,-0.701561,-0.007896
2003-11-03,35.7600,0.700002,1.613383,1,-0.696641,0.000000
2003-11-04,35.5200,0.695304,1.602555,1,-0.698677,-0.006711
2003-11-05,35.8400,0.701568,1.616992,1,-0.695962,0.000000
2003-11-06,35.9400,0.703526,1.621504,1,-0.695114,0.000000
2003-11-07,35.6300,0.697458,1.607517,1,-0.697743,-0.008625
2003-11-10,35.1900,0.688845,1.587666,1,-0.701476,-0.020868
2003-11-11,35.0600,0.686300,1.581801,1,-0.702579,-0.024485
2003-11-12,35.8100,0.700981,1.615639,1,-0.696216,-0.003617
2003-11-13,35.7700,0.700198,1.613834,1,-0.696556,-0.004730
2003-11-14,35.0400,0.685908,1.580898,1,-0.702749,-0.025042
2003-11-17,34.6800,0.678861,1.564656,1,-0.705803,-0.035058
2003-11-18,33.8800,0.663201,1.528563,1,-0.712589,-0.057318
2003-11-19,34.2100,0.669661,1.543451,1,-0.709790,-0.048136
2003-11-20,33.8800,0.663201,1.528563,1,-0.712589,-0.057318
2003-11-21,34.2300,0.670053,1.544354,1,-0.709620,-0.047579
2003-11-24,35.1800,0.688649,1.587215,1,-0.701561,-0.021146
2003-11-25,35.1800,0.688649,1.587215,1,-0.701561,-0.021146
2003-11-26,35.3400,0.691781,1.594434,1,-0.700204,-0.016694
2003-11-28,35.3800,0.692564,1.596238,1,-0.699864,-0.015582
2003-12-01,35.9000,0.702743,1.619699,1,-0.695453,-0.001113
2003-12-02,35.7000,0.698828,1.610676,1,-0.697150,-0.006678
2003-12-03,35.2500,0.690019,1.590373,1,-0.700967,-0.019199
2003-12-04,35.6300,0.697458,1.607517,1,-0.697743,-0.008625
2003-12-05,35.0400,0.685908,1.580898,1,-0.702749,-0.025042
2003-12-08,35.2300,0.689628,1.589471,1,-0.701137,-0.019755
2003-12-09,34.4300,0.673968,1.553377,1,-0.707923,-0.042014
2003-12-10,34.5600,0.676512,1.559242,1,-0.706820,-0.038397
2003-12-11,35.3000,0.690998,1.592629,1,-0.700543,-0.017807
2003-12-12,35.2400,0.689823,1.589922,1,-0.701052,-0.019477
2003-12-15,34.7800,0.680819,1.569168,1,-0.704954,-0.032276
2003-12-16,34.8500,0.682189,1.572326,1,-0.704360,-0.030328
2003-12-17,34.9100,0.683364,1.575033,1,-0.703851,-0.028659
2003-12-18,35.5600,0.696087,1.604359,1,-0.698337,-0.010573
2003-12-19,35.4600,0.694130,1.599848,1,-0.699186,-0.013356
2003-12-22,35.5700,0.696283,1.604810,1,-0.698252,-0.010295
2003-12-23,35.8400,0.701568,1.616992,1,-0.695962,-0.002782
2003-12-24,35.9000,0.702743,1.619699,1,-0.695453,-0.001113
2003-12-26,35.8500,0.701764,1.617443,1,-0.695877,-0.002504
2003-12-29,36.4400,0.713313,1.644062,1,-0.690872,0.000000
2003-12-30,36.5600,0.715662,1.649476,1,-0.689854,0.000000
2003-12-31,36.4600,0.713705,1.644965,1,-0.690702,-0.002735
2004-01-02,36.3600,0.711747,1.640453,1,-0.691551,-0.005470
2004-01-05,37.0900,0.726037,1.673388,1,-0.685358,0.000000
2004-01-06,37.3400,0.730931,1.684668,1,-0.683237,0.000000
2004-01-07,37.6800,0.737586,1.700007,1,-0.680353,0.000000
2004-01-08,37.9800,0.743459,1.713542,1,-0.677808,0.000000
2004-01-09,37.7300,0.738565,1.702263,1,-0.679929,-0.006582
2004-01-12,38.3300,0.750310,1.729333,1,-0.674839,0.000000
2004-01-13,37.9500,0.742872,1.712189,1,-0.678062,-0.009914
2004-01-14,38.0800,0.745416,1.718054,1,-0.676960,-0.006522
2004-01-15,38.1800,0.747374,1.722566,1,-0.676111,-0.003913
2004-01-16,38.5700,0.755008,1.740161,1,-0.672803,0.000000
2004-01-20,38.5400,0.754421,1.738808,1,-0.673057,-0.000778
2004-01-21,38.3800,0.751289,1.731589,1,-0.674415,-0.004926
2004-01-22,38.1500,0.746787,1.721212,1,-0.676366,-0.010889
2004-01-23,38.0100,0.744046,1.714896,1,-0.677553,-0.014519
2004-01-26,38.5900,0.755400,1.741064,1,-0.672633,0.000000
2004-01-27,37.7400,0.738761,1.702714,1,-0.679844,-0.022026
2004-01-28,37.1000,0.726233,1.673839,1,-0.685273,-0.038611
2004-01-29,37.2400,0.728973,1.680156,1,-0.684086,-0.034983
2004-01-30,37.0700,0.725646,1.672486,1,-0.685528,-0.039388
2004-02-02,36.9700,0.723688,1.667974,1,-0.686376,-0.041980
2004-02-03,36.9300,0.722905,1.666170,1,-0.686715,-0.043016
2004-02-04,36.3300,0.711160,1.639099,1,-0.691805,-0.058564
2004-02-05,36.4700,0.713901,1.645416,1,-0.690618,-0.054937
2004-02-06,37.1300,0.726820,1.675193,1,-0.685019,-0.037834
2004-02-09,37.1200,0.726624,1.674742,1,-0.685103,-0.038093
2004-02-10,37.1800,0.727799,1.677449,1,-0.684595,-0.036538
2004-02-11,37.5800,0.735629,1.695496,1,-0.681201,-0.026173
2004-02-12,37.2400,0.728973,1.680156,1,-0.684086,-0.034983
2004-02-13,36.9400,0.723101,1.666621,1,-0.686630,-0.042757
2004-02-17,37.4400,0.732888,1.689179,1,-0.682389,-0.029800
2004-02-18,37.5500,0.735042,1.694142,1,-0.681456,-0.026950
2004-02-19,36.9800,0.723884,1.668425,1,-0.686291,-0.041721
2004-02-20,36.8600,0.721535,1.663011,1,-0.687309,-0.044830
2004-02-23,36.4500,0.713509,1.644513,1,-0.690787,-0.055455
2004-02-24,36.3600,0.711747,1.640453,1,-0.691551,-0.057787
2004-02-25,36.5800,0.716054,1.650379,1,-0.689684,-0.052086
2004-02-26,36.6700,0.717816,1.654439,1,-0.688921,-0.049754
2004-02-27,36.5700,0.715858,1.649927,1,-0.689769,-0.052345
2004-03-01,37.0500,0.725254,1.671584,1,-0.685697,-0.039907
2004-03-02,36.6200,0.716837,1.652183,1,-0.689345,-0.051049
2004-03-03,36.4200,0.712922,1.643160,1,-0.691042,-0.056232
2004-03-04,36.7600,0.719577,1.658500,1,-0.688157,-0.047422
2004-03-05,36.6300,0.717033,1.652634,1,-0.689260,-0.050790
2004-03-08,35.7700,0.700198,1.613834,1,-0.696556,-0.073076
2004-03-09,35.6600,0.698045,1.608871,1,-0.697489,-0.075926
2004-03-10,35.1900,0.688845,1.587666,1,-0.701476,-0.088106
2004-03-11,34.8700,0.682581,1.573229,1,-0.704191,-0.096398
2004-03-12,35.5100,0.695109,1.602103,1,-0.698761,-0.079813
2004-03-15,34.8900,0.682972,1.574131,1,-0.704021,-0.095880
2004-03-16,34.9500,0.684147,1.576838,1,-0.703512,-0.094325
2004-03-17,35.5000,0.694913,1.601652,1,-0.698846,-0.080073
2004-03-18,35.3400,0.691781,1.594434,1,-0.700204,-0.084219
2004-03-19,34.7500,0.680232,1.567815,1,-0.705209,-0.099508
2004-03-22,34.3100,0.671619,1.547963,1,-0.708941,-0.110910
2004-03-23,34.0300,0.666138,1.535330,1,-0.711317,-0.118165
2004-03-24,34.4200,0.673772,1.552926,1,-0.708008,-0.108059
2004-03-25,35.3400,0.691781,1.594434,1,-0.700204,-0.084219
2004-03-26,35.2200,0.689432,1.589020,1,-0.701222,-0.087328
2004-03-29,35.7900,0.700590,1.614736,1,-0.696386,-0.072558
2004-03-30,35.9100,0.702939,1.620150,1,-0.695368,-0.069448
2004-03-31,35.8400,0.701568,1.616992,1,-0.695962,-0.071262
2004-04-01,36.1600,0.707832,1.631429,1,-0.693247,-0.062970
2004-04-02,37.1000,0.726233,1.673839,1,-0.685273,-0.038611
2004-04-05,37.4500,0.733084,1.689630,1,-0.682304,-0.029541
2004-04-06,36.9800,0.723884,1.668425,1,-0.686291,-0.041721
2004-04-07,36.9400,0.723101,1.666621,1,-0.686630,-0.042757
2004-04-08,36.9400,0.723101,1.666621,1,-0.686630,-0.042757
2004-04-12,37.1700,0.727603,1.676998,1,-0.684679,-0.036797
2004-04-13,36.6300,0.717033,1.652634,1,-0.689260,-0.050790
2004-04-14,36.8100,0.720556,1.660756,1,-0.687733,-0.046126
2004-04-15,36.1500,0.707637,1.630978,1,-0.693332,-0.063229
2004-04-16,36.0900,0.706462,1.628271,1,-0.693841,-0.064784
2004-04-19,36.5300,0.715075,1.648123,1,-0.690109,-0.053382
2004-04-20,35.6800,0.698436,1.609773,1,-0.697319,-0.075408
2004-04-21,35.9900,0.704505,1.623760,1,-0.694690,-0.067375
2004-04-22,36.9200,0.722709,1.665718,1,-0.686800,-0.043275
2004-04-23,37.2100,0.728386,1.678802,1,-0.684340,-0.035761
2004-04-26,36.9400,0.723101,1.666621,1,-0.686630,-0.042757
2004-04-27,36.8700,0.721731,1.663463,1,-0.687224,-0.044571
2004-04-28,36.2000,0.708615,1.633234,1,-0.692908,-0.061933
2004-04-29,35.6400,0.697653,1.607969,1,-0.697659,-0.076445
2004-04-30,34.7700,0.680623,1.568717,1,-0.705039,-0.098989
2004-05-03,35.1000,0.687083,1.583606,1,-0.702240,-0.090438
2004-05-04,35.2500,0.690019,1.590373,1,-0.700967,-0.086551
2004-05-05,35.5300,0.695500,1.603006,1,-0.698592,-0.079295
2004-05-06,35.2600,0.690215,1.590824,1,-0.700882,-0.086292
2004-05-07,34.9700,0.684538,1.577740,1,-0.703342,-0.093807
2004-05-10,34.6700,0.678666,1.564205,1,-0.705887,-0.101581
2004-05-11,35.1900,0.688845,1.587666,1,-0.701476,-0.088106
2004-05-12,35.2600,0.690215,1.590824,1,-0.700882,-0.086292
2004-05-13,35.0100,0.685321,1.579545,1,-0.703003,-0.092770
2004-05-14,34.7500,0.680232,1.567815,1,-0.705209,-0.099508
2004-05-17,34.4200,0.673772,1.552926,1,-0.708008,-0.108059
2004-05-18,34.7300,0.679840,1.566912,1,-0.705378,-0.100026
2004-05-19,34.6900,0.679057,1.565108,1,-0.705718,-0.101062
2004-05-20,34.8500,0.682189,1.572326,1,-0.704360,-0.096916
2004-05-21,35.0200,0.685517,1.579996,1,-0.702918,-0.092511
2004-05-24,35.2600,0.690215,1.590824,1,-0.700882,-0.086292
2004-05-25,35.9600,0.703917,1.622406,1,-0.694944,-0.068152
2004-05-26,36.1900,0.708420,1.632783,1,-0.692993,-0.062192
2004-05-27,36.4200,0.712922,1.643160,1,-0.691042,-0.056232
2004-05-28,36.5500,0.715467,1.649025,1,-0.689939,-0.052863
2004-06-01,36.5000,0.714488,1.646769,1,-0.690363,-0.054159
2004-06-02,36.4200,0.712922,1.643160,1,-0.691042,-0.056232
2004-06-03,35.9800,0.704309,1.623308,1,-0.694774,-0.067634
2004-06-04,36.1900,0.708420,1.632783,1,-0.692993,-0.062192
2004-06-07,37.0500,0.725254,1.671584,1,-0.685697,-0.039907
2004-06-08,37.1000,0.726233,1.673839,1,-0.685273,-0.038611
2004-06-09,36.5800,0.716054,1.650379,1,-0.689684,-0.052086
2004-06-10,36.8400,0.721143,1.662109,1,-0.687479,-0.045349
2004-06-14,36.3200,0.710964,1.638648,1,-0.691890,-0.058824
2004-06-15,36.7900,0.720165,1.659853,1,-0.687903,-0.046644
2004-06-16,36.7300,0.718990,1.657146,1,-0.688412,-0.048199
2004-06-17,36.3900,0.712335,1.641806,1,-0.691296,-0.057010
2004-06-18,36.4400,0.713313,1.644062,1,-0.690872,-0.055714
2004-06-21,36.1500,0.707637,1.630978,1,-0.693332,-0.063229
2004-06-22,36.6800,0.718011,1.654890,1,-0.688836,-0.049495
2004-06-23,37.1200,0.726624,1.674742,1,-0.685103,-0.038093
2004-06-24,37.0500,0.725254,1.671584,1,-0.685697,-0.039907
2004-06-25,37.3300,0.730735,1.684216,1,-0.683322,-0.032651
2004-06-28,37.0200,0.724667,1.670230,1,-0.685952,-0.040684
2004-06-29,37.3700,0.731518,1.686021,1,-0.682983,-0.031614
2004-06-30,37.7400,0.738761,1.702714,1,-0.679844,-0.022026
2004-07-01,37.0400,0.725058,1.671132,1,-0.685782,-0.040166
2004-07-02,36.8200,0.720752,1.661207,1,-0.687648,-0.045867
2004-07-06,36.0300,0.705288,1.625564,1,-0.694350,-0.066338
2004-07-07,36.1000,0.706658,1.628722,1,-0.693756,-0.064524
2004-07-08,35.7000,0.698828,1.610676,1,-0.697150,-0.074890
2004-07-09,35.7500,0.699807,1.612932,1,-0.696725,-0.073594
2004-07-12,35.6000,0.696870,1.606164,1,-0.697998,-0.077481
2004-07-13,35.5500,0.695892,1.603908,1,-0.698422,-0.078777
2004-07-14,35.1900,0.688845,1.587666,1,-0.701476,-0.088106
2004-07-15,35.0700,0.686496,1.582252,1,-0.702494,-0.091215
2004-07-16,34.6700,0.678666,1.564205,1,-0.705887,-0.101581
2004-07-19,34.6000,0.677295,1.561047,1,-0.706481,-0.103395
2004-07-20,35.4300,0.693543,1.598494,1,-0.699440,-0.081886
2004-07-21,34.4000,0.673380,1.552024,1,-0.708178,-0.108577
2004-07-22,34.8700,0.682581,1.551489,0,-0.704191,-0.108884
2004-07-23,34.2100,0.669661,1.551731,0,-0.709790,-0.108746
2004-07-26,34.0600,0.666725,1.551972,0,-0.711062,-0.108607
2004-07-27,34.5300,0.675925,1.552214,0,-0.707075,-0.108468
2004-07-28,34.3800,0.672989,1.552455,0,-0.708347,-0.108329
2004-07-29,34.7800,0.680819,1.552697,0,-0.704954,-0.108191
2004-07-30,34.8900,0.682972,1.552939,0,-0.704021,-0.108052
2004-08-02,34.9600,0.684342,1.553180,0,-0.703427,-0.107913
2004-08-03,34.2300,0.670053,1.553422,0,-0.709620,-0.107774
2004-08-04,34.2400,0.670248,1.553664,0,-0.709535,-0.107635
2004-08-05,33.6000,0.657720,1.553906,0,-0.714964,-0.107496
2004-08-06,32.7200,0.640494,1.554148,0,-0.722430,-0.107357
2004-08-09,32.8000,0.642060,1.554389,0,-0.721751,-0.107219
2004-08-10,33.2100,0.650086,1.554631,0,-0.718273,-0.107080
2004-08-11,32.9200,0.644409,1.554873,0,-0.720733,-0.106941
2004-08-12,32.4700,0.635601,1.555115,0,-0.724550,-0.106802
2004-08-13,32.5200,0.636579,1.555357,0,-0.724126,-0.106663
2004-08-16,32.8900,0.643822,1.555599,0,-0.720987,-0.106524
2004-08-17,33.2600,0.651065,1.555842,0,-0.717849,-0.106384
2004-08-18,33.8500,0.662614,1.556084,0,-0.712844,-0.106245
2004-08-19,33.6700,0.659091,1.556326,0,-0.714371,-0.106106
2004-08-20,34.0100,0.665746,1.556568,0,-0.711486,-0.105967
2004-08-23,34.0900,0.667312,1.556811,0,-0.710808,-0.105828
2004-08-24,34.0800,0.667116,1.557053,0,-0.710892,-0.105689
2004-08-25,34.5500,0.676317,1.557295,0,-0.706905,-0.105550
2004-08-26,34.4000,0.673380,1.557538,0,-0.708178,-0.105410
2004-08-27,34.5600,0.676512,1.557780,0,-0.706820,-0.105271
2004-08-30,33.9800,0.665159,1.558022,0,-0.711741,-0.105132
2004-08-31,34.0200,0.665942,1.558265,0,-0.711401,-0.104993
2004-09-01,34.2700,0.670836,1.558508,0,-0.709281,-0.104853
2004-09-02,34.7800,0.680819,1.558750,0,-0.704954,-0.104714
2004-09-03,34.1400,0.668291,1.558993,0,-0.710383,-0.104575
2004-09-07,34.4300,0.673968,1.559235,0,-0.707923,-0.104435
2004-09-08,34.3000,0.671423,1.559478,0,-0.709026,-0.104296
2004-09-09,34.5900,0.677100,1.559721,0,-0.706566,-0.104156
2004-09-10,35.1200,0.687474,1.559964,0,-0.702070,-0.104017
2004-09-13,35.5800,0.696479,1.560206,0,-0.698168,-0.103877
2004-09-14,35.6300,0.697458,1.560449,0,-0.697743,-0.103738
2004-09-15,35.2500,0.690019,1.560692,0,-0.700967,-0.103599
2004-09-16,35.3200,0.691389,1.560935,0,-0.700373,-0.103459
2004-09-17,35.4300,0.693543,1.561178,0,-0.699440,-0.103319
2004-09-20,35.4300,0.693543,1.561421,0,-0.699440,-0.103180
2004-09-21,35.5700,0.696283,1.561664,0,-0.698252,-0.103040
2004-09-22,34.9500,0.684147,1.561907,0,-0.703512,-0.102901
2004-09-23,34.9200,0.683559,1.562150,0,-0.703767,-0.102761
2004-09-24,34.8000,0.681210,1.562393,0,-0.704785,-0.102621
2004-09-27,34.5000,0.675338,1.562637,0,-0.707329,-0.102482
2004-09-28,34.5700,0.676708,1.562880,0,-0.706736,-0.102342
2004-09-29,35.0800,0.686691,1.563123,0,-0.702409,-0.102202
2004-09-30,35.1400,0.687866,1.563366,0,-0.701900,-0.102063
2004-10-01,36.1000,0.706658,1.563610,0,-0.693756,-0.101923
2004-10-04,36.3100,0.710769,1.563853,0,-0.691975,-0.101783
2004-10-05,36.3600,0.711747,1.564096,0,-0.691551,-0.101643
2004-10-06,36.6500,0.717424,1.564340,0,-0.689091,-0.101503
2004-10-07,36.2400,0.709398,1.564583,0,-0.692569,-0.101363
2004-10-08,35.5800,0.696479,1.564827,0,-0.698168,-0.101224
2004-10-11,35.7500,0.699807,1.565071,0,-0.696725,-0.101084
2004-10-12,35.6900,0.698632,1.565314,0,-0.697234,-0.100944
2004-10-13,35.6100,0.697066,1.565558,0,-0.697913,-0.100804
2004-10-14,35.4500,0.693934,1.565801,0,-0.699270,-0.100664
2004-10-15,35.6300,0.697458,1.566045,0,-0.697743,-0.100524
2004-10-18,36.1400,0.707441,1.566289,0,-0.693417,-0.100384
2004-10-19,35.8800,0.702351,1.566533,0,-0.695623,-0.100244
2004-10-20,36.0500,0.705679,1.566777,0,-0.694181,-0.100104
2004-10-21,36.6000,0.716445,1.567020,0,-0.689515,-0.099964
2004-10-22,35.8000,0.700785,1.567264,0,-0.696301,-0.099824
2004-10-25,35.6300,0.697458,1.567508,0,-0.697743,-0.099684
2004-10-26,35.8200,0.701177,1.567752,0,-0.696132,-0.099543
2004-10-27,36.7300,0.718990,1.567996,0,-0.688412,-0.099403
2004-10-28,36.9600,0.723492,1.568240,0,-0.686461,-0.099263
2004-10-29,36.9000,0.722318,1.568484,0,-0.686970,-0.099123
2004-11-01,37.0400,0.725058,1.568729,0,-0.685782,-0.098983
2004-11-02,37.1600,0.727407,1.568973,0,-0.684764,-0.098842
2004-11-03,37.4100,0.732301,1.569217,0,-0.682643,-0.098702
2004-11-04,37.6200,0.736412,1.569461,0,-0.680862,-0.098562
2004-11-05,37.9600,0.743067,1.569705,0,-0.677978,-0.098422
2004-11-08,38.0000,0.743850,1.569950,0,-0.677638,-0.098281
2004-11-09,37.9200,0.742284,1.570194,0,-0.678317,-0.098141
2004-11-10,37.7900,0.739740,1.564029,1,-0.679420,-0.101682
2004-11-11,38.2900,0.749527,1.584722,1,-0.675178,-0.089796
2004-11-12,38.6600,0.756770,1.600036,1,-0.672039,-0.081001
2004-11-15,38.8300,0.760098,1.607072,1,-0.670597,-0.076960
2004-11-16,38.5900,0.755400,1.597139,1,-0.672633,-0.082665
2004-11-17,39.1100,0.765579,1.618660,1,-0.668222,-0.070304
2004-11-18,39.2900,0.769102,1.626110,1,-0.666695,-0.066025
2004-11-19,38.6800,0.757161,1.600863,1,-0.671870,-0.080526
2004-11-22,39.0500,0.764404,1.616177,1,-0.668731,-0.071730
2004-11-23,38.9900,0.763230,1.613694,1,-0.669240,-0.073157
2004-11-24,39.3300,0.769885,1.627765,1,-0.666356,-0.065074
2004-11-26,39.2100,0.767536,1.622799,1,-0.667374,-0.067927
2004-11-29,39.2000,0.767340,1.622385,1,-0.667458,-0.068165
2004-11-30,39.1200,0.765774,1.619074,1,-0.668137,-0.070066
2004-12-01,39.9200,0.781434,1.652184,1,-0.661351,-0.051049
2004-12-02,40.0700,0.784371,1.658392,1,-0.660078,-0.047484
2004-12-03,40.1300,0.785545,1.660875,1,-0.659569,-0.046057
2004-12-06,40.2700,0.788286,1.666669,1,-0.658381,-0.042729
2004-12-07,39.5800,0.774779,1.638112,1,-0.664235,-0.059131
2004-12-08,39.8100,0.779281,1.647631,1,-0.662284,-0.053664
2004-12-09,40.0500,0.783979,1.657564,1,-0.660248,-0.047959
2004-12-10,39.9300,0.781630,1.652598,1,-0.661266,-0.050812
2004-12-13,40.2800,0.788481,1.667083,1,-0.658297,-0.042492
2004-12-14,40.4800,0.792396,1.675361,1,-0.656600,-0.037737
2004-12-15,40.3300,0.789460,1.669153,1,-0.657872,-0.041303
2004-12-16,39.9500,0.782022,1.653425,1,-0.661096,-0.050336
2004-12-17,39.4800,0.772821,1.633973,1,-0.665083,-0.061509
2004-12-20,39.2000,0.767340,1.622385,1,-0.667458,-0.068165
2004-12-21,39.6800,0.776736,1.642251,1,-0.663386,-0.056754
2004-12-22,39.7300,0.777715,1.644320,1,-0.662962,-0.055566
2004-12-23,39.7600,0.778302,1.645562,1,-0.662708,-0.054853
2004-12-27,39.5900,0.774975,1.638526,1,-0.664150,-0.058894
2004-12-28,39.9700,0.782413,1.654253,1,-0.660926,-0.049861
2004-12-29,40.0200,0.783392,1.656323,1,-0.660502,-0.048672
2004-12-30,39.9900,0.782805,1.655081,1,-0.660757,-0.049385
2004-12-31,39.9100,0.781239,1.651770,1,-0.661435,-0.051287
2005-01-03,39.5000,0.773213,1.634801,1,-0.664913,-0.061033
2005-01-04,38.7800,0.759119,1.605002,1,-0.671021,-0.078149
2005-01-05,38.5400,0.754421,1.595069,1,-0.673057,-0.083854
2005-01-06,38.3500,0.750702,1.587206,1,-0.674669,-0.088370
2005-01-07,38.5500,0.754617,1.595483,1,-0.672973,-0.083616
2005-01-10,38.5300,0.754225,1.594655,1,-0.673142,-0.084091
2005-01-11,38.2600,0.748940,1.583481,1,-0.675433,-0.090510
2005-01-12,38.5800,0.755204,1.596725,1,-0.672718,-0.082903
2005-01-13,38.0700,0.745221,1.575617,1,-0.677044,-0.095026
2005-01-14,38.4300,0.752268,1.590517,1,-0.673990,-0.086468
2005-01-18,38.7200,0.757944,1.602519,1,-0.671530,-0.079575
2005-01-19,38.0800,0.745416,1.576031,1,-0.676960,-0.094788
2005-01-20,37.3500,0.731127,1.545818,1,-0.683152,-0.112141
2005-01-21,37.0500,0.725254,1.533402,1,-0.685697,-0.119273
2005-01-24,36.5300,0.715075,1.511881,1,-0.690109,-0.131634
2005-01-25,36.7100,0.718599,1.519330,1,-0.688582,-0.127355
2005-01-26,37.1500,0.727212,1.537541,1,-0.684849,-0.116896
2005-01-27,37.1000,0.726233,1.535471,1,-0.685273,-0.118084
2005-01-28,36.9200,0.722709,1.528022,1,-0.686800,-0.122363
2005-01-31,37.4000,0.732105,1.547888,1,-0.682728,-0.110953
2005-02-01,37.5200,0.734454,1.552854,1,-0.681710,-0.108100
2005-02-02,37.5800,0.735629,1.555337,1,-0.681201,-0.106674
2005-02-03,37.1500,0.727212,1.537541,1,-0.684849,-0.116896
2005-02-04,37.7500,0.738957,1.562373,1,-0.679759,-0.102633
2005-02-07,37.6700,0.737391,1.559062,1,-0.680438,-0.104535
2005-02-08,37.7400,0.738761,1.561959,1,-0.679844,-0.102871
2005-02-09,37.1100,0.726429,1.535885,1,-0.685188,-0.117847
2005-02-10,37.1500,0.727212,1.537541,1,-0.684849,-0.116896
2005-02-11,37.7000,0.737978,1.560304,1,-0.680183,-0.103822
2005-02-14,37.8700,0.741306,1.567340,1,-0.678741,-0.099780
2005-02-15,38.1200,0.746199,1.577687,1,-0.676620,-0.093838
2005-02-16,37.9800,0.743459,1.571892,1,-0.677808,-0.097166
2005-02-17,37.4700,0.733476,1.550785,1,-0.682134,-0.109289
2005-02-18,37.3500,0.731127,1.545818,1,-0.683152,-0.112141
2005-02-22,36.8900,0.722122,1.526780,1,-0.687055,-0.123076
2005-02-23,36.9400,0.723101,1.528849,1,-0.686630,-0.121888
2005-02-24,37.4100,0.732301,1.548301,1,-0.682643,-0.110715
2005-02-25,37.6200,0.736412,1.556993,1,-0.680862,-0.105723
2005-02-28,37.2200,0.728582,1.540438,1,-0.684255,-0.115232
2005-03-01,37.6300,0.736608,1.557407,1,-0.680777,-0.105486
2005-03-02,37.6100,0.736216,1.556579,1,-0.680947,-0.105961
2005-03-03,37.3000,0.730148,1.543749,1,-0.683577,-0.113330
2005-03-04,37.5200,0.734454,1.552854,1,-0.681710,-0.108100
2005-03-07,38.0600,0.745025,1.575203,1,-0.677129,-0.095264
2005-03-08,37.6800,0.737586,1.559476,1,-0.680353,-0.104297
2005-03-09,37.5700,0.735433,1.554923,1,-0.681286,-0.106912
2005-03-10,37.5200,0.734454,1.552854,1,-0.681710,-0.108100
2005-03-11,37.1700,0.727603,1.538369,1,-0.684679,-0.116420
2005-03-14,37.3400,0.730931,1.545404,1,-0.683237,-0.112379
2005-03-15,37.0400,0.725058,1.532988,1,-0.685782,-0.119511
2005-03-16,36.6200,0.716837,1.515605,1,-0.689345,-0.129495
2005-03-17,36.7100,0.718599,1.519330,1,-0.688582,-0.127355
2005-03-18,36.5100,0.714684,1.511053,1,-0.690278,-0.132109
2005-03-21,36.5800,0.716054,1.513950,1,-0.689684,-0.130445
2005-03-22,36.1300,0.707245,1.495326,1,-0.693502,-0.141142
2005-03-23,36.2600,0.709790,1.500706,1,-0.692399,-0.138052
2005-03-24,36.2700,0.709986,1.501120,1,-0.692314,-0.137815
2005-03-28,36.3400,0.711356,1.504017,1,-0.691720,-0.136151
2005-03-29,36.0500,0.705679,1.492015,1,-0.694181,-0.143044
2005-03-30,36.7300,0.718990,1.520158,1,-0.688412,-0.126880
2005-03-31,36.5700,0.715858,1.513536,1,-0.689769,-0.130683
2005-04-01,36.2000,0.708615,1.498223,1,-0.692908,-0.139478
2005-04-04,36.4600,0.713705,1.508983,1,-0.690702,-0.133298
2005-04-05,36.5600,0.715662,1.513122,1,-0.689854,-0.130921
2005-04-06,36.5000,0.714488,1.510639,1,-0.690363,-0.132347
2005-04-07,36.9400,0.723101,1.528849,1,-0.686630,-0.121888
2005-04-08,36.6400,0.717228,1.516433,1,-0.689175,-0.129019
2005-04-11,36.4800,0.714096,1.509811,1,-0.690533,-0.132823
2005-04-12,36.6600,0.717620,1.517261,1,-0.689006,-0.128544
2005-04-13,36.0600,0.705875,1.492429,1,-0.694096,-0.142806
2005-04-14,35.5500,0.695892,1.471321,1,-0.698422,-0.154930
2005-04-15,34.7400,0.680036,1.437797,1,-0.705294,-0.174185
2005-04-18,34.7500,0.680232,1.438211,1,-0.705209,-0.173947
2005-04-19,34.9900,0.684930,1.448144,1,-0.703173,-0.168242
2005-04-20,34.7000,0.679253,1.436142,1,-0.705633,-0.175135
2005-04-21,35.6200,0.697262,1.474218,1,-0.697828,-0.153266
2005-04-22,35.0900,0.686887,1.452283,1,-0.702324,-0.165865
2005-04-25,35.3800,0.692564,1.464285,1,-0.699864,-0.158971
2005-04-26,35.0500,0.686104,1.450627,1,-0.702664,-0.166816
2005-04-27,35.1000,0.687083,1.450128,0,-0.702240,-0.167102
2005-04-28,34.7500,0.680232,1.450353,0,-0.705209,-0.166973
2005-04-29,34.9800,0.684734,1.450579,0,-0.703258,-0.166843
2005-05-02,35.1200,0.687474,1.450805,0,-0.702070,-0.166713
2005-05-03,35.3000,0.690998,1.451031,0,-0.700543,-0.166584
2005-05-04,35.7300,0.699415,1.451257,0,-0.696895,-0.166454
2005-05-05,35.7600,0.700002,1.451482,0,-0.696641,-0.166324
2005-05-06,35.8600,0.701960,1.451708,0,-0.695792,-0.166195
2005-05-09,36.0300,0.705288,1.451934,0,-0.694350,-0.166065
2005-05-10,35.7700,0.700198,1.452160,0,-0.696556,-0.165935
2005-05-11,35.9500,0.703722,1.452386,0,-0.695029,-0.165805
2005-05-12,35.8500,0.701764,1.452612,0,-0.695877,-0.165675
2005-05-13,36.2400,0.709398,1.452839,0,-0.692569,-0.165545
2005-05-16,36.4800,0.714096,1.453065,0,-0.690533,-0.165416
2005-05-17,36.7000,0.718403,1.453291,0,-0.688666,-0.165286
2005-05-18,37.2000,0.728190,1.453517,0,-0.684425,-0.165156
2005-05-19,37.5100,0.734259,1.453743,0,-0.681795,-0.165026
2005-05-20,37.6600,0.737195,1.453970,0,-0.680523,-0.164896
2005-05-23,37.8500,0.740914,1.454196,0,-0.678911,-0.164766
2005-05-24,37.9700,0.743263,1.454422,0,-0.677893,-0.164636
2005-05-25,37.8100,0.740131,1.454649,0,-0.679250,-0.164506
2005-05-26,38.1900,0.747570,1.454875,0,-0.676026,-0.164376
2005-05-27,38.2100,0.747961,1.455101,0,-0.675857,-0.164246
2005-05-31,38.0800,0.745416,1.455328,0,-0.676960,-0.164116
2005-06-01,38.4100,0.751876,1.455554,0,-0.674160,-0.163986
2005-06-02,38.6600,0.756770,1.455781,0,-0.672039,-0.163855
2005-06-03,38.1000,0.745808,1.456008,0,-0.676790,-0.163725
2005-06-06,38.1100,0.746004,1.456234,0,-0.676705,-0.163595
2005-06-07,37.7900,0.739740,1.456461,0,-0.679420,-0.163465
2005-06-08,37.7100,0.738174,1.456688,0,-0.680098,-0.163335
2005-06-09,37.9500,0.742872,1.456914,0,-0.678062,-0.163204
2005-06-10,37.5500,0.735042,1.457141,0,-0.681456,-0.163074
2005-06-13,37.7300,0.738565,1.457368,0,-0.679929,-0.162944
2005-06-14,37.5800,0.735629,1.457595,0,-0.681201,-0.162814
2005-06-15,37.7000,0.737978,1.457822,0,-0.680183,-0.162683
2005-06-16,37.9000,0.741893,1.458049,0,-0.678487,-0.162553
2005-06-17,37.8700,0.741306,1.458275,0,-0.678741,-0.162423
2005-06-20,37.8700,0.741306,1.458502,0,-0.678741,-0.162292
2005-06-21,37.8500,0.740914,1.458729,0,-0.678911,-0.162162
2005-06-22,37.8100,0.740131,1.458957,0,-0.679250,-0.162032
2005-06-23,37.3900,0.731910,1.459184,0,-0.682813,-0.161901
2005-06-24,36.9700,0.723688,1.459411,0,-0.686376,-0.161771
2005-06-27,36.8000,0.720360,1.459638,0,-0.687818,-0.161640
2005-06-28,37.1500,0.727212,1.459865,0,-0.684849,-0.161510
2005-06-29,37.0700,0.725646,1.460092,0,-0.685528,-0.161379
2005-06-30,36.7800,0.719969,1.460320,0,-0.687988,-0.161249
2005-07-01,36.7300,0.718990,1.460547,0,-0.688412,-0.161118
2005-07-05,37.1100,0.726429,1.460774,0,-0.685188,-0.160988
2005-07-06,36.9300,0.722905,1.461002,0,-0.686715,-0.160857
2005-07-07,37.0600,0.725450,1.461229,0,-0.685612,-0.160726
2005-07-08,37.7700,0.739348,1.461456,0,-0.679589,-0.160596
2005-07-11,38.1200,0.746199,1.461684,0,-0.676620,-0.160465
2005-07-12,38.3000,0.749723,1.461911,0,-0.675093,-0.160334
2005-07-13,38.3900,0.751485,1.462139,0,-0.674330,-0.160204
2005-07-14,38.7700,0.758923,1.462367,0,-0.671106,-0.160073
2005-07-15,38.8900,0.761272,1.462594,0,-0.670088,-0.159942
2005-07-18,38.7300,0.758140,1.462822,0,-0.671446,-0.159811
2005-07-19,39.1800,0.766949,1.479078,1,-0.667628,-0.150474
2005-07-20,39.4600,0.772430,1.489648,1,-0.665253,-0.144403
2005-07-21,39.4700,0.772626,1.490026,1,-0.665168,-0.144186
2005-07-22,39.4200,0.771647,1.488138,1,-0.665592,-0.145271
2005-07-25,39.2700,0.768711,1.482476,1,-0.666865,-0.148523
2005-07-26,39.4200,0.771647,1.488138,1,-0.665592,-0.145271
2005-07-27,39.7200,0.777519,1.499464,1,-0.663047,-0.138766
2005-07-28,39.9100,0.781239,1.506636,1,-0.661435,-0.134646
2005-07-29,39.5800,0.774779,1.494179,1,-0.664235,-0.141801
2005-08-01,39.6500,0.776149,1.496821,1,-0.663641,-0.140284
2005-08-02,40.0800,0.784566,1.513054,1,-0.659993,-0.130960
2005-08-03,40.0600,0.784175,1.512299,1,-0.660163,-0.131394
2005-08-04,39.6700,0.776541,1.497576,1,-0.663471,-0.139850
2005-08-05,39.4800,0.772821,1.490404,1,-0.665083,-0.143970
2005-08-08,39.1900,0.767145,1.479456,1,-0.667543,-0.150258
2005-08-09,39.4500,0.772234,1.489271,1,-0.665338,-0.144620
2005-08-10,39.1100,0.765579,1.476436,1,-0.668222,-0.151992
2005-08-11,39.4300,0.771843,1.488516,1,-0.665507,-0.145054
2005-08-12,39.2100,0.767536,1.480211,1,-0.667374,-0.149824
2005-08-15,39.4500,0.772234,1.489271,1,-0.665338,-0.144620
2005-08-16,38.8100,0.759706,1.465110,1,-0.670767,-0.158497
2005-08-17,39.0400,0.764208,1.473793,1,-0.668816,-0.153510
2005-08-18,38.8400,0.760293,1.466243,1,-0.670512,-0.157846
2005-08-19,38.8200,0.759902,1.465488,1,-0.670682,-0.158280
2005-08-22,38.8400,0.760293,1.466243,1,-0.670512,-0.157846
2005-08-23,38.7300,0.758140,1.462090,1,-0.671446,-0.160232
2005-08-24,38.5000,0.753638,1.453408,1,-0.673397,-0.165219
2005-08-25,38.5900,0.755400,1.456805,1,-0.672633,-0.163267
2005-08-26,38.4600,0.752855,1.451898,1,-0.673736,-0.166086
2005-08-29,38.7600,0.758727,1.463223,1,-0.671191,-0.159581
2005-08-30,38.6200,0.755987,1.457938,1,-0.672379,-0.162617
2005-08-31,38.9800,0.763034,1.471528,1,-0.669325,-0.154811
2005-09-01,38.9200,0.761859,1.469263,1,-0.669834,-0.156112
2005-09-02,38.7700,0.758923,1.463600,1,-0.671106,-0.159364
2005-09-06,39.3400,0.770081,1.485118,1,-0.666271,-0.147005
2005-09-07,39.4100,0.771451,1.487761,1,-0.665677,-0.145487
2005-09-08,39.4000,0.771255,1.487383,1,-0.665762,-0.145704
2005-09-09,39.6200,0.775562,1.495689,1,-0.663895,-0.140934
2005-09-12,39.7300,0.777715,1.499841,1,-0.662962,-0.138549
2005-09-13,39.6300,0.775758,1.496066,1,-0.663811,-0.140717
2005-09-14,39.1800,0.766949,1.479078,1,-0.667628,-0.150474
2005-09-15,39.1600,0.766557,1.478323,1,-0.667798,-0.150908
2005-09-16,39.4000,0.771255,1.487383,1,-0.665762,-0.145704
2005-09-19,39.0900,0.765187,1.475681,1,-0.668392,-0.152426
2005-09-20,38.9300,0.762055,1.469641,1,-0.669749,-0.155895
2005-09-21,38.5000,0.753638,1.453408,1,-0.673397,-0.165219
2005-09-22,38.6400,0.756378,1.458693,1,-0.672209,-0.162183
2005-09-23,38.7500,0.758532,1.462845,1,-0.671276,-0.159798
2005-09-26,38.7600,0.758727,1.463223,1,-0.671191,-0.159581
2005-09-27,38.6700,0.756966,1.459825,1,-0.671955,-0.161533
2005-09-28,38.6800,0.757161,1.460203,1,-0.671870,-0.161316
2005-09-29,39.2000,0.767340,1.479833,1,-0.667458,-0.150041
2005-09-30,39.4600,0.772430,1.489648,1,-0.665253,-0.144403
2005-10-03,39.5600,0.774387,1.493424,1,-0.664404,-0.142235
2005-10-04,39.3000,0.769298,1.483608,1,-0.666610,-0.147872
2005-10-05,38.7600,0.758727,1.463223,1,-0.671191,-0.159581
2005-10-06,38.2500,0.748744,1.443970,1,-0.675517,-0.170639
2005-10-07,38.3400,0.750506,1.447368,1,-0.674754,-0.168688
2005-10-10,38.1300,0.746395,1.439440,1,-0.676535,-0.173241
2005-10-11,37.9400,0.742676,1.432267,1,-0.678147,-0.177361
2005-10-12,37.4900,0.733867,1.415279,1,-0.681965,-0.187118
2005-10-13,37.7800,0.739544,1.426227,1,-0.679505,-0.180830
2005-10-14,38.0600,0.745025,1.436797,1,-0.677129,-0.174759
2005-10-17,38.1800,0.747374,1.441327,1,-0.676111,-0.172157
2005-10-18,37.9100,0.742089,1.431135,1,-0.678402,-0.178011
2005-10-19,38.6700,0.756966,1.459825,1,-0.671955,-0.161533
2005-10-20,38.3100,0.749919,1.446235,1,-0.675008,-0.169338
2005-10-21,38.5500,0.754617,1.455295,1,-0.672973,-0.164134
2005-10-24,39.1600,0.766557,1.478323,1,-0.667798,-0.150908
2005-10-25,39.0100,0.763621,1.472661,1,-0.669070,-0.154160
2005-10-26,38.8100,0.759706,1.465110,1,-0.670767,-0.158497
2005-10-27,38.0300,0.744438,1.435665,1,-0.677384,-0.175409
2005-10-28,38.3200,0.750114,1.446613,1,-0.674924,-0.169121
2005-10-31,38.8700,0.760881,1.467375,1,-0.670258,-0.157196
2005-11-01,38.8400,0.760293,1.466243,1,-0.670512,-0.157846
2005-11-02,39.3500,0.770277,1.485496,1,-0.666186,-0.146788
2005-11-03,39.9400,0.781826,1.507769,1,-0.661181,-0.133996
2005-11-04,40.0800,0.784566,1.513054,1,-0.659993,-0.130960
2005-11-07,40.1300,0.785545,1.514942,1,-0.659569,-0.129876
2005-11-08,40.1400,0.785741,1.515319,1,-0.659484,-0.129659
2005-11-09,40.1600,0.786132,1.516074,1,-0.659315,-0.129225
2005-11-10,40.6000,0.794745,1.532684,1,-0.655582,-0.119685
2005-11-11,40.7100,0.796899,1.536837,1,-0.654649,-0.117300
2005-11-14,40.7100,0.796899,1.536837,1,-0.654649,-0.117300
2005-11-15,40.5200,0.793179,1.529664,1,-0.656261,-0.121420
2005-11-16,40.7700,0.798073,1.539102,1,-0.654140,-0.115999
2005-11-17,41.3100,0.808644,1.559488,1,-0.649559,-0.104290
2005-11-18,41.4500,0.811384,1.564773,1,-0.648371,-0.101255
2005-11-21,41.5500,0.813342,1.568548,1,-0.647523,-0.099087
2005-11-22,41.7000,0.816278,1.574210,1,-0.646250,-0.095834
2005-11-23,41.8000,0.818235,1.577985,1,-0.645402,-0.093666
2005-11-25,41.8900,0.819997,1.581383,1,-0.644639,-0.091714
2005-11-28,41.5400,0.813146,1.568170,1,-0.647608,-0.099303
2005-11-29,41.3400,0.809231,1.560620,1,-0.649304,-0.103640
2005-11-30,41.2400,0.807273,1.556845,1,-0.650153,-0.105808
2005-12-01,42.0100,0.822346,1.585913,1,-0.643621,-0.089113
2005-12-02,42.1100,0.824304,1.589688,1,-0.642772,-0.086944
2005-12-05,41.8000,0.818235,1.577985,1,-0.645402,-0.093666
2005-12-06,41.9400,0.820976,1.583271,1,-0.644214,-0.090630
2005-12-07,41.8600,0.819410,1.580251,1,-0.644893,-0.092365
2005-12-08,41.5600,0.813537,1.568925,1,-0.647438,-0.098870
2005-12-09,41.7200,0.816669,1.574965,1,-0.646081,-0.095400
2005-12-12,41.8700,0.819606,1.580628,1,-0.644808,-0.092148
2005-12-13,42.0500,0.823129,1.587423,1,-0.643281,-0.088245
2005-12-14,41.9000,0.820193,1.581761,1,-0.644554,-0.091498
2005-12-15,41.9700,0.821563,1.584403,1,-0.643960,-0.089980
2005-12-16,41.5800,0.813929,1.569680,1,-0.647268,-0.098436
2005-12-19,40.9200,0.801009,1.544765,1,-0.652867,-0.112747
2005-12-20,40.9500,0.801597,1.545897,1,-0.652613,-0.112096
2005-12-21,41.1300,0.805120,1.552692,1,-0.651086,-0.108193
2005-12-22,41.4000,0.810405,1.562885,1,-0.648795,-0.102339
2005-12-23,41.4000,0.810405,1.562885,1,-0.648795,-0.102339
2005-12-27,41.0400,0.803358,1.549295,1,-0.651849,-0.110145
2005-12-28,40.9900,0.802380,1.547407,1,-0.652273,-0.111229
2005-12-29,40.7200,0.797094,1.537215,1,-0.654564,-0.117083
2005-12-30,40.4100,0.791026,1.525512,1,-0.657194,-0.123805
2006-01-03,41.3100,0.808644,1.559488,1,-0.649559,-0.104290
2006-01-04,41.7400,0.817061,1.575720,1,-0.645911,-0.094967
2006-01-05,41.9200,0.820584,1.582516,1,-0.644384,-0.091064
2006-01-06,42.6800,0.835461,1.611206,1,-0.637937,-0.074585
2006-01-09,42.8500,0.838789,1.617624,1,-0.636495,-0.070899
2006-01-10,42.8800,0.839376,1.618756,1,-0.636240,-0.070249
2006-01-11,43.2100,0.845836,1.631214,1,-0.633441,-0.063093
2006-01-12,43.0000,0.841725,1.623287,1,-0.635222,-0.067647
2006-01-13,42.9800,0.841334,1.622531,1,-0.635392,-0.068080
2006-01-17,42.7000,0.835853,1.611961,1,-0.637767,-0.074151
2006-01-18,42.2100,0.826261,1.593463,1,-0.641924,-0.084776
2006-01-19,42.5200,0.832329,1.605166,1,-0.639294,-0.078054
2006-01-20,41.2500,0.807469,1.557223,1,-0.650068,-0.105591
2006-01-23,41.2600,0.807665,1.557600,1,-0.649983,-0.105374
2006-01-24,41.4400,0.811188,1.564395,1,-0.648456,-0.101472
2006-01-25,41.2600,0.807665,1.557600,1,-0.649983,-0.105374
2006-01-26,41.5500,0.813342,1.568548,1,-0.647523,-0.099087
2006-01-27,42.1100,0.824304,1.589688,1,-0.642772,-0.086944
2006-01-30,42.1900,0.825870,1.592708,1,-0.642094,-0.085210
2006-01-31,42.0000,0.822150,1.585536,1,-0.643705,-0.089329
2006-02-01,42.1500,0.825087,1.591198,1,-0.642433,-0.086077
2006-02-02,41.4300,0.810993,1.564018,1,-0.648541,-0.101688
2006-02-03,40.9200,0.801009,1.544765,1,-0.652867,-0.112747
2006-02-06,40.8100,0.798856,1.540612,1,-0.653800,-0.115132
2006-02-07,40.6300,0.795333,1.533817,1,-0.655327,-0.119035
2006-02-08,41.1000,0.804533,1.551560,1,-0.651340,-0.108844
2006-02-09,40.7100,0.796899,1.536837,1,-0.654649,-0.117300
2006-02-10,40.9600,0.801792,1.546275,1,-0.652528,-0.111879
2006-02-13,40.4900,0.792592,1.528532,1,-0.656515,-0.122070
2006-02-14,40.9000,0.800618,1.544010,1,-0.653037,-0.113180
2006-02-15,41.1600,0.805707,1.553825,1,-0.650831,-0.107543
2006-02-16,41.5400,0.813146,1.568170,1,-0.647608,-0.099303
2006-02-17,41.2100,0.806686,1.555712,1,-0.650407,-0.106459
2006-02-21,40.7500,0.797682,1.538347,1,-0.654309,-0.116433
2006-02-22,41.2600,0.807665,1.557600,1,-0.649983,-0.105374
2006-02-23,41.1500,0.805512,1.553447,1,-0.650916,-0.107760
2006-02-24,41.2600,0.807665,1.557600,1,-0.649983,-0.105374
2006-02-27,41.7200,0.816669,1.574965,1,-0.646081,-0.095400
2006-02-28,41.1000,0.804533,1.551560,1,-0.651340,-0.108844
2006-03-01,41.6600,0.815495,1.572700,1,-0.646590,-0.096701
2006-03-02,41.6900,0.816082,1.573833,1,-0.646335,-0.096051
2006-03-03,41.4500,0.811384,1.564773,1,-0.648371,-0.101255
2006-03-06,41.0900,0.804337,1.551182,1,-0.651425,-0.109061
2006-03-07,40.8500,0.799639,1.542122,1,-0.653461,-0.114264
2006-03-08,40.8700,0.800031,1.542877,1,-0.653291,-0.113831
2006-03-09,40.5200,0.793179,1.529664,1,-0.656261,-0.121420
2006-03-10,40.5600,0.793962,1.531174,1,-0.655921,-0.120552
2006-03-13,40.6800,0.796311,1.535705,1,-0.654903,-0.117950
2006-03-14,41.3700,0.809818,1.561753,1,-0.649050,-0.102989
2006-03-15,41.7200,0.816669,1.574965,1,-0.646081,-0.095400
2006-03-16,41.3700,0.809818,1.561753,1,-0.649050,-0.102989
2006-03-17,41.4500,0.811384,1.564773,1,-0.648371,-0.101255
2006-03-20,41.5500,0.813342,1.568548,1,-0.647523,-0.099087
2006-03-21,41.1100,0.804729,1.551937,1,-0.651256,-0.108627
2006-03-22,41.2100,0.806686,1.555712,1,-0.650407,-0.106459
2006-03-23,41.0900,0.804337,1.551182,1,-0.651425,-0.109061
2006-03-24,41.3000,0.808448,1.559110,1,-0.649644,-0.104507
2006-03-27,41.3100,0.808644,1.559488,1,-0.649559,-0.104290
2006-03-28,41.1400,0.805316,1.553070,1,-0.651001,-0.107976
2006-03-29,41.9200,0.820584,1.582516,1,-0.644384,-0.091064
2006-03-30,42.0500,0.823129,1.587423,1,-0.643281,-0.088245
2006-03-31,41.9300,0.820780,1.582893,1,-0.644299,-0.090847
2006-04-03,41.9800,0.821759,1.584781,1,-0.643875,-0.089763
2006-04-04,42.2100,0.826261,1.593463,1,-0.641924,-0.084776
2006-04-05,42.6100,0.834091,1.608564,1,-0.638531,-0.076103
2006-04-06,42.7300,0.836440,1.613094,1,-0.637513,-0.073501
2006-04-07,42.3200,0.828414,1.597616,1,-0.640991,-0.082391
2006-04-10,42.2600,0.827240,1.595351,1,-0.641500,-0.083692
2006-04-11,41.9200,0.820584,1.582516,1,-0.644384,-0.091064
2006-04-12,41.9300,0.820780,1.582893,1,-0.644299,-0.090847
2006-04-13,42.1000,0.824108,1.589311,1,-0.642857,-0.087161
2006-04-17,41.6600,0.815495,1.572700,1,-0.646590,-0.096701
2006-04-18,42.4600,0.831155,1.602901,1,-0.639803,-0.079355
2006-04-19,42.6500,0.834874,1.610074,1,-0.638191,-0.075236
2006-04-20,42.5000,0.831938,1.604411,1,-0.639464,-0.078488
2006-04-21,42.0000,0.822150,1.585536,1,-0.643705,-0.089329
2006-04-24,41.9600,0.821367,1.584026,1,-0.644045,-0.090197
2006-04-25,41.8700,0.819606,1.580628,1,-0.644808,-0.092148
2006-04-26,41.8600,0.819410,1.580251,1,-0.644893,-0.092365
2006-04-27,42.2600,0.827240,1.595351,1,-0.641500,-0.083692
2006-04-28,41.8500,0.819214,1.579873,1,-0.644978,-0.092582
2006-05-01,41.4400,0.811188,1.564395,1,-0.648456,-0.101472
2006-05-02,41.5500,0.813342,1.568548,1,-0.647523,-0.099087
2006-05-03,41.4900,0.812167,1.566283,1,-0.648032,-0.100387
2006-05-04,41.8300,0.818823,1.579118,1,-0.645148,-0.093015
2006-05-05,42.1600,0.825282,1.591576,1,-0.642348,-0.085860
2006-05-08,42.2000,0.826065,1.593086,1,-0.642009,-0.084993
2006-05-09,42.0400,0.822933,1.587046,1,-0.643366,-0.088462
2006-05-10,41.6700,0.815691,1.573078,1,-0.646505,-0.096485
2006-05-11,40.7400,0.797486,1.537970,1,-0.654394,-0.116649
2006-05-12,40.1900,0.786720,1.517207,1,-0.659060,-0.128575
2006-05-15,40.1600,0.786132,1.516074,1,-0.659315,-0.129225
2006-05-16,39.8600,0.780260,1.504749,1,-0.661860,-0.135730
2006-05-17,39.3200,0.769689,1.484363,1,-0.666440,-0.147439
2006-05-18,39.0500,0.764404,1.474171,1,-0.668731,-0.153293
2006-05-19,39.3500,0.770277,1.485496,1,-0.666186,-0.146788
2006-05-22,38.9700,0.762838,1.471151,1,-0.669410,-0.155028
2006-05-23,38.5900,0.755400,1.456805,1,-0.672633,-0.163267
2006-05-24,38.8500,0.760489,1.466620,1,-0.670428,-0.157630
2006-05-25,39.3600,0.770472,1.485873,1,-0.666101,-0.146571
2006-05-26,39.4900,0.773017,1.490781,1,-0.664998,-0.143753
2006-05-30,38.6400,0.756378,1.458693,1,-0.672209,-0.162183
2006-05-31,38.8200,0.759902,1.465488,1,-0.670682,-0.158280
2006-06-01,39.7400,0.777911,1.500219,1,-0.662878,-0.138332
2006-06-02,39.6400,0.775953,1.496444,1,-0.663726,-0.140500
2006-06-05,38.7800,0.759119,1.463978,1,-0.671021,-0.159147
2006-06-06,38.7500,0.758532,1.462845,1,-0.671276,-0.159798
2006-06-07,38.4600,0.752855,1.451898,1,-0.673736,-0.166086
2006-06-08,38.4000,0.751680,1.449633,1,-0.674245,-0.167387
2006-06-09,38.1500,0.746787,1.440195,1,-0.676366,-0.172807
2006-06-12,37.4000,0.732105,1.411882,1,-0.682728,-0.189069
2006-06-13,37.2500,0.729169,1.406219,1,-0.684001,-0.192322
2006-06-14,37.6300,0.736608,1.420564,1,-0.680777,-0.184082
2006-06-15,38.6500,0.756574,1.420075,0,-0.672124,-0.184363
2006-06-16,38.3400,0.750506,1.420296,0,-0.674754,-0.184237
2006-06-19,38.0300,0.744438,1.420517,0,-0.677384,-0.184110
2006-06-20,38.0800,0.745416,1.420738,0,-0.676960,-0.183983
2006-06-21,38.6800,0.757161,1.420960,0,-0.671870,-0.183856
2006-06-22,38.1900,0.747570,1.421181,0,-0.676026,-0.183729
2006-06-23,38.1500,0.746787,1.421402,0,-0.676366,-0.183601
2006-06-26,38.2500,0.748744,1.421623,0,-0.675517,-0.183474
2006-06-27,37.5300,0.734650,1.421844,0,-0.681625,-0.183347
2006-06-28,37.8100,0.740131,1.422066,0,-0.679250,-0.183220
2006-06-29,38.9600,0.762642,1.422287,0,-0.669494,-0.183093
2006-06-30,38.7700,0.758923,1.422508,0,-0.671106,-0.182966
2006-07-03,39.0000,0.763425,1.422730,0,-0.669155,-0.182839
2006-07-05,38.1500,0.746787,1.422951,0,-0.676366,-0.182712
2006-07-06,38.1100,0.746004,1.423173,0,-0.676705,-0.182584
2006-07-07,37.6900,0.737782,1.423394,0,-0.680268,-0.182457
2006-07-10,37.3600,0.731322,1.423616,0,-0.683068,-0.182330
2006-07-11,37.6400,0.736803,1.423837,0,-0.680692,-0.182203
2006-07-12,36.9300,0.722905,1.424059,0,-0.686715,-0.182075
2006-07-13,36.3100,0.710769,1.424281,0,-0.691975,-0.181948
2006-07-14,35.9400,0.703526,1.424502,0,-0.695114,-0.181821
2006-07-17,36.0300,0.705288,1.424724,0,-0.694350,-0.181693
2006-07-18,36.1500,0.707637,1.424946,0,-0.693332,-0.181566
2006-07-19,36.6200,0.716837,1.425168,0,-0.689345,-0.181439
2006-07-20,36.0800,0.706266,1.425389,0,-0.693926,-0.181311
2006-07-21,35.7000,0.698828,1.425611,0,-0.697150,-0.181184
2006-07-24,36.4100,0.712726,1.425833,0,-0.691127,-0.181056
2006-07-25,36.6200,0.716837,1.426055,0,-0.689345,-0.180929
2006-07-26,36.5900,0.716250,1.426277,0,-0.689600,-0.180801
2006-07-27,36.3500,0.711552,1.426499,0,-0.691636,-0.180674
2006-07-28,37.1100,0.726429,1.426721,0,-0.685188,-0.180546
2006-07-31,37.1000,0.726233,1.426943,0,-0.685273,-0.180419
2006-08-01,36.4800,0.714096,1.427165,0,-0.690533,-0.180291
2006-08-02,36.8900,0.722122,1.427387,0,-0.687055,-0.180164
2006-08-03,37.1200,0.726624,1.427610,0,-0.685103,-0.180036
2006-08-04,36.9500,0.723297,1.427832,0,-0.686546,-0.179908
2006-08-07,36.7100,0.718599,1.428054,0,-0.688582,-0.179781
2006-08-08,36.4800,0.714096,1.428276,0,-0.690533,-0.179653
2006-08-09,36.5300,0.715075,1.428499,0,-0.690109,-0.179525
2006-08-10,36.7900,0.720165,1.428721,0,-0.687903,-0.179398
2006-08-11,36.5300,0.715075,1.428943,0,-0.690109,-0.179270
2006-08-14,36.7700,0.719773,1.429166,0,-0.688073,-0.179142
2006-08-15,37.7000,0.737978,1.429388,0,-0.680183,-0.179014
2006-08-16,38.5800,0.755204,1.429611,0,-0.672718,-0.178887
2006-08-17,38.7300,0.758140,1.429833,0,-0.671446,-0.178759
2006-08-18,38.7900,0.759315,1.430056,0,-0.670937,-0.178631
2006-08-21,38.4200,0.752072,1.430278,0,-0.674075,-0.178503
2006-08-22,38.4300,0.752268,1.430501,0,-0.673990,-0.178375
2006-08-23,38.1400,0.746591,1.430724,0,-0.676451,-0.178247
2006-08-24,38.2500,0.748744,1.430946,0,-0.675517,-0.178119
2006-08-25,38.3200,0.750114,1.431169,0,-0.674924,-0.177992
2006-08-28,38.6100,0.755791,1.431392,0,-0.672464,-0.177864
2006-08-29,38.7300,0.758140,1.431615,0,-0.671446,-0.177736
2006-08-30,38.9100,0.761664,1.431838,0,-0.669919,-0.177608
2006-08-31,38.8700,0.760881,1.432060,0,-0.670258,-0.177480
2006-09-01,39.0800,0.764991,1.432283,0,-0.668476,-0.177352
2006-09-05,39.4600,0.772430,1.432506,0,-0.665253,-0.177224
2006-09-06,38.6700,0.756966,1.432729,0,-0.671955,-0.177095
2006-09-07,38.4800,0.753246,1.432952,0,-0.673566,-0.176967
2006-09-08,38.7200,0.757944,1.433175,0,-0.671530,-0.176839
2006-09-11,38.9600,0.762642,1.433398,0,-0.669494,-0.176711
2006-09-12,39.6800,0.776736,1.433621,0,-0.663386,-0.176583
2006-09-13,39.9600,0.782217,1.433845,0,-0.661011,-0.176455
2006-09-14,39.9900,0.782805,1.434068,0,-0.660757,-0.176327
2006-09-15,40.1100,0.785154,1.434291,0,-0.659739,-0.176198
2006-09-18,40.1100,0.785154,1.434514,0,-0.659739,-0.176070
2006-09-19,39.8500,0.780064,1.434737,0,-0.661944,-0.175942
2006-09-20,40.4300,0.791418,1.434961,0,-0.657024,-0.175814
2006-09-21,40.1800,0.786524,1.435184,0,-0.659145,-0.175685
2006-09-22,39.8700,0.780456,1.435408,0,-0.661775,-0.175557
2006-09-25,40.5700,0.794158,1.435631,0,-0.655836,-0.175429
2006-09-26,40.7700,0.798073,1.435854,0,-0.654140,-0.175300
2006-09-27,40.7200,0.797094,1.436078,0,-0.654564,-0.175172
2006-09-28,40.8300,0.799248,1.436301,0,-0.653631,-0.175044
2006-09-29,40.6500,0.795724,1.436525,0,-0.655158,-0.174915
2006-10-02,40.1400,0.785741,1.436749,0,-0.659484,-0.174787
2006-10-03,40.3100,0.789069,1.436972,0,-0.658042,-0.174658
2006-10-04,41.3000,0.808448,1.437196,0,-0.649644,-0.174530
2006-10-05,41.5000,0.812363,1.437420,0,-0.647947,-0.174402
2006-10-06,41.4100,0.810601,1.437643,0,-0.648711,-0.174273
2006-10-09,41.5500,0.813342,1.437867,0,-0.647523,-0.174144
2006-10-10,41.6200,0.814712,1.438091,0,-0.646929,-0.174016
2006-10-11,41.5400,0.813146,1.438315,0,-0.647608,-0.173887
2006-10-12,42.2300,0.826653,1.438539,0,-0.641754,-0.173759
2006-10-13,42.4300,0.830568,1.438763,0,-0.640058,-0.173630
2006-10-16,42.4500,0.830959,1.438986,0,-0.639888,-0.173502
2006-10-17,42.0000,0.822150,1.439210,0,-0.643705,-0.173373
2006-10-18,41.8000,0.818235,1.439434,0,-0.645402,-0.173244
2006-10-19,41.9000,0.820193,1.439658,0,-0.644554,-0.173116
2006-10-20,42.0000,0.822150,1.439883,0,-0.643705,-0.172987
2006-10-23,42.4300,0.830568,1.440107,0,-0.640058,-0.172858
2006-10-24,42.1300,0.824695,1.440331,0,-0.642603,-0.172729
2006-10-25,42.4300,0.830568,1.449862,1,-0.640058,-0.167255
2006-10-26,42.8200,0.838202,1.463188,1,-0.636749,-0.159601
2006-10-27,42.2100,0.826261,1.442344,1,-0.641924,-0.171573
2006-10-30,42.4800,0.831546,1.451570,1,-0.639634,-0.166274
2006-10-31,42.5800,0.833504,1.454987,1,-0.638785,-0.164311
2006-11-01,42.0000,0.822150,1.435168,1,-0.643705,-0.175694
2006-11-02,42.0400,0.822933,1.436535,1,-0.643366,-0.174909
2006-11-03,41.9300,0.820780,1.432777,1,-0.644299,-0.177068
2006-11-06,42.5400,0.832721,1.453621,1,-0.639125,-0.165096
2006-11-07,42.8300,0.838398,1.463530,1,-0.636664,-0.159405
2006-11-08,43.0300,0.842313,1.470364,1,-0.634968,-0.155479
2006-11-09,42.8000,0.837810,1.462505,1,-0.636919,-0.159993
2006-11-10,43.0300,0.842313,1.470364,1,-0.634968,-0.155479
2006-11-13,43.4600,0.850730,1.485058,1,-0.631320,-0.147040
2006-11-14,43.9300,0.859930,1.501118,1,-0.627333,-0.137816
2006-11-15,44.1100,0.863454,1.507269,1,-0.625806,-0.134283
2006-11-16,44.3000,0.867173,1.513761,1,-0.624194,-0.130554
2006-11-17,44.3000,0.867173,1.513761,1,-0.624194,-0.130554
2006-11-20,44.3900,0.868935,1.516836,1,-0.623431,-0.128788
2006-11-21,44.4500,0.870109,1.518887,1,-0.622922,-0.127610
2006-11-22,44.7300,0.875590,1.528454,1,-0.620546,-0.122115
2006-11-24,44.6500,0.874024,1.525721,1,-0.621225,-0.123685
2006-11-27,43.6600,0.854645,1.491892,1,-0.629623,-0.143115
2006-11-28,43.7700,0.856798,1.495651,1,-0.628690,-0.140956
2006-11-29,44.0700,0.862671,1.505902,1,-0.626145,-0.135068
2006-11-30,44.0400,0.862083,1.504877,1,-0.626400,-0.135657
2006-12-01,43.6600,0.854645,1.491892,1,-0.629623,-0.143115
2006-12-04,44.2600,0.866390,1.512394,1,-0.624533,-0.131339
2006-12-05,44.4200,0.869522,1.517862,1,-0.623176,-0.128199
2006-12-06,44.2600,0.866390,1.512394,1,-0.624533,-0.131339
2006-12-07,43.7000,0.855428,1.493259,1,-0.629284,-0.142330
2006-12-08,43.9000,0.859343,1.500093,1,-0.627587,-0.138404
2006-12-11,44.0600,0.862475,1.505560,1,-0.626230,-0.135264
2006-12-12,43.8000,0.857385,1.496676,1,-0.628436,-0.140367
2006-12-13,43.8800,0.858951,1.499409,1,-0.627757,-0.138797
2006-12-14,44.3700,0.868543,1.516153,1,-0.623600,-0.129180
2006-12-15,44.4300,0.869718,1.518203,1,-0.623091,-0.128002
2006-12-18,43.9900,0.861105,1.503168,1,-0.626824,-0.136638
2006-12-19,43.8500,0.858364,1.498384,1,-0.628012,-0.139386
2006-12-20,43.6900,0.855232,1.492917,1,-0.629369,-0.142526
2006-12-21,43.3800,0.849164,1.482324,1,-0.631999,-0.148610
2006-12-22,42.9300,0.840355,1.466947,1,-0.635816,-0.157442
2006-12-26,43.1100,0.843879,1.473098,1,-0.634289,-0.153909
2006-12-27,43.3300,0.848185,1.480615,1,-0.632423,-0.149591
2006-12-28,43.1200,0.844074,1.473440,1,-0.634204,-0.153713
2006-12-29,43.1600,0.844857,1.474806,1,-0.633865,-0.152928
2007-01-03,43.2400,0.846423,1.477540,1,-0.633186,-0.151358
2007-01-04,44.0600,0.862475,1.505560,1,-0.626230,-0.135264
2007-01-05,43.8500,0.858364,1.498384,1,-0.628012,-0.139386
2007-01-08,43.8800,0.858951,1.499409,1,-0.627757,-0.138797
2007-01-09,44.1000,0.863258,1.506927,1,-0.625891,-0.134479
2007-01-10,44.6200,0.873437,1.524696,1,-0.621479,-0.124273
2007-01-11,45.0800,0.882441,1.540414,1,-0.617577,-0.115245
2007-01-12,45.3100,0.886944,1.548273,1,-0.615626,-0.110731
2007-01-16,45.2800,0.886356,1.547248,1,-0.615881,-0.111320
2007-01-17,44.9100,0.879114,1.534605,1,-0.619019,-0.118582
2007-01-18,44.0800,0.862866,1.506243,1,-0.626060,-0.134872
2007-01-19,44.1700,0.864628,1.509319,1,-0.625297,-0.133105
2007-01-22,43.6900,0.855232,1.492917,1,-0.629369,-0.142526
2007-01-23,43.5800,0.853079,1.489158,1,-0.630302,-0.144685
2007-01-24,44.3000,0.867173,1.513761,1,-0.624194,-0.130554
2007-01-25,43.7300,0.856015,1.494284,1,-0.629030,-0.141741
2007-01-26,43.5700,0.852883,1.488816,1,-0.630387,-0.144881
2007-01-29,43.6100,0.853666,1.490183,1,-0.630048,-0.144096
2007-01-30,43.6300,0.854058,1.490867,1,-0.629878,-0.143704
2007-01-31,44.0700,0.862671,1.505902,1,-0.626145,-0.135068
2007-02-01,44.0200,0.861692,1.504193,1,-0.626569,-0.136049
2007-02-02,44.1600,0.864432,1.508977,1,-0.625382,-0.133302
2007-02-05,44.1200,0.863649,1.507610,1,-0.625721,-0.134087
2007-02-06,44.0500,0.862279,1.505218,1,-0.626315,-0.135460
2007-02-07,44.4600,0.870305,1.519228,1,-0.622837,-0.127414
2007-02-08,44.4500,0.870109,1.518887,1,-0.622922,-0.127610
2007-02-09,43.8400,0.858168,1.498043,1,-0.628096,-0.139582
2007-02-12,43.7000,0.855428,1.493259,1,-0.629284,-0.142330
2007-02-13,43.8600,0.858560,1.498726,1,-0.627927,-0.139189
2007-02-14,44.6000,0.873045,1.524012,1,-0.621649,-0.124666
2007-02-15,44.8600,0.878135,1.532897,1,-0.619444,-0.119563
2007-02-16,44.7100,0.875199,1.527771,1,-0.620716,-0.122507
2007-02-20,45.0500,0.881854,1.539389,1,-0.617832,-0.115834
2007-02-21,45.1900,0.884595,1.544173,1,-0.616644,-0.113086
2007-02-22,45.4200,0.889097,1.552032,1,-0.614693,-0.108572
2007-02-23,45.2600,0.885965,1.546565,1,-0.616050,-0.111713
2007-02-26,45.0400,0.881658,1.539047,1,-0.617917,-0.116030
2007-02-27,43.1900,0.845445,1.475832,1,-0.633610,-0.152339
2007-02-28,43.3300,0.848185,1.480615,1,-0.632423,-0.149591
2007-03-01,43.1300,0.844270,1.473781,1,-0.634119,-0.153517
2007-03-02,42.4800,0.831546,1.451570,1,-0.639634,-0.166274
2007-03-05,42.1500,0.825087,1.440294,1,-0.642433,-0.172750
2007-03-06,42.8500,0.838789,1.464214,1,-0.636495,-0.159012
2007-03-07,42.6800,0.835461,1.458405,1,-0.637937,-0.162349
2007-03-08,42.9700,0.841138,1.468314,1,-0.635477,-0.156657
2007-03-09,42.9300,0.840355,1.466947,1,-0.635816,-0.157442
2007-03-12,43.2100,0.845836,1.476515,1,-0.633441,-0.151947
2007-03-13,42.3700,0.829393,1.447812,1,-0.640567,-0.168433
2007-03-14,42.9900,0.841530,1.468997,1,-0.635307,-0.156264
2007-03-15,42.8900,0.839572,1.465580,1,-0.636155,-0.158227
2007-03-16,42.8300,0.838398,1.463530,1,-0.636664,-0.159405
2007-03-19,43.2700,0.847011,1.478565,1,-0.632932,-0.150769
2007-03-20,43.5800,0.853079,1.489158,1,-0.630302,-0.144685
2007-03-21,44.4200,0.869522,1.517862,1,-0.623176,-0.128199
2007-03-22,44.2600,0.866390,1.512394,1,-0.624533,-0.131339
2007-03-23,44.1200,0.863649,1.507610,1,-0.625721,-0.134087
2007-03-26,44.3000,0.867173,1.513761,1,-0.624194,-0.130554
2007-03-27,43.9900,0.861105,1.503168,1,-0.626824,-0.136638
2007-03-28,43.5200,0.851904,1.487108,1,-0.630811,-0.145862
2007-03-29,43.5700,0.852883,1.488816,1,-0.630387,-0.144881
2007-03-30,43.5300,0.852100,1.487450,1,-0.630726,-0.145666
2007-04-02,43.5900,0.853275,1.489500,1,-0.630217,-0.144489
2007-04-03,44.1600,0.864432,1.508977,1,-0.625382,-0.133302
2007-04-04,44.3400,0.867956,1.515128,1,-0.623855,-0.129769
2007-04-05,44.5600,0.872262,1.522645,1,-0.621988,-0.125451
2007-04-09,44.4500,0.870109,1.518887,1,-0.622922,-0.127610
2007-04-10,44.6800,0.874611,1.526746,1,-0.620970,-0.123096
2007-04-11,44.2100,0.865411,1.510686,1,-0.624958,-0.132320
2007-04-12,44.5600,0.872262,1.522645,1,-0.621988,-0.125451
2007-04-13,44.6500,0.874024,1.525721,1,-0.621225,-0.123685
2007-04-16,45.0600,0.882050,1.539731,1,-0.617747,-0.115638
2007-04-17,45.1600,0.884007,1.543148,1,-0.616899,-0.113675
2007-04-18,45.0100,0.881071,1.538022,1,-0.618171,-0.116619
2007-04-19,45.1500,0.883812,1.542806,1,-0.616983,-0.113872
2007-04-20,45.4000,0.888705,1.551349,1,-0.614863,-0.108965
2007-04-23,45.4700,0.890076,1.553741,1,-0.614269,-0.107591
2007-04-24,45.7000,0.894578,1.561600,1,-0.612318,-0.103077
2007-04-25,46.3100,0.906519,1.582444,1,-0.607143,-0.091105
2007-04-26,46.5500,0.911217,1.590645,1,-0.605107,-0.086395
2007-04-27,46.5700,0.911608,1.591328,1,-0.604937,-0.086002
2007-04-30,45.9600,0.899667,1.570484,1,-0.610112,-0.097974
2007-05-01,46.1100,0.902604,1.575610,1,-0.608839,-0.095030
2007-05-02,46.4200,0.908672,1.586203,1,-0.606210,-0.088946
2007-05-03,46.5900,0.912000,1.592012,1,-0.604768,-0.085610
2007-05-04,46.6300,0.912783,1.593379,1,-0.604428,-0.084825
2007-05-07,46.6300,0.912783,1.593379,1,-0.604428,-0.084825
2007-05-08,46.7300,0.914740,1.596796,1,-0.603580,-0.082862
2007-05-09,46.8300,0.916698,1.600213,1,-0.602732,-0.080899
2007-05-10,46.1900,0.904170,1.578344,1,-0.608161,-0.093460
2007-05-11,46.7800,0.915719,1.598504,1,-0.603156,-0.081881
2007-05-14,46.4600,0.909455,1.587570,1,-0.605870,-0.088161
2007-05-15,46.1000,0.902408,1.575268,1,-0.608924,-0.095227
2007-05-16,46.5500,0.911217,1.590645,1,-0.605107,-0.086395
2007-05-17,46.3300,0.906910,1.583128,1,-0.606973,-0.090712
2007-05-18,46.7100,0.914349,1.596112,1,-0.603750,-0.083254
2007-05-21,47.0100,0.920221,1.606364,1,-0.601205,-0.077367
2007-05-22,47.0500,0.921004,1.607730,1,-0.600865,-0.076582
2007-05-23,46.8300,0.916698,1.600213,1,-0.602732,-0.080899
2007-05-24,46.1600,0.903582,1.577319,1,-0.608415,-0.094049
2007-05-25,46.4500,0.909259,1.587228,1,-0.605955,-0.088357
2007-05-29,46.8100,0.916306,1.599529,1,-0.602901,-0.081292
2007-05-30,47.1900,0.923745,1.612514,1,-0.599678,-0.073834
2007-05-31,47.4100,0.928051,1.620032,1,-0.597811,-0.069516
2007-06-01,47.4400,0.928638,1.621057,1,-0.597557,-0.068927
2007-06-04,47.5800,0.931379,1.625841,1,-0.596369,-0.066180
2007-06-05,47.5800,0.931379,1.625841,1,-0.596369,-0.066180
2007-06-06,47.0700,0.921396,1.608414,1,-0.600696,-0.076189
2007-06-07,46.3400,0.907106,1.583469,1,-0.606888,-0.090516
2007-06-08,46.9100,0.918264,1.602947,1,-0.602053,-0.079329
2007-06-11,46.8200,0.916502,1.599871,1,-0.602816,-0.081096
2007-06-12,46.5400,0.911021,1.590303,1,-0.605192,-0.086591
2007-06-13,47.0500,0.921004,1.607730,1,-0.600865,-0.076582
2007-06-14,47.3600,0.927072,1.618323,1,-0.598235,-0.070497
2007-06-15,47.7300,0.934315,1.630966,1,-0.595097,-0.063236
2007-06-18,47.7700,0.935098,1.632333,1,-0.594757,-0.062451
2007-06-19,47.7600,0.934902,1.631992,1,-0.594842,-0.062647
2007-06-20,47.3100,0.926094,1.616615,1,-0.598660,-0.071479
2007-06-21,47.7400,0.934511,1.631308,1,-0.595012,-0.063039
2007-06-22,47.2900,0.925702,1.615931,1,-0.598829,-0.071871
2007-06-25,47.0900,0.921787,1.609097,1,-0.600526,-0.075796
2007-06-26,46.8200,0.916502,1.599871,1,-0.602816,-0.081096
2007-06-27,47.5400,0.930596,1.624474,1,-0.596709,-0.066965
2007-06-28,47.5200,0.930204,1.623791,1,-0.596878,-0.067357
2007-06-29,47.6000,0.931770,1.626524,1,-0.596200,-0.065787
2007-07-02,48.0100,0.939796,1.640534,1,-0.592721,-0.057740
2007-07-03,48.3100,0.945669,1.650785,1,-0.590176,-0.051852
2007-07-05,48.6600,0.952520,1.662745,1,-0.587207,-0.044983
2007-07-06,48.8600,0.956435,1.669579,1,-0.585511,-0.041058
2007-07-09,48.8900,0.957022,1.670604,1,-0.585256,-0.040469
2007-07-10,48.4800,0.948996,1.656594,1,-0.588734,-0.048516
2007-07-11,48.8100,0.955456,1.667871,1,-0.585935,-0.042039
2007-07-12,49.5600,0.970137,1.693499,1,-0.579572,-0.027319
2007-07-13,49.9000,0.976793,1.705117,1,-0.576688,-0.020646
2007-07-16,49.8500,0.975814,1.703408,1,-0.577112,-0.021628
2007-07-17,50.2300,0.983253,1.716393,1,-0.573889,-0.014170
2007-07-18,50.1700,0.982078,1.714343,1,-0.574398,-0.015347
2007-07-19,50.3200,0.985014,1.719469,1,-0.573125,-0.012403
2007-07-20,50.0500,0.979729,1.710242,1,-0.575416,-0.017703
2007-07-23,50.0700,0.980121,1.710926,1,-0.575246,-0.017310
2007-07-24,49.3300,0.965635,1.685640,1,-0.581524,-0.031834
2007-07-25,49.4000,0.967005,1.688032,1,-0.580930,-0.030460
2007-07-26,48.9800,0.958784,1.673680,1,-0.584493,-0.038703
2007-07-27,47.9900,0.939405,1.639851,1,-0.592891,-0.058133
2007-07-30,48.5500,0.950367,1.658986,1,-0.588140,-0.047142
2007-07-31,47.5300,0.930400,1.624132,1,-0.596793,-0.067161
2007-08-01,47.9000,0.937643,1.636775,1,-0.593655,-0.059899
2007-08-02,48.3400,0.946256,1.651811,1,-0.589922,-0.051264
2007-08-03,47.4200,0.928247,1.620374,1,-0.597727,-0.069320
2007-08-06,47.9700,0.939013,1.639167,1,-0.593061,-0.058525
2007-08-07,48.3100,0.945669,1.650785,1,-0.590176,-0.051852
2007-08-08,48.8400,0.956043,1.668896,1,-0.585680,-0.041450
2007-08-09,47.7100,0.933924,1.630283,1,-0.595266,-0.063628
2007-08-10,47.2800,0.925506,1.615590,1,-0.598914,-0.072067
2007-08-13,47.6000,0.931770,1.626524,1,-0.596200,-0.065787
2007-08-14,46.7900,0.915915,1.598846,1,-0.603071,-0.081684
2007-08-15,45.9000,0.898493,1.568434,1,-0.610621,-0.099152
2007-08-16,45.4500,0.889684,1.553057,1,-0.614438,-0.107984
2007-08-17,46.3100,0.906519,1.582444,1,-0.607143,-0.091105
2007-08-20,46.5300,0.910825,1.589962,1,-0.605277,-0.086787
2007-08-21,47.0200,0.920417,1.606705,1,-0.601120,-0.077170
2007-08-22,47.6600,0.932945,1.628575,1,-0.595691,-0.064609
2007-08-23,47.5300,0.930400,1.624132,1,-0.596793,-0.067161
2007-08-24,48.2000,0.943515,1.647027,1,-0.591110,-0.054011
2007-08-27,47.8800,0.937251,1.636092,1,-0.593824,-0.060292
2007-08-28,46.7400,0.914936,1.597138,1,-0.603495,-0.082666
2007-08-29,48.0800,0.941166,1.642926,1,-0.592128,-0.056366
2007-08-30,48.3300,0.946060,1.651469,1,-0.590007,-0.051460
2007-08-31,48.8700,0.956631,1.669921,1,-0.585426,-0.040862
2007-09-04,49.6800,0.972486,1.697599,1,-0.578554,-0.024964
2007-09-05,49.1800,0.962699,1.680514,1,-0.582796,-0.034777
2007-09-06,49.1400,0.961916,1.679147,1,-0.583135,-0.035563
2007-09-07,48.2300,0.944103,1.648052,1,-0.590855,-0.053422
2007-09-10,48.2000,0.943515,1.647027,1,-0.591110,-0.054011
2007-09-11,48.9300,0.957805,1.671971,1,-0.584917,-0.039684
2007-09-12,48.9400,0.958001,1.672313,1,-0.584832,-0.039488
2007-09-13,49.1800,0.962699,1.680514,1,-0.582796,-0.034777
2007-09-14,49.2200,0.963482,1.681881,1,-0.582457,-0.033992
2007-09-17,48.8100,0.955456,1.667871,1,-0.585935,-0.042039
2007-09-18,50.0400,0.979533,1.709901,1,-0.575501,-0.017899
2007-09-19,50.1700,0.982078,1.714343,1,-0.574398,-0.015347
2007-09-20,50.0300,0.979338,1.709559,1,-0.575585,-0.018095
2007-09-21,50.3600,0.985797,1.720835,1,-0.572786,-0.011618
2007-09-24,50.5900,0.990300,1.728695,1,-0.570835,-0.007104
2007-09-25,51.0700,0.999696,1.745097,1,-0.566763,0.000000
2007-09-26,51.3200,1.004590,1.753639,1,-0.564642,0.000000
2007-09-27,51.5800,1.009679,1.762524,1,-0.562436,0.000000
2007-09-28,51.4100,1.006351,1.756715,1,-0.563879,-0.003296
2007-10-01,52.0000,1.017901,1.776875,1,-0.558873,0.000000
2007-10-02,52.0100,1.018096,1.777217,1,-0.558789,0.000000
2007-10-03,51.6500,1.011049,1.764916,1,-0.561843,-0.006922
2007-10-04,51.7700,1.013398,1.769016,1,-0.560825,-0.004614
2007-10-05,52.8200,1.033952,1.804895,1,-0.551917,0.000000
2007-10-08,53.1500,1.040412,1.816172,1,-0.549118,0.000000
2007-10-09,53.3800,1.044914,1.824031,1,-0.547167,0.000000
2007-10-10,53.5100,1.047459,1.828473,1,-0.546064,0.000000
2007-10-11,52.6600,1.030820,1.799428,1,-0.553275,-0.015885
2007-10-12,53.5300,1.047850,1.829156,1,-0.545894,0.000000
2007-10-15,53.1200,1.039825,1.815146,1,-0.549372,-0.007659
2007-10-16,52.8700,1.034931,1.806604,1,-0.551493,-0.012330
2007-10-17,53.5500,1.048242,1.829840,1,-0.545724,0.000000
2007-10-18,53.7800,1.052744,1.837699,1,-0.543773,0.000000
2007-10-19,52.4400,1.026514,1.791910,1,-0.555141,-0.024916
2007-10-22,53.0700,1.038846,1.813438,1,-0.549796,-0.013202
2007-10-23,54.1800,1.060574,1.851367,1,-0.540380,0.000000
2007-10-24,53.7700,1.052548,1.837357,1,-0.543858,-0.007567
2007-10-25,53.0500,1.038454,1.812754,1,-0.549966,-0.020856
2007-10-26,53.9300,1.055680,1.842825,1,-0.542501,-0.004614
2007-10-29,54.1600,1.060183,1.850684,1,-0.540550,-0.000369
2007-10-30,54.2600,1.062140,1.854101,1,-0.539701,0.000000
2007-10-31,55.0300,1.077213,1.880412,1,-0.533169,0.000000
2007-11-01,54.0000,1.057051,1.845217,1,-0.541907,-0.018717
2007-11-02,54.4200,1.065272,1.859568,1,-0.538344,-0.011085
2007-11-05,54.0700,1.058421,1.847609,1,-0.541313,-0.017445
2007-11-06,54.6800,1.070362,1.868453,1,-0.536138,-0.006360
2007-11-07,53.3500,1.044327,1.823006,1,-0.547421,-0.030529
2007-11-08,51.7300,1.012615,1.767649,1,-0.561164,-0.059967
2007-11-09,50.0000,0.978750,1.708534,1,-0.575840,-0.091405
2007-11-12,48.7300,0.953890,1.665137,1,-0.586614,-0.114483
2007-11-13,50.7400,0.993236,1.733820,1,-0.569562,-0.077957
2007-11-14,50.0900,0.980512,1.711609,1,-0.575076,-0.089769
2007-11-15,49.8200,0.975227,1.702383,1,-0.577367,-0.094676
2007-11-16,50.2800,0.984231,1.718102,1,-0.573465,-0.086317
2007-11-19,49.7000,0.972878,1.698283,1,-0.578385,-0.096856
2007-11-20,49.9000,0.976793,1.705117,1,-0.576688,-0.093222
2007-11-21,49.3100,0.965244,1.684956,1,-0.581693,-0.103943
2007-11-23,49.8400,0.975618,1.703067,1,-0.577197,-0.094312
2007-11-26,48.9800,0.958784,1.673680,1,-0.584493,-0.109940
2007-11-27,49.9600,0.977967,1.707167,1,-0.576179,-0.092132
2007-11-28,51.4800,1.007722,1.759107,1,-0.563285,-0.064510
2007-11-29,51.7000,1.012028,1.766624,1,-0.561418,-0.060512
2007-11-30,51.3100,1.004394,1.753298,1,-0.564727,-0.067599
2007-12-03,50.8800,0.995976,1.738604,1,-0.568375,-0.075413
2007-12-04,50.6700,0.991866,1.731428,1,-0.570156,-0.079230
2007-12-05,51.5700,1.009483,1.762182,1,-0.562521,-0.062875
2007-12-06,52.3200,1.024165,1.787810,1,-0.556159,-0.049246
2007-12-07,52.3300,1.024360,1.788152,1,-0.556074,-0.049064
2007-12-10,52.5400,1.028471,1.795327,1,-0.554293,-0.045248
2007-12-11,51.3200,1.004590,1.753639,1,-0.564642,-0.067418
2007-12-12,51.7800,1.013594,1.769358,1,-0.560740,-0.059059
2007-12-13,51.5000,1.008113,1.759790,1,-0.563115,-0.064147
2007-12-14,50.9700,0.997738,1.741679,1,-0.567611,-0.073778
2007-12-17,49.7300,0.973465,1.699308,1,-0.578130,-0.096311
2007-12-18,49.8900,0.976597,1.704775,1,-0.576773,-0.093404
2007-12-19,49.8800,0.976401,1.704433,1,-0.576858,-0.093585
2007-12-20,50.9000,0.996368,1.739288,1,-0.568205,-0.075050
2007-12-21,51.8500,1.014964,1.771750,1,-0.560146,-0.057787
2007-12-24,52.2400,1.022599,1.785076,1,-0.556837,-0.050700
2007-12-26,52.5000,1.027688,1.793961,1,-0.554632,-0.045975
2007-12-27,51.9300,1.016530,1.774483,1,-0.559467,-0.056333
2007-12-28,51.8600,1.015160,1.772091,1,-0.560061,-0.057605
2007-12-31,51.2200,1.002632,1.750222,1,-0.565490,-0.069235
2008-01-02,50.4500,0.987559,1.723911,1,-0.572022,-0.083227
2008-01-03,50.6200,0.990887,1.729720,1,-0.570580,-0.080138
2008-01-04,48.4000,0.947430,1.653861,1,-0.589413,-0.120480
2008-01-07,48.1700,0.942928,1.646002,1,-0.591364,-0.124659
2008-01-08,46.9200,0.918459,1.603288,1,-0.601968,-0.147374
2008-01-09,47.9200,0.938034,1.637459,1,-0.593485,-0.129202
2008-01-10,47.9900,0.939405,1.639851,1,-0.592891,-0.127930
2008-01-11,47.0500,0.921004,1.607730,1,-0.600865,-0.145012
2008-01-14,47.8700,0.937056,1.635750,1,-0.593909,-0.130111
2008-01-15,46.5500,0.911217,1.590645,1,-0.605107,-0.154098
2008-01-16,46.0500,0.901429,1.573560,1,-0.609348,-0.163184
2008-01-17,45.4100,0.888901,1.551690,1,-0.614778,-0.174814
2008-01-18,45.3500,0.887727,1.549640,1,-0.615287,-0.175904
2008-01-22,44.1800,0.864824,1.509661,1,-0.625212,-0.197165
2008-01-23,44.0200,0.861692,1.504193,1,-0.626569,-0.200073
2008-01-24,44.9100,0.879114,1.534605,1,-0.619019,-0.183900
2008-01-25,43.9900,0.861105,1.503168,1,-0.626824,-0.200618
2008-01-28,44.3300,0.867760,1.514786,1,-0.623940,-0.194439
2008-01-29,44.4100,0.869326,1.517520,1,-0.623261,-0.192986
2008-01-30,44.3700,0.868543,1.516153,1,-0.623600,-0.193713
2008-01-31,45.1300,0.883420,1.542123,1,-0.617153,-0.179902
2008-02-01,45.5900,0.892425,1.557841,1,-0.613251,-0.171543
2008-02-04,44.9500,0.879897,1.557305,0,-0.618680,-0.171828
2008-02-05,43.6700,0.854841,1.557547,0,-0.629539,-0.171699
2008-02-06,42.8100,0.838006,1.557789,0,-0.636834,-0.171570
2008-02-07,43.1100,0.843879,1.558032,0,-0.634289,-0.171441
2008-02-08,43.6000,0.853470,1.558274,0,-0.630132,-0.171312
2008-02-11,44.0700,0.862671,1.558517,0,-0.626145,-0.171183
2008-02-12,43.8200,0.857777,1.558760,0,-0.628266,-0.171054
2008-02-13,44.7800,0.876569,1.559002,0,-0.620122,-0.170925
2008-02-14,43.9700,0.860713,1.559245,0,-0.626994,-0.170796
2008-02-15,43.8200,0.857777,1.559488,0,-0.628266,-0.170667
2008-02-19,43.7400,0.856211,1.559730,0,-0.628945,-0.170538
2008-02-20,43.9400,0.860126,1.559973,0,-0.627248,-0.170409
2008-02-21,43.5200,0.851904,1.560216,0,-0.630811,-0.170280
2008-02-22,43.6800,0.855036,1.560459,0,-0.629454,-0.170151
2008-02-25,43.9000,0.859343,1.560702,0,-0.627587,-0.170022
2008-02-26,44.0700,0.862671,1.560945,0,-0.626145,-0.169892
2008-02-27,44.2900,0.866977,1.561187,0,-0.624279,-0.169763
2008-02-28,44.1200,0.863649,1.561430,0,-0.625721,-0.169634
2008-02-29,42.9500,0.840747,1.561674,0,-0.635646,-0.169505
2008-03-03,42.6700,0.835266,1.561917,0,-0.638022,-0.169376
2008-03-04,42.9100,0.839964,1.562160,0,-0.635986,-0.169246
2008-03-05,43.1200,0.844074,1.562403,0,-0.634204,-0.169117
2008-03-06,42.1700,0.825478,1.562646,0,-0.642263,-0.168988
2008-03-07,42.0700,0.823521,1.562889,0,-0.643112,-0.168858
2008-03-10,41.2600,0.807665,1.563133,0,-0.649983,-0.168729
2008-03-11,42.8300,0.838398,1.563376,0,-0.636664,-0.168599
2008-03-12,42.7100,0.836049,1.563619,0,-0.637682,-0.168470
2008-03-13,43.0400,0.842508,1.563863,0,-0.634883,-0.168341
2008-03-14,42.2500,0.827044,1.564106,0,-0.641585,-0.168211
2008-03-17,41.4800,0.811971,1.564349,0,-0.648117,-0.168082
2008-03-18,43.3300,0.848185,1.564593,0,-0.632423,-0.167952
2008-03-19,42.2600,0.827240,1.564836,0,-0.641500,-0.167823
2008-03-20,43.0900,0.843487,1.565080,0,-0.634459,-0.167693
2008-03-24,44.5800,0.872654,1.565324,0,-0.621819,-0.167564
2008-03-25,44.8300,0.877548,1.565567,0,-0.619698,-0.167434
2008-03-26,44.7000,0.875003,1.565811,0,-0.620801,-0.167305
2008-03-27,43.7100,0.855624,1.566055,0,-0.629199,-0.167175
2008-03-28,43.4900,0.851317,1.566298,0,-0.631065,-0.167045
2008-03-31,43.7200,0.855819,1.566542,0,-0.629114,-0.166916
2008-04-01,45.5900,0.892425,1.566786,0,-0.613251,-0.166786
2008-04-02,45.4900,0.890467,1.567030,0,-0.614099,-0.166656
2008-04-03,45.5900,0.892425,1.567274,0,-0.613251,-0.166527
2008-04-04,45.8600,0.897710,1.567518,0,-0.610960,-0.166397
2008-04-07,45.7600,0.895752,1.567762,0,-0.611809,-0.166267
2008-04-08,45.4100,0.888901,1.568006,0,-0.614778,-0.166137
2008-04-09,44.9000,0.878918,1.568250,0,-0.619104,-0.166008
2008-04-10,45.5400,0.891446,1.568494,0,-0.613675,-0.165878
2008-04-11,44.2800,0.866781,1.568738,0,-0.624364,-0.165748
2008-04-14,44.0800,0.862866,1.568982,0,-0.626060,-0.165618
2008-04-15,44.1400,0.864041,1.569226,0,-0.625551,-0.165488
2008-04-16,45.3700,0.888118,1.569471,0,-0.615117,-0.165358
2008-04-17,45.2700,0.886161,1.569715,0,-0.615965,-0.165228
2008-04-18,46.7100,0.914349,1.569959,0,-0.603750,-0.165098
2008-04-21,47.0400,0.920808,1.570204,0,-0.600950,-0.164968
2008-04-22,46.3400,0.907106,1.570448,0,-0.606888,-0.164838
2008-04-23,46.8500,0.917089,1.570693,0,-0.602562,-0.164708
2008-04-24,47.2700,0.925311,1.570937,0,-0.598999,-0.164578
2008-04-25,47.1500,0.922962,1.571182,0,-0.600017,-0.164448
2008-04-28,47.2400,0.924723,1.571426,0,-0.599253,-0.164318
2008-04-29,47.6000,0.931770,1.571671,0,-0.596200,-0.164188
2008-04-30,47.2100,0.924136,1.571915,0,-0.599508,-0.164058
2008-05-01,48.7000,0.953303,1.572160,0,-0.586868,-0.163928
2008-05-02,48.7700,0.954673,1.572405,0,-0.586274,-0.163798
2008-05-05,48.6300,0.951933,1.572649,0,-0.587462,-0.163668
2008-05-06,48.9300,0.957805,1.572894,0,-0.584917,-0.163538
2008-05-07,48.0400,0.940383,1.573139,0,-0.592467,-0.163407
2008-05-08,48.4000,0.947430,1.573384,0,-0.589413,-0.163277
2008-05-09,48.2100,0.943711,1.573629,0,-0.591025,-0.163147
2008-05-12,49.0900,0.960937,1.573874,0,-0.583560,-0.163017
2008-05-13,49.2200,0.963482,1.574119,0,-0.582457,-0.162886
2008-05-14,49.1100,0.961329,1.574364,0,-0.583390,-0.162756
2008-05-15,49.9700,0.978163,1.574609,0,-0.576094,-0.162626
2008-05-16,50.0100,0.978946,1.574854,0,-0.575755,-0.162496
2008-05-19,49.6500,0.971899,1.575099,0,-0.578809,-0.162365
2008-05-20,49.2700,0.964461,1.575344,0,-0.582033,-0.162235
2008-05-21,48.1800,0.943124,1.575589,0,-0.591279,-0.162104
2008-05-22,48.3500,0.946452,1.575835,0,-0.589837,-0.161974
2008-05-23,48.2000,0.943515,1.576080,0,-0.591110,-0.161844
2008-05-27,49.0500,0.960154,1.576325,0,-0.583899,-0.161713
2008-05-28,49.2500,0.964069,1.576571,0,-0.582202,-0.161583
2008-05-29,49.6900,0.972682,1.576816,0,-0.578470,-0.161452
2008-05-30,50.0100,0.978946,1.577061,0,-0.575755,-0.161322
2008-06-02,49.4000,0.967005,1.577307,0,-0.580930,-0.161191
2008-06-03,49.1300,0.961720,1.577552,0,-0.583220,-0.161060
2008-06-04,49.7600,0.974052,1.577798,0,-0.577876,-0.160930
2008-06-05,50.5500,0.989517,1.578043,0,-0.571174,-0.160799
2008-06-06,49.0300,0.959763,1.578289,0,-0.584069,-0.160669
2008-06-09,48.7700,0.954673,1.578535,0,-0.586274,-0.160538
2008-06-10,48.5400,0.950171,1.578780,0,-0.588225,-0.160407
2008-06-11,47.3800,0.927464,1.579026,0,-0.598066,-0.160277
2008-06-12,47.4200,0.928247,1.579272,0,-0.597727,-0.160146
2008-06-13,48.3700,0.946843,1.579518,0,-0.589667,-0.160015
2008-06-16,48.8000,0.955260,1.579764,0,-0.586020,-0.159885
2008-06-17,48.5400,0.950171,1.580009,0,-0.588225,-0.159754
2008-06-18,48.0200,0.939992,1.580255,0,-0.592637,-0.159623
2008-06-19,48.7700,0.954673,1.580501,0,-0.586274,-0.159492
2008-06-20,47.4200,0.928247,1.580747,0,-0.597727,-0.159361
2008-06-23,47.0500,0.921004,1.580993,0,-0.600865,-0.159230
2008-06-24,46.8100,0.916306,1.581240,0,-0.602901,-0.159100
2008-06-25,47.5700,0.931183,1.581486,0,-0.596454,-0.158969
2008-06-26,45.6500,0.893599,1.516896,1,-0.612742,-0.193318
2008-06-27,45.6500,0.893599,1.516896,1,-0.612742,-0.193318
2008-06-30,45.1700,0.884203,1.500946,1,-0.616814,-0.201800
2008-07-01,45.8100,0.896731,1.522212,1,-0.611384,-0.190490
2008-07-02,44.7100,0.875199,1.485660,1,-0.620716,-0.209928
2008-07-03,44.6300,0.873633,1.483002,1,-0.621395,-0.211342
2008-07-07,44.9000,0.878918,1.491974,1,-0.619104,-0.206571
2008-07-08,45.9700,0.899863,1.527529,1,-0.610027,-0.187663
2008-07-09,44.7500,0.875982,1.486990,1,-0.620377,-0.209222
2008-07-10,45.2800,0.886356,1.486477,0,-0.615881,-0.209494
2008-07-11,44.5600,0.872262,1.486709,0,-0.621988,-0.209371
2008-07-14,44.2300,0.865803,1.486940,0,-0.624788,-0.209248
2008-07-15,44.2400,0.865998,1.487172,0,-0.624703,-0.209125
2008-07-16,45.3400,0.887531,1.487403,0,-0.615372,-0.209002
2008-07-17,45.6400,0.893403,1.487635,0,-0.612827,-0.208879
2008-07-18,44.5900,0.872850,1.487866,0,-0.621734,-0.208755
2008-07-21,44.7800,0.876569,1.488098,0,-0.620122,-0.208632
2008-07-22,44.7800,0.876569,1.488329,0,-0.620122,-0.208509
2008-07-23,45.3700,0.888118,1.488561,0,-0.615117,-0.208386
2008-07-24,44.6900,0.874807,1.488793,0,-0.620886,-0.208263
2008-07-25,45.2700,0.886161,1.489025,0,-0.615965,-0.208139
2008-07-28,44.4200,0.869522,1.489256,0,-0.623176,-0.208016
2008-07-29,45.3400,0.887531,1.489488,0,-0.615372,-0.207893
2008-07-30,45.5700,0.892033,1.489720,0,-0.613420,-0.207770
2008-07-31,45.4600,0.889880,1.489952,0,-0.614354,-0.207646
2008-08-01,44.8800,0.878526,1.490184,0,-0.619274,-0.207523
2008-08-04,44.4300,0.869718,1.490416,0,-0.623091,-0.207400
2008-08-05,45.9300,0.899080,1.490648,0,-0.610366,-0.207276
2008-08-06,46.6300,0.912783,1.490880,0,-0.604428,-0.207153
2008-08-07,46.2700,0.905736,1.491112,0,-0.607482,-0.207029
2008-08-08,47.3200,0.926289,1.491344,0,-0.598575,-0.206906
2008-08-11,47.7500,0.934707,1.491576,0,-0.594927,-0.206783
2008-08-12,47.8000,0.935685,1.491808,0,-0.594503,-0.206659
2008-08-13,47.7000,0.933728,1.492040,0,-0.595351,-0.206536
2008-08-14,48.2500,0.944494,1.492273,0,-0.590685,-0.206412
2008-08-15,48.1600,0.942732,1.492505,0,-0.591449,-0.206289
2008-08-18,47.6000,0.931770,1.492737,0,-0.596200,-0.206165
2008-08-19,47.0100,0.920221,1.492969,0,-0.601205,-0.206041
2008-08-20,47.0900,0.921787,1.493202,0,-0.600526,-0.205918
2008-08-21,46.8700,0.917481,1.493434,0,-0.602392,-0.205794
2008-08-22,47.4900,0.929617,1.493667,0,-0.597133,-0.205671
2008-08-25,46.4900,0.910042,1.493899,0,-0.605616,-0.205547
2008-08-26,46.4300,0.908868,1.494132,0,-0.606125,-0.205423
2008-08-27,46.7300,0.914740,1.494364,0,-0.603580,-0.205300
2008-08-28,47.1100,0.922179,1.494597,0,-0.600356,-0.205176
2008-08-29,46.1200,0.902799,1.494830,0,-0.608755,-0.205052
2008-09-02,45.5500,0.891642,1.495062,0,-0.613590,-0.204929
2008-09-03,45.1200,0.883224,1.495295,0,-0.617238,-0.204805
2008-09-04,43.6600,0.854645,1.495528,0,-0.629623,-0.204681
2008-09-05,43.4500,0.850534,1.495760,0,-0.631405,-0.204557
2008-09-08,43.3100,0.847794,1.495993,0,-0.632592,-0.204433
2008-09-09,42.4500,0.830959,1.496226,0,-0.639888,-0.204310
2008-09-10,42.8000,0.837810,1.496459,0,-0.636919,-0.204186
2008-09-11,43.6000,0.853470,1.496692,0,-0.630132,-0.204062
2008-09-12,43.4300,0.850143,1.496925,0,-0.631574,-0.203938
2008-09-15,42.0800,0.823716,1.497158,0,-0.643027,-0.203814
2008-09-16,42.4100,0.830176,1.497391,0,-0.640227,-0.203690
2008-09-17,40.2100,0.787111,1.497624,0,-0.658890,-0.203566
2008-09-18,41.5700,0.813733,1.497857,0,-0.647353,-0.203442
2008-09-19,42.9000,0.839768,1.498090,0,-0.636071,-0.203318
2008-09-22,40.8800,0.800226,1.498323,0,-0.653207,-0.203194
2008-09-23,40.5700,0.794158,1.498557,0,-0.655836,-0.203070
2008-09-24,40.8500,0.799639,1.498790,0,-0.653461,-0.202946
2008-09-25,41.5000,0.812363,1.499023,0,-0.647947,-0.202822
2008-09-26,41.0800,0.804141,1.499256,0,-0.651510,-0.202698
2008-09-29,37.8200,0.740327,1.499490,0,-0.679165,-0.202574
2008-09-30,38.9100,0.761664,1.499723,0,-0.669919,-0.202450
2008-10-01,38.5000,0.753638,1.499957,0,-0.673397,-0.202326
2008-10-02,36.7500,0.719382,1.500190,0,-0.688242,-0.202202
2008-10-03,36.1800,0.708224,1.500424,0,-0.693078,-0.202077
2008-10-06,34.8600,0.682385,1.500657,0,-0.704276,-0.201953
2008-10-07,32.6500,0.639124,1.500891,0,-0.723023,-0.201829
2008-10-08,32.3900,0.634035,1.501124,0,-0.725229,-0.201705
2008-10-09,31.5200,0.617004,1.501358,0,-0.732609,-0.201580
2008-10-10,31.3200,0.613089,1.501592,0,-0.734306,-0.201456
2008-10-13,35.1300,0.687670,1.501825,0,-0.701985,-0.201332
2008-10-14,33.6100,0.657916,1.502059,0,-0.714880,-0.201208
2008-10-15,30.6000,0.598995,1.502293,0,-0.740414,-0.201083
2008-10-16,32.2600,0.631490,1.502527,0,-0.726332,-0.200959
2008-10-17,32.3000,0.632273,1.502761,0,-0.725993,-0.200835
2008-10-20,33.2000,0.649890,1.502995,0,-0.718358,-0.200710
2008-10-21,31.4800,0.616221,1.503228,0,-0.732949,-0.200586
2008-10-22,30.6100,0.599191,1.503462,0,-0.740329,-0.200461
2008-10-23,30.4900,0.596842,1.503696,0,-0.741347,-0.200337
2008-10-24,29.5100,0.577659,1.503931,0,-0.749661,-0.200212
2008-10-27,28.6900,0.561607,1.504165,0,-0.756617,-0.200088
2008-10-28,31.8600,0.623660,1.504399,0,-0.729725,-0.199963
2008-10-29,31.7800,0.622094,1.504633,0,-0.730404,-0.199839
2008-10-30,32.8400,0.642843,1.504867,0,-0.721412,-0.199714
2008-10-31,32.8900,0.643822,1.505101,0,-0.720987,-0.199590
2008-11-03,32.8200,0.642452,1.505336,0,-0.721581,-0.199465
2008-11-04,33.7500,0.660657,1.505570,0,-0.713692,-0.199341
2008-11-05,31.9900,0.626205,1.505804,0,-0.728622,-0.199216
2008-11-06,30.5600,0.598212,1.506039,0,-0.740753,-0.199091
2008-11-07,31.1900,0.610545,1.506273,0,-0.735409,-0.198967
2008-11-10,30.7700,0.602323,1.506507,0,-0.738972,-0.198842
2008-11-11,30.1000,0.589208,1.506742,0,-0.744656,-0.198717
2008-11-12,28.7100,0.561999,1.506976,0,-0.756447,-0.198593
2008-11-13,30.4600,0.596255,1.507211,0,-0.741602,-0.198468
2008-11-14,28.9800,0.567284,1.507446,0,-0.754157,-0.198343
2008-11-17,28.3700,0.555343,1.507680,0,-0.759332,-0.198218
2008-11-18,28.3400,0.554756,1.507915,0,-0.759586,-0.198093
2008-11-19,26.8600,0.525785,1.508150,0,-0.772141,-0.197969
2008-11-20,25.5600,0.500337,1.508384,0,-0.783169,-0.197844
2008-11-21,26.6700,0.522066,1.508619,0,-0.773753,-0.197719
2008-11-24,28.3000,0.553973,1.508854,0,-0.759925,-0.197594
2008-11-25,28.1700,0.551428,1.509089,0,-0.761028,-0.197469
2008-11-26,29.3500,0.574527,1.509324,0,-0.751018,-0.197344
2008-11-28,29.1200,0.570024,1.509559,0,-0.752969,-0.197219
2008-12-01,26.9300,0.527155,1.509794,0,-0.771547,-0.197094
2008-12-02,27.8300,0.544773,1.510029,0,-0.763912,-0.196969
2008-12-03,28.6200,0.560237,1.510264,0,-0.757211,-0.196844
2008-12-04,27.8100,0.544381,1.510499,0,-0.764082,-0.196719
2008-12-05,28.9400,0.566501,1.510734,0,-0.754496,-0.196594
2008-12-08,30.0800,0.588816,1.510969,0,-0.744825,-0.196469
2008-12-09,30.0100,0.587446,1.511204,0,-0.745419,-0.196344
2008-12-10,29.9100,0.585489,1.511439,0,-0.746267,-0.196219
2008-12-11,29.0900,0.569437,1.511675,0,-0.753224,-0.196094
2008-12-12,29.6800,0.580986,1.511910,0,-0.748219,-0.195969
2008-12-15,29.1600,0.570807,1.512145,0,-0.752630,-0.195844
2008-12-16,30.5600,0.598212,1.512381,0,-0.740753,-0.195719
2008-12-17,30.1900,0.590970,1.512616,0,-0.743892,-0.195593
2008-12-18,29.6600,0.580595,1.512851,0,-0.748388,-0.195468
2008-12-19,29.8600,0.584510,1.513087,0,-0.746692,-0.195343
2008-12-22,29.2100,0.571786,1.513322,0,-0.752206,-0.195218
2008-12-23,29.0600,0.568850,1.513558,0,-0.753478,-0.195093
2008-12-24,29.1400,0.570416,1.513794,0,-0.752799,-0.194967
2008-12-26,29.1300,0.570220,1.514029,0,-0.752884,-0.194842
2008-12-29,28.8900,0.565522,1.514265,0,-0.754920,-0.194717
2008-12-30,29.4900,0.577267,1.514501,0,-0.749830,-0.194591
2008-12-31,29.7400,0.582161,1.514736,0,-0.747710,-0.194466
2009-01-02,31.0300,0.607413,1.514972,0,-0.736766,-0.194341
2009-01-05,31.0200,0.607217,1.515208,0,-0.736851,-0.194215
2009-01-06,31.3300,0.613285,1.515444,0,-0.734221,-0.194090
2009-01-07,30.4400,0.595863,1.515680,0,-0.741771,-0.193964
2009-01-08,30.7600,0.602127,1.515916,0,-0.739057,-0.193839
2009-01-09,30.0700,0.588621,1.516151,0,-0.744910,-0.193713
2009-01-12,29.5200,0.577854,1.516387,0,-0.749576,-0.193588
2009-01-13,29.5300,0.578050,1.516623,0,-0.749491,-0.193462
2009-01-14,28.6300,0.560433,1.516860,0,-0.757126,-0.193337
2009-01-15,29.1000,0.569633,1.517096,0,-0.753139,-0.193211
2009-01-16,29.4200,0.575897,1.517332,0,-0.750424,-0.193086
2009-01-20,27.9600,0.547317,1.517568,0,-0.762810,-0.192960
2009-01-21,29.1500,0.570612,1.517804,0,-0.752715,-0.192834
2009-01-22,28.7600,0.562977,1.518040,0,-0.756023,-0.192709
2009-01-23,28.9000,0.565718,1.518277,0,-0.754835,-0.192583
2009-01-26,29.1100,0.569829,1.518513,0,-0.753054,-0.192457
2009-01-27,29.3200,0.573939,1.518749,0,-0.751272,-0.192332
2009-01-28,30.3500,0.594102,1.518986,0,-0.742535,-0.192206
2009-01-29,29.5800,0.579029,1.519222,0,-0.749067,-0.192080
2009-01-30,29.0600,0.568850,1.519459,0,-0.753478,-0.191955
2009-02-02,29.4100,0.575701,1.519695,0,-0.750509,-0.191829
2009-02-03,29.8700,0.584706,1.519932,0,-0.746607,-0.191703
2009-02-04,29.9100,0.585489,1.520168,0,-0.746267,-0.191577
2009-02-05,30.5700,0.598408,1.520405,0,-0.740668,-0.191451
2009-02-06,31.3700,0.614068,1.520642,0,-0.733882,-0.191326
2009-02-09,31.5000,0.616613,1.520878,0,-0.732779,-0.191200
2009-02-10,30.3400,0.593906,1.521115,0,-0.742620,-0.191074
2009-02-11,30.2000,0.591165,1.521352,0,-0.743807,-0.190948
2009-02-12,30.5700,0.598408,1.521589,0,-0.740668,-0.190822
2009-02-13,30.4300,0.595668,1.521825,0,-0.741856,-0.190696
2009-02-17,29.2200,0.571982,1.522062,0,-0.752121,-0.190570
2009-02-18,29.2400,0.572373,1.522299,0,-0.751951,-0.190444
2009-02-19,28.7900,0.563565,1.522536,0,-0.755769,-0.190318
2009-02-20,28.8700,0.565131,1.522773,0,-0.755090,-0.190192
2009-02-23,27.8600,0.545360,1.523010,0,-0.763658,-0.190066
2009-02-24,28.7800,0.563369,1.523247,0,-0.755853,-0.189940
2009-02-25,28.5900,0.559650,1.523484,0,-0.757465,-0.189814
2009-02-26,27.7900,0.543990,1.523721,0,-0.764252,-0.189688
2009-02-27,27.5300,0.538900,1.523959,0,-0.766457,-0.189562
2009-03-02,26.6400,0.521478,1.524196,0,-0.774007,-0.189435
2009-03-03,26.6200,0.521087,1.524433,0,-0.774177,-0.189309
2009-03-04,27.3300,0.534985,1.524670,0,-0.768154,-0.189183
2009-03-05,26.5100,0.518934,1.524908,0,-0.775110,-0.189057
2009-03-06,26.3000,0.514823,1.525145,0,-0.776892,-0.188931
2009-03-09,25.7400,0.503861,1.525382,0,-0.781642,-0.188804
2009-03-10,27.3300,0.534985,1.525620,0,-0.768154,-0.188678
2009-03-11,27.7500,0.543207,1.525857,0,-0.764591,-0.188552
2009-03-12,28.6700,0.561216,1.526095,0,-0.756787,-0.188426
2009-03-13,28.7400,0.562586,1.526332,0,-0.756193,-0.188299
2009-03-16,28.2600,0.553190,1.526570,0,-0.760265,-0.188173
2009-03-17,29.3300,0.574135,1.526807,0,-0.751188,-0.188047
2009-03-18,29.7000,0.581378,1.527045,0,-0.748049,-0.187920
2009-03-19,29.6800,0.580986,1.527283,0,-0.748219,-0.187794
2009-03-20,29.1800,0.571199,1.527520,0,-0.752460,-0.187667
2009-03-23,30.9000,0.604868,1.527758,0,-0.737869,-0.187541
2009-03-24,30.3300,0.593710,1.527996,0,-0.742704,-0.187414
2009-03-25,30.4700,0.596451,1.528234,0,-0.741517,-0.187288
2009-03-26,31.4100,0.614851,1.528472,0,-0.733543,-0.187161
2009-03-27,30.8200,0.603302,1.528710,0,-0.738548,-0.187035
2009-03-30,30.0600,0.588425,1.528948,0,-0.744995,-0.186908
2009-03-31,30.3200,0.593514,1.529186,0,-0.742789,-0.186782
2009-04-01,30.7700,0.602323,1.529424,0,-0.738972,-0.186655
2009-04-02,31.7600,0.621702,1.529662,0,-0.730573,-0.186529
2009-04-03,32.3500,0.633252,1.529900,0,-0.725568,-0.186402
2009-04-06,32.2700,0.631686,1.530138,0,-0.726247,-0.186275
2009-04-07,31.4200,0.615047,1.530376,0,-0.733458,-0.186149
2009-04-08,31.9500,0.625422,1.530614,0,-0.728962,-0.186022
2009-04-09,32.9400,0.644801,1.530852,0,-0.720563,-0.185895
2009-04-13,32.8900,0.643822,1.531091,0,-0.720987,-0.185769
2009-04-14,32.4900,0.635992,1.531329,0,-0.724381,-0.185642
2009-04-15,32.4000,0.634230,1.531567,0,-0.725144,-0.185515
2009-04-16,33.2400,0.650673,1.531806,0,-0.718018,-0.185388
2009-04-17,33.3100,0.652044,1.532044,0,-0.717424,-0.185262
2009-04-20,32.2400,0.631098,1.532283,0,-0.726502,-0.185135
2009-04-21,32.6900,0.639907,1.532521,0,-0.722684,-0.185008
2009-04-22,32.7900,0.641865,1.532760,0,-0.721836,-0.184881
2009-04-23,33.1100,0.648129,1.532998,0,-0.719121,-0.184754
2009-04-24,33.6900,0.659482,1.533237,0,-0.714201,-0.184627
2009-04-27,33.7300,0.660265,1.533476,0,-0.713862,-0.184500
2009-04-28,33.4800,0.655371,1.533714,0,-0.715982,-0.184373
2009-04-29,33.9400,0.664376,1.533953,0,-0.712080,-0.184247
2009-04-30,34.2800,0.671031,1.534192,0,-0.709196,-0.184120
2009-05-01,34.3700,0.672793,1.534431,0,-0.708432,-0.183993
2009-05-04,35.0500,0.686104,1.534669,0,-0.702664,-0.183866
2009-05-05,35.0200,0.685517,1.534908,0,-0.702918,-0.183739
2009-05-06,35.0300,0.685713,1.535147,0,-0.702833,-0.183611
2009-05-07,34.2100,0.669661,1.535386,0,-0.709790,-0.183484
2009-05-08,34.2300,0.670053,1.535625,0,-0.709620,-0.183357
2009-05-11,34.3500,0.672402,1.535864,0,-0.708602,-0.183230
2009-05-12,33.9300,0.664180,1.536103,0,-0.712165,-0.183103
2009-05-13,33.0200,0.646367,1.536342,0,-0.719885,-0.182976
2009-05-14,33.3900,0.653610,1.536581,0,-0.716746,-0.182849
2009-05-15,33.3700,0.653218,1.536821,0,-0.716916,-0.182722
2009-05-18,34.2400,0.670248,1.537060,0,-0.709535,-0.182594
2009-05-19,34.4000,0.673380,1.537299,0,-0.708178,-0.182467
2009-05-20,34.2800,0.671031,1.537538,0,-0.709196,-0.182340
2009-05-21,33.6500,0.658699,1.537778,0,-0.714540,-0.182213
2009-05-22,33.5400,0.656546,1.538017,0,-0.715473,-0.182085
2009-05-26,34.7900,0.681015,1.538256,0,-0.704869,-0.181958
2009-05-27,34.5500,0.676317,1.538496,0,-0.706905,-0.181831
2009-05-28,34.9500,0.684147,1.538735,0,-0.703512,-0.181703
2009-05-29,35.3800,0.692564,1.538975,0,-0.699864,-0.181576
2009-06-01,36.3900,0.712335,1.539214,0,-0.691296,-0.181449
2009-06-02,36.4400,0.713313,1.540558,1,-0.690872,-0.180734
2009-06-03,36.3300,0.711160,1.535908,1,-0.691805,-0.183207
2009-06-04,36.7400,0.719186,1.553241,1,-0.688327,-0.173989
2009-06-05,36.7800,0.719969,1.554933,1,-0.687988,-0.173090
2009-06-08,36.6700,0.717816,1.550282,1,-0.688921,-0.175563
2009-06-09,36.9500,0.723297,1.562120,1,-0.686546,-0.169268
2009-06-10,36.8200,0.720752,1.556624,1,-0.687648,-0.172190
2009-06-11,36.8200,0.720752,1.556624,1,-0.687648,-0.172190
2009-06-12,36.6500,0.717424,1.549437,1,-0.689091,-0.176012
2009-06-15,35.9000,0.702743,1.517729,1,-0.695453,-0.192874
2009-06-16,35.5500,0.695892,1.502932,1,-0.698422,-0.200743
2009-06-17,35.8900,0.702547,1.517306,1,-0.695538,-0.193099
2009-06-18,35.8200,0.701177,1.514347,1,-0.696132,-0.194673
2009-06-19,36.1600,0.707832,1.528721,1,-0.693247,-0.187029
2009-06-22,35.0800,0.686691,1.483062,1,-0.702409,-0.211310
2009-06-23,35.0000,0.685125,1.479680,1,-0.703088,-0.213109
2009-06-24,35.5900,0.696675,1.504623,1,-0.698083,-0.199844
2009-06-25,36.2900,0.710377,1.534217,1,-0.692145,-0.184106
2009-06-26,36.3700,0.711943,1.537599,1,-0.691466,-0.182308
2009-06-29,36.4500,0.713509,1.540981,1,-0.690787,-0.180509
2009-06-30,36.3800,0.712139,1.538022,1,-0.691381,-0.182083
2009-07-01,36.4000,0.712530,1.538867,1,-0.691211,-0.181633
2009-07-02,35.6000,0.696870,1.505046,1,-0.697998,-0.199619
2009-07-06,35.4100,0.693151,1.497014,1,-0.699610,-0.203891
2009-07-07,34.5300,0.675925,1.459810,1,-0.707075,-0.223676
2009-07-08,34.7100,0.679449,1.467420,1,-0.705548,-0.219629
2009-07-09,34.7700,0.680623,1.469957,1,-0.705039,-0.218280
2009-07-10,34.9200,0.683559,1.476298,1,-0.703767,-0.214907
2009-07-13,35.5900,0.696675,1.504623,1,-0.698083,-0.199844
2009-07-14,35.7200,0.699219,1.510119,1,-0.696980,-0.196921
2009-07-15,36.9200,0.722709,1.560851,1,-0.686800,-0.169942
2009-07-16,37.3600,0.731322,1.579453,1,-0.683068,-0.160050
2009-07-17,37.5600,0.735237,1.587908,1,-0.681371,-0.155553
2009-07-20,37.9200,0.742284,1.603128,1,-0.678317,-0.147459
2009-07-21,38.1800,0.747374,1.614120,1,-0.676111,-0.141614
2009-07-22,38.5000,0.753638,1.627648,1,-0.673397,-0.134420
2009-07-23,39.3500,0.770277,1.663583,1,-0.666186,-0.115309
2009-07-24,39.0500,0.764404,1.650900,1,-0.668731,-0.122054
2009-07-27,39.3500,0.770277,1.663583,1,-0.666186,-0.115309
2009-07-28,39.0800,0.764991,1.652169,1,-0.668476,-0.121380
2009-07-29,39.3400,0.770081,1.663161,1,-0.666271,-0.115534
2009-07-30,39.5700,0.774583,1.672884,1,-0.664320,-0.110363
2009-07-31,39.4500,0.772234,1.667811,1,-0.665338,-0.113061
2009-08-03,40.0400,0.783783,1.692754,1,-0.660333,-0.099796
2009-08-04,40.0400,0.783783,1.692754,1,-0.660333,-0.099796
2009-08-05,39.7300,0.777715,1.679648,1,-0.662962,-0.106766
2009-08-06,39.3800,0.770864,1.664852,1,-0.665931,-0.114635
2009-08-07,39.8800,0.780651,1.685990,1,-0.661690,-0.103394
2009-08-10,39.6000,0.775170,1.674152,1,-0.664065,-0.109689
2009-08-11,39.2600,0.768515,1.659778,1,-0.666949,-0.117333
2009-08-12,39.8700,0.780456,1.685567,1,-0.661775,-0.103618
2009-08-13,40.0900,0.784762,1.694868,1,-0.659908,-0.098672
2009-08-14,39.6300,0.775758,1.675421,1,-0.663811,-0.109014
2009-08-17,38.4800,0.753246,1.626803,1,-0.673566,-0.134869
2009-08-18,39.0300,0.764013,1.650055,1,-0.668901,-0.122504
2009-08-19,39.3000,0.769298,1.661469,1,-0.666610,-0.116433
2009-08-20,39.7600,0.778302,1.680917,1,-0.662708,-0.106091
2009-08-21,40.2900,0.788677,1.703323,1,-0.658212,-0.094176
2009-08-24,40.2500,0.787894,1.701632,1,-0.658551,-0.095075
2009-08-25,40.3700,0.790243,1.706705,1,-0.657533,-0.092377
2009-08-26,40.3000,0.788873,1.703746,1,-0.658127,-0.093951
2009-08-27,40.4000,0.790830,1.707974,1,-0.657279,-0.091703
2009-08-28,40.4400,0.791613,1.709665,1,-0.656939,-0.090803
2009-08-31,40.0300,0.783588,1.692331,1,-0.660417,-0.100021
2009-09-01,39.2800,0.768906,1.660624,1,-0.666780,-0.116883
2009-09-02,39.2500,0.768319,1.659356,1,-0.667034,-0.117558
2009-09-03,39.5100,0.773409,1.670348,1,-0.664829,-0.111712
2009-09-04,40.3600,0.790047,1.706283,1,-0.657618,-0.092602
2009-09-08,40.7400,0.797486,1.722348,1,-0.654394,-0.084059
2009-09-09,41.0900,0.804337,1.737145,1,-0.651425,-0.076190
2009-09-10,41.4800,0.811971,1.753632,1,-0.648117,-0.067421
2009-09-11,41.5200,0.812754,1.755323,1,-0.647777,-0.066522
2009-09-14,41.6800,0.815886,1.762088,1,-0.646420,-0.062925
2009-09-15,41.8100,0.818431,1.767584,1,-0.645317,-0.060002
2009-09-16,42.4200,0.830372,1.793372,1,-0.640143,-0.046288
2009-09-17,42.4100,0.830176,1.792950,1,-0.640227,-0.046513
2009-09-18,42.4400,0.830763,1.794218,1,-0.639973,-0.045838
2009-09-21,42.5700,0.833308,1.799714,1,-0.638870,-0.042915
2009-09-22,42.6500,0.834874,1.803096,1,-0.638191,-0.041117
2009-09-23,42.4500,0.830959,1.794641,1,-0.639888,-0.045613
2009-09-24,42.0700,0.823521,1.778576,1,-0.643112,-0.054157
2009-09-25,41.7000,0.816278,1.762933,1,-0.646250,-0.062475
2009-09-28,42.4100,0.830176,1.792950,1,-0.640227,-0.046513
2009-09-29,42.2200,0.826457,1.784917,1,-0.641839,-0.050784
2009-09-30,42.2500,0.827044,1.786185,1,-0.641585,-0.050110
2009-10-01,41.0000,0.802575,1.733340,1,-0.652189,-0.078213
2009-10-02,40.8800,0.800226,1.728266,1,-0.653207,-0.080911
2009-10-05,41.2100,0.806686,1.742218,1,-0.650407,-0.073492
2009-10-06,41.9400,0.820976,1.773080,1,-0.644214,-0.057079
2009-10-07,42.0600,0.823325,1.778153,1,-0.643196,-0.054381
2009-10-08,42.2400,0.826848,1.785763,1,-0.641669,-0.050335
2009-10-09,42.4800,0.831546,1.795909,1,-0.639634,-0.044939
2009-10-12,42.5700,0.833308,1.799714,1,-0.638870,-0.042915
2009-10-13,42.5800,0.833504,1.800137,1,-0.638785,-0.042691
2009-10-14,43.1600,0.844857,1.824657,1,-0.633865,-0.029651
2009-10-15,43.0600,0.842900,1.820429,1,-0.634713,-0.031899
2009-10-16,42.7800,0.837419,1.808592,1,-0.637089,-0.038194
2009-10-19,43.2100,0.845836,1.826771,1,-0.633441,-0.028526
2009-10-20,43.2200,0.846032,1.827194,1,-0.633356,-0.028302
2009-10-21,43.1400,0.844466,1.823812,1,-0.634035,-0.030100
2009-10-22,43.3100,0.847794,1.830999,1,-0.632592,-0.026278
2009-10-23,43.1300,0.844270,1.823389,1,-0.634119,-0.030325
2009-10-26,42.9900,0.841530,1.817470,1,-0.635307,-0.033473
2009-10-27,42.3400,0.828806,1.789990,1,-0.640821,-0.048086
2009-10-28,41.3900,0.810210,1.749828,1,-0.648880,-0.069445
2009-10-29,42.0900,0.823912,1.779421,1,-0.642942,-0.053707
2009-10-30,40.9600,0.801792,1.731649,1,-0.652528,-0.079112
2009-11-02,41.1300,0.805120,1.738836,1,-0.651086,-0.075290
2009-11-03,41.2600,0.807665,1.744332,1,-0.649983,-0.072368
2009-11-04,41.3300,0.809035,1.747291,1,-0.649389,-0.070794
2009-11-05,42.3500,0.829002,1.790413,1,-0.640736,-0.047862
2009-11-06,42.6000,0.833895,1.800982,1,-0.638616,-0.042241
2009-11-09,43.5100,0.851709,1.839454,1,-0.630896,-0.021782
2009-11-10,43.6200,0.853862,1.844104,1,-0.629963,-0.019309
2009-11-11,43.9000,0.859343,1.855942,1,-0.627587,-0.013013
2009-11-12,43.6500,0.854449,1.845373,1,-0.629708,-0.018634
2009-11-13,44.0100,0.861496,1.860592,1,-0.626654,-0.010540
2009-11-16,44.4600,0.870305,1.879617,1,-0.622837,-0.000423
2009-11-17,44.6000,0.873045,1.885535,1,-0.621649,0.000000
2009-11-18,44.3500,0.868152,1.874966,1,-0.623770,-0.005605
2009-11-19,43.6600,0.854645,1.845795,1,-0.629623,-0.021076
2009-11-20,43.4400,0.850338,1.836495,1,-0.631490,-0.026009
2009-11-23,44.1400,0.864041,1.866088,1,-0.625551,-0.010314
2009-11-24,43.9900,0.861105,1.859747,1,-0.626824,-0.013677
2009-11-25,44.1800,0.864824,1.867779,1,-0.625212,-0.009417
2009-11-27,43.5100,0.851709,1.839454,1,-0.630896,-0.024439
2009-11-30,43.5600,0.852687,1.841568,1,-0.630472,-0.023318
2009-12-01,44.0100,0.861496,1.860592,1,-0.626654,-0.013229
2009-12-02,44.0700,0.862671,1.863129,1,-0.626145,-0.011883
2009-12-03,43.8900,0.859147,1.855519,1,-0.627672,-0.015919
2009-12-04,44.1200,0.863649,1.865243,1,-0.625721,-0.010762
2009-12-07,43.9100,0.859539,1.856365,1,-0.627503,-0.015471
2009-12-08,43.6400,0.854253,1.844950,1,-0.629793,-0.021525
2009-12-09,44.0800,0.862866,1.863552,1,-0.626060,-0.011659
2009-12-10,44.3000,0.867173,1.872852,1,-0.624194,-0.006726
2009-12-11,44.1300,0.863845,1.865665,1,-0.625636,-0.010538
2009-12-14,44.5500,0.872067,1.883422,1,-0.622073,-0.001121
2009-12-15,44.3000,0.867173,1.872852,1,-0.624194,-0.006726
2009-12-16,44.3600,0.868347,1.875389,1,-0.623685,-0.005381
2009-12-17,43.8200,0.857777,1.852560,1,-0.628266,-0.017489
2009-12-18,44.4600,0.870305,1.879617,1,-0.622837,-0.003139
2009-12-21,44.9600,0.880092,1.900755,1,-0.618595,0.000000
2009-12-22,45.2300,0.885378,1.912170,1,-0.616305,0.000000
2009-12-23,45.5600,0.891837,1.926121,1,-0.613505,0.000000
2009-12-24,45.9800,0.900059,1.943877,1,-0.609942,0.000000
2009-12-28,46.2200,0.904757,1.954023,1,-0.607906,0.000000
2009-12-29,46.0300,0.901038,1.945991,1,-0.609518,-0.004111
2009-12-30,46.1700,0.903778,1.951910,1,-0.608331,-0.001082
2009-12-31,45.7500,0.895557,1.934153,1,-0.611893,-0.010169
2010-01-04,46.4200,0.908672,1.962479,1,-0.606210,0.000000
2010-01-05,46.4200,0.908672,1.962479,1,-0.606210,0.000000
2010-01-06,46.1400,0.903191,1.950641,1,-0.608585,-0.006032
2010-01-07,46.1700,0.903778,1.951910,1,-0.608331,-0.005386
2010-01-08,46.5500,0.911217,1.967975,1,-0.605107,0.000000
2010-01-11,46.3600,0.907497,1.959942,1,-0.606719,-0.004082
2010-01-12,45.7800,0.896144,1.935422,1,-0.611639,-0.016541
2010-01-13,46.3500,0.907302,1.959519,1,-0.606804,-0.004296
2010-01-14,46.3900,0.908085,1.961210,1,-0.606464,-0.003437
2010-01-15,45.8500,0.897514,1.938381,1,-0.611045,-0.015038
2010-01-19,46.5900,0.912000,1.969666,1,-0.604768,0.000000
2010-01-20,45.9200,0.898884,1.941340,1,-0.610451,-0.014381
2010-01-21,45.4900,0.890467,1.923161,1,-0.614099,-0.023610
2010-01-22,44.1600,0.864432,1.866934,1,-0.625382,-0.052157
2010-01-25,44.3100,0.867369,1.873275,1,-0.624109,-0.048938
2010-01-26,44.3500,0.868152,1.874966,1,-0.623770,-0.048079
2010-01-27,44.7000,0.875003,1.889763,1,-0.620801,-0.040567
2010-01-28,43.5500,0.852492,1.841145,1,-0.630556,-0.065250
2010-01-29,42.7900,0.837615,1.809015,1,-0.637004,-0.081563
2010-02-01,43.2600,0.846815,1.828885,1,-0.633017,-0.071475
2010-02-02,43.6500,0.854449,1.845373,1,-0.629708,-0.063104
2010-02-03,43.8900,0.859147,1.855519,1,-0.627672,-0.057952
2010-02-04,42.6200,0.834287,1.801828,1,-0.638446,-0.085211
2010-02-05,42.9800,0.841334,1.817047,1,-0.635392,-0.077484
2010-02-08,42.6700,0.835266,1.803942,1,-0.638022,-0.084138
2010-02-09,43.1100,0.843879,1.822543,1,-0.634289,-0.074694
2010-02-10,43.0200,0.842117,1.818738,1,-0.635053,-0.076626
2010-02-11,43.6700,0.854841,1.846218,1,-0.629539,-0.062674
2010-02-12,43.7600,0.856602,1.850023,1,-0.628775,-0.060743
2010-02-16,44.3200,0.867564,1.873698,1,-0.624024,-0.048723
2010-02-17,44.5700,0.872458,1.884267,1,-0.621904,-0.043357
2010-02-18,44.8500,0.877939,1.896104,1,-0.619528,-0.037347
2010-02-19,44.8300,0.877548,1.895259,1,-0.619698,-0.037776
2010-02-22,44.7400,0.875786,1.891454,1,-0.620461,-0.039708
2010-02-23,44.1600,0.864432,1.866934,1,-0.625382,-0.052157
2010-02-24,44.6100,0.873241,1.885958,1,-0.621564,-0.042498
2010-02-25,44.6000,0.873045,1.885535,1,-0.621649,-0.042713
2010-02-26,44.7600,0.876177,1.892300,1,-0.620292,-0.039279
2010-03-01,45.4100,0.888901,1.919779,1,-0.614778,-0.025327
2010-03-02,45.5500,0.891642,1.925698,1,-0.613590,-0.022322
2010-03-03,45.6000,0.892620,1.927812,1,-0.613166,-0.021249
2010-03-04,45.7500,0.895557,1.934153,1,-0.611893,-0.018030
2010-03-05,46.4400,0.909063,1.963324,1,-0.606040,-0.003220
2010-03-08,46.5300,0.910825,1.967129,1,-0.605277,-0.001288
2010-03-09,46.7900,0.915915,1.978121,1,-0.603071,0.000000
2010-03-10,47.1700,0.923353,1.994186,1,-0.599847,0.000000
2010-03-11,47.3500,0.926877,2.001796,1,-0.598320,0.000000
2010-03-12,47.3600,0.927072,2.002219,1,-0.598235,0.000000
2010-03-15,47.2400,0.924723,1.997146,1,-0.599253,-0.002534
2010-03-16,47.5400,0.930596,2.009828,1,-0.596709,0.000000
2010-03-17,47.6700,0.933141,2.015324,1,-0.595606,0.000000
2010-03-18,47.8300,0.936273,2.022089,1,-0.594248,0.000000
2010-03-19,47.4900,0.929617,2.007715,1,-0.597133,-0.007109
2010-03-22,47.9200,0.938034,2.025894,1,-0.593485,0.000000
2010-03-23,48.2500,0.944494,2.039845,1,-0.590685,0.000000
2010-03-24,48.0200,0.939992,2.030121,1,-0.592637,-0.004767
2010-03-25,47.9500,0.938622,2.027162,1,-0.593230,-0.006218
2010-03-26,48.0000,0.939600,2.029276,1,-0.592806,-0.005181
2010-03-29,48.2300,0.944103,2.038999,1,-0.590855,-0.000415
2010-03-30,48.3900,0.947235,2.045764,1,-0.589498,0.000000
2010-03-31,48.1600,0.942732,2.036040,1,-0.591449,-0.004753
2010-04-01,48.1600,0.942732,2.036040,1,-0.591449,-0.004753
2010-04-05,48.6100,0.951541,2.055064,1,-0.587631,0.000000
2010-04-06,48.7500,0.954282,2.060983,1,-0.586444,0.000000
2010-04-07,48.6300,0.951933,2.055910,1,-0.587462,-0.002462
2010-04-08,48.7400,0.954086,2.060560,1,-0.586529,-0.000205
2010-04-09,49.0300,0.959763,2.072821,1,-0.584069,0.000000
2010-04-12,49.0700,0.960546,2.074512,1,-0.583729,0.000000
2010-04-13,49.3200,0.965439,2.085081,1,-0.581608,0.000000
2010-04-14,49.9100,0.976989,2.110024,1,-0.576603,0.000000
2010-04-15,50.1300,0.981295,2.119325,1,-0.574737,0.000000
2010-04-16,49.5300,0.969550,2.093959,1,-0.579827,-0.011969
2010-04-19,49.5000,0.968963,2.092691,1,-0.580081,-0.012567
2010-04-20,49.7500,0.973857,2.103260,1,-0.577961,-0.007580
2010-04-21,50.0300,0.979338,2.115097,1,-0.575585,-0.001995
2010-04-22,50.3100,0.984819,2.126935,1,-0.573210,0.000000
2010-04-23,50.5200,0.988929,2.135813,1,-0.571429,0.000000
2010-04-26,50.4100,0.986776,2.131162,1,-0.572362,-0.002177
2010-04-27,49.3400,0.965831,2.085926,1,-0.581439,-0.023357
2010-04-28,49.3700,0.966418,2.087195,1,-0.581184,-0.022763
2010-04-29,50.2300,0.983253,2.123552,1,-0.573889,-0.005740
2010-04-30,49.2400,0.963873,2.081699,1,-0.582287,-0.025337
2010-05-03,49.9300,0.977380,2.110869,1,-0.576434,-0.011679
2010-05-04,48.4300,0.948018,2.047455,1,-0.589158,-0.041370
2010-05-05,48.1800,0.943124,2.036885,1,-0.591279,-0.046318
2010-05-06,46.5700,0.911608,1.968820,1,-0.604937,-0.078187
2010-05-07,45.4100,0.888901,1.919779,1,-0.614778,-0.101148
2010-05-10,47.7700,0.935098,2.019552,1,-0.594757,-0.054434
2010-05-11,47.7200,0.934119,2.017438,1,-0.595182,-0.055424
2010-05-12,48.6200,0.951737,2.055487,1,-0.587547,-0.037609
2010-05-13,47.8500,0.936664,2.022934,1,-0.594079,-0.052850
2010-05-14,46.9300,0.918655,1.984040,1,-0.601883,-0.071061
2010-05-17,47.0800,0.921591,1.990381,1,-0.600611,-0.068092
2010-05-18,46.4300,0.908868,1.962901,1,-0.606125,-0.080958
2010-05-19,46.0600,0.901625,1.947259,1,-0.609264,-0.088282
2010-05-20,44.3500,0.868152,1.874966,1,-0.623770,-0.122130
2010-05-21,44.8400,0.877743,1.895682,1,-0.619613,-0.112431
2010-05-24,44.6600,0.874220,1.888072,1,-0.621140,-0.115994
2010-05-25,44.7000,0.875003,1.889763,1,-0.620801,-0.115202
2010-05-26,44.2000,0.865215,1.868625,1,-0.625042,-0.125099
2010-05-27,45.8700,0.897906,1.939227,1,-0.610875,-0.092043
2010-05-28,45.6000,0.892620,1.927812,1,-0.613166,-0.097387
2010-06-01,45.1800,0.884399,1.910056,1,-0.616729,-0.105701
2010-06-02,46.2500,0.905344,1.955292,1,-0.607652,-0.084521
2010-06-03,46.6900,0.913957,1.973893,1,-0.603919,-0.075812
2010-06-04,45.0900,0.882637,1.906251,1,-0.617492,-0.107482
2010-06-07,44.2700,0.866586,1.871584,1,-0.624449,-0.123713
2010-06-08,44.1900,0.865020,1.868202,1,-0.625127,-0.125297
2010-06-09,43.8200,0.857777,1.852560,1,-0.628266,-0.132621
2010-06-10,45.0700,0.882246,1.905405,1,-0.617662,-0.107878
2010-06-11,45.5000,0.890663,1.923584,1,-0.614014,-0.099367
2010-06-14,45.4900,0.890467,1.923161,1,-0.614099,-0.099565
2010-06-15,46.7100,0.914349,1.974739,1,-0.603750,-0.075416
2010-06-16,46.9000,0.918068,1.982771,1,-0.602138,-0.071655
2010-06-17,47.0500,0.921004,1.989113,1,-0.600865,-0.068686
2010-06-18,47.0000,0.920025,1.986999,1,-0.601289,-0.069675
2010-06-21,46.6000,0.912195,1.970088,1,-0.604683,-0.077593
2010-06-22,46.2400,0.905148,1.954869,1,-0.607737,-0.084719
2010-06-23,46.0500,0.901429,1.946836,1,-0.609348,-0.088480
2010-06-24,45.3500,0.887727,1.917243,1,-0.615287,-0.102336
2010-06-25,45.2700,0.886161,1.913861,1,-0.615965,-0.103919
2010-06-28,45.1100,0.883029,1.907096,1,-0.617323,-0.107086
2010-06-29,43.3700,0.848968,1.833535,1,-0.632083,-0.141528
2010-06-30,42.7100,0.836049,1.805633,1,-0.637682,-0.154592
2010-07-01,42.5900,0.833700,1.800559,1,-0.638700,-0.156968
2010-07-02,42.4700,0.831351,1.795486,1,-0.639718,-0.159343
2010-07-06,42.6000,0.833895,1.800982,1,-0.638616,-0.156770
2010-07-07,43.9600,0.860517,1.858478,1,-0.627078,-0.129850
2010-07-08,44.2000,0.865215,1.868625,1,-0.625042,-0.125099
2010-07-09,44.6200,0.873437,1.886381,1,-0.621479,-0.116785
2010-07-12,44.7500,0.875982,1.891877,1,-0.620377,-0.114212
2010-07-13,45.3300,0.887335,1.916397,1,-0.615456,-0.102732
2010-07-14,45.5600,0.891837,1.926121,1,-0.613505,-0.098179
2010-07-15,45.6000,0.892620,1.927812,1,-0.613166,-0.097387
2010-07-16,44.3400,0.867956,1.874543,1,-0.623855,-0.122328
2010-07-19,44.7200,0.875394,1.890609,1,-0.620631,-0.114806
2010-07-20,45.2600,0.885965,1.913438,1,-0.616050,-0.104117
2010-07-21,44.6400,0.873828,1.887226,1,-0.621310,-0.116390
2010-07-22,45.7700,0.895948,1.886576,0,-0.611724,-0.116694
2010-07-23,46.0600,0.901625,1.886870,0,-0.609264,-0.116556
2010-07-26,46.4400,0.909063,1.887164,0,-0.606040,-0.116419
2010-07-27,46.4200,0.908672,1.887457,0,-0.606210,-0.116281
2010-07-28,46.0500,0.901429,1.887751,0,-0.609348,-0.116144
2010-07-29,45.7100,0.894774,1.888045,0,-0.612233,-0.116006
2010-07-30,45.8100,0.896731,1.888339,0,-0.611384,-0.115869
2010-08-02,46.6700,0.913566,1.888633,0,-0.604089,-0.115731
2010-08-03,46.4700,0.909651,1.888927,0,-0.605786,-0.115593
2010-08-04,46.9400,0.918851,1.889221,0,-0.601798,-0.115456
2010-08-05,46.8300,0.916698,1.889515,0,-0.602732,-0.115318
2010-08-06,46.7600,0.915327,1.889809,0,-0.603325,-0.115180
2010-08-09,47.0800,0.921591,1.890103,0,-0.600611,-0.115043
2010-08-10,46.6700,0.913566,1.890397,0,-0.604089,-0.114905
2010-08-11,45.4000,0.888705,1.890692,0,-0.614863,-0.114767
2010-08-12,45.0400,0.881658,1.890986,0,-0.617917,-0.114629
2010-08-13,44.7200,0.875394,1.891280,0,-0.620631,-0.114492
2010-08-16,44.8000,0.876960,1.891575,0,-0.619952,-0.114354
2010-08-17,45.3700,0.888118,1.891869,0,-0.615117,-0.114216
2010-08-18,45.5500,0.891642,1.892163,0,-0.613590,-0.114078
2010-08-19,44.8600,0.878135,1.892458,0,-0.619444,-0.113940
2010-08-20,44.9200,0.879309,1.892753,0,-0.618935,-0.113802
2010-08-23,44.4800,0.870696,1.893047,0,-0.622667,-0.113664
2010-08-24,43.6500,0.854449,1.893342,0,-0.629708,-0.113526
2010-08-25,44.0700,0.862671,1.893637,0,-0.626145,-0.113388
2010-08-26,43.5400,0.852296,1.893931,0,-0.630641,-0.113250
2010-08-27,44.0700,0.862671,1.894226,0,-0.626145,-0.113112
2010-08-30,43.6100,0.853666,1.894521,0,-0.630048,-0.112974
2010-08-31,43.4600,0.850730,1.894816,0,-0.631320,-0.112836
2010-09-01,44.7600,0.876177,1.895111,0,-0.620292,-0.112698
2010-09-02,45.2600,0.885965,1.895406,0,-0.616050,-0.112560
2010-09-03,46.0100,0.900646,1.895701,0,-0.609688,-0.112422
2010-09-07,45.7000,0.894578,1.895996,0,-0.612318,-0.112284
2010-09-08,46.2500,0.905344,1.896291,0,-0.607652,-0.112146
2010-09-09,46.4300,0.908868,1.896586,0,-0.606125,-0.112007
2010-09-10,46.6000,0.912195,1.896881,0,-0.604683,-0.111869
2010-09-13,47.2500,0.924919,1.897176,0,-0.599169,-0.111731
2010-09-14,47.4500,0.928834,1.897472,0,-0.597472,-0.111593
2010-09-15,47.7500,0.934707,1.897767,0,-0.594927,-0.111454
2010-09-16,47.9400,0.938426,1.898062,0,-0.593315,-0.111316
2010-09-17,47.9900,0.939405,1.898358,0,-0.592891,-0.111178
2010-09-20,48.8300,0.955848,1.898653,0,-0.585765,-0.111039
2010-09-21,48.8200,0.955652,1.898949,0,-0.585850,-0.110901
2010-09-22,48.6900,0.953107,1.899245,0,-0.586953,-0.110763
2010-09-23,48.6700,0.952716,1.899540,0,-0.587122,-0.110624
2010-09-24,49.6600,0.972095,1.899836,0,-0.578724,-0.110486
2010-09-27,49.3900,0.966810,1.900131,0,-0.581015,-0.110347
2010-09-28,49.3700,0.966418,1.900427,0,-0.581184,-0.110209
2010-09-29,49.2900,0.964852,1.896399,1,-0.581863,-0.112095
2010-09-30,49.0700,0.960546,1.887935,1,-0.583729,-0.116058
2010-10-01,49.0100,0.959371,1.885626,1,-0.584238,-0.117139
2010-10-04,48.4800,0.948996,1.865235,1,-0.588734,-0.126686
2010-10-05,49.6600,0.972095,1.910635,1,-0.578724,-0.105430
2010-10-06,49.2300,0.963678,1.894091,1,-0.582372,-0.113176
2010-10-07,49.4100,0.967201,1.901016,1,-0.580845,-0.109933
2010-10-08,49.7500,0.973857,1.914097,1,-0.577961,-0.103808
2010-10-11,49.7700,0.974248,1.914867,1,-0.577791,-0.103448
2010-10-12,50.1100,0.980904,1.927948,1,-0.574907,-0.097323
2010-10-13,50.5200,0.988929,1.943722,1,-0.571429,-0.089938
2010-10-14,50.4200,0.986972,1.939875,1,-0.572277,-0.091739
2010-10-15,51.4900,1.007917,1.981043,1,-0.563200,-0.072464
2010-10-18,51.3000,1.004198,1.973732,1,-0.564812,-0.075887
2010-10-19,50.8200,0.994802,1.955265,1,-0.568884,-0.084534
2010-10-20,51.1900,1.002045,1.969500,1,-0.565745,-0.077868
2010-10-21,51.2900,1.004002,1.973348,1,-0.564897,-0.076067
2010-10-22,51.6400,1.010854,1.986814,1,-0.561927,-0.069762
2010-10-25,51.8900,1.015747,1.996432,1,-0.559807,-0.065259
2010-10-26,52.0300,1.018488,2.001819,1,-0.558619,-0.062737
2010-10-27,52.1900,1.021620,2.007975,1,-0.557262,-0.059855
2010-10-28,52.3000,1.023773,2.012207,1,-0.556328,-0.057873
2010-10-29,52.1800,1.021424,2.007590,1,-0.557346,-0.060035
2010-11-01,52.2200,1.022207,2.009129,1,-0.557007,-0.059314
2010-11-02,52.7800,1.033169,2.030674,1,-0.552257,-0.049226
2010-11-03,53.0200,1.037867,2.039908,1,-0.550221,-0.044903
2010-11-04,53.6700,1.050591,2.064917,1,-0.544706,-0.033194
2010-11-05,53.6700,1.050591,2.064917,1,-0.544706,-0.033194
2010-11-08,53.7400,1.051961,2.067610,1,-0.544113,-0.031933
2010-11-09,53.4500,1.046284,2.056452,1,-0.546573,-0.037157
2010-11-10,53.7200,1.051570,2.066840,1,-0.544282,-0.032293
2010-11-11,53.3800,1.044914,2.053759,1,-0.547167,-0.038418
2010-11-12,52.5100,1.027884,2.020286,1,-0.554547,-0.054090
2010-11-15,52.3100,1.023969,2.012592,1,-0.556244,-0.057693
2010-11-16,51.4500,1.007134,1.979504,1,-0.563539,-0.073185
2010-11-17,51.6000,1.010071,1.985275,1,-0.562267,-0.070483
2010-11-18,52.4300,1.026318,2.017208,1,-0.555226,-0.055531
2010-11-19,52.4700,1.027101,2.018747,1,-0.554886,-0.054811
2010-11-22,52.9100,1.035714,2.035676,1,-0.551154,-0.046885
2010-11-23,52.0700,1.019271,2.003358,1,-0.558280,-0.062016
2010-11-24,53.1200,1.039825,2.043756,1,-0.549372,-0.043102
2010-11-26,52.9700,1.036888,2.037985,1,-0.550645,-0.045804
2010-11-29,52.7300,1.032190,2.028751,1,-0.552681,-0.050127
2010-11-30,52.0900,1.019662,2.004127,1,-0.558110,-0.061656
2010-12-01,53.1900,1.041195,2.046449,1,-0.548778,-0.041841
2010-12-02,53.7300,1.051765,2.067225,1,-0.544197,-0.032113
2010-12-03,53.8700,1.054506,2.072611,1,-0.543010,-0.029591
2010-12-06,53.8400,1.053919,2.071457,1,-0.543264,-0.030132
2010-12-07,53.8800,1.054702,2.072996,1,-0.542925,-0.029411
2010-12-08,54.0800,1.058617,2.080691,1,-0.541228,-0.025808
2010-12-09,54.1300,1.059595,2.082615,1,-0.540804,-0.024908
2010-12-10,54.4900,1.066642,2.096466,1,-0.537750,-0.018423
2010-12-13,54.3000,1.062923,2.089155,1,-0.539362,-0.021845
2010-12-14,54.4000,1.064881,2.093003,1,-0.538514,-0.020044
2010-12-15,54.1600,1.060183,2.083769,1,-0.540550,-0.024367
2010-12-16,54.5800,1.068404,2.099928,1,-0.536987,-0.016801
2010-12-17,54.5200,1.067230,2.097620,1,-0.537496,-0.017882
2010-12-20,54.5600,1.068013,2.099159,1,-0.537156,-0.017162
2010-12-21,54.8900,1.074472,2.111855,1,-0.534357,-0.011217
2010-12-22,54.8800,1.074277,2.111471,1,-0.534442,-0.011397
2010-12-23,54.7400,1.071536,2.106084,1,-0.535629,-0.013919
2010-12-27,54.7700,1.072123,2.107238,1,-0.535375,-0.013379
2010-12-28,54.6700,1.070166,2.103391,1,-0.536223,-0.015180
2010-12-29,54.7900,1.072515,2.108008,1,-0.535205,-0.013018
2010-12-30,54.6600,1.069970,2.103006,1,-0.536308,-0.015360
2010-12-31,54.4600,1.066055,2.095311,1,-0.538005,-0.018963
2011-01-03,55.3100,1.082694,2.128014,1,-0.530794,-0.003651
2011-01-04,55.2700,1.081911,2.126476,1,-0.531133,-0.004372
2011-01-05,55.7400,1.091111,2.144558,1,-0.527146,0.000000
2011-01-06,55.9200,1.094635,2.151484,1,-0.525619,0.000000
2011-01-07,55.8700,1.093656,2.149560,1,-0.526043,-0.000894
2011-01-10,56.0800,1.097767,2.157640,1,-0.524262,0.000000
2011-01-11,56.1600,1.099333,2.160718,1,-0.523583,0.000000
2011-01-12,56.5500,1.106967,2.175723,1,-0.520275,0.000000
2011-01-13,56.5800,1.107554,2.176877,1,-0.520020,0.000000
2011-01-14,57.0000,1.115776,2.193036,1,-0.516457,0.000000
2011-01-18,57.1600,1.118908,2.199192,1,-0.515100,0.000000
2011-01-19,56.5100,1.106184,2.174184,1,-0.520614,-0.011372
2011-01-20,56.1100,1.098354,2.158794,1,-0.524007,-0.018369
2011-01-21,55.6800,1.089937,2.142250,1,-0.527655,-0.025892
2011-01-24,56.4500,1.105009,2.171875,1,-0.521123,-0.012421
2011-01-25,56.5300,1.106575,2.174953,1,-0.520445,-0.011022
2011-01-26,56.8300,1.112448,2.186495,1,-0.517900,-0.005773
2011-01-27,57.1800,1.119299,2.199961,1,-0.514930,0.000000
2011-01-28,55.7300,1.090915,2.144174,1,-0.527231,-0.025359
2011-01-31,56.0000,1.096201,2.154562,1,-0.524941,-0.020637
2011-02-01,57.0500,1.116754,2.194960,1,-0.516033,-0.002274
2011-02-02,56.9500,1.114797,2.191112,1,-0.516882,-0.004022
2011-02-03,57.0600,1.116950,2.195345,1,-0.515948,-0.002099
2011-02-04,57.3800,1.123214,2.207656,1,-0.513234,0.000000
2011-02-07,57.6500,1.128499,2.218044,1,-0.510943,0.000000
2011-02-08,58.0200,1.135742,2.232280,1,-0.507805,0.000000
2011-02-09,57.9300,1.133980,2.228817,1,-0.508568,-0.001551
2011-02-10,58.0200,1.135742,2.232280,1,-0.507805,0.000000
2011-02-11,58.4400,1.143964,2.248439,1,-0.504242,0.000000
2011-02-14,58.5800,1.146704,2.253825,1,-0.503054,0.000000
2011-02-15,58.5000,1.145138,2.250748,1,-0.503733,-0.001366
2011-02-16,58.8800,1.152577,2.265368,1,-0.500509,0.000000
2011-02-17,58.8600,1.152185,2.264598,1,-0.500679,-0.000340
2011-02-18,58.7300,1.149640,2.259597,1,-0.501781,-0.002548
2011-02-22,57.0300,1.116363,2.194190,1,-0.516203,-0.031420
2011-02-23,56.5600,1.107163,2.176107,1,-0.520190,-0.039402
2011-02-24,56.8500,1.112839,2.187265,1,-0.517730,-0.034477
2011-02-25,57.6500,1.128499,2.218044,1,-0.510943,-0.020890
2011-02-28,57.7700,1.130848,2.222661,1,-0.509925,-0.018852
2011-03-01,56.8400,1.112644,2.186880,1,-0.517815,-0.034647
2011-03-02,57.1400,1.118516,2.198422,1,-0.515270,-0.029552
2011-03-03,58.2700,1.140636,2.241898,1,-0.505684,-0.010360
2011-03-04,57.9700,1.134763,2.230356,1,-0.508229,-0.015455
2011-03-07,57.1900,1.119495,2.200346,1,-0.514846,-0.028702
2011-03-08,57.4200,1.123997,2.209195,1,-0.512894,-0.024796
2011-03-09,57.0300,1.116363,2.194190,1,-0.516203,-0.031420
2011-03-10,56.1400,1.098941,2.159948,1,-0.523753,-0.046535
2011-03-11,56.4900,1.105792,2.173414,1,-0.520784,-0.040591
2011-03-14,56.2900,1.101877,2.165719,1,-0.522480,-0.043988
2011-03-15,55.4900,1.086217,2.134940,1,-0.529267,-0.057575
2011-03-16,54.1500,1.059987,2.083384,1,-0.540635,-0.080333
2011-03-17,54.6500,1.069774,2.102621,1,-0.536393,-0.071841
2011-03-18,54.4500,1.065859,2.094927,1,-0.538090,-0.075238
2011-03-21,55.5000,1.086413,2.135325,1,-0.529182,-0.057405
2011-03-22,55.4000,1.084456,2.131477,1,-0.530031,-0.059103
2011-03-23,55.7100,1.090524,2.143404,1,-0.527401,-0.053838
2011-03-24,56.7000,1.109903,2.181494,1,-0.519002,-0.037024
2011-03-25,56.8400,1.112644,2.186880,1,-0.517815,-0.034647
2011-03-28,56.5300,1.106575,2.174953,1,-0.520445,-0.039912
2011-03-29,57.0800,1.117342,2.196114,1,-0.515779,-0.030571
2011-03-30,57.3500,1.122627,2.206502,1,-0.513488,-0.025985
2011-03-31,57.4300,1.124193,2.209580,1,-0.512810,-0.024626
2011-04-01,57.4600,1.124780,2.210734,1,-0.512555,-0.024117
2011-04-04,57.2700,1.121061,2.203424,1,-0.514167,-0.027344
2011-04-05,57.1200,1.118125,2.197653,1,-0.515439,-0.029891
2011-04-06,57.2600,1.120865,2.203039,1,-0.514252,-0.027514
2011-04-07,57.2200,1.120082,2.201500,1,-0.514591,-0.028193
2011-04-08,56.9500,1.114797,2.191112,1,-0.516882,-0.032779
2011-04-11,56.7600,1.111078,2.183802,1,-0.518493,-0.036005
2011-04-12,56.3700,1.103443,2.168797,1,-0.521802,-0.042629
2011-04-13,56.8500,1.112839,2.187265,1,-0.517730,-0.034477
2011-04-14,56.7500,1.110882,2.183417,1,-0.518578,-0.036175
2011-04-15,56.6500,1.108924,2.179570,1,-0.519427,-0.037874
2011-04-18,56.2500,1.101094,2.164180,1,-0.522820,-0.044667
2011-04-19,56.6000,1.107946,2.177646,1,-0.519851,-0.038723
2011-04-20,57.8800,1.133002,2.226893,1,-0.508992,-0.016984
2011-04-21,58.3400,1.142006,2.244592,1,-0.505090,-0.009171
2011-04-25,58.4900,1.144942,2.250363,1,-0.503817,-0.006624
2011-04-26,58.8200,1.151402,2.263059,1,-0.501018,-0.001019
2011-04-27,59.2200,1.159232,2.278449,1,-0.497625,0.000000
2011-04-28,59.1300,1.157470,2.274986,1,-0.498388,-0.001520
2011-04-29,59.0800,1.156492,2.273063,1,-0.498812,-0.002364
2011-05-02,58.9700,1.154338,2.268830,1,-0.499746,-0.004222
2011-05-03,58.6900,1.148857,2.258058,1,-0.502121,-0.008950
2011-05-04,58.6000,1.147096,2.254595,1,-0.502884,-0.010469
2011-05-05,58.2800,1.140832,2.242283,1,-0.505599,-0.015873
2011-05-06,58.4700,1.144551,2.249593,1,-0.503987,-0.012665
2011-05-09,58.6900,1.148857,2.258058,1,-0.502121,-0.008950
2011-05-10,59.1900,1.158645,2.277295,1,-0.497879,-0.000507
2011-05-11,58.7600,1.150228,2.260751,1,-0.501527,-0.007768
2011-05-12,59.1100,1.157079,2.274217,1,-0.498558,-0.001857
2011-05-13,58.4100,1.143376,2.247285,1,-0.504496,-0.013678
2011-05-16,57.4000,1.123606,2.208426,1,-0.513064,-0.030733
2011-05-17,57.5600,1.126738,2.214582,1,-0.511707,-0.028031
2011-05-18,58.0400,1.136134,2.233049,1,-0.507635,-0.019926
2011-05-19,58.2100,1.139461,2.239590,1,-0.506193,-0.017055
2011-05-20,57.7700,1.130848,2.222661,1,-0.509925,-0.024485
2011-05-23,56.9200,1.114210,2.189958,1,-0.517136,-0.038838
2011-05-24,56.5700,1.107358,2.176492,1,-0.520105,-0.044748
2011-05-25,56.7900,1.111665,2.184956,1,-0.518239,-0.041033
2011-05-26,57.1400,1.118516,2.198422,1,-0.515270,-0.035123
2011-05-27,57.4300,1.124193,2.209580,1,-0.512810,-0.030226
2011-05-31,58.3600,1.142398,2.245361,1,-0.504920,-0.014522
2011-06-01,57.0900,1.117537,2.196499,1,-0.515694,-0.035968
2011-06-02,57.2100,1.119886,2.201116,1,-0.514676,-0.033941
2011-06-03,56.3500,1.103052,2.168028,1,-0.521971,-0.048463
2011-06-06,55.8900,1.094047,2.150330,1,-0.525874,-0.056231
2011-06-07,55.7900,1.092090,2.146482,1,-0.526722,-0.057920
2011-06-08,55.3900,1.084260,2.131092,1,-0.530115,-0.064674
2011-06-09,55.4800,1.086022,2.134555,1,-0.529352,-0.063154
2011-06-10,54.6400,1.069579,2.102237,1,-0.536478,-0.077339
2011-06-13,54.6400,1.069579,2.102237,1,-0.536478,-0.077339
2011-06-14,55.3400,1.083281,2.129169,1,-0.530540,-0.065518
2011-06-15,54.2900,1.062727,2.088771,1,-0.539447,-0.083249
2011-06-16,54.0800,1.058617,2.080691,1,-0.541228,-0.086795
2011-06-17,53.7900,1.052940,2.069534,1,-0.543688,-0.091692
2011-06-20,54.0700,1.058421,2.080306,1,-0.541313,-0.086964
2011-06-21,55.2300,1.081128,2.124937,1,-0.531473,-0.067376
2011-06-22,54.8300,1.073298,2.109547,1,-0.534866,-0.074130
2011-06-23,55.3400,1.083281,2.129169,1,-0.530540,-0.065518
2011-06-24,54.3800,1.064489,2.092233,1,-0.538683,-0.081729
2011-06-27,55.2400,1.081324,2.125321,1,-0.531388,-0.067207
2011-06-28,56.0700,1.097571,2.157255,1,-0.524347,-0.053191
2011-06-29,56.3000,1.102073,2.166104,1,-0.522396,-0.049308
2011-06-30,57.0500,1.116754,2.194960,1,-0.516033,-0.036643
2011-07-01,57.9100,1.133589,2.228048,1,-0.508738,-0.022121
2011-07-05,58.2000,1.139266,2.239205,1,-0.506278,-0.017224
2011-07-06,58.3900,1.142985,2.246515,1,-0.504666,-0.014016
2011-07-07,59.1900,1.158645,2.277295,1,-0.497879,-0.000507
2011-07-08,59.0300,1.155513,2.271139,1,-0.499237,-0.003208
2011-07-11,57.9600,1.134568,2.229971,1,-0.508314,-0.021277
2011-07-12,57.5200,1.125955,2.213043,1,-0.512046,-0.028707
2011-07-13,57.7600,1.130653,2.222277,1,-0.510010,-0.024654
2011-07-14,57.0900,1.117537,2.196499,1,-0.515694,-0.035968
2011-07-15,57.8500,1.132414,2.225739,1,-0.509247,-0.023134
2011-07-18,57.5400,1.126346,2.213812,1,-0.511876,-0.028369
2011-07-19,58.8500,1.151989,2.264214,1,-0.500763,-0.006248
2011-07-20,58.6000,1.147096,2.254595,1,-0.502884,-0.010469
2011-07-21,58.9900,1.154730,2.269600,1,-0.499576,-0.003884
2011-07-22,59.6000,1.166671,2.293069,1,-0.494401,0.000000
2011-07-25,59.4800,1.164322,2.288452,1,-0.495419,-0.002013
2011-07-26,59.6300,1.167258,2.294224,1,-0.494147,0.000000
2011-07-27,58.0900,1.137112,2.234973,1,-0.507211,-0.025826
2011-07-28,58.1900,1.139070,2.238821,1,-0.506362,-0.024149
2011-07-29,58.0000,1.135351,2.231510,1,-0.507974,-0.027335
2011-08-01,57.7300,1.130065,2.221122,1,-0.510265,-0.031863
2011-08-02,56.2700,1.101486,2.164950,1,-0.522650,-0.056347
2011-08-03,56.8100,1.112056,2.185726,1,-0.518069,-0.047292
2011-08-04,54.1700,1.060378,2.084154,1,-0.540465,-0.091565
2011-08-05,53.8300,1.053723,2.071072,1,-0.543349,-0.097266
2011-08-08,50.5900,0.990300,1.946416,1,-0.570835,-0.151602
2011-08-09,53.0300,1.038063,2.040293,1,-0.550136,-0.110683
2011-08-10,50.8600,0.995585,1.956804,1,-0.568544,-0.147074
2011-08-11,53.1000,1.039433,2.042986,1,-0.549542,-0.109509
2011-08-12,53.5700,1.048633,2.061069,1,-0.545555,-0.101627
2011-08-15,54.3600,1.064098,2.091464,1,-0.538853,-0.088378
2011-08-16,53.9000,1.055093,2.073766,1,-0.542755,-0.096093
2011-08-17,53.5800,1.048829,2.061454,1,-0.545470,-0.101459
2011-08-18,50.9500,0.997347,2.060744,0,-0.567781,-0.101768
2011-08-19,50.0300,0.979338,2.061065,0,-0.575585,-0.101629
2011-08-22,50.2100,0.982861,2.061385,0,-0.574058,-0.101489
2011-08-23,52.2800,1.023382,2.061706,0,-0.556498,-0.101349
2011-08-24,52.6900,1.031407,2.062027,0,-0.553020,-0.101209
2011-08-25,51.8300,1.014573,2.062348,0,-0.560316,-0.101069
2011-08-26,53.1300,1.040020,2.062669,0,-0.549287,-0.100929
2011-08-29,54.6100,1.068991,2.062990,0,-0.536732,-0.100789
2011-08-30,54.9700,1.076038,2.063311,0,-0.533678,-0.100649
2011-08-31,55.0600,1.077800,2.063632,0,-0.532915,-0.100509
2011-09-01,54.5600,1.068013,2.063954,0,-0.537156,-0.100369
2011-09-02,53.2800,1.042957,2.064275,0,-0.548015,-0.100229
2011-09-06,53.2900,1.043152,2.064596,0,-0.547930,-0.100089
2011-09-07,54.6400,1.069579,2.064918,0,-0.536478,-0.099949
2011-09-08,54.3900,1.064685,2.065239,0,-0.538599,-0.099809
2011-09-09,53.1800,1.040999,2.065560,0,-0.548863,-0.099669
2011-09-12,53.8600,1.054310,2.065882,0,-0.543095,-0.099529
2011-09-13,54.5800,1.068404,2.066204,0,-0.536987,-0.099389
2011-09-14,55.3600,1.083673,2.066525,0,-0.530370,-0.099249
2011-09-15,56.1800,1.099724,2.066847,0,-0.523414,-0.099108
2011-09-16,56.5900,1.107750,2.067168,0,-0.519936,-0.098968
2011-09-19,56.6100,1.108141,2.067490,0,-0.519766,-0.098828
2011-09-20,56.3600,1.103248,2.067812,0,-0.521887,-0.098688
2011-09-21,55.3800,1.084064,2.068134,0,-0.530200,-0.098547
2011-09-22,53.5800,1.048829,2.068456,0,-0.545470,-0.098407
2011-09-23,54.1500,1.059987,2.068778,0,-0.540635,-0.098267
2011-09-26,54.7800,1.072319,2.069100,0,-0.535290,-0.098126
2011-09-27,55.3500,1.083477,2.069422,0,-0.530455,-0.097986
2011-09-28,54.5300,1.067425,2.069744,0,-0.537411,-0.097846
2011-09-29,53.8800,1.054702,2.070066,0,-0.542925,-0.097705
2011-09-30,52.4900,1.027492,2.070388,0,-0.554717,-0.097565
2011-10-03,51.1400,1.001066,2.070711,0,-0.566169,-0.097424
2011-10-04,52.1900,1.021620,2.071033,0,-0.557262,-0.097284
2011-10-05,53.5300,1.047850,2.071355,0,-0.545894,-0.097143
2011-10-06,54.4300,1.065468,2.071678,0,-0.538259,-0.097003
2011-10-07,54.0700,1.058421,2.072000,0,-0.541313,-0.096862
2011-10-10,55.9400,1.095026,2.072323,0,-0.525450,-0.096722
2011-10-11,56.3200,1.102465,2.072645,0,-0.522226,-0.096581
2011-10-12,56.6000,1.107946,2.072968,0,-0.519851,-0.096440
2011-10-13,57.1200,1.118125,2.073290,0,-0.515439,-0.096300
2011-10-14,58.1800,1.138874,2.073613,0,-0.506447,-0.096159
2011-10-17,57.2800,1.121257,2.073936,0,-0.514082,-0.096018
2011-10-18,57.9900,1.135155,2.074259,0,-0.508059,-0.095878
2011-10-19,56.8700,1.113231,2.074582,0,-0.517560,-0.095737
2011-10-20,56.5900,1.107750,2.074904,0,-0.519936,-0.095596
2011-10-21,57.3000,1.121648,2.075227,0,-0.513912,-0.095455
2011-10-24,58.4900,1.144942,2.075550,0,-0.503817,-0.095315
2011-10-25,57.3400,1.122431,2.075873,0,-0.513573,-0.095174
2011-10-26,57.2700,1.121061,2.076197,0,-0.514167,-0.095033
2011-10-27,58.8500,1.151989,2.076520,0,-0.500763,-0.094892
2011-10-28,58.9400,1.153751,2.076843,0,-0.500000,-0.094751
2011-10-31,57.9500,1.134372,2.077166,0,-0.508398,-0.094610
2011-11-01,56.4400,1.104814,2.077489,0,-0.521208,-0.094469
2011-11-02,56.9200,1.114210,2.077813,0,-0.517136,-0.094329
2011-11-03,58.1000,1.137308,2.078136,0,-0.507126,-0.094188
2011-11-04,57.8000,1.131436,2.078460,0,-0.509671,-0.094047
2011-11-07,58.2100,1.139461,2.078783,0,-0.506193,-0.093906
2011-11-08,58.8800,1.152577,2.079107,0,-0.500509,-0.093765
2011-11-09,56.8100,1.112056,2.079430,0,-0.518069,-0.093623
2011-11-10,56.7800,1.111469,2.079754,0,-0.518324,-0.093482
2011-11-11,57.8500,1.132414,2.080078,0,-0.509247,-0.093341
2011-11-14,57.4900,1.125367,2.080402,0,-0.512301,-0.093200
2011-11-15,58.1300,1.137895,2.080725,0,-0.506871,-0.093059
2011-11-16,57.1700,1.119103,2.081049,0,-0.515015,-0.092918
2011-11-17,55.8300,1.092873,2.081373,0,-0.526383,-0.092777
2011-11-18,55.4000,1.084456,2.081697,0,-0.530031,-0.092635
2011-11-21,54.3400,1.063706,2.082021,0,-0.539023,-0.092494
2011-11-22,54.5200,1.067230,2.082345,0,-0.537496,-0.092353
2011-11-23,53.2900,1.043152,2.082669,0,-0.547930,-0.092212
2011-11-25,52.8800,1.035127,2.082993,0,-0.551408,-0.092070
2011-11-28,54.7200,1.071145,2.083318,0,-0.535799,-0.091929
2011-11-29,54.3800,1.064489,2.083642,0,-0.538683,-0.091788
2011-11-30,56.3900,1.103835,2.083966,0,-0.521632,-0.091646
2011-12-01,56.7800,1.111469,2.084291,0,-0.518324,-0.091505
2011-12-02,56.6200,1.108337,2.084615,0,-0.519681,-0.091364
2011-12-05,57.2400,1.120474,2.084940,0,-0.514421,-0.091222
2011-12-06,57.0800,1.117342,2.085264,0,-0.515779,-0.091081
2011-12-07,57.0800,1.117342,2.085589,0,-0.515779,-0.090939
2011-12-08,56.1200,1.098550,2.085913,0,-0.523923,-0.090798
2011-12-09,57.0200,1.116167,2.118305,1,-0.516288,-0.076679
2011-12-12,56.3800,1.103639,2.094529,1,-0.521717,-0.087042
2011-12-13,55.7600,1.091503,2.071496,1,-0.526977,-0.097082
2011-12-14,54.8900,1.074472,2.039176,1,-0.534357,-0.111170
2011-12-15,54.7400,1.071536,2.033603,1,-0.535629,-0.113599
2011-12-16,54.8600,1.073885,2.038061,1,-0.534611,-0.111655
2011-12-19,54.3200,1.063315,2.018000,1,-0.539192,-0.120400
2011-12-20,55.9300,1.094830,2.077812,1,-0.525534,-0.094329
2011-12-21,55.1300,1.079170,2.048092,1,-0.532321,-0.107283
2011-12-22,55.6000,1.088371,2.065552,1,-0.528334,-0.099673
2011-12-23,56.0800,1.097767,2.083384,1,-0.524262,-0.091900
2011-12-27,56.2400,1.100899,2.089328,1,-0.522905,-0.089309
2011-12-28,55.5900,1.088175,2.065181,1,-0.528419,-0.099835
2011-12-29,55.9900,1.096005,2.080041,1,-0.525025,-0.093357
2011-12-30,55.8300,1.092873,2.074097,1,-0.526383,-0.095948
2012-01-03,56.9000,1.113818,2.113847,1,-0.517306,-0.078622
2012-01-04,57.1400,1.118516,2.122764,1,-0.515270,-0.074736
2012-01-05,57.6100,1.127716,2.140224,1,-0.511283,-0.067125
2012-01-06,57.8100,1.131631,2.147654,1,-0.509586,-0.063886
2012-01-09,57.6200,1.127912,2.140596,1,-0.511198,-0.066963
2012-01-10,58.0400,1.136134,2.156199,1,-0.507635,-0.060162
2012-01-11,58.1600,1.138483,2.160657,1,-0.506617,-0.058219
2012-01-12,58.3900,1.142985,2.169201,1,-0.504666,-0.054494
2012-01-13,58.1800,1.138874,2.161400,1,-0.506447,-0.057895
2012-01-17,58.7100,1.149249,2.181089,1,-0.501951,-0.049313
2012-01-18,59.4900,1.164517,2.210067,1,-0.495334,-0.036682
2012-01-19,59.8600,1.171760,2.223812,1,-0.492195,-0.030691
2012-01-20,59.7700,1.169998,2.220469,1,-0.492959,-0.032148
2012-01-23,59.7900,1.170390,2.221212,1,-0.492789,-0.031824
2012-01-24,59.6800,1.168237,2.217125,1,-0.493722,-0.033605
2012-01-25,60.4300,1.182918,2.244988,1,-0.487360,-0.021461
2012-01-26,60.2200,1.178807,2.237186,1,-0.489141,-0.024861
2012-01-27,60.4000,1.182331,2.243873,1,-0.487615,-0.021947
2012-01-30,60.4500,1.183309,2.245731,1,-0.487190,-0.021137
2012-01-31,60.5300,1.184875,2.248703,1,-0.486512,-0.019841
2012-02-01,61.0200,1.194467,2.266906,1,-0.482355,-0.011907
2012-02-02,61.2100,1.198186,2.273965,1,-0.480743,-0.008830
2012-02-03,62.0500,1.214629,2.305171,1,-0.473617,0.000000
2012-02-06,62.0000,1.213651,2.303314,1,-0.474041,-0.000806
2012-02-07,62.1300,1.216195,2.308143,1,-0.472939,0.000000
2012-02-08,62.4600,1.222655,2.320403,1,-0.470139,0.000000
2012-02-09,62.9100,1.231464,2.337120,1,-0.466322,0.000000
2012-02-10,62.4800,1.223047,2.321146,1,-0.469969,-0.006835
2012-02-13,63.0500,1.234204,2.342321,1,-0.465134,0.000000
2012-02-14,63.2100,1.237336,2.348265,1,-0.463777,0.000000
2012-02-15,62.7700,1.228723,2.331919,1,-0.467509,-0.006961
2012-02-16,63.6300,1.245558,2.363868,1,-0.460214,0.000000
2012-02-17,63.4300,1.241643,2.356438,1,-0.461910,-0.003143
2012-02-21,63.6100,1.245166,2.363125,1,-0.460383,-0.000314
2012-02-22,63.3200,1.239490,2.352352,1,-0.462844,-0.004872
2012-02-23,63.7400,1.247711,2.367955,1,-0.459281,0.000000
2012-02-24,63.9600,1.252018,2.376128,1,-0.457414,0.000000
2012-02-27,64.0500,1.253779,2.379472,1,-0.456651,0.000000
2012-02-28,64.7000,1.266503,2.403619,1,-0.451137,0.000000
2012-02-29,64.4100,1.260826,2.392846,1,-0.453597,-0.004482
2012-03-01,64.9200,1.270810,2.411792,1,-0.449270,0.000000
2012-03-02,64.8700,1.269831,2.409935,1,-0.449695,-0.000770
2012-03-05,64.2000,1.256716,2.385044,1,-0.455378,-0.011091
2012-03-06,63.5700,1.244383,2.361639,1,-0.460723,-0.020795
2012-03-07,64.0600,1.253975,2.379843,1,-0.456566,-0.013247
2012-03-08,64.7500,1.267482,2.405477,1,-0.450713,-0.002619
2012-03-09,65.0200,1.272767,2.415507,1,-0.448422,0.000000
2012-03-12,65.0500,1.273354,2.416622,1,-0.448168,0.000000
2012-03-13,66.2600,1.297040,2.461574,1,-0.437903,0.000000
2012-03-14,66.4900,1.301542,2.470118,1,-0.435952,0.000000
2012-03-15,66.6800,1.305262,2.477177,1,-0.434340,0.000000
2012-03-16,66.5200,1.302130,2.471233,1,-0.435697,-0.002400
2012-03-19,66.9900,1.311330,2.488693,1,-0.431710,0.000000
2012-03-20,67.1100,1.313679,2.493151,1,-0.430692,0.000000
2012-03-21,67.1200,1.313875,2.493523,1,-0.430607,0.000000
2012-03-22,66.9800,1.311134,2.488322,1,-0.431795,-0.002086
2012-03-23,66.9400,1.310351,2.486836,1,-0.432134,-0.002682
2012-03-26,68.1100,1.333254,2.530301,1,-0.422209,0.000000
2012-03-27,68.2100,1.335211,2.534016,1,-0.421361,0.000000
2012-03-28,67.9400,1.329926,2.523986,1,-0.423651,-0.003958
2012-03-29,67.6800,1.324837,2.514327,1,-0.425857,-0.007770
2012-03-30,67.5500,1.322292,2.509497,1,-0.426960,-0.009676
2012-04-02,68.2500,1.335994,2.535502,1,-0.421021,0.000000
2012-04-03,68.2300,1.335603,2.534759,1,-0.421191,-0.000293
2012-04-04,67.3000,1.317398,2.500210,1,-0.429080,-0.013919
2012-04-05,67.7200,1.325620,2.515813,1,-0.425517,-0.007766
2012-04-09,67.2100,1.315636,2.496866,1,-0.429844,-0.015238
2012-04-10,66.1300,1.294495,2.456744,1,-0.439006,-0.031062
2012-04-11,66.4500,1.300759,2.468632,1,-0.436291,-0.026374
2012-04-12,67.2000,1.315441,2.496495,1,-0.429929,-0.015385
2012-04-13,66.1900,1.295670,2.458973,1,-0.438497,-0.030183
2012-04-16,65.4500,1.281184,2.431482,1,-0.444774,-0.041026
2012-04-17,66.7800,1.307219,2.480892,1,-0.433492,-0.021538
2012-04-18,66.6100,1.303891,2.474576,1,-0.434934,-0.024029
2012-04-19,65.8600,1.289210,2.446713,1,-0.441296,-0.035018
2012-04-20,65.6800,1.285687,2.440026,1,-0.442823,-0.037656
2012-04-23,65.0800,1.273942,2.417736,1,-0.447913,-0.046447
2012-04-24,64.7300,1.267090,2.404734,1,-0.450882,-0.051575
2012-04-25,66.4500,1.300759,2.468632,1,-0.436291,-0.026374
2012-04-26,66.8400,1.308394,2.483121,1,-0.432983,-0.020659
2012-04-27,67.2400,1.316224,2.497981,1,-0.429589,-0.014799
2012-04-30,66.7600,1.306828,2.480149,1,-0.433661,-0.021832
2012-05-01,66.8700,1.308981,2.484235,1,-0.432728,-0.020220
2012-05-02,67.0600,1.312700,2.491294,1,-0.431116,-0.017436
2012-05-03,66.3500,1.298802,2.464917,1,-0.437139,-0.027839
2012-05-04,64.7000,1.266503,2.403619,1,-0.451137,-0.052015
2012-05-07,64.7600,1.267678,2.405848,1,-0.450628,-0.051136
2012-05-08,64.5200,1.262980,2.396932,1,-0.452664,-0.054652
2012-05-09,64.3200,1.259065,2.389502,1,-0.454360,-0.057582
2012-05-10,64.1900,1.256520,2.384673,1,-0.455463,-0.059487
2012-05-11,64.1800,1.256324,2.384301,1,-0.455548,-0.059634
2012-05-14,63.5800,1.244579,2.362011,1,-0.460638,-0.068425
2012-05-15,63.3700,1.240468,2.354209,1,-0.462419,-0.071502
2012-05-16,62.9400,1.232051,2.338235,1,-0.466067,-0.077802
2012-05-17,61.6100,1.206016,2.288825,1,-0.477350,-0.097289
2012-05-18,60.8100,1.190356,2.259105,1,-0.484136,-0.109011
2012-05-21,62.5100,1.223634,2.322260,1,-0.469715,-0.084103
2012-05-22,62.4400,1.222264,2.319660,1,-0.470309,-0.085128
2012-05-23,62.5600,1.224613,2.324118,1,-0.469291,-0.083370
2012-05-24,62.1500,1.216587,2.308886,1,-0.472769,-0.089377
2012-05-25,62.0700,1.215021,2.305914,1,-0.473448,-0.090549
2012-05-29,62.8600,1.230485,2.335263,1,-0.466746,-0.078974
2012-05-30,62.3300,1.220110,2.315573,1,-0.471242,-0.086740
2012-05-31,62.0600,1.214825,2.305543,1,-0.473532,-0.090696
2012-06-01,60.4100,1.182526,2.244245,1,-0.487530,-0.114872
2012-06-04,60.8700,1.191531,2.261334,1,-0.483627,-0.108132
2012-06-05,61.1200,1.196425,2.270621,1,-0.481507,-0.104469
2012-06-06,62.5200,1.223830,2.322632,1,-0.469630,-0.083956
2012-06-07,62.2700,1.218936,2.313344,1,-0.471751,-0.087619
2012-06-08,62.8700,1.230681,2.335634,1,-0.466661,-0.078828
2012-06-11,61.8000,1.209736,2.295884,1,-0.475738,-0.094505
2012-06-12,62.5600,1.224613,2.324118,1,-0.469291,-0.083370
2012-06-13,62.1300,1.216195,2.308143,1,-0.472939,-0.089670
2012-06-14,62.3600,1.220698,2.316688,1,-0.470987,-0.086300
2012-06-15,62.9900,1.233030,2.340092,1,-0.465643,-0.077070
2012-06-18,63.5800,1.244579,2.362011,1,-0.460638,-0.068425
2012-06-19,64.2400,1.257499,2.386530,1,-0.455039,-0.058755
2012-06-20,64.2900,1.258477,2.388388,1,-0.454615,-0.058022
2012-06-21,62.6900,1.227157,2.328947,1,-0.468188,-0.081465
2012-06-22,63.3500,1.240077,2.353466,1,-0.462589,-0.071795
2012-06-25,62.1300,1.216195,2.308143,1,-0.472939,-0.089670
2012-06-26,62.5200,1.223830,2.322632,1,-0.469630,-0.083956
2012-06-27,62.9000,1.231268,2.336749,1,-0.466407,-0.078388
2012-06-28,62.2000,1.217566,2.310744,1,-0.472345,-0.088645
2012-06-29,64.1600,1.255933,2.383558,1,-0.455718,-0.059927
2012-07-02,64.3500,1.259652,2.390617,1,-0.454106,-0.057143
2012-07-03,64.8900,1.270222,2.410678,1,-0.449525,-0.049231
2012-07-05,64.9300,1.271005,2.412164,1,-0.449186,-0.048645
2012-07-06,64.1200,1.255150,2.382072,1,-0.456057,-0.060513
2012-07-09,64.0000,1.252801,2.377614,1,-0.457075,-0.062271
2012-07-10,63.3700,1.240468,2.354209,1,-0.462419,-0.071502
2012-07-11,63.0200,1.233617,2.341207,1,-0.465389,-0.076630
2012-07-12,62.4300,1.222068,2.319288,1,-0.470394,-0.085275
2012-07-13,63.3800,1.240664,2.354581,1,-0.462335,-0.071355
2012-07-16,63.2000,1.237141,2.347894,1,-0.463862,-0.073993
2012-07-17,63.5300,1.243600,2.360153,1,-0.461062,-0.069158
2012-07-18,64.3900,1.260435,2.392103,1,-0.453767,-0.056557
2012-07-19,65.1000,1.274333,2.418479,1,-0.447743,-0.046154
2012-07-20,64.2300,1.257303,2.386159,1,-0.455124,-0.058901
2012-07-23,63.4600,1.242230,2.357553,1,-0.461656,-0.070183
2012-07-24,62.9600,1.232443,2.338978,1,-0.465898,-0.077509
2012-07-25,62.5400,1.224221,2.323375,1,-0.469460,-0.083663
2012-07-26,63.3700,1.240468,2.354209,1,-0.462419,-0.071502
2012-07-27,64.8700,1.269831,2.409935,1,-0.449695,-0.049524
2012-07-30,64.8200,1.268852,2.408077,1,-0.450119,-0.050256
2012-07-31,64.8000,1.268461,2.407334,1,-0.450288,-0.050549
2012-08-01,64.6100,1.264741,2.400276,1,-0.451900,-0.053333
2012-08-02,64.3800,1.260239,2.391731,1,-0.453851,-0.056703
2012-08-03,65.6000,1.284121,2.437054,1,-0.443502,-0.038828
2012-08-06,66.1000,1.293908,2.455629,1,-0.439260,-0.031502
2012-08-07,66.6500,1.304674,2.476062,1,-0.434595,-0.023443
2012-08-08,66.6200,1.304087,2.474948,1,-0.434849,-0.023883
2012-08-09,66.8200,1.308002,2.482378,1,-0.433152,-0.020952
2012-08-10,66.8600,1.308785,2.483864,1,-0.432813,-0.020366
2012-08-13,67.0200,1.311917,2.489808,1,-0.431456,-0.018022
2012-08-14,67.0500,1.312504,2.490922,1,-0.431201,-0.017582
2012-08-15,67.2200,1.315832,2.497238,1,-0.429759,-0.015092
2012-08-16,68.0200,1.331492,2.526958,1,-0.422973,-0.003370
2012-08-17,68.3200,1.337365,2.538103,1,-0.420428,0.000000
2012-08-20,68.4200,1.339322,2.541818,1,-0.419579,0.000000
2012-08-21,68.1500,1.334037,2.531787,1,-0.421870,-0.003946
2012-08-22,68.4300,1.339518,2.542189,1,-0.419494,0.000000
2012-08-23,67.8700,1.328556,2.521385,1,-0.424245,-0.008184
2012-08-24,68.2900,1.336777,2.536988,1,-0.420682,-0.002046
2012-08-27,68.4000,1.338931,2.541075,1,-0.419749,-0.000438
2012-08-28,68.4000,1.338931,2.541075,1,-0.419749,-0.000438
2012-08-29,68.4000,1.338931,2.541075,1,-0.419749,-0.000438
2012-08-30,67.7100,1.325424,2.515441,1,-0.425602,-0.010522
2012-08-31,68.1600,1.334233,2.532159,1,-0.421785,-0.003946
2012-09-04,68.0900,1.332862,2.529558,1,-0.422379,-0.004969
2012-09-05,68.0200,1.331492,2.526958,1,-0.422973,-0.005992
2012-09-06,69.5300,1.361050,2.583055,1,-0.410163,0.000000
2012-09-07,69.4300,1.359093,2.579340,1,-0.411011,-0.001438
2012-09-10,68.5400,1.341671,2.546276,1,-0.418561,-0.014238
2012-09-11,68.4300,1.339518,2.542189,1,-0.419494,-0.015821
2012-09-12,68.6300,1.343433,2.549620,1,-0.417798,-0.012944
2012-09-13,69.5600,1.361638,2.584169,1,-0.409908,0.000000
2012-09-14,70.1800,1.373774,2.607202,1,-0.404649,0.000000
2012-09-17,70.2100,1.374361,2.608317,1,-0.404394,0.000000
2012-09-18,70.2700,1.375536,2.610546,1,-0.403885,0.000000
2012-09-19,70.4000,1.378081,2.615375,1,-0.402782,0.000000
2012-09-20,70.3300,1.376710,2.612775,1,-0.403376,-0.000994
2012-09-21,70.1500,1.373187,2.606088,1,-0.404903,-0.003551
2012-09-24,69.7300,1.364965,2.590485,1,-0.408466,-0.009517
2012-09-25,68.7600,1.345978,2.554449,1,-0.416695,-0.023295
2012-09-26,68.2000,1.335016,2.533645,1,-0.421446,-0.031250
2012-09-27,69.1400,1.353416,2.568566,1,-0.413471,-0.017898
2012-09-28,68.5700,1.342258,2.547391,1,-0.418307,-0.025994
2012-10-01,68.4700,1.340301,2.543676,1,-0.419155,-0.027415
2012-10-02,68.6700,1.344216,2.551106,1,-0.417458,-0.024574
2012-10-03,69.1100,1.352829,2.567452,1,-0.413726,-0.018324
2012-10-04,69.3500,1.357527,2.576368,1,-0.411690,-0.014915
2012-10-05,68.9800,1.350284,2.562622,1,-0.414829,-0.020170
2012-10-08,68.3500,1.337952,2.539217,1,-0.420173,-0.029119
2012-10-09,67.2600,1.316615,2.498724,1,-0.429420,-0.044602
2012-10-10,66.9200,1.309960,2.486093,1,-0.432304,-0.049432
2012-10-11,66.7100,1.305849,2.478291,1,-0.434086,-0.052415
2012-10-12,66.6800,1.305262,2.477177,1,-0.434340,-0.052841
2012-10-15,67.1700,1.314853,2.495380,1,-0.430183,-0.045881
2012-10-16,68.1200,1.333450,2.530673,1,-0.422124,-0.032386
2012-10-17,68.0800,1.332667,2.529187,1,-0.422464,-0.032955
2012-10-18,67.2900,1.317202,2.499838,1,-0.429165,-0.044176
2012-10-19,65.6800,1.285687,2.440026,1,-0.442823,-0.067045
2012-10-22,66.0200,1.292342,2.452657,1,-0.439939,-0.062216
2012-10-23,65.3900,1.280010,2.429253,1,-0.445283,-0.071165
2012-10-24,65.1600,1.275508,2.420708,1,-0.447234,-0.074432
2012-10-25,65.1600,1.275508,2.420708,1,-0.447234,-0.074432
2012-10-26,65.3500,1.279227,2.427767,1,-0.445623,-0.071733
2012-10-31,64.9500,1.271397,2.412907,1,-0.449016,-0.077415
2012-11-01,65.8700,1.289406,2.447085,1,-0.441211,-0.064347
2012-11-02,65.1700,1.275703,2.421080,1,-0.447150,-0.074290
2012-11-05,65.6000,1.284121,2.437054,1,-0.443502,-0.068182
2012-11-06,65.7200,1.286470,2.441512,1,-0.442484,-0.066477
2012-11-07,64.1700,1.256128,2.383930,1,-0.455633,-0.088494
2012-11-08,63.1600,1.236358,2.346408,1,-0.464201,-0.102841
2012-11-09,63.4300,1.241643,2.356438,1,-0.461910,-0.099006
2012-11-12,63.4200,1.241447,2.356067,1,-0.461995,-0.099148
2012-11-13,62.9800,1.232834,2.339721,1,-0.465728,-0.105398
2012-11-14,62.2400,1.218349,2.312230,1,-0.472005,-0.115909
2012-11-15,62.0300,1.214238,2.304428,1,-0.473787,-0.118892
2012-11-16,62.3000,1.219523,2.314459,1,-0.471496,-0.115057
2012-11-19,63.7800,1.248494,2.369441,1,-0.458941,-0.094034
2012-11-20,63.8000,1.248886,2.370184,1,-0.458772,-0.093750
2012-11-21,63.9300,1.251430,2.375014,1,-0.457669,-0.091903
2012-11-23,64.9000,1.270418,2.411049,1,-0.449440,-0.078125
2012-11-26,65.1800,1.275899,2.421451,1,-0.447065,-0.074148
2012-11-27,64.9600,1.271593,2.413278,1,-0.448931,-0.077273
2012-11-28,65.5200,1.282555,2.434082,1,-0.444181,-0.069318
2012-11-29,65.9100,1.290189,2.448571,1,-0.440872,-0.063778
2012-11-30,65.8000,1.288036,2.444484,1,-0.441805,-0.065341
2012-12-03,65.6700,1.285491,2.439655,1,-0.442908,-0.067187
2012-12-04,65.6300,1.284708,2.438169,1,-0.443247,-0.067756
2012-12-05,64.9000,1.270418,2.411049,1,-0.449440,-0.078125
2012-12-06,65.3200,1.278640,2.426652,1,-0.445877,-0.072159
2012-12-07,64.9300,1.271005,2.412164,1,-0.449186,-0.077699
2012-12-10,65.1200,1.274725,2.419222,1,-0.447574,-0.075000
2012-12-11,65.9700,1.291363,2.450800,1,-0.440363,-0.062926
2012-12-12,65.8300,1.288623,2.445599,1,-0.441551,-0.064915
2012-12-13,65.3100,1.278444,2.426281,1,-0.445962,-0.072301
2012-12-14,64.6900,1.266307,2.425445,0,-0.451222,-0.072621
2012-12-17,65.5500,1.283142,2.425823,0,-0.443926,-0.072476
2012-12-18,66.5500,1.302717,2.426200,0,-0.435443,-0.072332
2012-12-19,66.2600,1.297040,2.426578,0,-0.437903,-0.072188
2012-12-20,66.2600,1.297040,2.426956,0,-0.437903,-0.072043
2012-12-21,65.2000,1.276291,2.427333,0,-0.446895,-0.071899
2012-12-24,65.0700,1.273746,2.427711,0,-0.447998,-0.071754
2012-12-26,64.5000,1.262588,2.428089,0,-0.452833,-0.071610
2012-12-27,64.4000,1.260631,2.428467,0,-0.453682,-0.071465
2012-12-28,63.7800,1.248494,2.428845,0,-0.458941,-0.071321
2012-12-31,65.1300,1.274920,2.429223,0,-0.447489,-0.071176
2013-01-02,67.2000,1.315441,2.429601,0,-0.429929,-0.071032
2013-01-03,66.8500,1.308589,2.429979,0,-0.432898,-0.070887
2013-01-04,66.6300,1.304283,2.430357,0,-0.434764,-0.070742
2013-01-07,66.6500,1.304674,2.430736,0,-0.434595,-0.070598
2013-01-08,66.5200,1.302130,2.431114,0,-0.435697,-0.070453
2013-01-09,66.7700,1.307023,2.431493,0,-0.433577,-0.070308
2013-01-10,67.1700,1.314853,2.431871,0,-0.430183,-0.070164
2013-01-11,67.2600,1.316615,2.432249,0,-0.429420,-0.070019
2013-01-14,66.9600,1.310743,2.432628,0,-0.431965,-0.069874
2013-01-15,66.6300,1.304283,2.433007,0,-0.434764,-0.069729
2013-01-16,66.9000,1.309568,2.433385,0,-0.432474,-0.069585
2013-01-17,67.2200,1.315832,2.433764,0,-0.429759,-0.069440
2013-01-18,67.0700,1.312896,2.434143,0,-0.431032,-0.069295
2013-01-22,67.1800,1.315049,2.434522,0,-0.430098,-0.069150
2013-01-23,67.5900,1.323075,2.434901,0,-0.426620,-0.069005
2013-01-24,66.6600,1.304870,2.435280,0,-0.434510,-0.068860
2013-01-25,67.0000,1.311526,2.435659,0,-0.431625,-0.068715
2013-01-28,67.1500,1.314462,2.436038,0,-0.430353,-0.068570
2013-01-29,67.1600,1.314658,2.435183,1,-0.430268,-0.068898
2013-01-30,67.0200,1.311917,2.430106,1,-0.431456,-0.070838
2013-01-31,66.8700,1.308981,2.424667,1,-0.432728,-0.072918
2013-02-01,67.6600,1.324445,2.453312,1,-0.426026,-0.061966
2013-02-04,66.4800,1.301347,2.410526,1,-0.436037,-0.078325
2013-02-05,67.4600,1.320530,2.446060,1,-0.427723,-0.064738
2013-02-06,67.2400,1.316224,2.438083,1,-0.429589,-0.067788
2013-02-07,67.3000,1.317398,2.440259,1,-0.429080,-0.066957
2013-02-08,67.9900,1.330905,2.465278,1,-0.423227,-0.057390
2013-02-11,68.0100,1.331296,2.466003,1,-0.423057,-0.057113
2013-02-12,67.7300,1.325815,2.455850,1,-0.425433,-0.060995
2013-02-13,67.9700,1.330513,2.464553,1,-0.423397,-0.057668
2013-02-14,67.9500,1.330122,2.463827,1,-0.423566,-0.057945
2013-02-15,67.7500,1.326207,2.456576,1,-0.425263,-0.060718
2013-02-19,68.2400,1.335799,2.474343,1,-0.421106,-0.053924
2013-02-20,67.1900,1.315245,2.436270,1,-0.430014,-0.068482
2013-02-21,66.4700,1.301151,2.410164,1,-0.436121,-0.078464
2013-02-22,67.1400,1.314266,2.434457,1,-0.430438,-0.069175
2013-02-25,66.3100,1.298019,2.404362,1,-0.437479,-0.080682
2013-02-26,66.5600,1.302913,2.413427,1,-0.435358,-0.077216
2013-02-27,67.2400,1.316224,2.438083,1,-0.429589,-0.067788
2013-02-28,67.1000,1.313483,2.433007,1,-0.430777,-0.069729
2013-03-01,67.3800,1.318964,2.443160,1,-0.428402,-0.065847
2013-03-04,67.6800,1.324837,2.454037,1,-0.425857,-0.061688
2013-03-05,68.6800,1.344412,2.490297,1,-0.417374,-0.047824
2013-03-06,68.5100,1.341084,2.484133,1,-0.418816,-0.050181
2013-03-07,68.6900,1.344607,2.490659,1,-0.417289,-0.047686
2013-03-08,68.7700,1.346173,2.493560,1,-0.416610,-0.046577
2013-03-11,68.9700,1.350088,2.500812,1,-0.414913,-0.043804
2013-03-12,68.7200,1.345195,2.491747,1,-0.417034,-0.047270
2013-03-13,68.6300,1.343433,2.488484,1,-0.417798,-0.048518
2013-03-14,68.8600,1.347935,2.496824,1,-0.415847,-0.045329
2013-03-15,68.5100,1.341084,2.484133,1,-0.418816,-0.050181
2013-03-18,68.3600,1.338148,2.478694,1,-0.420088,-0.052261
2013-03-19,68.2300,1.335603,2.473980,1,-0.421191,-0.054063
2013-03-20,68.7100,1.344999,2.491385,1,-0.417119,-0.047408
2013-03-21,67.9300,1.329730,2.463102,1,-0.423736,-0.058222
2013-03-22,68.5900,1.342650,2.487033,1,-0.418137,-0.049072
2013-03-25,68.3400,1.337756,2.477969,1,-0.420258,-0.052538
2013-03-26,68.7100,1.344999,2.491385,1,-0.417119,-0.047408
2013-03-27,68.8000,1.346761,2.494648,1,-0.416356,-0.046161
2013-03-28,68.9700,1.350088,2.500812,1,-0.414913,-0.043804
2013-04-01,68.5000,1.340888,2.483770,1,-0.418901,-0.050320
2013-04-02,69.0400,1.351459,2.503350,1,-0.414320,-0.042833
2013-04-03,68.4100,1.339126,2.480507,1,-0.419664,-0.051568
2013-04-04,68.4300,1.339518,2.481232,1,-0.419494,-0.051290
2013-04-05,67.8600,1.328360,2.460564,1,-0.424330,-0.059193
2013-04-08,68.2200,1.335407,2.473617,1,-0.421276,-0.054202
2013-04-09,68.6800,1.344412,2.490297,1,-0.417374,-0.047824
2013-04-10,70.0200,1.370642,2.538884,1,-0.406006,-0.029247
2013-04-11,69.9900,1.370055,2.537797,1,-0.406261,-0.029663
2013-04-12,69.9400,1.369076,2.535984,1,-0.406685,-0.030356
2013-04-15,68.5600,1.342063,2.485946,1,-0.418392,-0.049488
2013-04-16,69.4700,1.359876,2.518942,1,-0.410672,-0.036872
2013-04-17,68.1100,1.333254,2.469629,1,-0.422209,-0.055727
2013-04-18,67.1700,1.314853,2.435545,1,-0.430183,-0.068759
2013-04-19,68.0900,1.332862,2.468904,1,-0.422379,-0.056004
2013-04-22,68.7900,1.346565,2.494285,1,-0.416440,-0.046299
2013-04-23,69.4500,1.359484,2.518217,1,-0.410842,-0.037149
2013-04-24,69.4200,1.358897,2.517129,1,-0.411096,-0.037565
2013-04-25,69.7900,1.366140,2.530545,1,-0.407957,-0.032435
2013-04-26,69.5700,1.361833,2.522568,1,-0.409824,-0.035485
2013-04-29,70.2100,1.374361,2.545774,1,-0.404394,-0.026613
2013-04-30,70.7200,1.384345,2.564266,1,-0.400068,-0.019542
2013-05-01,70.3900,1.377885,2.552300,1,-0.402867,-0.024117
2013-05-02,71.2800,1.395307,2.584571,1,-0.395317,-0.011778
2013-05-03,72.1200,1.411750,2.615029,1,-0.388191,-0.000132
2013-05-06,72.4000,1.417231,2.625182,1,-0.385816,0.000000
2013-05-07,72.3600,1.416448,2.623731,1,-0.386155,-0.000552
2013-05-08,72.7100,1.423299,2.636422,1,-0.383186,0.000000
2013-05-09,72.6100,1.421341,2.632796,1,-0.384035,-0.001375
2013-05-10,73.0500,1.429954,2.648750,1,-0.380302,0.000000
2013-05-13,73.1400,1.431716,2.652014,1,-0.379539,0.000000
2013-05-14,73.5200,1.439155,2.665792,1,-0.376315,0.000000
2013-05-15,73.6700,1.442091,2.671231,1,-0.375042,0.000000
2013-05-16,73.5900,1.440525,2.668331,1,-0.375721,-0.001086
2013-05-17,74.3000,1.454423,2.694075,1,-0.369698,0.000000
2013-05-20,74.1900,1.452270,2.690086,1,-0.370631,-0.001480
2013-05-21,74.2700,1.453836,2.692987,1,-0.369952,-0.000404
2013-05-22,73.6200,1.441112,2.669418,1,-0.375467,-0.009152
2013-05-23,73.4500,1.437784,2.663254,1,-0.376909,-0.011440
2013-05-24,73.4100,1.437001,2.661804,1,-0.377248,-0.011978
2013-05-28,73.8900,1.446397,2.679208,1,-0.373176,-0.005518
2013-05-29,73.5400,1.439546,2.666518,1,-0.376145,-0.010229
2013-05-30,73.9300,1.447180,2.680659,1,-0.372837,-0.004980
2013-05-31,73.2500,1.433869,2.656002,1,-0.378605,-0.014132
2013-06-03,73.3800,1.436414,2.660716,1,-0.377503,-0.012382
2013-06-04,73.0000,1.428976,2.646938,1,-0.380726,-0.017497
2013-06-05,72.0500,1.410379,2.612491,1,-0.388785,-0.030283
2013-06-06,72.4000,1.417231,2.625182,1,-0.385816,-0.025572
2013-06-07,73.3900,1.436610,2.661079,1,-0.377418,-0.012248
2013-06-10,73.4200,1.437197,2.662166,1,-0.377163,-0.011844
2013-06-11,72.6900,1.422907,2.635697,1,-0.383356,-0.021669
2013-06-12,71.8500,1.406464,2.605239,1,-0.390482,-0.032974
2013-06-13,72.7600,1.424278,2.638235,1,-0.382762,-0.020727
2013-06-14,72.2800,1.414882,2.620831,1,-0.386834,-0.027187
2013-06-17,72.9800,1.428584,2.646212,1,-0.380896,-0.017766
2013-06-18,73.5800,1.440329,2.667968,1,-0.375806,-0.009690
2013-06-19,72.7600,1.424278,2.638235,1,-0.382762,-0.020727
2013-06-20,71.0300,1.390413,2.575506,1,-0.397438,-0.044011
2013-06-21,70.4300,1.378668,2.553751,1,-0.402528,-0.052086
2013-06-24,69.7300,1.364965,2.528369,1,-0.408466,-0.061507
2013-06-25,70.2400,1.374949,2.546862,1,-0.404140,-0.054643
2013-06-26,70.8700,1.387281,2.569705,1,-0.398795,-0.046164
2013-06-27,71.1700,1.393153,2.580583,1,-0.396250,-0.042127
2013-06-28,71.2700,1.395111,2.584209,1,-0.395402,-0.040781
2013-07-01,71.7100,1.403724,2.600163,1,-0.391669,-0.034859
2013-07-02,71.7400,1.404311,2.601251,1,-0.391415,-0.034455
2013-07-03,72.0300,1.409988,2.611766,1,-0.388955,-0.030552
2013-07-05,72.5800,1.420754,2.631709,1,-0.384289,-0.023149
2013-07-08,72.6500,1.422124,2.634247,1,-0.383695,-0.022207
2013-07-09,73.0900,1.430737,2.650201,1,-0.379963,-0.016285
2013-07-10,73.5100,1.438959,2.665430,1,-0.376400,-0.010633
2013-07-11,74.9700,1.467538,2.718369,1,-0.364014,0.000000
2013-07-12,75.3000,1.473998,2.730334,1,-0.361215,0.000000
2013-07-15,75.4700,1.477326,2.736498,1,-0.359773,0.000000
2013-07-16,75.3700,1.475368,2.732872,1,-0.360621,-0.001325
2013-07-17,75.5600,1.479088,2.739762,1,-0.359009,0.000000
2013-07-18,75.3700,1.475368,2.732872,1,-0.360621,-0.002515
2013-07-19,74.5900,1.460100,2.704590,1,-0.367238,-0.012837
2013-07-22,74.8100,1.464406,2.712567,1,-0.365372,-0.009926
2013-07-23,74.2600,1.453640,2.692624,1,-0.370037,-0.017205
2013-07-24,74.5000,1.458338,2.701327,1,-0.368001,-0.014029
2013-07-25,74.9700,1.467538,2.718369,1,-0.364014,-0.007808
2013-07-26,75.3700,1.475368,2.732872,1,-0.360621,-0.002515
2013-07-29,75.2300,1.472628,2.727796,1,-0.361809,-0.004367
2013-07-30,75.6300,1.480458,2.742300,1,-0.358415,0.000000
2013-07-31,75.7700,1.483198,2.747376,1,-0.357228,0.000000
2013-08-01,76.5400,1.498271,2.775296,1,-0.350696,0.000000
2013-08-02,76.9700,1.506689,2.790887,1,-0.347048,0.000000
2013-08-05,77.0200,1.507667,2.792700,1,-0.346624,0.000000
2013-08-06,76.5600,1.498663,2.776021,1,-0.350526,-0.005972
2013-08-07,76.4200,1.495922,2.770945,1,-0.351714,-0.007790
2013-08-08,76.8000,1.503361,2.784723,1,-0.348490,-0.002856
2013-08-09,76.4900,1.497292,2.773483,1,-0.351120,-0.006881
2013-08-12,76.6700,1.500816,2.780010,1,-0.349593,-0.004544
2013-08-13,77.1000,1.509233,2.795601,1,-0.345945,0.000000
2013-08-14,76.8100,1.503557,2.785086,1,-0.348405,-0.003761
2013-08-15,75.5100,1.478109,2.737949,1,-0.359433,-0.020623
2013-08-16,75.4800,1.477522,2.736861,1,-0.359688,-0.021012
2013-08-19,75.3500,1.474977,2.732147,1,-0.360791,-0.022698
2013-08-20,75.6800,1.481437,2.744113,1,-0.357991,-0.018418
2013-08-21,75.4200,1.476347,2.734685,1,-0.360197,-0.021790
2013-08-22,76.1600,1.490833,2.761517,1,-0.353919,-0.012192
2013-08-23,76.6700,1.500816,2.780010,1,-0.349593,-0.005577
2013-08-26,76.7100,1.501599,2.781460,1,-0.349253,-0.005058
2013-08-27,75.1400,1.470866,2.724533,1,-0.362572,-0.025422
2013-08-28,75.4300,1.476543,2.735048,1,-0.360112,-0.021660
2013-08-29,75.9600,1.486918,2.754265,1,-0.355616,-0.014786
2013-08-30,75.4700,1.477326,2.736498,1,-0.359773,-0.021141
2013-09-03,75.9000,1.485743,2.752090,1,-0.356125,-0.015564
2013-09-04,76.7100,1.501599,2.781460,1,-0.349253,-0.005058
2013-09-05,76.8400,1.504144,2.786174,1,-0.348151,-0.003372
2013-09-06,76.9300,1.505906,2.789437,1,-0.347387,-0.002205
2013-09-09,77.8300,1.523523,2.822071,1,-0.339752,0.000000
2013-09-10,78.2100,1.530962,2.835849,1,-0.336529,0.000000
2013-09-11,78.0600,1.528025,2.830410,1,-0.337801,-0.001918
2013-09-12,78.0100,1.527047,2.828597,1,-0.338225,-0.002557
2013-09-13,78.0600,1.528025,2.830410,1,-0.337801,-0.001918
2013-09-16,77.8500,1.523915,2.822796,1,-0.339583,-0.004603
2013-09-17,78.3700,1.534094,2.841651,1,-0.335171,0.000000
2013-09-18,79.3100,1.552494,2.875734,1,-0.327197,0.000000
2013-09-19,79.5000,1.556213,2.882624,1,-0.325585,0.000000
2013-09-20,78.9800,1.546034,2.863769,1,-0.329997,-0.006541
2013-09-23,78.8300,1.543098,2.858330,1,-0.331269,-0.008428
2013-09-24,78.8300,1.543098,2.858330,1,-0.331269,-0.008428
2013-09-25,78.5600,1.537813,2.848540,1,-0.333560,-0.011824
2013-09-26,79.1700,1.549754,2.870658,1,-0.328385,-0.004151
2013-09-27,79.0700,1.547796,2.867032,1,-0.329233,-0.005409
2013-09-30,78.8800,1.544077,2.860143,1,-0.330845,-0.007799
2013-10-01,79.6800,1.559737,2.889150,1,-0.324058,0.000000
2013-10-02,79.6500,1.559150,2.888063,1,-0.324313,-0.000377
2013-10-03,78.7200,1.540945,2.854341,1,-0.332202,-0.012048
2013-10-04,79.4000,1.554256,2.878998,1,-0.326434,-0.003514
2013-10-07,78.7400,1.541336,2.855067,1,-0.332033,-0.011797
2013-10-08,77.2200,1.511582,2.799952,1,-0.344927,-0.030873
2013-10-09,76.9800,1.506884,2.791250,1,-0.346963,-0.033886
2013-10-10,78.6100,1.538792,2.850353,1,-0.333135,-0.013429
2013-10-11,79.2300,1.550928,2.872834,1,-0.327876,-0.005648
2013-10-14,79.7900,1.561890,2.893139,1,-0.323125,0.000000
2013-10-15,79.4800,1.555822,2.881899,1,-0.325755,-0.003885
2013-10-16,80.3800,1.573439,2.914532,1,-0.318120,0.000000
2013-10-17,80.8400,1.582444,2.931211,1,-0.314218,0.000000
2013-10-18,82.1500,1.608087,2.978711,1,-0.303105,0.000000
2013-10-21,82.3300,1.611611,2.985238,1,-0.301578,0.000000
2013-10-22,82.4500,1.613960,2.989589,1,-0.300560,0.000000
2013-10-23,81.9500,1.604172,2.971459,1,-0.304801,-0.006064
2013-10-24,82.3100,1.611219,2.984513,1,-0.301748,-0.001698
2013-10-25,82.9000,1.622768,3.005906,1,-0.296742,0.000000
2013-10-28,82.9200,1.623160,3.006631,1,-0.296573,0.000000
2013-10-29,83.0600,1.625900,3.011707,1,-0.295385,0.000000
2013-10-30,82.9800,1.624334,3.008807,1,-0.296064,-0.000963
2013-10-31,82.7900,1.620615,3.001917,1,-0.297676,-0.003251
2013-11-01,82.8100,1.621007,3.002642,1,-0.297506,-0.003010
2013-11-04,82.9300,1.623356,3.006994,1,-0.296488,-0.001565
2013-11-05,83.0200,1.625117,3.010257,1,-0.295724,-0.000482
2013-11-06,83.0000,1.624726,3.009532,1,-0.295894,-0.000722
2013-11-07,81.4400,1.594189,2.952967,1,-0.309128,-0.019504
2013-11-08,82.5400,1.615721,2.992852,1,-0.299796,-0.006261
2013-11-11,82.4100,1.613177,2.988139,1,-0.300899,-0.007826
2013-11-12,82.5400,1.615721,2.992852,1,-0.299796,-0.006261
2013-11-13,83.5400,1.635296,3.029112,1,-0.291313,0.000000
2013-11-14,83.8000,1.640386,3.038539,1,-0.289108,0.000000
2013-11-15,83.9600,1.643518,3.044341,1,-0.287750,0.000000
2013-11-18,83.1400,1.627466,3.014608,1,-0.294706,-0.009767
2013-11-19,82.9000,1.622768,3.005906,1,-0.296742,-0.012625
2013-11-20,82.7000,1.618853,2.998654,1,-0.298439,-0.015007
2013-11-21,83.5400,1.635296,3.029112,1,-0.291313,-0.005002
2013-11-22,83.9900,1.644105,3.045429,1,-0.287496,0.000000
2013-11-25,84.1900,1.648020,3.052680,1,-0.285799,0.000000
2013-11-26,84.6300,1.656633,3.068635,1,-0.282067,0.000000
2013-11-27,85.2200,1.668182,3.090028,1,-0.277061,0.000000
2013-11-29,85.7300,1.678166,3.108520,1,-0.272735,0.000000
2013-12-02,85.4800,1.673272,3.099455,1,-0.274856,-0.002916
2013-12-03,85.4100,1.671902,3.096917,1,-0.275450,-0.003733
2013-12-04,85.4900,1.673468,3.099818,1,-0.274771,-0.002799
2013-12-05,85.3800,1.671314,3.095829,1,-0.275704,-0.004083
2013-12-06,86.0000,1.683451,3.118310,1,-0.270445,0.000000
2013-12-09,86.3500,1.690302,3.131001,1,-0.267475,0.000000
2013-12-10,86.2900,1.689128,3.128825,1,-0.267984,-0.000695
2013-12-11,85.1800,1.667399,3.088577,1,-0.277401,-0.013550
2013-12-12,84.9600,1.663093,3.080600,1,-0.279267,-0.016097
2013-12-13,84.8500,1.660940,3.076612,1,-0.280200,-0.017371
2013-12-16,85.3200,1.670140,3.093654,1,-0.276213,-0.011928
2013-12-17,85.1500,1.666812,3.087489,1,-0.277655,-0.013897
2013-12-18,86.1400,1.686191,3.123386,1,-0.269257,-0.002432
2013-12-19,85.9000,1.681493,3.114684,1,-0.271293,-0.005211
2013-12-20,86.5000,1.693238,3.136440,1,-0.266203,0.000000
2013-12-23,87.4100,1.711052,3.169436,1,-0.258483,0.000000
2013-12-24,87.4500,1.711835,3.170886,1,-0.258144,0.000000
2013-12-26,87.7400,1.717511,3.181401,1,-0.255684,0.000000
2013-12-27,87.5200,1.713205,3.173424,1,-0.257550,-0.002507
2013-12-30,87.3900,1.710660,3.168711,1,-0.258653,-0.003989
2013-12-31,87.9600,1.721818,3.189378,1,-0.253817,0.000000
2014-01-02,87.2700,1.708311,3.164359,1,-0.259671,-0.007844
2014-01-03,86.6400,1.695979,3.141516,1,-0.265015,-0.015007
2014-01-06,86.3200,1.689715,3.129913,1,-0.267730,-0.018645
2014-01-07,87.1200,1.705375,3.158920,1,-0.260943,-0.009550
2014-01-08,87.3100,1.709094,3.165810,1,-0.259332,-0.007390
2014-01-09,87.0200,1.703417,3.155295,1,-0.261792,-0.010687
2014-01-10,87.3000,1.708898,3.165447,1,-0.259416,-0.007503
2014-01-13,86.0100,1.683647,3.118673,1,-0.270360,-0.022169
2014-01-14,87.6500,1.715750,3.178138,1,-0.256447,-0.003524
2014-01-15,88.3700,1.729844,3.204245,1,-0.250339,0.000000
2014-01-16,88.3800,1.730039,3.204607,1,-0.250254,0.000000
2014-01-17,87.8800,1.720252,3.186478,1,-0.254496,-0.005657
2014-01-21,88.5500,1.733367,3.210771,1,-0.248812,0.000000
2014-01-22,88.7800,1.737869,3.219111,1,-0.246861,0.000000
2014-01-23,88.4800,1.731997,3.208233,1,-0.249406,-0.003379
2014-01-24,86.7400,1.697936,3.145142,1,-0.264167,-0.022978
2014-01-27,85.9000,1.681493,3.114684,1,-0.271293,-0.032440
2014-01-28,85.8500,1.680515,3.112871,1,-0.271717,-0.033003
2014-01-29,84.9300,1.662506,3.079512,1,-0.279522,-0.043366
2014-01-30,86.5000,1.693238,3.136440,1,-0.266203,-0.025681
2014-01-31,86.2700,1.688736,3.128100,1,-0.268154,-0.028272
2014-02-03,84.2900,1.649978,3.056306,1,-0.284951,-0.050574
2014-02-04,84.9100,1.662114,3.078787,1,-0.279691,-0.043591
2014-02-05,84.6900,1.657808,3.070810,1,-0.281558,-0.046069
2014-02-06,85.7700,1.678949,3.109970,1,-0.272396,-0.033904
2014-02-07,87.3000,1.708898,3.165447,1,-0.259416,-0.016670
2014-02-10,87.8000,1.718686,3.183577,1,-0.255175,-0.011039
2014-02-11,88.8000,1.738261,3.219836,1,-0.246692,0.000000
2014-02-12,88.9700,1.741589,3.226000,1,-0.245249,0.000000
2014-02-13,89.6300,1.754508,3.249932,1,-0.239650,0.000000
2014-02-14,89.8100,1.758032,3.256458,1,-0.238124,0.000000
2014-02-18,90.2500,1.766645,3.272412,1,-0.234391,0.000000
2014-02-19,89.6300,1.754508,3.249932,1,-0.239650,-0.006870
2014-02-20,90.0500,1.762730,3.265161,1,-0.236088,-0.002216
2014-02-21,89.9300,1.760381,3.260809,1,-0.237106,-0.003546
2014-02-24,90.4100,1.769777,3.278214,1,-0.233034,0.000000
2014-02-25,90.3100,1.767819,3.274588,1,-0.233882,-0.001106
2014-02-26,90.2300,1.766253,3.271687,1,-0.234561,-0.001991
2014-02-27,90.4400,1.770364,3.279302,1,-0.232779,0.000000
2014-02-28,90.3400,1.768406,3.275676,1,-0.233627,-0.001106
2014-03-03,89.6700,1.755291,3.251382,1,-0.239311,-0.008514
2014-03-04,90.8100,1.777607,3.292718,1,-0.229640,0.000000
2014-03-05,91.0600,1.782500,3.301783,1,-0.227520,0.000000
2014-03-06,90.9800,1.780934,3.298882,1,-0.228198,-0.000879
2014-03-07,90.5300,1.772126,3.282565,1,-0.232016,-0.005820
2014-03-10,90.6100,1.773692,3.285466,1,-0.231337,-0.004942
2014-03-11,90.2200,1.766057,3.271325,1,-0.234645,-0.009225
2014-03-12,90.5600,1.772713,3.283653,1,-0.231761,-0.005491
2014-03-13,89.2800,1.747657,3.237241,1,-0.242620,-0.019548
2014-03-14,88.6700,1.735716,3.215123,1,-0.247794,-0.026246
2014-03-17,89.4500,1.750985,3.243405,1,-0.241177,-0.017681
2014-03-18,90.5300,1.772126,3.282565,1,-0.232016,-0.005820
2014-03-19,90.0400,1.762534,3.264798,1,-0.236172,-0.011201
2014-03-20,90.2900,1.767428,3.273863,1,-0.234052,-0.008456
2014-03-21,89.0000,1.742176,3.227088,1,-0.244995,-0.022622
2014-03-24,88.2200,1.726907,3.198806,1,-0.251612,-0.031188
2014-03-25,88.5100,1.732584,3.209321,1,-0.249152,-0.028004
2014-03-26,87.3700,1.710269,3.167985,1,-0.258823,-0.040523
2014-03-27,86.8800,1.700677,3.150218,1,-0.262979,-0.045904
2014-03-28,87.0500,1.704005,3.156382,1,-0.261537,-0.044037
2014-03-31,87.6700,1.716141,3.178863,1,-0.256278,-0.037228
2014-04-01,89.2100,1.746287,3.234703,1,-0.243213,-0.020316
2014-04-02,89.4400,1.750789,3.243042,1,-0.241262,-0.017790
2014-04-03,88.7300,1.736891,3.217298,1,-0.247285,-0.025588
2014-04-04,86.3700,1.690694,3.131726,1,-0.267306,-0.051505
2014-04-07,85.5500,1.674642,3.101993,1,-0.274262,-0.060510
2014-04-08,86.3400,1.690106,3.130638,1,-0.267560,-0.051834
2014-04-09,87.8200,1.719077,3.184302,1,-0.255005,-0.035581
2014-04-10,85.1000,1.665833,3.085676,1,-0.278079,-0.065451
2014-04-11,84.1100,1.646454,3.049780,1,-0.286478,-0.076323
2014-04-14,84.7700,1.659374,3.073711,1,-0.280879,-0.069075
2014-04-15,85.0500,1.664855,3.083864,1,-0.278504,-0.066000
2014-04-16,86.1800,1.686974,3.124837,1,-0.268918,-0.053591
2014-04-17,86.2000,1.687366,3.125562,1,-0.268748,-0.053371
2014-04-21,86.8400,1.699894,3.148768,1,-0.263319,-0.046343
2014-04-22,87.5300,1.713401,3.173787,1,-0.257465,-0.038766
2014-04-23,86.7600,1.698328,3.145867,1,-0.263997,-0.047222
2014-04-24,87.5900,1.714575,3.175962,1,-0.256956,-0.038107
2014-04-25,86.1900,1.687170,3.125199,1,-0.268833,-0.053481
2014-04-28,86.4700,1.692651,3.135352,1,-0.266457,-0.050406
2014-04-29,87.1600,1.706158,3.160371,1,-0.260604,-0.042829
2014-04-30,87.3900,1.710660,3.168711,1,-0.258653,-0.040303
2014-05-01,87.6500,1.715750,3.178138,1,-0.256447,-0.037448
2014-05-02,87.4900,1.712618,3.172336,1,-0.257805,-0.039205
2014-05-05,87.9500,1.721622,3.189016,1,-0.253902,-0.034153
2014-05-06,86.8100,1.699307,3.147680,1,-0.263573,-0.046673
2014-05-07,86.5600,1.694413,3.138615,1,-0.265694,-0.049418
2014-05-08,86.4800,1.692847,3.135714,1,-0.266373,-0.050297
2014-05-09,86.8000,1.699111,3.147317,1,-0.263658,-0.046782
2014-05-12,88.2300,1.727103,3.199168,1,-0.251527,-0.031078
2014-05-13,88.2900,1.728278,3.201344,1,-0.251018,-0.030420
2014-05-14,87.8300,1.719273,3.184665,1,-0.254920,-0.035471
2014-05-15,87.1400,1.705766,3.159646,1,-0.260774,-0.043049
2014-05-16,87.7100,1.716924,3.180314,1,-0.255938,-0.036789
2014-05-19,88.3200,1.728865,3.202432,1,-0.250763,-0.030090
2014-05-20,88.0000,1.722601,3.190829,1,-0.253478,-0.033604
2014-05-21,88.8400,1.739044,3.221287,1,-0.246352,-0.024380
2014-05-22,89.2300,1.746678,3.235428,1,-0.243044,-0.020097
2014-05-23,89.8800,1.759402,3.258996,1,-0.237530,-0.012958
2014-05-27,91.0000,1.781326,3.299607,1,-0.228029,-0.000659
2014-05-28,90.7200,1.775845,3.289454,1,-0.230404,-0.003734
2014-05-29,91.3000,1.787198,3.310485,1,-0.225484,0.000000
2014-05-30,91.3100,1.787394,3.310847,1,-0.225399,0.000000
2014-06-02,91.2200,1.785632,3.307584,1,-0.226162,-0.000986
2014-06-03,91.1800,1.784849,3.306134,1,-0.226502,-0.001424
2014-06-04,91.5200,1.791505,3.318462,1,-0.223617,0.000000
2014-06-05,92.2900,1.806578,3.346382,1,-0.217085,0.000000
2014-06-06,92.8200,1.816952,3.365599,1,-0.212589,0.000000
2014-06-09,92.7500,1.815582,3.363061,1,-0.213183,-0.000754
2014-06-10,92.9100,1.818714,3.368863,1,-0.211826,0.000000
2014-06-11,92.8900,1.818323,3.368137,1,-0.211995,-0.000215
2014-06-12,92.0500,1.801880,3.337679,1,-0.219121,-0.009256
2014-06-13,92.3200,1.807165,3.347469,1,-0.216831,-0.006350
2014-06-16,92.4000,1.808731,3.350370,1,-0.216152,-0.005489
2014-06-17,92.4500,1.809710,3.352183,1,-0.215728,-0.004951
2014-06-18,92.9700,1.819889,3.371038,1,-0.211317,0.000000
2014-06-19,92.9100,1.818714,3.368863,1,-0.211826,-0.000645
2014-06-20,92.7700,1.815974,3.363786,1,-0.213013,-0.002151
2014-06-23,92.7900,1.816365,3.364511,1,-0.212844,-0.001936
2014-06-24,92.7000,1.814603,3.361248,1,-0.213607,-0.002904
2014-06-25,93.2900,1.826153,3.382641,1,-0.208602,0.000000
2014-06-26,93.3400,1.827131,3.384454,1,-0.208178,0.000000
2014-06-27,93.7500,1.835157,3.399320,1,-0.204700,0.000000
2014-06-30,93.9100,1.838289,3.405122,1,-0.203342,0.000000
2014-07-01,94.9400,1.858451,3.442469,1,-0.194605,0.000000
2014-07-02,95.1000,1.861583,3.448271,1,-0.193247,0.000000
2014-07-03,95.7000,1.873328,3.470026,1,-0.188157,0.000000
2014-07-07,95.4100,1.867652,3.459511,1,-0.190618,-0.003030
2014-07-08,94.2600,1.845140,3.417813,1,-0.200373,-0.015047
2014-07-09,94.9600,1.858843,3.443194,1,-0.194435,-0.007732
2014-07-10,94.6600,1.852970,3.432317,1,-0.196980,-0.010867
2014-07-11,95.2700,1.864911,3.454435,1,-0.191805,-0.004493
2014-07-14,95.8400,1.876069,3.475103,1,-0.186970,0.000000
2014-07-15,95.5100,1.869609,3.463137,1,-0.189769,-0.003443
2014-07-16,95.8900,1.877048,3.476916,1,-0.186546,0.000000
2014-07-17,94.6200,1.852187,3.430866,1,-0.197319,-0.013244
2014-07-18,96.1200,1.881550,3.485255,1,-0.184595,0.000000
2014-07-21,96.0000,1.879201,3.480904,1,-0.185612,-0.001248
2014-07-22,96.6100,1.891142,3.503022,1,-0.180438,0.000000
2014-07-23,97.2300,1.903278,3.525503,1,-0.175178,0.000000
2014-07-24,97.1200,1.901125,3.521515,1,-0.176111,-0.001131
2014-07-25,96.7400,1.893686,3.507736,1,-0.179335,-0.005040
2014-07-28,96.7700,1.894274,3.508824,1,-0.179080,-0.004731
2014-07-29,96.6000,1.890946,3.502660,1,-0.180523,-0.006479
2014-07-30,96.9800,1.898384,3.516438,1,-0.177299,-0.002571
2014-07-31,95.0200,1.860017,3.445370,1,-0.193926,-0.022730
2014-08-01,94.6700,1.853166,3.432679,1,-0.196895,-0.026329
2014-08-04,95.3200,1.865890,3.456248,1,-0.191381,-0.019644
2014-08-05,94.5900,1.851600,3.429778,1,-0.197574,-0.027152
2014-08-06,94.5200,1.850230,3.427240,1,-0.198168,-0.027872
2014-08-07,94.2200,1.844357,3.416362,1,-0.200713,-0.030958
2014-08-08,94.9000,1.857668,3.441019,1,-0.194944,-0.023964
2014-08-11,95.4600,1.868630,3.461324,1,-0.190193,-0.018204
2014-08-12,95.4200,1.867847,3.459874,1,-0.190533,-0.018616
2014-08-13,96.4300,1.887618,3.496496,1,-0.181965,-0.008228
2014-08-14,96.9300,1.897406,3.514625,1,-0.177723,-0.003085
2014-08-15,97.4000,1.906606,3.531667,1,-0.173736,0.000000
2014-08-18,98.1500,1.921287,3.558862,1,-0.167374,0.000000
2014-08-19,98.7000,1.932053,3.578805,1,-0.162708,0.000000
2014-08-20,98.7000,1.932053,3.578805,1,-0.162708,0.000000
2014-08-21,98.9000,1.935968,3.586056,1,-0.161011,0.000000
2014-08-22,99.0500,1.938905,3.591495,1,-0.159739,0.000000
2014-08-25,99.4000,1.945756,3.604186,1,-0.156770,0.000000
2014-08-26,99.5000,1.947713,3.607812,1,-0.155921,0.000000
2014-08-27,99.5200,1.948105,3.608537,1,-0.155752,0.000000
2014-08-28,99.4100,1.945952,3.604549,1,-0.156685,-0.001105
2014-08-29,99.7800,1.953194,3.617965,1,-0.153546,0.000000
2014-09-02,100.0700,1.958871,3.628480,1,-0.151086,0.000000
2014-09-03,99.4800,1.947322,3.607087,1,-0.156091,-0.005896
2014-09-04,99.3900,1.945560,3.603824,1,-0.156854,-0.006795
2014-09-05,99.8900,1.955348,3.621953,1,-0.152613,-0.001799
2014-09-08,100.0800,1.959067,3.628843,1,-0.151001,0.000000
2014-09-09,99.2500,1.942820,3.598747,1,-0.158042,-0.008293
2014-09-10,100.0700,1.958871,3.628480,1,-0.151086,-0.000100
2014-09-11,99.9900,1.957305,3.625579,1,-0.151765,-0.000899
2014-09-12,99.4800,1.947322,3.607087,1,-0.156091,-0.005995
2014-09-15,98.5200,1.928530,3.572278,1,-0.164235,-0.015588
2014-09-16,99.3800,1.945364,3.603461,1,-0.156939,-0.006994
2014-09-17,99.5300,1.948301,3.608900,1,-0.155667,-0.005496
2014-09-18,100.2800,1.962982,3.636094,1,-0.149304,0.000000
2014-09-19,99.9800,1.957109,3.625217,1,-0.151849,-0.002992
2014-09-22,99.0500,1.938905,3.591495,1,-0.159739,-0.012266
2014-09-23,98.7800,1.933619,3.581705,1,-0.162029,-0.014958
2014-09-24,99.8400,1.954369,3.620140,1,-0.153037,-0.004388
2014-09-25,97.7400,1.913261,3.543996,1,-0.170852,-0.025329
2014-09-26,98.7800,1.933619,3.581705,1,-0.162029,-0.014958
2014-09-29,98.6500,1.931075,3.576992,1,-0.163132,-0.016254
2014-09-30,98.7900,1.933815,3.582068,1,-0.161944,-0.014858
2014-10-01,97.2100,1.902887,3.524778,1,-0.175348,-0.030614
2014-10-02,97.2100,1.902887,3.524778,1,-0.175348,-0.030614
2014-10-03,98.1700,1.921679,3.559587,1,-0.167204,-0.021041
2014-10-06,97.9600,1.917568,3.551973,1,-0.168985,-0.023135
2014-10-07,96.5700,1.890359,3.501572,1,-0.180777,-0.036996
2014-10-08,98.4500,1.927160,3.569740,1,-0.164829,-0.018249
2014-10-09,96.8600,1.896035,3.512087,1,-0.178317,-0.034105
2014-10-10,94.4400,1.848664,3.424339,1,-0.198846,-0.058237
2014-10-13,92.9600,1.819693,3.370675,1,-0.211401,-0.072996
2014-10-14,92.9700,1.819889,3.371038,1,-0.211317,-0.072896
2014-10-15,92.3700,1.808144,3.349282,1,-0.216407,-0.078879
2014-10-16,91.7900,1.796790,3.328252,1,-0.221327,-0.084663
2014-10-17,93.0000,1.820476,3.372126,1,-0.211062,-0.072597
2014-10-20,94.3900,1.847685,3.422526,1,-0.199270,-0.058736
2014-10-21,96.8700,1.896231,3.512450,1,-0.178232,-0.034005
2014-10-22,96.3700,1.886444,3.494320,1,-0.182474,-0.038991
2014-10-23,97.8200,1.914827,3.546896,1,-0.170173,-0.024531
2014-10-24,98.6200,1.930487,3.575904,1,-0.163386,-0.016554
2014-10-27,98.6900,1.931858,3.578442,1,-0.162793,-0.015856
2014-10-28,100.1800,1.961024,3.632468,1,-0.150153,-0.000997
2014-10-29,99.8100,1.953782,3.619053,1,-0.153291,-0.004687
2014-10-30,100.0200,1.957892,3.626667,1,-0.151510,-0.002593
2014-10-31,101.4000,1.984906,3.676705,1,-0.139803,0.000000
2014-11-03,101.7000,1.990778,3.687583,1,-0.137258,0.000000
2014-11-04,101.3600,1.984123,3.675255,1,-0.140143,-0.003343
2014-11-05,101.3700,1.984319,3.675617,1,-0.140058,-0.003245
2014-11-06,101.6900,1.990583,3.687220,1,-0.137343,-0.000098
2014-11-07,101.6000,1.988821,3.683957,1,-0.138107,-0.000983
2014-11-10,101.9600,1.995868,3.697010,1,-0.135053,0.000000
2014-11-11,102.2800,2.002132,3.708613,1,-0.132338,0.000000
2014-11-12,102.4600,2.005656,3.715140,1,-0.130811,0.000000
2014-11-13,102.9000,2.014269,3.731094,1,-0.127078,0.000000
2014-11-14,103.2200,2.020533,3.742697,1,-0.124364,0.000000
2014-11-17,102.9100,2.014464,3.731457,1,-0.126994,-0.003003
2014-11-18,103.6800,2.029537,3.759376,1,-0.120461,0.000000
2014-11-19,103.2100,2.020337,3.742335,1,-0.124449,-0.004533
2014-11-20,103.6700,2.029341,3.759014,1,-0.120546,-0.000096
2014-11-21,103.8700,2.033256,3.766266,1,-0.118850,0.000000
2014-11-24,104.6800,2.049112,3.795636,1,-0.111978,0.000000
2014-11-25,104.8400,2.052244,3.801437,1,-0.110621,0.000000
2014-11-26,105.5200,2.065555,3.826094,1,-0.104852,0.000000
2014-11-28,106.0100,2.075147,3.843861,1,-0.100696,0.000000
2014-12-01,104.8100,2.051657,3.800350,1,-0.110875,-0.011320
2014-12-02,105.2300,2.059878,3.815579,1,-0.107313,-0.007358
2014-12-03,105.4200,2.063598,3.822468,1,-0.105701,-0.005566
2014-12-04,105.3700,2.062619,3.820655,1,-0.106125,-0.006037
2014-12-05,105.3800,2.062815,3.821017,1,-0.106040,-0.005943
2014-12-08,104.6300,2.048133,3.793823,1,-0.112402,-0.013018
2014-12-09,104.9600,2.054593,3.805789,1,-0.109603,-0.009905
2014-12-10,103.3100,2.022294,3.745960,1,-0.123600,-0.025469
2014-12-11,103.8000,2.031886,3.763728,1,-0.119444,-0.020847
2014-12-12,102.6700,2.009766,3.722754,1,-0.129030,-0.031506
2014-12-15,101.6100,1.989017,3.684319,1,-0.138022,-0.041506
2014-12-16,99.9800,1.957109,3.625217,1,-0.151849,-0.056881
2014-12-17,101.8000,1.992736,3.691209,1,-0.136410,-0.039713
2014-12-18,104.2500,2.040695,3.780044,1,-0.115626,-0.016602
2014-12-19,104.3200,2.042065,3.782582,1,-0.115032,-0.015942
2014-12-22,104.5800,2.047155,3.792010,1,-0.112827,-0.013489
2014-12-23,104.2100,2.039912,3.778594,1,-0.115965,-0.016980
2014-12-24,104.3000,2.041674,3.781857,1,-0.115202,-0.016131
2014-12-26,105.0400,2.056159,3.808689,1,-0.108924,-0.009150
2014-12-29,105.0200,2.055768,3.807964,1,-0.109094,-0.009339
2014-12-30,104.3200,2.042065,3.782582,1,-0.115032,-0.015942
2014-12-31,103.2500,2.021120,3.743785,1,-0.124109,-0.026035
2015-01-02,102.9400,2.015052,3.732544,1,-0.126739,-0.028960
2015-01-05,101.4300,1.985493,3.677793,1,-0.139549,-0.043203
2015-01-06,100.0700,1.958871,3.628480,1,-0.151086,-0.056032
2015-01-07,101.3600,1.984123,3.675255,1,-0.140143,-0.043864
2015-01-08,103.3000,2.022099,3.745598,1,-0.123685,-0.025564
2015-01-09,102.6200,2.008788,3.720941,1,-0.129454,-0.031978
2015-01-12,101.5500,1.987842,3.682144,1,-0.138531,-0.042072
2015-01-13,101.5200,1.987255,3.681056,1,-0.138785,-0.042354
2015-01-14,100.9600,1.976293,3.660751,1,-0.143536,-0.047637
2015-01-15,99.6500,1.950650,3.613251,1,-0.154649,-0.059994
2015-01-16,100.8200,1.973552,3.655675,1,-0.144723,-0.048958
2015-01-20,101.6200,1.989212,3.684682,1,-0.137937,-0.041411
2015-01-21,102.1400,1.999392,3.703537,1,-0.133526,-0.036506
2015-01-22,104.0300,2.036388,3.772067,1,-0.117492,-0.018677
2015-01-23,104.2600,2.040891,3.780407,1,-0.115541,-0.016508
2015-01-26,104.1400,2.038542,3.776056,1,-0.116559,-0.017640
2015-01-27,101.4400,1.985689,3.678155,1,-0.139464,-0.043109
2015-01-28,100.9200,1.975510,3.659300,1,-0.143875,-0.048014
2015-01-29,101.8900,1.994498,3.694472,1,-0.135646,-0.038864
2015-01-30,101.1000,1.979033,3.665827,1,-0.142348,-0.046316
2015-02-02,101.9800,1.996259,3.697735,1,-0.134883,-0.038015
2015-02-03,102.9600,2.015443,3.733270,1,-0.126569,-0.028771
2015-02-04,102.8700,2.013681,3.730006,1,-0.127333,-0.029620
2015-02-05,103.7600,2.031103,3.762277,1,-0.119783,-0.021224
2015-02-06,103.1300,2.018771,3.739434,1,-0.125127,-0.027167
2015-02-09,102.8000,2.012311,3.727468,1,-0.127927,-0.030280
2015-02-10,104.4000,2.043631,3.785483,1,-0.114354,-0.015187
2015-02-11,104.7800,2.051070,3.799262,1,-0.111130,-0.011603
2015-02-12,106.0000,2.074951,3.843498,1,-0.100780,-0.000094
2015-02-13,106.9100,2.092764,3.876494,1,-0.093061,0.000000
2015-02-17,107.0100,2.094722,3.880120,1,-0.092212,0.000000
2015-02-18,107.1600,2.097658,3.885559,1,-0.090940,0.000000
2015-02-19,107.6900,2.108033,3.904777,1,-0.086444,0.000000
2015-02-20,108.4100,2.122127,3.930884,1,-0.080336,0.000000
2015-02-23,108.5200,2.124280,3.934872,1,-0.079403,0.000000
2015-02-24,108.6000,2.125846,3.937773,1,-0.078724,0.000000
2015-02-25,108.3300,2.120561,3.927983,1,-0.081015,-0.002486
2015-02-26,108.8800,2.131327,3.947925,1,-0.076349,0.000000
2015-02-27,108.4000,2.121931,3.930521,1,-0.080421,-0.004409
2015-03-02,109.3800,2.141115,3.966055,1,-0.072107,0.000000
2015-03-03,108.8700,2.131131,3.947563,1,-0.076434,-0.004663
2015-03-04,108.4500,2.122910,3.932334,1,-0.079997,-0.008502
2015-03-05,108.6400,2.126629,3.939223,1,-0.078385,-0.006765
2015-03-06,107.4100,2.102552,3.894624,1,-0.088819,-0.018011
2015-03-09,107.7200,2.108620,3.905865,1,-0.086189,-0.015176
2015-03-10,105.7200,2.069470,3.833346,1,-0.103156,-0.033461
2015-03-11,105.1100,2.057529,3.811227,1,-0.108331,-0.039038
2015-03-12,105.8000,2.071036,3.836246,1,-0.102477,-0.032730
2015-03-13,105.3400,2.062032,3.819567,1,-0.106379,-0.036935
2015-03-16,106.7000,2.088654,3.868880,1,-0.094842,-0.024502
2015-03-17,106.8700,2.091981,3.875044,1,-0.093400,-0.022948
2015-03-18,107.9200,2.112535,3.913116,1,-0.084493,-0.013348
2015-03-19,108.0800,2.115667,3.918918,1,-0.083135,-0.011885
2015-03-20,108.5300,2.124476,3.935235,1,-0.079318,-0.007771
2015-03-23,108.3200,2.120365,3.927620,1,-0.081099,-0.009691
2015-03-24,107.9300,2.112731,3.913479,1,-0.084408,-0.013257
2015-03-25,105.4600,2.064381,3.823918,1,-0.105361,-0.035838
2015-03-26,105.1000,2.057334,3.810865,1,-0.108415,-0.039130
2015-03-27,105.5200,2.065555,3.826094,1,-0.104852,-0.035290
2015-03-30,106.7300,2.089241,3.869968,1,-0.094588,-0.024227
2015-03-31,105.6000,2.067121,3.828995,1,-0.104174,-0.034558
2015-04-01,105.0500,2.056355,3.809052,1,-0.108839,-0.039587
2015-04-02,105.1200,2.057725,3.811590,1,-0.108246,-0.038947
2015-04-06,105.9800,2.074560,3.842773,1,-0.100950,-0.031084
2015-04-07,105.8000,2.071036,3.836246,1,-0.102477,-0.032730
2015-04-08,106.6400,2.087479,3.866704,1,-0.095351,-0.025050
2015-04-09,107.3100,2.100594,3.890998,1,-0.089667,-0.018925
2015-04-10,107.7500,2.109207,3.906952,1,-0.085935,-0.014902
2015-04-13,107.4800,2.103922,3.897162,1,-0.088225,-0.017371
2015-04-14,107.1700,2.097854,3.885922,1,-0.090855,-0.020205
2015-04-15,107.8400,2.110969,3.910216,1,-0.085171,-0.014079
2015-04-16,107.6900,2.108033,3.904777,1,-0.086444,-0.015451
2015-04-17,106.0100,2.075147,3.843861,1,-0.100696,-0.030810
2015-04-20,107.6000,2.106271,3.901513,1,-0.087207,-0.016274
2015-04-21,108.0600,2.115276,3.918193,1,-0.083305,-0.012068
2015-04-22,108.6500,2.126825,3.939586,1,-0.078300,-0.006674
2015-04-23,109.0600,2.134851,3.954452,1,-0.074822,-0.002926
2015-04-24,110.5400,2.163822,4.008116,1,-0.062267,0.000000
2015-04-27,110.2600,2.158341,3.997963,1,-0.064642,-0.002533
2015-04-28,110.0400,2.154034,3.989986,1,-0.066508,-0.004523
2015-04-29,109.3500,2.140527,3.964967,1,-0.072362,-0.010765
2015-04-30,107.6300,2.106858,3.902601,1,-0.086953,-0.026325
2015-05-01,109.0500,2.134655,3.954090,1,-0.074907,-0.013479
2015-05-04,109.2300,2.138178,3.960616,1,-0.073380,-0.011851
2015-05-05,107.4500,2.103335,3.896074,1,-0.088480,-0.027954
2015-05-06,106.7100,2.088849,3.869242,1,-0.094757,-0.034648
2015-05-07,107.3500,2.101377,3.892449,1,-0.089328,-0.028858
2015-05-08,108.6900,2.127608,3.941036,1,-0.077961,-0.016736
2015-05-11,108.2700,2.119386,3.925807,1,-0.081524,-0.020536
2015-05-12,107.7800,2.109795,3.908040,1,-0.085680,-0.024968
2015-05-13,108.0000,2.114101,3.916017,1,-0.083814,-0.022978
2015-05-14,109.5800,2.145030,3.973307,1,-0.070411,-0.008685
2015-05-15,109.5800,2.145030,3.973307,1,-0.070411,-0.008685
2015-05-18,110.0600,2.154426,3.990712,1,-0.066339,-0.004342
2015-05-19,109.9400,2.152077,3.986360,1,-0.067357,-0.005428
2015-05-20,110.0100,2.153447,3.988899,1,-0.066763,-0.004795
2015-05-21,110.5800,2.164605,4.009566,1,-0.061927,0.000000
2015-05-22,110.4700,2.162451,4.005578,1,-0.062861,-0.000995
2015-05-26,109.2000,2.137591,3.959528,1,-0.073634,-0.012480
2015-05-27,110.9600,2.172043,4.023345,1,-0.058704,0.000000
2015-05-28,110.7100,2.167149,4.014280,1,-0.060825,-0.002253
2015-05-29,110.0500,2.154230,3.990349,1,-0.066423,-0.008201
2015-06-01,110.4200,2.161473,4.003765,1,-0.063285,-0.004867
2015-06-02,110.0700,2.154621,3.991074,1,-0.066254,-0.008021
2015-06-03,110.4000,2.161081,4.003040,1,-0.063454,-0.005047
2015-06-04,109.5600,2.144638,3.972582,1,-0.070580,-0.012617
2015-06-05,109.3000,2.139549,3.963154,1,-0.072786,-0.014960
2015-06-08,108.1900,2.117820,3.922906,1,-0.082202,-0.024964
2015-06-09,108.0100,2.114297,3.916380,1,-0.083729,-0.026586
2015-06-10,109.4900,2.143268,3.970044,1,-0.071174,-0.013248
2015-06-11,109.6500,2.146400,3.975845,1,-0.069817,-0.011806
2015-06-12,108.7500,2.128782,3.943212,1,-0.077452,-0.019917
2015-06-15,108.2100,2.118212,3.923632,1,-0.082033,-0.024784
2015-06-16,108.8000,2.129761,3.945025,1,-0.077027,-0.019466
2015-06-17,109.1000,2.135634,3.955903,1,-0.074483,-0.016763
2015-06-18,110.6900,2.166758,4.013555,1,-0.060994,-0.002433
2015-06-19,109.8900,2.151098,3.984547,1,-0.067781,-0.009643
2015-06-22,110.7000,2.166954,4.013918,1,-0.060909,-0.002343
2015-06-23,110.7900,2.168715,4.017181,1,-0.060146,-0.001532
2015-06-24,110.2200,2.157558,3.996513,1,-0.064981,-0.006669
2015-06-25,110.0000,2.153251,3.988536,1,-0.066848,-0.008652
2015-06-26,109.2700,2.138961,3.962067,1,-0.073040,-0.015231
2015-06-29,106.6900,2.088458,3.868517,1,-0.094927,-0.038482
2015-06-30,107.0700,2.095896,3.882296,1,-0.091703,-0.035058
2015-07-01,107.9200,2.112535,3.913116,1,-0.084493,-0.027397
2015-07-02,107.9500,2.113122,3.914204,1,-0.084238,-0.027127
2015-07-06,107.7000,2.108229,3.905139,1,-0.086359,-0.029380
2015-07-07,107.9700,2.113514,3.914929,1,-0.084069,-0.026947
2015-07-08,106.0900,2.076713,3.846762,1,-0.100017,-0.043890
2015-07-09,106.0300,2.075538,3.844586,1,-0.100526,-0.044430
2015-07-10,107.6500,2.107250,3.903326,1,-0.086783,-0.029831
2015-07-13,109.5400,2.144247,3.971857,1,-0.070750,-0.012797
2015-07-14,110.2600,2.158341,3.997963,1,-0.064642,-0.006309
2015-07-15,110.3800,2.160690,4.002315,1,-0.063624,-0.005227
2015-07-16,111.9400,2.191227,4.058879,1,-0.050390,0.000000
2015-07-17,113.5900,2.223525,4.118707,1,-0.036393,0.000000
2015-07-20,113.9800,2.231160,4.132848,1,-0.033084,0.000000
2015-07-21,113.9100,2.229789,4.130310,1,-0.033678,-0.000614
2015-07-22,112.6200,2.204538,4.083536,1,-0.044622,-0.011932
2015-07-23,112.2000,2.196316,4.068307,1,-0.048185,-0.015617
2015-07-24,111.1000,2.174784,4.028421,1,-0.057516,-0.025268
2015-07-27,110.1800,2.156775,3.995063,1,-0.065321,-0.033339
2015-07-28,111.1300,2.175371,4.029509,1,-0.057262,-0.025004
2015-07-29,111.5500,2.183592,4.044738,1,-0.053699,-0.021320
2015-07-30,112.0800,2.193967,4.063956,1,-0.049203,-0.016670
2015-07-31,111.9500,2.191422,4.059242,1,-0.050305,-0.017810
2015-08-03,111.6000,2.184571,4.046551,1,-0.053275,-0.020881
2015-08-04,111.3900,2.180460,4.038937,1,-0.055056,-0.022723
2015-08-05,112.2500,2.197295,4.070120,1,-0.047760,-0.015178
2015-08-06,110.4500,2.162060,4.004853,1,-0.063030,-0.030970
2015-08-07,110.3100,2.159319,3.999776,1,-0.064218,-0.032199
2015-08-10,111.5700,2.183984,4.045463,1,-0.053529,-0.021144
2015-08-11,110.1400,2.155992,3.993612,1,-0.065660,-0.033690
2015-08-12,110.5200,2.163430,4.007391,1,-0.062436,-0.030356
2015-08-13,110.3400,2.159907,4.000864,1,-0.063963,-0.031935
2015-08-14,110.5100,2.163234,4.007028,1,-0.062521,-0.030444
2015-08-17,111.4300,2.181243,4.040387,1,-0.054717,-0.022372
2015-08-18,110.8600,2.170086,4.019719,1,-0.059552,-0.027373
2015-08-19,110.1300,2.155796,3.993250,1,-0.065745,-0.033778
2015-08-20,107.0800,2.096092,3.882658,1,-0.091619,-0.060537
2015-08-21,102.4000,2.004481,3.712964,1,-0.131320,-0.101597
2015-08-24,98.4600,1.927355,3.570102,1,-0.164744,-0.136164
2015-08-25,98.0900,1.920113,3.556686,1,-0.167883,-0.139410
2015-08-26,103.0300,2.016813,3.735808,1,-0.125976,-0.096069
2015-08-27,105.6400,2.067904,3.830445,1,-0.103834,-0.073171
2015-08-28,105.6200,2.067513,3.829720,1,-0.104004,-0.073346
2015-08-31,104.3100,2.041869,3.782220,1,-0.115117,-0.084839
2015-09-01,101.0500,1.978055,3.664014,1,-0.142772,-0.113441
2015-09-02,103.9000,2.033844,3.767354,1,-0.118595,-0.088437
2015-09-03,103.3900,2.023860,3.748861,1,-0.122922,-0.092911
2015-09-04,102.1600,1.999783,3.704262,1,-0.133356,-0.103702
2015-09-08,105.0400,2.056159,3.808689,1,-0.108924,-0.078435
2015-09-09,103.8600,2.033061,3.765903,1,-0.118935,-0.088788
2015-09-10,104.9900,2.055180,3.806876,1,-0.109348,-0.078873
2015-09-11,105.5700,2.066534,3.827907,1,-0.104428,-0.073785
2015-09-14,105.2500,2.060270,3.816304,1,-0.107143,-0.076592
2015-09-15,106.4900,2.084543,3.861265,1,-0.096624,-0.065713
2015-09-16,107.0900,2.096288,3.883021,1,-0.091534,-0.060449
2015-09-17,107.1300,2.097071,3.884471,1,-0.091194,-0.060098
2015-09-18,105.3500,2.062227,3.819930,1,-0.106295,-0.075715
2015-09-21,105.6800,2.068687,3.831895,1,-0.103495,-0.072820
2015-09-22,104.1000,2.037759,3.774605,1,-0.116899,-0.086682
2015-09-23,104.1800,2.039325,3.777506,1,-0.116220,-0.085980
2015-09-24,103.8000,2.031886,3.763728,1,-0.119444,-0.089314
2015-09-25,102.9200,2.014660,3.731819,1,-0.126909,-0.097035
2015-09-28,99.9900,1.957305,3.625579,1,-0.151765,-0.122741
2015-09-29,99.4700,1.947126,3.606724,1,-0.156176,-0.127303
2015-09-30,101.7600,1.991953,3.689758,1,-0.136749,-0.107212
2015-10-01,102.2200,2.000958,3.688488,0,-0.132847,-0.107519
2015-10-02,104.0100,2.035997,3.689062,0,-0.117662,-0.107380
2015-10-05,105.5000,2.065164,3.689636,0,-0.105022,-0.107241
2015-10-06,105.0000,2.055376,3.690210,0,-0.109264,-0.107102
2015-10-07,105.6300,2.067708,3.690785,0,-0.103919,-0.106964
2015-10-08,106.0500,2.075930,3.691359,0,-0.100356,-0.106825
2015-10-09,106.5300,2.085326,3.691934,0,-0.096284,-0.106685
2015-10-12,106.7900,2.090415,3.692508,0,-0.094079,-0.106546
2015-10-13,106.1000,2.076909,3.693083,0,-0.099932,-0.106407
2015-10-14,105.9300,2.073581,3.693658,0,-0.101374,-0.106268
2015-10-15,107.6700,2.107641,3.694233,0,-0.086614,-0.106129
2015-10-16,108.1200,2.116450,3.694808,0,-0.082796,-0.105990
2015-10-19,108.7400,2.128587,3.695383,0,-0.077536,-0.105851
2015-10-20,108.1800,2.117625,3.695958,0,-0.082287,-0.105712
2015-10-21,107.5200,2.104705,3.696533,0,-0.087886,-0.105573
2015-10-22,109.7100,2.147574,3.697109,0,-0.069308,-0.105433
2015-10-23,112.7800,2.207670,3.697684,0,-0.043264,-0.105294
2015-10-26,112.8500,2.209040,3.698260,0,-0.042671,-0.105155
2015-10-27,113.0800,2.213542,3.698835,0,-0.040719,-0.105016
2015-10-28,114.0200,2.231943,3.699411,0,-0.032745,-0.104876
2015-10-29,113.8400,2.228419,3.699987,0,-0.034272,-0.104737
2015-10-30,113.3300,2.218436,3.700563,0,-0.038599,-0.104598
2015-11-02,114.6100,2.243492,3.701139,0,-0.027740,-0.104458
2015-11-03,115.0100,2.251322,3.701715,0,-0.024347,-0.104319
2015-11-04,115.0200,2.251518,3.702291,0,-0.024262,-0.104179
2015-11-05,114.7100,2.245449,3.702867,0,-0.026892,-0.104040
2015-11-06,114.7900,2.247015,3.703444,0,-0.026213,-0.103900
2015-11-09,113.5700,2.223134,3.704020,0,-0.036563,-0.103761
2015-11-10,113.2800,2.217457,3.704596,0,-0.039023,-0.103622
2015-11-11,113.1400,2.214717,3.705173,0,-0.040210,-0.103482
2015-11-12,112.0400,2.193184,3.705750,0,-0.049542,-0.103342
2015-11-13,109.8400,2.150119,3.706327,0,-0.068205,-0.103203
2015-11-16,111.4200,2.181048,3.706904,0,-0.054801,-0.103063
2015-11-17,111.4900,2.182418,3.707480,0,-0.054208,-0.102924
2015-11-18,113.6300,2.224308,3.776755,1,-0.036054,-0.086162
2015-11-19,113.7100,2.225874,3.779414,1,-0.035375,-0.085518
2015-11-20,114.4800,2.240947,3.805006,1,-0.028843,-0.079326
2015-11-23,114.1500,2.234487,3.794038,1,-0.031642,-0.081980
2015-11-24,114.0500,2.232530,3.790714,1,-0.032491,-0.082784
2015-11-25,114.1500,2.234487,3.794038,1,-0.031642,-0.081980
2015-11-27,114.3100,2.237619,3.799356,1,-0.030285,-0.080693
2015-11-30,114.0200,2.231943,3.789717,1,-0.032745,-0.083025
2015-12-01,115.1600,2.254258,3.827608,1,-0.023074,-0.073857
2015-12-02,114.4500,2.240360,3.804009,1,-0.029097,-0.079567
2015-12-03,112.5100,2.202384,3.739529,1,-0.045555,-0.095169
2015-12-04,115.1400,2.253867,3.826943,1,-0.023244,-0.074018
2015-12-07,114.6200,2.243688,3.809660,1,-0.027655,-0.078200
2015-12-08,114.6300,2.243883,3.809992,1,-0.027570,-0.078120
2015-12-09,112.8900,2.209823,3.752159,1,-0.042331,-0.092113
2015-12-10,113.4000,2.219806,3.769110,1,-0.038005,-0.088012
2015-12-11,110.7900,2.168715,3.682361,1,-0.060146,-0.109002
2015-12-14,111.6300,2.185158,3.710280,1,-0.053020,-0.102246
2015-12-15,112.3100,2.198469,3.732881,1,-0.047251,-0.096778
2015-12-16,113.9800,2.231160,3.788388,1,-0.033084,-0.083347
2015-12-17,112.3200,2.198665,3.733214,1,-0.047167,-0.096697
2015-12-18,109.8300,2.149923,3.650453,1,-0.068290,-0.116722
2015-12-21,111.0500,2.173805,3.691002,1,-0.057940,-0.106911
2015-12-22,111.7800,2.188095,3.715266,1,-0.051748,-0.101040
2015-12-23,112.6100,2.204342,3.742853,1,-0.044706,-0.094365
2015-12-24,112.5900,2.203950,3.742188,1,-0.044876,-0.094526
2015-12-28,112.5300,2.202776,3.740194,1,-0.045385,-0.095008
2015-12-29,114.3000,2.237424,3.799024,1,-0.030370,-0.080774
2015-12-30,113.2700,2.217261,3.764789,1,-0.039108,-0.089057
2015-12-31,111.8600,2.189661,3.717925,1,-0.051069,-0.100397
2016-01-04,109.5000,2.143464,3.639485,1,-0.071089,-0.119376
2016-01-05,109.3100,2.139744,3.633169,1,-0.072701,-0.120904
2016-01-06,108.2600,2.119191,3.598270,1,-0.081608,-0.129349
2016-01-07,104.8700,2.052831,3.485596,1,-0.110366,-0.156612
2016-01-08,104.0100,2.035997,3.457012,1,-0.117662,-0.163528
2016-01-11,104.3300,2.042261,3.467648,1,-0.114947,-0.160955
2016-01-12,105.5400,2.065947,3.507865,1,-0.104683,-0.151223
2016-01-13,101.9000,1.994693,3.386881,1,-0.135562,-0.180497
2016-01-14,104.0700,2.037171,3.459006,1,-0.117153,-0.163046
2016-01-15,100.8400,1.973944,3.351649,1,-0.144554,-0.189022
2016-01-19,101.0600,1.978250,3.358962,1,-0.142687,-0.187253
2016-01-20,100.7500,1.972182,3.348658,1,-0.145317,-0.189746
2016-01-21,100.8500,1.974140,3.351982,1,-0.144469,-0.188942
2016-01-22,103.7700,2.031299,3.449035,1,-0.119698,-0.165458
2016-01-25,102.2300,2.001153,3.397849,1,-0.132762,-0.177843
2016-01-26,103.1500,2.019162,3.428428,1,-0.124958,-0.170444
2016-01-27,100.5800,1.968854,3.343008,1,-0.146759,-0.191113
2016-01-28,102.0000,1.996651,3.390205,1,-0.134713,-0.179693
2016-01-29,104.1300,2.038346,3.461000,1,-0.116644,-0.162563
2016-02-01,104.4100,2.043827,3.470307,1,-0.114269,-0.160311
2016-02-02,102.1500,1.999587,3.395190,1,-0.133441,-0.178487
2016-02-03,101.6600,1.989995,3.378904,1,-0.137598,-0.182427
2016-02-04,101.6500,1.989800,3.378572,1,-0.137682,-0.182508
2016-02-05,98.1200,1.920700,3.377408,0,-0.167628,-0.182789
2016-02-08,96.6200,1.891337,3.377934,0,-0.180353,-0.182662
2016-02-09,96.3200,1.885465,3.378460,0,-0.182898,-0.182535
2016-02-10,96.6900,1.892708,3.378985,0,-0.179759,-0.182408
2016-02-11,96.5500,1.889967,3.379511,0,-0.180947,-0.182280
2016-02-12,98.0200,1.918742,3.380037,0,-0.168476,-0.182153
2016-02-16,100.2300,1.962003,3.380563,0,-0.149729,-0.182026
2016-02-17,102.5000,2.006439,3.381090,0,-0.130472,-0.181898
2016-02-18,101.3300,1.983536,3.381616,0,-0.140397,-0.181771
2016-02-19,101.6300,1.989408,3.382142,0,-0.137852,-0.181644
2016-02-22,103.2800,2.021707,3.382669,0,-0.123855,-0.181516
2016-02-23,101.5800,1.988429,3.383195,0,-0.138276,-0.181389
2016-02-24,102.5500,2.007417,3.383722,0,-0.130048,-0.181262
2016-02-25,103.5600,2.027188,3.384248,0,-0.121479,-0.181134
2016-02-26,103.4300,2.024643,3.384775,0,-0.122582,-0.181007
2016-02-29,102.5000,2.006439,3.385302,0,-0.130472,-0.180879
2016-03-01,105.7900,2.070840,3.385829,0,-0.102562,-0.180752
2016-03-02,105.8300,2.071623,3.386356,0,-0.102223,-0.180624
2016-03-03,105.6300,2.067708,3.386883,0,-0.103919,-0.180497
2016-03-04,105.6700,2.068491,3.387410,0,-0.103580,-0.180369
2016-03-07,105.0200,2.055768,3.387937,0,-0.109094,-0.180242
2016-03-08,104.1500,2.038737,3.388465,0,-0.116474,-0.180114
2016-03-09,104.8200,2.051853,3.388992,0,-0.110791,-0.179986
2016-03-10,104.6600,2.048721,3.389520,0,-0.112148,-0.179859
2016-03-11,106.4900,2.084543,3.390047,0,-0.096624,-0.179731
2016-03-14,106.6700,2.088066,3.390575,0,-0.095097,-0.179603
2016-03-15,106.6300,2.087283,3.391103,0,-0.095436,-0.179476
2016-03-16,107.5800,2.105880,3.391631,0,-0.087377,-0.179348
2016-03-17,107.5200,2.104705,3.392158,0,-0.087886,-0.179220
2016-03-18,107.3700,2.101769,3.392686,0,-0.089158,-0.179092
2016-03-21,107.7900,2.109990,3.393214,0,-0.085596,-0.178965
2016-03-22,108.1200,2.116450,3.393743,0,-0.082796,-0.178837
2016-03-23,107.2300,2.099028,3.394271,0,-0.090346,-0.178709
2016-03-24,107.2600,2.099616,3.394799,0,-0.090092,-0.178581
2016-03-28,107.1100,2.096679,3.395328,0,-0.091364,-0.178453
2016-03-29,108.8300,2.130348,3.395856,0,-0.076773,-0.178326
2016-03-30,109.3600,2.140723,3.396385,0,-0.072277,-0.178198
2016-03-31,109.2000,2.137591,3.396913,0,-0.073634,-0.178070
2016-04-01,110.3600,2.160298,3.397442,0,-0.063794,-0.177942
2016-04-04,109.9400,2.152077,3.397971,0,-0.067357,-0.177814
2016-04-05,108.8800,2.131327,3.398500,0,-0.076349,-0.177686
2016-04-06,110.6700,2.166366,3.399029,0,-0.061164,-0.177558
2016-04-07,109.0800,2.135242,3.399558,0,-0.074652,-0.177430
2016-04-08,109.0000,2.133676,3.400087,0,-0.075331,-0.177302
2016-04-11,108.6000,2.125846,3.400616,0,-0.078724,-0.177174
2016-04-12,109.5100,2.143659,3.401145,0,-0.071004,-0.177046
2016-04-13,110.9100,2.171064,3.401675,0,-0.059128,-0.176918
2016-04-14,110.9200,2.171260,3.402204,0,-0.059043,-0.176789
2016-04-15,110.6400,2.165779,3.402734,0,-0.061418,-0.176661
2016-04-18,111.2300,2.177328,3.403263,0,-0.056413,-0.176533
2016-04-19,110.5500,2.164017,3.403793,0,-0.062182,-0.176405
2016-04-20,110.6400,2.165779,3.404323,0,-0.061418,-0.176277
2016-04-21,110.6500,2.165975,3.404853,0,-0.061334,-0.176149
2016-04-22,108.9800,2.133285,3.405383,0,-0.075501,-0.176020
2016-04-25,108.9800,2.133285,3.405913,0,-0.075501,-0.175892
2016-04-26,108.4500,2.122910,3.406443,0,-0.079997,-0.175764
2016-04-27,107.5800,2.105880,3.406973,0,-0.087377,-0.175636
2016-04-28,106.2800,2.080432,3.407504,0,-0.098405,-0.175507
2016-04-29,105.7200,2.069470,3.408034,0,-0.103156,-0.175379
2016-05-02,106.7200,2.089045,3.408564,0,-0.094673,-0.175251
2016-05-03,105.7300,2.069666,3.409095,0,-0.103071,-0.175122
2016-05-04,105.0500,2.056355,3.409626,0,-0.108839,-0.174994
2016-05-05,105.0200,2.055768,3.410156,0,-0.109094,-0.174865
2016-05-06,105.5800,2.066730,3.410687,0,-0.104343,-0.174737
2016-05-09,105.8800,2.072602,3.411218,0,-0.101798,-0.174609
2016-05-10,107.3300,2.100986,3.456205,1,-0.089498,-0.163723
2016-05-11,106.3600,2.081998,3.424969,1,-0.097727,-0.171281
2016-05-12,105.8900,2.072798,3.409834,1,-0.101714,-0.174943
2016-05-13,105.5000,2.065164,3.397276,1,-0.105022,-0.177982
2016-05-16,106.8200,2.091003,3.439782,1,-0.093824,-0.167697
2016-05-17,105.4800,2.064772,3.396632,1,-0.105192,-0.178138
2016-05-18,105.8600,2.072211,3.408868,1,-0.101968,-0.175177
2016-05-19,105.3100,2.061444,3.391157,1,-0.106634,-0.179462
2016-05-20,106.4700,2.084151,3.428511,1,-0.096793,-0.170424
2016-05-23,106.3300,2.081411,3.424003,1,-0.097981,-0.171515
2016-05-24,108.4600,2.123106,3.492593,1,-0.079912,-0.154919
2016-05-25,109.2400,2.138374,3.517710,1,-0.073295,-0.148841
2016-05-26,109.5600,2.144638,3.528014,1,-0.070580,-0.146348
2016-05-27,110.1300,2.155796,3.546369,1,-0.065745,-0.141907
2016-05-31,110.3400,2.159907,3.553132,1,-0.063963,-0.140271
2016-06-01,110.3500,2.160102,3.553454,1,-0.063879,-0.140193
2016-06-02,110.5800,2.164605,3.560860,1,-0.061927,-0.138401
2016-06-03,110.0600,2.154426,3.544115,1,-0.066339,-0.142452
2016-06-06,110.4600,2.162256,3.556996,1,-0.062945,-0.139336
2016-06-07,110.1800,2.156775,3.547979,1,-0.065321,-0.141517
2016-06-08,110.3700,2.160494,3.554098,1,-0.063709,-0.140037
2016-06-09,110.1900,2.156970,3.548301,1,-0.065236,-0.141439
2016-06-10,108.9400,2.132502,3.508049,1,-0.075840,-0.151179
2016-06-13,108.0300,2.114688,3.478746,1,-0.083560,-0.158269
2016-06-14,108.0300,2.114688,3.478746,1,-0.083560,-0.158269
2016-06-15,107.7200,2.108620,3.468763,1,-0.086189,-0.160685
2016-06-16,108.0400,2.114884,3.479068,1,-0.083475,-0.158191
2016-06-17,106.4900,2.084543,3.429155,1,-0.096624,-0.170268
2016-06-20,107.1600,2.097658,3.450730,1,-0.090940,-0.165048
2016-06-21,107.5000,2.104314,3.461679,1,-0.088056,-0.162399
2016-06-22,107.2400,2.099224,3.453307,1,-0.090261,-0.164425
2016-06-23,108.7700,2.129174,3.502575,1,-0.077282,-0.152503
2016-06-24,104.2900,2.041478,3.358312,1,-0.115287,-0.187410
2016-06-27,102.2200,2.000958,3.291654,1,-0.132847,-0.203539
2016-06-28,104.4600,2.044806,3.363786,1,-0.113845,-0.186085
2016-06-29,106.3100,2.081019,3.362627,0,-0.098151,-0.186366
2016-06-30,107.5400,2.105097,3.363151,0,-0.087716,-0.186239
2016-07-01,108.0800,2.115667,3.363674,0,-0.083135,-0.186112
2016-07-05,107.4200,2.102748,3.364198,0,-0.088734,-0.185986
2016-07-06,108.3000,2.119974,3.364721,0,-0.081269,-0.185859
2016-07-07,108.6200,2.126238,3.365245,0,-0.078554,-0.185732
2016-07-08,110.3000,2.159124,3.365769,0,-0.064303,-0.185606
2016-07-11,110.9300,2.171456,3.366293,0,-0.058958,-0.185479
2016-07-12,111.4900,2.182418,3.366817,0,-0.054208,-0.185352
2016-07-13,111.2200,2.177133,3.367341,0,-0.056498,-0.185225
2016-07-14,111.9800,2.192010,3.367865,0,-0.050051,-0.185098
2016-07-15,111.8000,2.188486,3.368389,0,-0.051578,-0.184972
2016-07-18,112.5400,2.202972,3.388989,1,-0.045300,-0.179987
2016-07-19,112.1300,2.194946,3.376642,1,-0.048778,-0.182975
2016-07-20,113.4400,2.220589,3.416091,1,-0.037665,-0.173429
2016-07-21,113.1800,2.215500,3.408262,1,-0.039871,-0.175324
2016-07-22,113.6500,2.224700,3.422415,1,-0.035884,-0.171899
2016-07-25,113.6600,2.224896,3.422716,1,-0.035799,-0.171826
2016-07-26,113.7900,2.227440,3.426631,1,-0.034696,-0.170879
2016-07-27,114.5800,2.242905,3.450421,1,-0.027995,-0.165123
2016-07-28,114.9800,2.250735,3.462466,1,-0.024601,-0.162208
2016-07-29,115.2300,2.255628,3.469995,1,-0.022480,-0.160387
2016-08-01,115.8400,2.267569,3.488364,1,-0.017306,-0.155942
2016-08-02,114.9600,2.250343,3.461864,1,-0.024771,-0.162354
2016-08-03,115.3400,2.257782,3.473307,1,-0.021547,-0.159585
2016-08-04,115.6700,2.264241,3.483245,1,-0.018748,-0.157181
2016-08-05,116.7800,2.285970,3.516671,1,-0.009332,-0.149093
2016-08-08,116.6500,2.283425,3.512756,1,-0.010434,-0.150040
2016-08-09,116.9200,2.288710,3.520887,1,-0.008144,-0.148073
2016-08-10,116.6200,2.282838,3.511853,1,-0.010689,-0.150259
2016-08-11,117.1200,2.292625,3.526909,1,-0.006447,-0.146615
2016-08-12,117.2000,2.294191,3.529319,1,-0.005769,-0.146032
2016-08-15,117.7000,2.303979,3.544375,1,-0.001527,-0.142389
2016-08-16,117.0500,2.291255,3.524802,1,-0.007041,-0.147125
2016-08-17,117.2600,2.295366,3.531125,1,-0.005260,-0.145595
2016-08-18,117.2900,2.295953,3.532029,1,-0.005005,-0.145377
2016-08-19,117.2600,2.295366,3.531125,1,-0.005260,-0.145595
2016-08-22,117.3500,2.297127,3.533836,1,-0.004496,-0.144939
2016-08-23,117.5600,2.301238,3.540159,1,-0.002715,-0.143409
2016-08-24,116.8000,2.286361,3.517273,1,-0.009162,-0.148947
2016-08-25,116.6100,2.282642,3.511552,1,-0.010774,-0.150331
2016-08-26,116.7800,2.285970,3.516671,1,-0.009332,-0.149093
2016-08-29,116.9400,2.289102,3.521489,1,-0.007974,-0.147927
2016-08-30,116.5600,2.281663,3.510046,1,-0.011198,-0.150696
2016-08-31,116.4400,2.279314,3.506432,1,-0.012216,-0.151570
2016-09-01,116.7400,2.285187,3.515466,1,-0.009671,-0.149384
2016-09-02,117.1200,2.292625,3.526909,1,-0.006447,-0.146615
2016-09-06,117.8500,2.306915,3.548892,1,-0.000254,-0.141296
2016-09-07,117.9200,2.308285,3.551000,1,0.000000,-0.140786
2016-09-08,117.2300,2.294778,3.530222,1,-0.005851,-0.145814
2016-09-09,114.2800,2.237032,3.441387,1,-0.030868,-0.167309
2016-09-12,116.3300,2.277161,3.503120,1,-0.013484,-0.152372
2016-09-13,115.2900,2.256803,3.471802,1,-0.022303,-0.159949
2016-09-14,115.8400,2.267569,3.488364,1,-0.017639,-0.155942
2016-09-15,117.6400,2.302804,3.542569,1,-0.002374,-0.142826
2016-09-16,117.2900,2.295953,3.532029,1,-0.005343,-0.145377
2016-09-19,116.7800,2.285970,3.516671,1,-0.009668,-0.149093
2016-09-20,117.0000,2.290276,3.523296,1,-0.007802,-0.147490
2016-09-21,118.1500,2.312787,3.557927,1,0.000000,-0.139110
2016-09-22,119.0900,2.331188,3.586233,1,0.000000,-0.132261
2016-09-23,118.3300,2.316311,3.563347,1,-0.006382,-0.137799
2016-09-26,117.3400,2.296932,3.533534,1,-0.014695,-0.145012
2016-09-27,118.5000,2.319639,3.568466,1,-0.004954,-0.136560
2016-09-28,118.7000,2.323554,3.574489,1,-0.003275,-0.135103
2016-09-29,117.8400,2.306719,3.548591,1,-0.010496,-0.141369
2016-09-30,118.7200,2.323945,3.575091,1,-0.003107,-0.134957
2016-10-03,118.5500,2.320617,3.569972,1,-0.004534,-0.136196
2016-10-04,118.3700,2.317094,3.564552,1,-0.006046,-0.137507
2016-10-05,118.7900,2.325315,3.577199,1,-0.002519,-0.134447
2016-10-06,118.7300,2.324141,3.575392,1,-0.003023,-0.134884
2016-10-07,118.4700,2.319051,3.567563,1,-0.005206,-0.136779
2016-10-10,119.2200,2.333733,3.590148,1,0.000000,-0.131314
2016-10-11,117.5200,2.300455,3.538955,1,-0.014259,-0.143701
2016-10-12,117.4200,2.298498,3.535944,1,-0.015098,-0.144429
2016-10-13,117.0000,2.290276,3.523296,1,-0.018621,-0.147490
2016-10-14,117.1400,2.293017,3.527512,1,-0.017447,-0.146470
2016-10-17,116.8200,2.286753,3.517875,1,-0.020131,-0.148801
2016-10-18,117.8600,2.307111,3.549194,1,-0.011407,-0.141223
2016-10-19,117.8500,2.306915,3.548892,1,-0.011491,-0.141296
2016-10-20,117.7100,2.304174,3.544677,1,-0.012666,-0.142316
2016-10-21,118.1500,2.312787,3.557927,1,-0.008975,-0.139110
2016-10-24,119.5700,2.340584,3.600688,1,0.000000,-0.128764
2016-10-25,119.1900,2.333145,3.589245,1,-0.003178,-0.131532
2016-10-26,118.3800,2.317290,3.564853,1,-0.009952,-0.137434
2016-10-27,117.8400,2.306719,3.548591,1,-0.014469,-0.141369
2016-10-28,117.1000,2.292234,3.526307,1,-0.020657,-0.146761
2016-10-31,116.9900,2.290080,3.522995,1,-0.021577,-0.147563
2016-11-01,116.1100,2.272854,3.496495,1,-0.028937,-0.153975
2016-11-02,115.1800,2.254650,3.468489,1,-0.036715,-0.160751
2016-11-03,114.0500,2.232530,3.434461,1,-0.046165,-0.168985
2016-11-04,113.6500,2.224700,3.422415,1,-0.049511,-0.171899
2016-11-07,116.3500,2.277552,3.503722,1,-0.026930,-0.152226
2016-11-08,117.1100,2.292429,3.526608,1,-0.020574,-0.146688
2016-11-09,117.6500,2.303000,3.542870,1,-0.016058,-0.142754
2016-11-10,115.7500,2.265807,3.485654,1,-0.031948,-0.156598
2016-11-11,115.8000,2.266786,3.487159,1,-0.031530,-0.156233
2016-11-14,114.6300,2.243883,3.451927,1,-0.041315,-0.164759
2016-11-15,116.2200,2.275008,3.499807,1,-0.028017,-0.153173
2016-11-16,116.9100,2.288514,3.520586,1,-0.022246,-0.148145
2016-11-17,117.7600,2.305153,3.546182,1,-0.015138,-0.141952
2016-11-18,117.3200,2.296540,3.532932,1,-0.018817,-0.145158
2016-11-21,118.5400,2.320422,3.569671,1,-0.008614,-0.136269
2016-11-22,118.9000,2.327469,3.580512,1,-0.005603,-0.133646
2016-11-23,118.4200,2.318073,3.566057,1,-0.009618,-0.137143
2016-11-25,118.8000,2.325511,3.577500,1,-0.006440,-0.134374
2016-11-28,118.5300,2.320226,3.569370,1,-0.008698,-0.136341
2016-11-29,118.9400,2.328252,3.581716,1,-0.005269,-0.133354
2016-11-30,117.5000,2.300064,3.538353,1,-0.017312,-0.143847
2016-12-01,115.4700,2.260326,3.477222,1,-0.034290,-0.158638
2016-12-02,115.7000,2.264829,3.484148,1,-0.032366,-0.156962
2016-12-05,116.6000,2.282446,3.511250,1,-0.024839,-0.150404
2016-12-06,116.8800,2.287927,3.519682,1,-0.022497,-0.148364
2016-12-07,118.3600,2.316898,3.564250,1,-0.010120,-0.137580
2016-12-08,118.5700,2.321009,3.570574,1,-0.008363,-0.136050
2016-12-09,119.5000,2.339214,3.598580,1,-0.000585,-0.129274
2016-12-12,118.9600,2.328643,3.582319,1,-0.005102,-0.133208
2016-12-13,120.4600,2.358006,3.627489,1,0.000000,-0.122279
2016-12-14,120.2100,2.353112,3.619961,1,-0.002075,-0.124100
2016-12-15,120.4000,2.356831,3.625682,1,-0.000498,-0.122716
2016-12-16,119.6000,2.341171,3.601591,1,-0.007139,-0.128545
2016-12-19,120.0900,2.350763,3.616347,1,-0.003072,-0.124975
2016-12-20,120.5500,2.359767,3.630199,1,0.000000,-0.121623
2016-12-21,120.4600,2.358006,3.627489,1,-0.000747,-0.122279
2016-12-22,120.1200,2.351350,3.617250,1,-0.003567,-0.124756
2016-12-23,120.2000,2.352916,3.619660,1,-0.002903,-0.124173
2016-12-27,120.8200,2.365053,3.638330,1,0.000000,-0.119656
2016-12-28,119.8800,2.346652,3.610023,1,-0.007780,-0.126505
2016-12-29,119.7100,2.343324,3.604904,1,-0.009187,-0.127744
2016-12-30,118.4800,2.319247,3.567864,1,-0.019368,-0.136706
2017-01-03,119.5400,2.339997,3.599785,1,-0.010594,-0.128982
2017-01-04,120.1900,2.352720,3.619358,1,-0.005214,-0.124246
2017-01-05,120.8700,2.366031,3.639836,1,0.000000,-0.119291
2017-01-06,121.9300,2.386781,3.671756,1,0.000000,-0.111568
2017-01-09,122.3300,2.394611,3.683802,1,0.000000,-0.108653
2017-01-10,122.6000,2.399896,3.691932,1,0.000000,-0.106686
2017-01-11,122.9300,2.406356,3.701870,1,0.000000,-0.104281
2017-01-12,122.7400,2.402637,3.696148,1,-0.001546,-0.105666
2017-01-13,123.1600,2.410858,3.708796,1,0.000000,-0.102605
2017-01-17,122.7900,2.403615,3.697654,1,-0.003004,-0.105301
2017-01-18,123.0400,2.408509,3.705182,1,-0.000974,-0.103480
2017-01-19,122.9800,2.407335,3.703375,1,-0.001462,-0.103917
2017-01-20,123.2500,2.412620,3.711506,1,0.000000,-0.101950
2017-01-23,123.3500,2.414577,3.714517,1,0.000000,-0.101221
2017-01-24,124.1800,2.430825,3.739512,1,0.000000,-0.095173
2017-01-25,125.4300,2.455293,3.777154,1,0.000000,-0.086065
2017-01-26,125.5600,2.457838,3.781069,1,0.000000,-0.085118
2017-01-27,125.8000,2.462536,3.788296,1,0.000000,-0.083369
2017-01-30,124.8200,2.443353,3.758785,1,-0.007790,-0.090510
2017-01-31,124.5700,2.438459,3.751256,1,-0.009777,-0.092332
2017-02-01,125.4300,2.455293,3.777154,1,-0.002941,-0.086065
2017-02-02,125.3200,2.453140,3.773841,1,-0.003816,-0.086867
2017-02-03,125.6800,2.460187,3.784682,1,-0.000954,-0.084244
2017-02-06,125.8300,2.463123,3.789199,1,0.000000,-0.083151
2017-02-07,126.2900,2.472128,3.803052,1,0.000000,-0.079799
2017-02-08,126.5000,2.476239,3.809375,1,0.000000,-0.078269
2017-02-09,126.9600,2.485243,3.823228,1,0.000000,-0.074917
2017-02-10,127.3800,2.493465,3.835875,1,0.000000,-0.071857
2017-02-13,128.1000,2.507559,3.857557,1,0.000000,-0.066611
2017-02-14,128.5300,2.515976,3.870506,1,0.000000,-0.063477
2017-02-15,129.2900,2.530853,3.893392,1,0.000000,-0.057940
2017-02-16,129.2500,2.530070,3.892188,1,-0.000309,-0.058231
2017-02-17,129.8100,2.541032,3.909052,1,0.000000,-0.054151
2017-02-21,130.4500,2.553560,3.928324,1,0.000000,-0.049487
2017-02-22,130.5000,2.554539,3.929830,1,0.000000,-0.049123
2017-02-23,130.0100,2.544947,3.915074,1,-0.003755,-0.052693
2017-02-24,130.2600,2.549841,3.922603,1,-0.001839,-0.050872
2017-02-27,130.4200,2.552973,3.927421,1,-0.000613,-0.049706
2017-02-28,130.0200,2.545143,3.915375,1,-0.003678,-0.052621
2017-03-01,131.4400,2.572939,3.958137,1,0.000000,-0.042274
2017-03-02,130.7800,2.560020,3.938262,1,-0.005021,-0.047083
2017-03-03,131.0200,2.564718,3.945489,1,-0.003195,-0.045334
2017-03-06,130.7300,2.559041,3.936756,1,-0.005402,-0.047447
2017-03-07,130.5100,2.554735,3.930131,1,-0.007075,-0.049050
2017-03-08,130.7400,2.559237,3.937057,1,-0.005326,-0.047374
2017-03-09,130.8400,2.561194,3.940069,1,-0.004565,-0.046646
2017-03-10,131.3900,2.571961,3.956631,1,-0.000380,-0.042638
2017-03-13,131.6100,2.576267,3.963256,1,0.000000,-0.041035
2017-03-14,131.2900,2.570003,3.953620,1,-0.002431,-0.043367
2017-03-15,132.1000,2.585859,3.978012,1,0.000000,-0.037465
2017-03-16,132.0100,2.584097,3.975302,1,-0.000681,-0.038121
2017-03-17,131.6900,2.577833,3.965665,1,-0.003104,-0.040452
2017-03-20,131.8100,2.580182,3.969279,1,-0.002195,-0.039578
2017-03-21,129.8100,2.541032,3.909052,1,-0.017335,-0.054151
2017-03-22,130.6900,2.558258,3.935552,1,-0.010674,-0.047739
2017-03-23,130.3600,2.551798,3.925614,1,-0.013172,-0.050143
2017-03-24,130.6300,2.557084,3.933745,1,-0.011128,-0.048176
2017-03-27,130.8400,2.561194,3.940069,1,-0.009538,-0.046646
2017-03-28,131.6400,2.576854,3.964160,1,-0.003482,-0.040817
2017-03-29,132.2500,2.588795,3.982529,1,0.000000,-0.036372
2017-03-30,132.4700,2.593102,3.989154,1,0.000000,-0.034769
2017-03-31,132.3800,2.591340,3.986444,1,-0.000679,-0.035425
2017-04-03,132.3000,2.589774,3.984035,1,-0.001283,-0.036008
2017-04-04,132.5100,2.593885,3.990358,1,0.000000,-0.034477
2017-04-05,131.9700,2.583314,3.974097,1,-0.004075,-0.038412
2017-04-06,132.0400,2.584684,3.976205,1,-0.003547,-0.037902
2017-04-07,131.9700,2.583314,3.974097,1,-0.004075,-0.038412
2017-04-10,132.0200,2.584293,3.975603,1,-0.003698,-0.038048
2017-04-11,131.4500,2.573135,3.958438,1,-0.007999,-0.042201
2017-04-12,130.9200,2.562760,3.942478,1,-0.011999,-0.046063
2017-04-13,130.4000,2.552581,3.926819,1,-0.015923,-0.049852
2017-04-17,131.4800,2.573722,3.959341,1,-0.007773,-0.041982
2017-04-18,131.2800,2.569807,3.953319,1,-0.009282,-0.043440
2017-04-19,131.4900,2.573918,3.959642,1,-0.007698,-0.041910
2017-04-20,132.5900,2.595451,3.992768,1,0.000000,-0.033895
2017-04-21,132.5600,2.594863,3.991864,1,-0.000226,-0.034113
2017-04-24,134.1600,2.626183,4.040046,1,0.000000,-0.022455
2017-04-25,135.1300,2.645171,4.069256,1,0.000000,-0.015387
2017-04-26,134.9400,2.641452,4.063535,1,-0.001406,-0.016771
2017-04-27,135.7500,2.657308,4.087927,1,0.000000,-0.010869
2017-04-28,135.9900,2.662006,4.095154,1,0.000000,-0.009121
2017-05-01,137.2000,2.685691,4.131591,1,0.000000,-0.000304
2017-05-02,137.4300,2.690194,4.138518,1,0.000000,0.000000
2017-05-03,136.9900,2.681581,4.125268,1,-0.003202,-0.003202
2017-05-04,137.0400,2.682559,4.126773,1,-0.002838,-0.002838
2017-05-05,137.5400,2.692347,4.141830,1,0.000000,0.000000
2017-05-08,137.8400,2.698219,4.150864,1,0.000000,0.000000
2017-05-09,138.3200,2.707615,4.165319,1,0.000000,0.000000
2017-05-10,138.4000,2.709181,4.167728,1,0.000000,0.000000
2017-05-11,138.2900,2.707028,4.164415,1,-0.000795,-0.000795
2017-05-12,138.6000,2.713096,4.173750,1,0.000000,0.000000
2017-05-15,139.0400,2.721709,4.187000,1,0.000000,0.000000
2017-05-16,139.6200,2.733063,4.204466,1,0.000000,0.000000
2017-05-17,136.0700,2.663572,4.097563,1,-0.025426,-0.025426
2017-05-18,137.2600,2.686866,4.133398,1,-0.016903,-0.016903
2017-05-19,137.8400,2.698219,4.150864,1,-0.012749,-0.012749
2017-05-22,139.0000,2.720926,4.185796,1,-0.004441,-0.004441
2017-05-23,139.1400,2.723667,4.190012,1,-0.003438,-0.003438
2017-05-24,139.7800,2.736195,4.209285,1,0.000000,0.000000
2017-05-25,140.9700,2.759489,4.245120,1,0.000000,0.000000
2017-05-26,141.2200,2.764383,4.252648,1,0.000000,0.000000
2017-05-30,141.3400,2.766732,4.256262,1,0.000000,0.000000
2017-05-31,141.2900,2.765753,4.254756,1,-0.000354,-0.000354
2017-06-01,141.8400,2.776519,4.271319,1,0.000000,0.000000
2017-06-02,143.4600,2.808231,4.320103,1,0.000000,0.000000
2017-06-05,143.4300,2.807644,4.319199,1,-0.000209,-0.000209
2017-06-06,142.8600,2.796486,4.302035,1,-0.004182,-0.004182
2017-06-07,143.4200,2.807448,4.318898,1,-0.000279,-0.000279
2017-06-08,143.5700,2.810384,4.323415,1,0.000000,0.000000
2017-06-09,139.9800,2.740110,4.215307,1,-0.025005,-0.025005
2017-06-12,139.2300,2.725429,4.192722,1,-0.030229,-0.030229
2017-06-13,140.3600,2.747548,4.226750,1,-0.022358,-0.022358
2017-06-14,139.7500,2.735608,4.208381,1,-0.026607,-0.026607
2017-06-15,139.1300,2.723471,4.189711,1,-0.030926,-0.030926
2017-06-16,138.1500,2.704288,4.160199,1,-0.037752,-0.037752
2017-06-19,140.4600,2.749506,4.229762,1,-0.021662,-0.021662
2017-06-20,139.3600,2.727973,4.196637,1,-0.029324,-0.029324
2017-06-21,140.7400,2.754987,4.238194,1,-0.019712,-0.019712
2017-06-22,140.7000,2.754204,4.236989,1,-0.019990,-0.019990
2017-06-23,141.2400,2.764774,4.253250,1,-0.016229,-0.016229
2017-06-26,140.5800,2.751855,4.233375,1,-0.020826,-0.020826
2017-06-27,138.0300,2.701939,4.156586,1,-0.038587,-0.038587
2017-06-28,140.0200,2.740893,4.216512,1,-0.024727,-0.024727
2017-06-29,137.5900,2.693326,4.143336,1,-0.041652,-0.041652
2017-06-30,137.6400,2.694304,4.144841,1,-0.041304,-0.041304
2017-07-03,136.1900,2.665921,4.101177,1,-0.051403,-0.051403
2017-07-05,137.5300,2.692151,4.141529,1,-0.042070,-0.042070
2017-07-06,136.2900,2.667878,4.104188,1,-0.050707,-0.050707
2017-07-07,137.7600,2.696653,4.148455,1,-0.040468,-0.040468
2017-07-10,138.6600,2.714271,4.175557,1,-0.034199,-0.034199
2017-07-11,139.0500,2.721905,4.187302,1,-0.031483,-0.031483
2017-07-12,140.7000,2.754204,4.236989,1,-0.019990,-0.019990
2017-07-13,141.0100,2.760272,4.246324,1,-0.017831,-0.017831
2017-07-14,142.1200,2.782000,4.279750,1,-0.010100,-0.010100
2017-07-17,142.1900,2.783371,4.281858,1,-0.009612,-0.009612
2017-07-18,143.1400,2.801967,4.310466,1,-0.002995,-0.002995
2017-07-19,143.9800,2.818410,4.335762,1,0.000000,0.000000
2017-07-20,144.1700,2.822129,4.341483,1,0.000000,0.000000
2017-07-21,144.1100,2.820955,4.339677,1,-0.000416,-0.000416
2017-07-24,144.7700,2.833874,4.359552,1,0.000000,0.000000
2017-07-25,144.4000,2.826631,4.348410,1,-0.002556,-0.002556
2017-07-26,144.8700,2.835832,4.362563,1,0.000000,0.000000
2017-07-27,143.9600,2.818018,4.335160,1,-0.006281,-0.006281
2017-07-28,143.8400,2.815669,4.331546,1,-0.007110,-0.007110
2017-07-31,143.2300,2.803729,4.313177,1,-0.011320,-0.011320
2017-08-01,143.5600,2.810188,4.323114,1,-0.009043,-0.009043
2017-08-02,143.9500,2.817823,4.334858,1,-0.006351,-0.006351
2017-08-03,143.3900,2.806861,4.317995,1,-0.010216,-0.010216
2017-08-04,143.6500,2.811950,4.325824,1,-0.008421,-0.008421
2017-08-07,144.5600,2.829763,4.353228,1,-0.002140,-0.002140
2017-08-08,144.3100,2.824870,4.345699,1,-0.003866,-0.003866
2017-08-09,144.1200,2.821150,4.339978,1,-0.005177,-0.005177
2017-08-10,141.0300,2.760664,4.246927,1,-0.026507,-0.026507
2017-08-11,142.1000,2.781609,4.279148,1,-0.019121,-0.019121
2017-08-14,143.9300,2.817431,4.334256,1,-0.006489,-0.006489
2017-08-15,144.0300,2.819389,4.337268,1,-0.005798,-0.005798
2017-08-16,144.2800,2.824282,4.344796,1,-0.004073,-0.004073
2017-08-17,141.3300,2.766536,4.255961,1,-0.024436,-0.024436
2017-08-18,141.2300,2.764579,4.252949,1,-0.025126,-0.025126
2017-08-21,141.0500,2.761055,4.247529,1,-0.026368,-0.026368
2017-08-22,143.2000,2.803141,4.312273,1,-0.011528,-0.011528
2017-08-23,142.6900,2.793158,4.296915,1,-0.015048,-0.015048
2017-08-24,142.2700,2.784937,4.284268,1,-0.017947,-0.017947
2017-08-25,141.9700,2.779064,4.275233,1,-0.020018,-0.020018
2017-08-28,142.4100,2.787677,4.288483,1,-0.016981,-0.016981
2017-08-29,142.9700,2.798639,4.305347,1,-0.013115,-0.013115
2017-08-30,144.6500,2.831525,4.355938,1,-0.001519,-0.001519
2017-08-31,146.2000,2.861866,4.402614,1,0.000000,0.000000
2017-09-01,146.0000,2.857951,4.396591,1,-0.001368,-0.001368
2017-09-05,144.6900,2.832308,4.357143,1,-0.010328,-0.010328
2017-09-06,145.1300,2.840921,4.370393,1,-0.007319,-0.007319
2017-09-07,145.4700,2.847577,4.380631,1,-0.004993,-0.004993
2017-09-08,144.2100,2.822912,4.342688,1,-0.013611,-0.013611
2017-09-11,145.8700,2.855407,4.392677,1,-0.002257,-0.002257
2017-09-12,146.2200,2.862258,4.403216,1,0.000000,0.000000
2017-09-13,146.4200,2.866173,4.409239,1,0.000000,0.000000
2017-09-14,145.5600,2.849338,4.383341,1,-0.005874,-0.005874
2017-09-15,146.0600,2.859126,4.398398,1,-0.002459,-0.002459
2017-09-18,145.5500,2.849143,4.383040,1,-0.005942,-0.005942
2017-09-19,145.8000,2.854036,4.390569,1,-0.004234,-0.004234
2017-09-20,145.3500,2.845228,4.377018,1,-0.007308,-0.007308
2017-09-21,144.4600,2.827806,4.350216,1,-0.013386,-0.013386
2017-09-22,144.3200,2.825065,4.346000,1,-0.014342,-0.014342
2017-09-25,142.8000,2.795311,4.300228,1,-0.024723,-0.024723
2017-09-26,143.1700,2.802554,4.311370,1,-0.022196,-0.022196
2017-09-27,144.4600,2.827806,4.350216,1,-0.013386,-0.013386
2017-09-28,144.4100,2.826827,4.348711,1,-0.013728,-0.013728
2017-09-29,145.4500,2.847185,4.380029,1,-0.006625,-0.006625
2017-10-02,145.5800,2.849730,4.383944,1,-0.005737,-0.005737
2017-10-03,145.8900,2.855798,4.393279,1,-0.003620,-0.003620
2017-10-04,146.0300,2.858539,4.397495,1,-0.002664,-0.002664
2017-10-05,147.4600,2.886531,4.440557,1,0.000000,0.000000
2017-10-06,147.6600,2.890446,4.446580,1,0.000000,0.000000
2017-10-09,147.4900,2.887118,4.441461,1,-0.001151,-0.001151
2017-10-10,147.6000,2.889271,4.444773,1,-0.000406,-0.000406
2017-10-11,148.0400,2.897884,4.458023,1,0.000000,0.000000
2017-10-12,147.7700,2.892599,4.449893,1,-0.001824,-0.001824
2017-10-13,148.3400,2.903757,4.467057,1,0.000000,0.000000
2017-10-16,148.8500,2.913740,4.482415,1,0.000000,0.000000
2017-10-17,149.0400,2.917459,4.488137,1,0.000000,0.000000
2017-10-18,148.8600,2.913936,4.482716,1,-0.001208,-0.001208
2017-10-19,148.3100,2.903170,4.466154,1,-0.004898,-0.004898
2017-10-20,148.7100,2.911000,4.478199,1,-0.002214,-0.002214
2017-10-23,147.7400,2.892012,4.448989,1,-0.008722,-0.008722
2017-10-24,147.9900,2.896906,4.456518,1,-0.007045,-0.007045
2017-10-25,147.4300,2.885944,4.439654,1,-0.010802,-0.010802
2017-10-26,146.9600,2.876743,4.425501,1,-0.013956,-0.013956
2017-10-27,151.2400,2.960524,4.554387,1,0.000000,0.000000
2017-10-30,151.5800,2.967180,4.564626,1,0.000000,0.000000
2017-10-31,152.1500,2.978338,4.581790,1,0.000000,0.000000
2017-11-01,152.1000,2.977359,4.580285,1,-0.000329,-0.000329
2017-11-02,151.8100,2.971682,4.571552,1,-0.002235,-0.002235
2017-11-03,153.2700,3.000262,4.615518,1,0.000000,0.000000
2017-11-06,153.7900,3.010441,4.631177,1,0.000000,0.000000
2017-11-07,153.8800,3.012203,4.633887,1,0.000000,0.000000
2017-11-08,154.5000,3.024339,4.652557,1,0.000000,0.000000
2017-11-09,153.6900,3.008483,4.628165,1,-0.005243,-0.005243
2017-11-10,153.6800,3.008288,4.627864,1,-0.005307,-0.005307
2017-11-13,153.8700,3.012007,4.633586,1,-0.004078,-0.004078
2017-11-14,153.3100,3.001045,4.616722,1,-0.007702,-0.007702
2017-11-15,152.5900,2.986951,4.595040,1,-0.012362,-0.012362
2017-11-16,154.5400,3.025122,4.653762,1,0.000000,0.000000
2017-11-17,153.9500,3.013573,4.635995,1,-0.003818,-0.003818
2017-11-20,153.8300,3.011224,4.632381,1,-0.004594,-0.004594
2017-11-21,155.5000,3.043914,4.682671,1,0.000000,0.000000
2017-11-22,155.6900,3.047633,4.688393,1,0.000000,0.000000
2017-11-24,156.2600,3.058791,4.705557,1,0.000000,0.000000
2017-11-27,156.1900,3.057421,4.703449,1,-0.000448,-0.000448
2017-11-28,156.5900,3.065251,4.715495,1,0.000000,0.000000
2017-11-29,153.8600,3.011811,4.633285,1,-0.017434,-0.017434
2017-11-30,155.1500,3.037063,4.672131,1,-0.009196,-0.009196
2017-12-01,154.4900,3.024143,4.652256,1,-0.013411,-0.013411
2017-12-04,152.7100,2.989300,4.598654,1,-0.024778,-0.024778
2017-12-05,152.8100,2.991257,4.601665,1,-0.024139,-0.024139
2017-12-06,153.5000,3.004764,4.622444,1,-0.019733,-0.019733
2017-12-07,154.0200,3.014943,4.638103,1,-0.016412,-0.016412
2017-12-08,154.7000,3.028254,4.658580,1,-0.012070,-0.012070
2017-12-11,155.9000,3.051744,4.694716,1,-0.004406,-0.004406
2017-12-12,155.6900,3.047633,4.688393,1,-0.005747,-0.005747
2017-12-13,155.9900,3.053506,4.697427,1,-0.003832,-0.003832
2017-12-14,155.8800,3.051353,4.694114,1,-0.004534,-0.004534
2017-12-15,157.6500,3.086000,4.747415,1,0.000000,0.000000
2017-12-18,158.6400,3.105380,4.777228,1,0.000000,0.000000
2017-12-19,157.7000,3.086979,4.748921,1,-0.005925,-0.005925
2017-12-20,157.5300,3.083651,4.743802,1,-0.006997,-0.006997
2017-12-21,157.5500,3.084043,4.744404,1,-0.006871,-0.006871
2017-12-22,157.3700,3.080519,4.738983,1,-0.008006,-0.008006
2017-12-26,156.5200,3.063881,4.713387,1,-0.013364,-0.013364
2017-12-27,156.5400,3.064272,4.713989,1,-0.013238,-0.013238
2017-12-28,156.7300,3.067991,4.719711,1,-0.012040,-0.012040
2017-12-29,155.7600,3.049004,4.690501,1,-0.018154,-0.018154
2018-01-02,158.4900,3.102443,4.772711,1,-0.000946,-0.000946
2018-01-03,160.0300,3.132589,4.819086,1,0.000000,0.000000
2018-01-04,160.3100,3.138070,4.827518,1,0.000000,0.000000
2018-01-05,161.9200,3.169586,4.876001,1,0.000000,0.000000
2018-01-08,162.5500,3.181918,4.894972,1,0.000000,0.000000
2018-01-09,162.5600,3.182114,4.895273,1,0.000000,0.000000
2018-01-10,162.1800,3.174675,4.883830,1,-0.002338,-0.002338
2018-01-11,163.2900,3.196403,4.917256,1,0.000000,0.000000
2018-01-12,164.4900,3.219893,4.953393,1,0.000000,0.000000
2018-01-16,164.0200,3.210693,4.939239,1,-0.002857,-0.002857
2018-01-17,165.7900,3.245341,4.992540,1,0.000000,0.000000
2018-01-18,165.8200,3.245928,4.993444,1,0.000000,0.000000
2018-01-19,166.3400,3.256107,5.009103,1,0.000000,0.000000
2018-01-22,168.1200,3.290951,5.062705,1,0.000000,0.000000
2018-01-23,169.5100,3.318160,5.104563,1,0.000000,0.000000
2018-01-24,168.4100,3.296627,5.071438,1,-0.006489,-0.006489
2018-01-25,168.3500,3.295453,5.069631,1,-0.006843,-0.006843
2018-01-26,170.9300,3.345956,5.147324,1,0.000000,0.000000
2018-01-29,170.1000,3.329709,5.122330,1,-0.004856,-0.004856
2018-01-30,168.7000,3.302304,5.080171,1,-0.013046,-0.013046
2018-01-31,169.4000,3.316007,5.101251,1,-0.008951,-0.008951
2018-02-01,167.9600,3.287819,5.057887,1,-0.017376,-0.017376
2018-02-02,164.6100,3.222242,4.957006,1,-0.036974,-0.036974
2018-02-05,158.1200,3.095201,4.761569,1,-0.074943,-0.074943
2018-02-06,162.3100,3.177220,4.887745,1,-0.050430,-0.050430
2018-02-07,160.2100,3.136112,4.824506,1,-0.062716,-0.062716
2018-02-08,153.4500,3.003785,4.620938,1,-0.102264,-0.102264
2018-02-09,156.1000,3.055659,4.700739,1,-0.086761,-0.086761
2018-02-12,158.8700,3.109882,4.784154,1,-0.070555,-0.070555
2018-02-13,159.6900,3.125933,4.808847,1,-0.065758,-0.065758
2018-02-14,162.6800,3.184463,4.898887,1,-0.048265,-0.048265
2018-02-15,165.7000,3.243579,4.989830,1,-0.030597,-0.030597
2018-02-16,164.9600,3.229094,4.967546,1,-0.034927,-0.034927
2018-02-20,165.2900,3.235553,4.977484,1,-0.032996,-0.032996
2018-02-21,164.8200,3.226353,4.963330,1,-0.035746,-0.035746
2018-02-22,164.8000,3.225962,4.962728,1,-0.035863,-0.035863
2018-02-23,168.1700,3.291929,5.064211,1,-0.016147,-0.016147
2018-02-26,170.4000,3.335582,5.131364,1,-0.003101,-0.003101
2018-02-27,168.2900,3.294278,5.067824,1,-0.015445,-0.015445
2018-02-28,167.2100,3.273137,5.035302,1,-0.021763,-0.021763
2018-03-01,164.4800,3.219698,4.953091,1,-0.037735,-0.037735
2018-03-02,165.9900,3.249256,4.998563,1,-0.028901,-0.028901
2018-03-05,167.8300,3.285274,5.053972,1,-0.018136,-0.018136
2018-03-06,168.5400,3.299172,5.075353,1,-0.013982,-0.013982
2018-03-07,168.9300,3.306806,5.087097,1,-0.011701,-0.011701
2018-03-08,169.8600,3.325011,5.115103,1,-0.006260,-0.006260
2018-03-09,173.1600,3.389609,5.214478,1,0.000000,0.000000
2018-03-12,174.0800,3.407618,5.242182,1,0.000000,0.000000
2018-03-13,171.7100,3.361225,5.170813,1,-0.013614,-0.013614
2018-03-14,171.6800,3.360638,5.169910,1,-0.013787,-0.013787
2018-03-15,171.5300,3.357701,5.165393,1,-0.014648,-0.014648
2018-03-16,171.0200,3.347718,5.150035,1,-0.017578,-0.017578
2018-03-19,167.1000,3.270984,5.031989,1,-0.040097,-0.040097
2018-03-20,167.6500,3.281750,5.048552,1,-0.036937,-0.036937
2018-03-21,166.9200,3.267461,5.026569,1,-0.041131,-0.041131
2018-03-22,162.8000,3.186812,4.902501,1,-0.064798,-0.064798
2018-03-23,158.5100,3.102835,4.773313,1,-0.089442,-0.089442
2018-03-26,164.4000,3.218132,4.950682,1,-0.055607,-0.055607
2018-03-27,159.0800,3.113993,4.790478,1,-0.086167,-0.086167
2018-03-28,157.2500,3.078170,4.735370,1,-0.096680,-0.096680
2018-03-29,160.1300,3.134546,4.822097,1,-0.080136,-0.080136
2018-04-02,155.5100,3.044110,4.682972,1,-0.106675,-0.106675
2018-04-03,157.2600,3.078366,4.735671,1,-0.096622,-0.096622
2018-04-04,159.7400,3.126912,4.810353,1,-0.082376,-0.082376
2018-04-05,160.6500,3.144725,4.837756,1,-0.077148,-0.077148
2018-04-06,156.6300,3.066034,4.716699,1,-0.100241,-0.100241
2018-04-09,157.7300,3.087566,4.749824,1,-0.093922,-0.093922
2018-04-10,161.2100,3.155687,4.854620,1,-0.073932,-0.073932
2018-04-11,160.2800,3.137483,4.826614,1,-0.079274,-0.079274
2018-04-12,162.2100,3.175262,4.884734,1,-0.068187,-0.068187
2018-04-13,161.3700,3.158819,4.859438,1,-0.073012,-0.073012
2018-04-16,162.6000,3.182897,4.896478,1,-0.065947,-0.065947
2018-04-17,166.1000,3.251409,5.001876,1,-0.045841,-0.045841
2018-04-18,166.4400,3.258065,5.012114,1,-0.043888,-0.043888
2018-04-19,164.9100,3.228115,4.966040,1,-0.052677,-0.052677
2018-04-20,162.3000,3.177024,4.887444,1,-0.067670,-0.067670
2018-04-23,161.8900,3.168998,4.875097,1,-0.070025,-0.070025
2018-04-24,158.4600,3.101856,4.771807,1,-0.089729,-0.089729
2018-04-25,158.6500,3.105575,4.777529,1,-0.088637,-0.088637
2018-04-26,161.9900,3.170956,4.878109,1,-0.069451,-0.069451
2018-04-27,162.0900,3.172913,4.881120,1,-0.068876,-0.068876
2018-04-30,160.9400,3.150402,4.846489,1,-0.075483,-0.075483
2018-05-01,162.7800,3.186420,4.901898,1,-0.064913,-0.064913
2018-05-02,161.8200,3.167628,4.872989,1,-0.070427,-0.070427
2018-05-03,161.8000,3.167237,4.872387,1,-0.070542,-0.070542
2018-05-04,164.8700,3.227332,4.964836,1,-0.052907,-0.052907
2018-05-07,166.2400,3.254150,5.006091,1,-0.045037,-0.045037
2018-05-08,166.0700,3.250822,5.000972,1,-0.046013,-0.046013
2018-05-09,167.8800,3.286253,5.055478,1,-0.035616,-0.035616
2018-05-10,169.6200,3.320313,5.107876,1,-0.025620,-0.025620
2018-05-11,169.4600,3.317181,5.103057,1,-0.026540,-0.026540
2018-05-14,169.7500,3.322858,5.111790,1,-0.024874,-0.024874
2018-05-15,167.8700,3.286057,5.055177,1,-0.035673,-0.035673
2018-05-16,168.9800,3.307785,5.088603,1,-0.029297,-0.029297
2018-05-17,168.3300,3.295061,5.069029,1,-0.033031,-0.033031
2018-05-18,167.4600,3.278031,5.042830,1,-0.038028,-0.038028
2018-05-21,168.4000,3.296432,5.071137,1,-0.032629,-0.032629
2018-05-22,168.1800,3.292125,5.064512,1,-0.033892,-0.033892
2018-05-23,169.6000,3.319922,5.107273,1,-0.025735,-0.025735
2018-05-24,169.5500,3.318943,5.105768,1,-0.026023,-0.026023
2018-05-25,169.7200,3.322271,5.110887,1,-0.025046,-0.025046
2018-05-29,168.9700,3.307589,5.088302,1,-0.029354,-0.029354
2018-05-30,170.1800,3.331275,5.124739,1,-0.022403,-0.022403
2018-05-31,170.0700,3.329122,5.121427,1,-0.023035,-0.023035
2018-06-01,172.7400,3.381387,5.201830,1,-0.007698,-0.007698
2018-06-04,174.3000,3.411924,5.248807,1,0.000000,0.000000
2018-06-05,174.8400,3.422495,5.265069,1,0.000000,0.000000
2018-06-06,175.8600,3.442461,5.295785,1,0.000000,0.000000
2018-06-07,174.4300,3.414469,5.252722,1,-0.008131,-0.008131
2018-06-08,174.4400,3.414665,5.253023,1,-0.008075,-0.008075
2018-06-11,174.9100,3.423865,5.267177,1,-0.005402,-0.005402
2018-06-12,175.8300,3.441874,5.294881,1,-0.000171,-0.000171
2018-06-13,175.8200,3.441678,5.294580,1,-0.000227,-0.000227
2018-06-14,177.6000,3.476522,5.348182,1,0.000000,0.000000
2018-06-15,176.9800,3.464385,5.329512,1,-0.003491,-0.003491
2018-06-18,176.5000,3.454989,5.315057,1,-0.006194,-0.006194
2018-06-19,176.0000,3.445202,5.300001,1,-0.009009,-0.009009
2018-06-20,177.2500,3.469670,5.337643,1,-0.001971,-0.001971
2018-06-21,175.7100,3.439525,5.291268,1,-0.010642,-0.010642
2018-06-22,175.3200,3.431891,5.279523,1,-0.012838,-0.012838
2018-06-25,171.3700,3.354569,5.160574,1,-0.035079,-0.035079
2018-06-26,172.0700,3.368272,5.181654,1,-0.031137,-0.031137
2018-06-27,169.7300,3.322466,5.111188,1,-0.044313,-0.044313
2018-06-28,171.1900,3.351046,5.155154,1,-0.036092,-0.036092
2018-06-29,171.6500,3.360050,5.169006,1,-0.033502,-0.033502
2018-07-02,172.8000,3.382562,5.203637,1,-0.027027,-0.027027
2018-07-03,170.8000,3.343412,5.143410,1,-0.038288,-0.038288
2018-07-05,172.9200,3.384911,5.207251,1,-0.026351,-0.026351
2018-07-06,175.6100,3.437567,5.288256,1,-0.011205,-0.011205
2018-07-09,177.1900,3.468496,5.335836,1,-0.002309,-0.002309
2018-07-10,177.3200,3.471041,5.339751,1,-0.001577,-0.001577
2018-07-11,176.4200,3.453423,5.312648,1,-0.006644,-0.006644
2018-07-12,179.4600,3.512931,5.404194,1,0.000000,0.000000
2018-07-13,179.6100,3.515868,5.408711,1,0.000000,0.000000
2018-07-16,179.1800,3.507450,5.395762,1,-0.002394,-0.002394
2018-07-17,180.2700,3.528787,5.428586,1,0.000000,0.000000
2018-07-18,179.9300,3.522132,5.418347,1,-0.001886,-0.001886
2018-07-19,179.0300,3.504514,5.391245,1,-0.006879,-0.006879
2018-07-20,178.9900,3.503731,5.390040,1,-0.007100,-0.007100
2018-07-23,179.5600,3.514889,5.407205,1,-0.003939,-0.003939
2018-07-24,180.3000,3.529374,5.429489,1,0.000000,0.000000
2018-07-25,182.8200,3.578703,5.505376,1,0.000000,0.000000
2018-07-26,180.0500,3.524481,5.421961,1,-0.015152,-0.015152
2018-07-27,177.6200,3.476913,5.348785,1,-0.028443,-0.028443
2018-07-30,175.1100,3.427780,5.273199,1,-0.042173,-0.042173
2018-07-31,176.4500,3.454010,5.313552,1,-0.034843,-0.034843
2018-08-01,177.1200,3.467126,5.333728,1,-0.031178,-0.031178
2018-08-02,179.5300,3.514302,5.406302,1,-0.017996,-0.017996
2018-08-03,180.0800,3.525068,5.422864,1,-0.014987,-0.014987
2018-08-06,181.1400,3.545817,5.454785,1,-0.009189,-0.009189
2018-08-07,181.8000,3.558737,5.474660,1,-0.005579,-0.005579
2018-08-08,182.0200,3.563043,5.481285,1,-0.004376,-0.004376
2018-08-09,181.9100,3.560890,5.477972,1,-0.004978,-0.004978
2018-08-10,180.5200,3.533681,5.436114,1,-0.012581,-0.012581
2018-08-13,180.3200,3.529766,5.430092,1,-0.013675,-0.013675
2018-08-14,181.4500,3.551886,5.464120,1,-0.007494,-0.007494
2018-08-15,179.2300,3.508429,5.397268,1,-0.019637,-0.019637
2018-08-16,179.8200,3.519978,5.415035,1,-0.016410,-0.016410
2018-08-17,179.8600,3.520761,5.416239,1,-0.016191,-0.016191
2018-08-20,179.7000,3.517629,5.411421,1,-0.017066,-0.017066
2018-08-21,180.3600,3.530549,5.431296,1,-0.013456,-0.013456
2018-08-22,181.0600,3.544251,5.452376,1,-0.009627,-0.009627
2018-08-23,180.8000,3.539162,5.444546,1,-0.011049,-0.011049
2018-08-24,182.4800,3.572048,5.495137,1,-0.001860,-0.001860
2018-08-27,184.3400,3.608457,5.551148,1,0.000000,0.000000
2018-08-28,184.6100,3.613743,5.559279,1,0.000000,0.000000
2018-08-29,186.7400,3.655437,5.623421,1,0.000000,0.000000
2018-08-30,186.4100,3.648978,5.613484,1,-0.001767,-0.001767
2018-08-31,186.6500,3.653676,5.620711,1,-0.000482,-0.000482
2018-09-04,185.8500,3.638016,5.596620,1,-0.004766,-0.004766
2018-09-05,183.4500,3.591036,5.524347,1,-0.017618,-0.017618
2018-09-06,181.8100,3.558933,5.474961,1,-0.026400,-0.026400
2018-09-07,181.1100,3.545230,5.453881,1,-0.030149,-0.030149
2018-09-10,181.7200,3.557171,5.472251,1,-0.026882,-0.026882
2018-09-11,183.1200,3.584576,5.514410,1,-0.019385,-0.019385
2018-09-12,182.5800,3.574005,5.498148,1,-0.022277,-0.022277
2018-09-13,184.5300,3.612177,5.556870,1,-0.011835,-0.011835
2018-09-14,183.9900,3.601606,5.540609,1,-0.014726,-0.014726
2018-09-17,181.3400,3.549732,5.460807,1,-0.028917,-0.028917
2018-09-18,182.8400,3.579095,5.505978,1,-0.020885,-0.020885
2018-09-19,182.7000,3.576354,5.501762,1,-0.021634,-0.021634
2018-09-20,184.7200,3.615896,5.562592,1,-0.010817,-0.010817
2018-09-21,183.7100,3.596125,5.532177,1,-0.016226,-0.016226
2018-09-24,183.8900,3.599649,5.537597,1,-0.015262,-0.015262
2018-09-25,184.1400,3.604542,5.545126,1,-0.013923,-0.013923
2018-09-26,184.2700,3.607087,5.549040,1,-0.013227,-0.013227
2018-09-27,185.8300,3.637624,5.596018,1,-0.004873,-0.004873
2018-09-28,185.7900,3.636841,5.594813,1,-0.005087,-0.005087
2018-10-01,186.1700,3.644280,5.606256,1,-0.003052,-0.003052
2018-10-02,185.7500,3.636058,5.593609,1,-0.005301,-0.005301
2018-10-03,185.9500,3.639973,5.599631,1,-0.004230,-0.004230
2018-10-04,182.3800,3.570090,5.492126,1,-0.023348,-0.023348
2018-10-05,180.1500,3.526438,5.424972,1,-0.035290,-0.035290
2018-10-08,179.0500,3.504906,5.391847,1,-0.041180,-0.041180
2018-10-09,179.6300,3.516259,5.409313,1,-0.038074,-0.038074
2018-10-10,171.7300,3.361616,5.171415,1,-0.080379,-0.080379
2018-10-11,169.6000,3.319922,5.107273,1,-0.091785,-0.091785
2018-10-12,174.3200,3.412316,5.249410,1,-0.066510,-0.066510
2018-10-15,172.2100,3.371012,5.185870,1,-0.077809,-0.077809
2018-10-16,177.2200,3.469083,5.336739,1,-0.050980,-0.050980
2018-10-17,177.2900,3.470453,5.338847,1,-0.050605,-0.050605
2018-10-18,173.1800,3.390000,5.215080,1,-0.072614,-0.072614
2018-10-19,173.0200,3.386868,5.210262,1,-0.073471,-0.073471
2018-10-22,173.9100,3.404290,5.237063,1,-0.068705,-0.068705
2018-10-23,173.2700,3.391762,5.217790,1,-0.072132,-0.072132
2018-10-24,165.3400,3.236532,4.978989,1,-0.114598,-0.114598
2018-10-25,171.0600,3.348501,5.151239,1,-0.083967,-0.083967
2018-10-26,166.6600,3.262371,5.018739,1,-0.107529,-0.107529
2018-10-29,163.2300,3.195229,4.915449,1,-0.125897,-0.125897
2018-10-30,165.9200,3.247886,4.996455,1,-0.111492,-0.111492
2018-10-31,169.8200,3.324228,5.113898,1,-0.090607,-0.090607
2018-11-01,172.0600,3.368076,5.181353,1,-0.078612,-0.078612
2018-11-02,169.3800,3.315615,5.100648,1,-0.092963,-0.092963
2018-11-05,168.9600,3.307394,5.088001,1,-0.095213,-0.095213
2018-11-06,170.2400,3.332450,5.126546,1,-0.088358,-0.088358
2018-11-07,175.5800,3.436980,5.287353,1,-0.059762,-0.059762
2018-11-08,174.4600,3.415056,5.253626,1,-0.065760,-0.065760
2018-11-09,171.5200,3.357506,5.165092,1,-0.081504,-0.081504
2018-11-12,166.3300,3.255911,5.008802,1,-0.109296,-0.109296
2018-11-13,166.4700,3.258652,5.013018,1,-0.108547,-0.108547
2018-11-14,165.2000,3.233792,4.974773,1,-0.115348,-0.115348
2018-11-15,168.0900,3.290363,5.061802,1,-0.099871,-0.099871
2018-11-16,167.5000,3.278814,5.044035,1,-0.103031,-0.103031
2018-11-19,162.0600,3.172326,4.880216,1,-0.132162,-0.132162
2018-11-20,159.1600,3.115559,4.792887,1,-0.147692,-0.147692
2018-11-21,160.3700,3.139244,4.829324,1,-0.141212,-0.141212
2018-11-23,159.2100,3.116537,4.794393,1,-0.147424,-0.147424
2018-11-26,162.8900,3.188573,4.905211,1,-0.127718,-0.127718
2018-11-27,163.4400,3.199340,4.921773,1,-0.124772,-0.124772
2018-11-28,168.7000,3.302304,5.080171,1,-0.096605,-0.096605
2018-11-29,168.1500,3.291538,5.063609,1,-0.099550,-0.099550
2018-11-30,169.3700,3.315419,5.100347,1,-0.093017,-0.093017
2018-12-03,172.3300,3.373361,5.189484,1,-0.077166,-0.077166
2018-12-04,165.7200,3.243971,5.187696,0,-0.112563,-0.077484
2018-12-06,166.8900,3.266873,5.188504,0,-0.106298,-0.077340
2018-12-07,161.3800,3.159015,5.189311,0,-0.135804,-0.077197
2018-12-10,163.0700,3.192097,5.190119,0,-0.126754,-0.077053
2018-12-11,163.6100,3.202667,5.190927,0,-0.123862,-0.076909
2018-12-12,165.0500,3.230855,5.191735,0,-0.116151,-0.076766
2018-12-13,165.1000,3.231834,5.192543,0,-0.115883,-0.076622
2018-12-14,161.0800,3.153143,5.193351,0,-0.137410,-0.076478
2018-12-17,157.4300,3.081694,5.194159,0,-0.156956,-0.076335
2018-12-18,158.4200,3.101073,5.194968,0,-0.151655,-0.076191
2018-12-19,154.5300,3.024926,5.195776,0,-0.172486,-0.076047
2018-12-20,152.2900,2.981078,5.196585,0,-0.184481,-0.075903
2018-12-21,147.5700,2.888684,5.197394,0,-0.209757,-0.075759
2018-12-24,143.5000,2.809014,5.198203,0,-0.231552,-0.075616
2018-12-26,152.4600,2.984406,5.199012,0,-0.183571,-0.075472
2018-12-27,153.0500,2.995955,5.199821,0,-0.180411,-0.075328
2018-12-28,152.9700,2.994389,5.200631,0,-0.180840,-0.075184
2018-12-31,154.2600,3.019641,5.201440,0,-0.173932,-0.075040
2019-01-02,154.8800,3.031778,5.202250,0,-0.170612,-0.074896
2019-01-03,149.8200,2.932728,5.203059,0,-0.197708,-0.074752
2019-01-04,156.2300,3.058204,5.203869,0,-0.163382,-0.074608
2019-01-07,158.0900,3.094613,5.204679,0,-0.153422,-0.074464
2019-01-08,159.5200,3.122606,5.205489,0,-0.145764,-0.074320
2019-01-09,160.8200,3.148053,5.206300,0,-0.138803,-0.074176
2019-01-10,161.2800,3.157058,5.207110,0,-0.136339,-0.074032
2019-01-11,160.6900,3.145508,5.207921,0,-0.139499,-0.073888
2019-01-14,159.2700,3.117712,5.208731,0,-0.147103,-0.073743
2019-01-15,162.3800,3.178590,5.209542,0,-0.130449,-0.073599
2019-01-16,162.3500,3.178003,5.210353,0,-0.130609,-0.073455
2019-01-17,163.6300,3.203059,5.211164,0,-0.123755,-0.073311
2019-01-18,165.2500,3.234770,5.211975,0,-0.115080,-0.073167
2019-01-22,161.9400,3.169977,5.212786,0,-0.132805,-0.073022
2019-01-23,162.1500,3.174088,5.213597,0,-0.131680,-0.072878
2019-01-24,163.2000,3.194642,5.214409,0,-0.126058,-0.072734
2019-01-25,165.1500,3.232813,5.215221,0,-0.115615,-0.072589
2019-01-28,163.1100,3.192880,5.216032,0,-0.126540,-0.072445
2019-01-29,161.5700,3.162734,5.216844,0,-0.134786,-0.072301
2019-01-30,165.6800,3.243188,5.217656,0,-0.112777,-0.072156
2019-01-31,168.1600,3.291734,5.218468,0,-0.099497,-0.072012
2019-02-01,167.4500,3.277835,5.219281,0,-0.103299,-0.071867
2019-02-04,169.5300,3.318551,5.220093,0,-0.092160,-0.071723
2019-02-05,171.0300,3.347914,5.220905,0,-0.084128,-0.071578
2019-02-06,170.5200,3.337931,5.221718,0,-0.086859,-0.071434
2019-02-07,168.2300,3.293104,5.222531,0,-0.099122,-0.071289
2019-02-08,168.5600,3.299564,5.223344,0,-0.097355,-0.071145
2019-02-11,168.4000,3.296432,5.224157,0,-0.098211,-0.071000
2019-02-12,170.8900,3.345173,5.224970,0,-0.084877,-0.070856
2019-02-13,171.0100,3.347522,5.225783,0,-0.084235,-0.070711
2019-02-14,171.2200,3.351633,5.226597,0,-0.083110,-0.070566
2019-02-15,171.9400,3.365727,5.227410,0,-0.079255,-0.070422
2019-02-19,172.2800,3.372383,5.228224,0,-0.077434,-0.070277
2019-02-20,172.2500,3.371795,5.229037,0,-0.077595,-0.070132
2019-02-21,171.6200,3.359463,5.229851,0,-0.080968,-0.069988
2019-02-22,172.8900,3.384323,5.230665,0,-0.074167,-0.069843
2019-02-25,173.5200,3.396656,5.231480,0,-0.070794,-0.069698
2019-02-26,173.7000,3.400179,5.232294,0,-0.069830,-0.069553
2019-02-27,173.5900,3.398026,5.233108,0,-0.070419,-0.069408
2019-02-28,173.1900,3.390196,5.233923,0,-0.072561,-0.069264
2019-03-01,174.3900,3.413686,5.234737,0,-0.066135,-0.069119
2019-03-04,174.4200,3.414273,5.235552,0,-0.065974,-0.068974
2019-03-05,174.5500,3.416818,5.236367,0,-0.065278,-0.068829
2019-03-06,173.5600,3.397439,5.237182,0,-0.070579,-0.068684
2019-03-07,171.4300,3.355744,5.237997,0,-0.081986,-0.068539
2019-03-08,171.1700,3.350654,5.238813,0,-0.083378,-0.068394
2019-03-11,174.7300,3.420341,5.239628,0,-0.064314,-0.068249
2019-03-12,175.6900,3.439133,5.240444,0,-0.059173,-0.068104
2019-03-13,177.0100,3.464972,5.241259,0,-0.052105,-0.067959
2019-03-14,176.7100,3.459100,5.242075,0,-0.053711,-0.067814
2019-03-15,178.3500,3.491203,5.242891,0,-0.044929,-0.067669
2019-03-18,178.4500,3.493160,5.243707,0,-0.044393,-0.067524
2019-03-19,179.0500,3.504906,5.244523,0,-0.041180,-0.067379
2019-03-20,179.7600,3.518804,5.245340,0,-0.037378,-0.067233
2019-03-21,182.5700,3.573810,5.246156,0,-0.022331,-0.067088
2019-03-22,178.5600,3.495314,5.246973,0,-0.043804,-0.066943
2019-03-25,178.2200,3.488658,5.247789,0,-0.045625,-0.066798
2019-03-26,179.0500,3.504906,5.248606,0,-0.041180,-0.066652
2019-03-27,177.9000,3.482394,5.249423,0,-0.047339,-0.066507
2019-03-28,178.3100,3.490420,5.250240,0,-0.045143,-0.066362
2019-03-29,179.6600,3.516846,5.251057,0,-0.037914,-0.066217
2019-04-01,182.0400,3.563435,5.251875,0,-0.025169,-0.066071
2019-04-02,182.7300,3.576942,5.252692,0,-0.021474,-0.065926
2019-04-03,183.7800,3.597495,5.280234,1,-0.015851,-0.061028
2019-04-04,183.7100,3.596125,5.278222,1,-0.016226,-0.061386
2019-04-05,184.6600,3.614721,5.305517,1,-0.011138,-0.056532
2019-04-08,185.1300,3.623922,5.319021,1,-0.008622,-0.054131
2019-04-09,184.4800,3.611198,5.300345,1,-0.012102,-0.057452
2019-04-10,185.4700,3.630577,5.328789,1,-0.006801,-0.052394
2019-04-11,185.0300,3.621964,5.316148,1,-0.009157,-0.054642
2019-04-12,185.8300,3.637624,5.339133,1,-0.004873,-0.050554
2019-04-15,185.8600,3.638211,5.339995,1,-0.004712,-0.050401
2019-04-16,186.5000,3.650739,5.358383,1,-0.001285,-0.047131
2019-04-17,187.1500,3.663463,5.377058,1,0.000000,-0.043810
2019-04-18,187.3900,3.668161,5.383953,1,0.000000,-0.042584
2019-04-22,187.9200,3.678536,5.399181,1,0.000000,-0.039876
2019-04-23,190.3100,3.725320,5.467849,1,0.000000,-0.027665
2019-04-24,189.7100,3.713575,5.450610,1,-0.003153,-0.030731
2019-04-25,190.4800,3.728648,5.472733,1,0.000000,-0.026797
2019-04-26,190.6500,3.731976,5.477617,1,0.000000,-0.025928
2019-04-29,191.0200,3.739218,5.488248,1,0.000000,-0.024038
2019-04-30,189.5400,3.710247,5.445726,1,-0.007748,-0.031599
2019-05-01,188.9300,3.698307,5.428200,1,-0.010941,-0.034716
2019-05-02,188.1100,3.682255,5.404640,1,-0.015234,-0.038905
2019-05-03,191.1100,3.740980,5.490834,1,0.000000,-0.023578
2019-05-06,189.9400,3.718077,5.457218,1,-0.006122,-0.029555
2019-05-07,186.2400,3.645650,5.350912,1,-0.025483,-0.048460
2019-05-08,185.7700,3.636450,5.337409,1,-0.027942,-0.050861
2019-05-09,184.7700,3.616875,5.308678,1,-0.033175,-0.055970
2019-05-10,185.0000,3.621377,5.315286,1,-0.031971,-0.054795
2019-05-13,178.5800,3.495705,5.130831,1,-0.065564,-0.087596
2019-05-14,180.5400,3.534072,5.187144,1,-0.055308,-0.077582
2019-05-15,183.0900,3.583989,5.260409,1,-0.041965,-0.064554
2019-05-16,184.9300,3.620007,5.313275,1,-0.032337,-0.055153
2019-05-17,183.0400,3.583010,5.258972,1,-0.042227,-0.064809
2019-05-20,179.9500,3.522523,5.170193,1,-0.058396,-0.080597
2019-05-21,181.8300,3.559324,5.224208,1,-0.048558,-0.070991
2019-05-22,181.0200,3.543468,5.200935,1,-0.052797,-0.075130
2019-05-23,178.2500,3.489245,5.121350,1,-0.067291,-0.089282
2019-05-24,178.1600,3.487484,5.118764,1,-0.067762,-0.089742
2019-05-28,177.4900,3.474368,5.099514,1,-0.071268,-0.093165
2019-05-29,176.0300,3.445789,5.057566,1,-0.078907,-0.100625
2019-05-30,176.7700,3.460274,5.078827,1,-0.075035,-0.096844
2019-05-31,173.9500,3.405073,4.997805,1,-0.089791,-0.111252
2019-06-03,170.1200,3.330101,4.887764,1,-0.109832,-0.130820
2019-06-04,174.9100,3.423865,5.025387,1,-0.084768,-0.106347
2019-06-05,176.2100,3.449312,5.062738,1,-0.077966,-0.099705
2019-06-06,177.6100,3.476717,5.102962,1,-0.070640,-0.092552
2019-06-07,181.0400,3.543860,5.201510,1,-0.052692,-0.075028
2019-06-10,183.1500,3.585163,5.262133,1,-0.041651,-0.064247
2019-06-11,183.4000,3.590057,5.269316,1,-0.040343,-0.062970
2019-06-12,182.3400,3.569307,5.238861,1,-0.045890,-0.068386
2019-06-13,183.4200,3.590448,5.269890,1,-0.040239,-0.062868
2019-06-14,182.6400,3.575180,5.247480,1,-0.044320,-0.066853
2019-06-17,183.7400,3.596712,5.279084,1,-0.038564,-0.061233
2019-06-18,186.4100,3.648978,5.355797,1,-0.024593,-0.047591
2019-06-19,187.1100,3.662680,5.375909,1,-0.020930,-0.044015
2019-06-20,188.8500,3.696741,5.425901,1,-0.011826,-0.035125
2019-06-21,188.5700,3.691260,5.417856,1,-0.013291,-0.036555
2019-06-24,188.1600,3.683234,5.406077,1,-0.015436,-0.038650
2019-06-25,184.9300,3.620007,5.313275,1,-0.032337,-0.055153
2019-06-26,185.7900,3.636841,5.337983,1,-0.027837,-0.050759
2019-06-27,186.5000,3.650739,5.358383,1,-0.024122,-0.047131
2019-06-28,186.7400,3.655437,5.365278,1,-0.022866,-0.045905
2019-07-01,189.2600,3.704766,5.437681,1,-0.009680,-0.033030
2019-07-02,190.0100,3.719448,5.459229,1,-0.005756,-0.029198
2019-07-03,191.4400,3.747440,5.500315,1,0.000000,-0.021892
2019-07-05,191.0500,3.739806,5.489110,1,-0.002037,-0.023884
2019-07-08,189.7100,3.713575,5.450610,1,-0.009037,-0.030731
2019-07-09,190.6600,3.732171,5.477905,1,-0.004074,-0.025877
2019-07-10,192.5600,3.769364,5.532494,1,0.000000,-0.016169
2019-07-11,192.4200,3.766623,5.528472,1,-0.000727,-0.016885
2019-07-12,193.5300,3.788352,5.560363,1,0.000000,-0.011213
2019-07-15,194.1500,3.800488,5.578177,1,0.000000,-0.008046
2019-07-16,193.1500,3.780913,5.549446,1,-0.005151,-0.013155
2019-07-17,192.2000,3.762317,5.522151,1,-0.010044,-0.018009
2019-07-18,192.4200,3.766623,5.528472,1,-0.008911,-0.016885
2019-07-19,191.0100,3.739023,5.487961,1,-0.016173,-0.024089
2019-07-22,192.5300,3.768777,5.531632,1,-0.008344,-0.016323
2019-07-23,193.7900,3.793441,5.567834,1,-0.001854,-0.009885
2019-07-24,195.1500,3.820063,5.606908,1,0.000000,-0.002936
2019-07-25,193.3000,3.783849,5.553755,1,-0.009480,-0.012389
2019-07-26,195.2900,3.822804,5.610931,1,0.000000,-0.002221
2019-07-29,194.6200,3.809688,5.591681,1,-0.003431,-0.005644
2019-07-30,193.7800,3.793245,5.567546,1,-0.007732,-0.009936
2019-07-31,191.1000,3.740784,5.490546,1,-0.021455,-0.023629
2019-08-01,190.1500,3.722188,5.463252,1,-0.026320,-0.028483
2019-08-02,187.3500,3.667378,5.382804,1,-0.040657,-0.042788
2019-08-05,180.7300,3.537792,5.192603,1,-0.074556,-0.076611
2019-08-06,183.2600,3.587316,5.265293,1,-0.061601,-0.063685
2019-08-07,184.2500,3.606696,5.293737,1,-0.056531,-0.058627
2019-08-08,188.2600,3.685191,5.408950,1,-0.035998,-0.038139
2019-08-09,186.4900,3.650544,5.358095,1,-0.045061,-0.047182
2019-08-12,184.3500,3.608653,5.296610,1,-0.056019,-0.058116
2019-08-13,188.3900,3.687736,5.412685,1,-0.035332,-0.037475
2019-08-14,182.7600,3.577529,5.250928,1,-0.064161,-0.066240
2019-08-15,182.5500,3.573418,5.244894,1,-0.065236,-0.067313
2019-08-16,185.4800,3.630773,5.329077,1,-0.050233,-0.052343
2019-08-19,188.4300,3.688519,5.413834,1,-0.035127,-0.037270
2019-08-20,186.9700,3.659940,5.371886,1,-0.042603,-0.044730
2019-08-21,188.6300,3.692434,5.419580,1,-0.034103,-0.036249
2019-08-22,188.0200,3.680493,5.402054,1,-0.037227,-0.039365
2019-08-23,182.0700,3.564022,5.231103,1,-0.067694,-0.069765
2019-08-26,184.8200,3.617853,5.310114,1,-0.053613,-0.055715
2019-08-27,184.4300,3.610219,5.298909,1,-0.055610,-0.057707
2019-08-28,185.0900,3.623139,5.317872,1,-0.052230,-0.054335
2019-08-29,187.9200,3.678536,5.399181,1,-0.037739,-0.039876
2019-08-30,187.4700,3.669727,5.386252,1,-0.040043,-0.042175
2019-09-03,185.6500,3.634101,5.333961,1,-0.049362,-0.051474
2019-09-04,188.3300,3.686562,5.410961,1,-0.035639,-0.037781
2019-09-05,191.7800,3.754095,5.510084,1,-0.017973,-0.020155
2019-09-06,191.5900,3.750376,5.504625,1,-0.018946,-0.021125
2019-09-09,191.1900,3.742546,5.493132,1,-0.020994,-0.023169
2019-09-10,190.6400,3.731780,5.477330,1,-0.023811,-0.025979
2019-09-11,192.4300,3.766819,5.528759,1,-0.014645,-0.016834
2019-09-12,193.2300,3.782479,5.551744,1,-0.010548,-0.012746
2019-09-13,192.5400,3.768972,5.531919,1,-0.014082,-0.016272
2019-09-16,191.6800,3.752138,5.507211,1,-0.018485,-0.020665
2019-09-17,192.6000,3.770147,5.533643,1,-0.013774,-0.015965
2019-09-18,192.5200,3.768581,5.531345,1,-0.014184,-0.016374
2019-09-19,192.8400,3.774845,5.540539,1,-0.012545,-0.014739
2019-09-20,190.8000,3.734912,5.481927,1,-0.022991,-0.025162
2019-09-23,190.5000,3.729039,5.473308,1,-0.024528,-0.026694
2019-09-24,187.9700,3.679515,5.400618,1,-0.037483,-0.039621
2019-09-25,190.0800,3.720818,5.461241,1,-0.026678,-0.028840
2019-09-26,189.3800,3.707115,5.441129,1,-0.030263,-0.032417
2019-09-27,187.0300,3.661114,5.373610,1,-0.042296,-0.044423
2019-09-30,188.8100,3.695958,5.424752,1,-0.033181,-0.035329
2019-10-01,187.2700,3.665812,5.380506,1,-0.041067,-0.043197
2019-10-02,184.0500,3.602781,5.287991,1,-0.057555,-0.059649
2019-10-03,186.0700,3.642322,5.346028,1,-0.047212,-0.049328
2019-10-04,188.8100,3.695958,5.424752,1,-0.033181,-0.035329
2019-10-07,188.2400,3.684800,5.408375,1,-0.036100,-0.038241
2019-10-08,185.4200,3.629598,5.327353,1,-0.050540,-0.052649
2019-10-09,187.2300,3.665029,5.379356,1,-0.041272,-0.043401
2019-10-10,188.6800,3.693413,5.421017,1,-0.033847,-0.035993
2019-10-11,191.1100,3.740980,5.490834,1,-0.021404,-0.023578
2019-10-14,191.0900,3.740589,5.490259,1,-0.021506,-0.023680
2019-10-15,193.5200,3.788156,5.560076,1,-0.009063,-0.011264
2019-10-16,193.0400,3.778760,5.546285,1,-0.011521,-0.013717
2019-10-17,193.5500,3.788743,5.560938,1,-0.008910,-0.011111
2019-10-18,191.6900,3.752334,5.507498,1,-0.018434,-0.020614
2019-10-21,193.3900,3.785611,5.556341,1,-0.009729,-0.011929
2019-10-22,191.8500,3.755466,5.512095,1,-0.017615,-0.019797
2019-10-23,192.2200,3.762708,5.522725,1,-0.015720,-0.017906
2019-10-24,194.0900,3.799314,5.576453,1,-0.006145,-0.008352
2019-10-25,195.6400,3.829655,5.620986,1,0.000000,-0.000433
2019-10-28,197.5700,3.867435,5.676438,1,0.000000,0.000000
2019-10-29,196.0400,3.837485,5.632479,1,-0.007744,-0.007744
2019-10-30,196.9900,3.856081,5.659774,1,-0.002936,-0.002936
2019-10-31,197.0800,3.857843,5.662359,1,-0.002480,-0.002480
2019-11-01,198.8700,3.892882,5.713788,1,0.000000,0.000000
2019-11-04,200.1000,3.916959,5.749128,1,0.000000,0.000000
2019-11-05,200.2100,3.919113,5.752288,1,0.000000,0.000000
2019-11-06,199.7600,3.910304,5.739359,1,-0.002248,-0.002248
2019-11-07,200.4300,3.923419,5.758609,1,0.000000,0.000000
2019-11-08,201.2300,3.939079,5.781594,1,0.000000,0.000000
2019-11-11,200.9600,3.933794,5.773837,1,-0.001342,-0.001342
2019-11-12,201.5400,3.945147,5.790501,1,0.000000,0.000000
2019-11-13,201.5900,3.946126,5.791938,1,0.000000,0.000000
2019-11-14,201.4300,3.942994,5.787341,1,-0.000794,-0.000794
2019-11-15,202.9100,3.971965,5.829863,1,0.000000,0.000000
2019-11-18,203.0700,3.975097,5.834460,1,0.000000,0.000000
2019-11-19,203.3700,3.980970,5.843079,1,0.000000,0.000000
2019-11-20,202.1500,3.957088,5.808027,1,-0.005999,-0.005999
2019-11-21,201.7000,3.948279,5.795098,1,-0.008212,-0.008212
2019-11-22,201.8300,3.950824,5.798833,1,-0.007572,-0.007572
2019-11-25,204.2200,3.997608,5.867501,1,0.000000,0.000000
2019-11-26,204.6100,4.005243,5.878706,1,0.000000,0.000000
2019-11-27,206.0400,4.033235,5.919792,1,0.000000,0.000000
2019-11-29,205.1000,4.014835,5.892784,1,-0.004562,-0.004562
2019-12-02,203.0000,3.973727,5.832449,1,-0.014754,-0.014754
2019-12-03,201.4100,3.942603,5.786766,1,-0.022471,-0.022471
2019-12-04,202.4300,3.962569,5.816072,1,-0.017521,-0.017521
2019-12-05,202.8300,3.970399,5.827564,1,-0.015579,-0.015579
2019-12-06,205.0000,4.012877,5.889911,1,-0.005048,-0.005048
2019-12-09,204.0700,3.994672,5.863191,1,-0.009561,-0.009561
2019-12-10,203.9000,3.991344,5.858307,1,-0.010386,-0.010386
2019-12-11,204.9800,4.012486,5.889337,1,-0.005145,-0.005145
2019-12-12,206.5100,4.042435,5.933295,1,0.000000,0.000000
2019-12-13,207.1900,4.055746,5.952833,1,0.000000,0.000000
2019-12-16,209.2700,4.096462,6.012594,1,0.000000,0.000000
2019-12-17,209.3900,4.098811,6.016041,1,0.000000,0.000000
2019-12-18,209.5500,4.101943,6.020638,1,0.000000,0.000000
2019-12-19,210.8600,4.127587,6.058276,1,0.000000,0.000000
2019-12-20,211.7100,4.144225,6.082698,1,0.000000,0.000000
2019-12-23,211.8100,4.146183,6.085571,1,0.000000,0.000000
2019-12-24,211.9200,4.148336,6.088732,1,0.000000,0.000000
2019-12-26,213.7900,4.184941,6.142459,1,0.000000,0.000000
2019-12-27,213.6100,4.181418,6.137287,1,-0.000842,-0.000842
2019-12-30,212.2100,4.154013,6.097064,1,-0.007390,-0.007390
2019-12-31,212.6100,4.161843,6.108556,1,-0.005519,-0.005519
2020-01-02,216.1600,4.231334,6.210552,1,0.000000,0.000000
2020-01-03,214.1800,4.192576,6.153664,1,-0.009160,-0.009160
2020-01-06,215.5600,4.219589,6.193313,1,-0.002776,-0.002776
2020-01-07,215.5300,4.219002,6.192451,1,-0.002915,-0.002915
2020-01-08,217.1500,4.250713,6.238996,1,0.000000,0.000000
2020-01-09,218.9900,4.286731,6.291862,1,0.000000,0.000000
2020-01-10,218.4300,4.275769,6.275772,1,-0.002557,-0.002557
2020-01-13,220.9500,4.325098,6.348175,1,0.000000,0.000000
2020-01-14,220.0800,4.308068,6.323179,1,-0.003938,-0.003938
2020-01-15,220.1700,4.309830,6.325765,1,-0.003530,-0.003530
2020-01-16,222.2800,4.351133,6.386388,1,0.000000,0.000000
2020-01-17,223.3800,4.372666,6.417992,1,0.000000,0.000000
2020-01-21,223.2800,4.370708,6.415119,1,-0.000448,-0.000448
2020-01-22,223.8700,4.382257,6.432070,1,0.000000,0.000000
2020-01-23,224.5900,4.396351,6.452757,1,0.000000,0.000000
2020-01-24,222.7000,4.359355,6.398455,1,-0.008415,-0.008415
2020-01-27,218.1000,4.269310,6.266291,1,-0.028897,-0.028897
2020-01-28,221.4500,4.334886,6.362541,1,-0.013981,-0.013981
2020-01-29,221.8100,4.341933,6.372884,1,-0.012378,-0.012378
2020-01-30,222.6000,4.357397,6.395582,1,-0.008861,-0.008861
2020-01-31,219.0700,4.288297,6.294160,1,-0.024578,-0.024578
2020-02-03,222.3800,4.353091,6.389261,1,-0.009840,-0.009840
2020-02-04,227.4700,4.452727,6.535503,1,0.000000,0.000000
2020-02-05,228.2200,4.467409,6.557051,1,0.000000,0.000000
2020-02-06,230.1900,4.505972,6.613652,1,0.000000,0.000000
2020-02-07,229.2000,4.486592,6.585208,1,-0.004301,-0.004301
2020-02-10,231.9700,4.540815,6.664794,1,0.000000,0.000000
2020-02-11,232.0100,4.541598,6.665943,1,0.000000,0.000000
2020-02-12,234.2700,4.585838,6.730876,1,0.000000,0.000000
2020-02-13,233.9700,4.579965,6.722256,1,-0.001281,-0.001281
2020-02-14,234.6400,4.593080,6.741506,1,0.000000,0.000000
2020-02-18,234.7300,4.594842,6.744092,1,0.000000,0.000000
2020-02-19,236.9800,4.638886,6.808737,1,0.000000,0.000000
2020-02-20,234.7800,4.595821,6.745529,1,-0.009283,-0.009283
2020-02-21,230.2700,4.507538,6.615950,1,-0.028315,-0.028315
2020-02-24,221.3900,4.333711,6.360817,1,-0.065786,-0.065786
2020-02-25,215.3700,4.215870,6.187854,1,-0.091189,-0.091189
2020-02-26,216.4800,4.237598,6.219746,1,-0.086505,-0.086505
2020-02-27,205.6400,4.025405,5.908299,1,-0.132247,-0.132247
2020-02-28,205.8000,4.028537,5.912896,1,-0.131572,-0.131572
2020-03-02,216.4200,4.236424,6.218022,1,-0.086758,-0.086758
2020-03-03,209.4800,4.100573,6.018627,1,-0.116044,-0.116044
2020-03-04,218.2200,4.271659,6.269739,1,-0.079163,-0.079163
2020-03-05,211.5900,4.141876,6.079250,1,-0.107140,-0.107140
2020-03-06,208.0200,4.071994,5.976680,1,-0.122204,-0.122204
2020-03-09,193.5700,3.789135,5.561513,1,-0.183180,-0.183180
2020-03-10,204.1100,3.995455,5.864340,1,-0.138704,-0.138704
2020-03-11,195.2200,3.821433,5.608919,1,-0.176217,-0.176217
2020-03-12,177.3200,3.471041,5.094630,1,-0.251751,-0.251751
2020-03-13,192.3400,3.765057,5.526173,1,-0.188370,-0.188370
2020-03-16,169.3000,3.314049,4.864205,1,-0.285594,-0.285594
2020-03-17,182.1400,3.565392,5.233114,1,-0.231412,-0.231412
2020-03-18,176.6000,3.456947,5.073943,1,-0.254789,-0.254789
2020-03-19,177.6600,3.477696,5.104398,1,-0.250316,-0.250316
2020-03-20,170.7000,3.341454,4.904428,1,-0.279686,-0.279686
2020-03-23,170.4600,3.336756,4.897533,1,-0.280699,-0.280699
2020-03-24,183.6600,3.595146,5.276786,1,-0.224998,-0.224998
2020-03-25,182.3000,3.568524,5.237711,1,-0.230737,-0.230737
2020-03-26,191.9000,3.756444,5.513531,1,-0.190227,-0.190227
2020-03-27,185.3000,3.627249,5.323905,1,-0.218077,-0.218077
2020-03-30,192.0400,3.759185,5.517554,1,-0.189636,-0.189636
2020-03-31,190.4000,3.727082,5.470435,1,-0.196557,-0.196557
2020-04-01,182.3100,3.568720,5.237999,1,-0.230695,-0.230695
2020-04-02,186.0100,3.641148,5.344304,1,-0.215081,-0.215081
2020-04-03,183.3700,3.589470,5.268454,1,-0.226222,-0.226222
2020-04-06,196.4800,3.846098,5.645121,1,-0.170900,-0.170900
2020-04-07,196.4000,3.844532,5.642822,1,-0.171238,-0.171238
2020-04-08,200.5700,3.926160,5.762632,1,-0.153642,-0.153642
2020-04-09,200.8600,3.931836,5.770964,1,-0.152418,-0.152418
2020-04-13,203.0300,3.974314,5.833311,1,-0.143261,-0.143261
2020-04-14,211.8600,4.147162,6.087008,1,-0.106001,-0.106001
2020-04-15,209.4300,4.099594,6.017191,1,-0.116255,-0.116255
2020-04-16,213.2500,4.174371,6.126944,1,-0.100135,-0.100135
2020-04-17,215.2900,4.214304,6.185556,1,-0.091527,-0.091527
2020-04-20,212.7400,4.164388,6.112291,1,-0.102287,-0.102287
2020-04-21,204.8900,4.010724,5.886751,1,-0.135412,-0.135412
2020-04-22,210.9700,4.129740,6.061437,1,-0.109756,-0.109756
2020-04-23,210.5200,4.120931,6.048508,1,-0.111655,-0.111655
2020-04-24,213.8400,4.185920,6.143896,1,-0.097645,-0.097645
2020-04-27,215.5600,4.219589,6.193313,1,-0.090387,-0.090387
2020-04-28,211.5000,4.140115,6.076664,1,-0.107520,-0.107520
2020-04-29,219.0000,4.286927,6.292149,1,-0.075871,-0.075871
2020-04-30,218.9100,4.285165,6.289982,0,-0.076251,-0.076190
2020-05-01,212.7400,4.164388,6.290961,0,-0.102287,-0.076046
2020-05-04,215.2200,4.212934,6.291940,0,-0.091822,-0.075902
2020-05-05,217.6600,4.260697,6.292919,0,-0.081526,-0.075758
2020-05-06,219.0000,4.286927,6.293899,0,-0.075871,-0.075614
2020-05-07,221.8200,4.342129,6.294879,0,-0.063972,-0.075470
2020-05-08,224.8600,4.401637,6.295858,0,-0.051144,-0.075327
2020-05-11,226.8700,4.440982,6.296838,0,-0.042662,-0.075183
2020-05-12,222.1200,4.348001,6.297818,0,-0.062706,-0.075039
2020-05-13,219.3400,4.293583,6.298799,0,-0.074437,-0.074895
2020-05-14,221.8300,4.342324,6.299779,0,-0.063929,-0.074751
2020-05-15,223.2700,4.370512,6.300760,0,-0.057853,-0.074607
2020-05-18,227.4300,4.451944,6.301740,0,-0.040299,-0.074463
2020-05-19,226.8600,4.440787,6.302721,0,-0.042704,-0.074319
2020-05-20,231.3900,4.529462,6.303702,0,-0.023588,-0.074175
2020-05-21,228.8700,4.480132,6.304683,0,-0.034222,-0.074030
2020-05-22,229.6600,4.495597,6.323282,1,-0.030889,-0.071299
2020-05-26,229.0400,4.483460,6.306212,1,-0.033505,-0.073806
2020-05-27,230.2900,4.507929,6.340628,1,-0.028230,-0.068751
2020-05-28,229.9900,4.502057,6.332368,1,-0.029496,-0.069964
2020-05-29,233.3600,4.568024,6.425155,1,-0.015276,-0.056337
2020-06-01,234.0600,4.581727,6.444428,1,-0.012322,-0.053506
2020-06-02,235.6300,4.612460,6.487656,1,-0.005697,-0.047157
2020-06-03,236.6900,4.633209,6.516841,1,-0.001224,-0.042871
2020-06-04,235.0300,4.600715,6.471136,1,-0.008229,-0.049584
2020-06-05,239.6900,4.691934,6.599441,1,0.000000,-0.030739
2020-06-08,241.5500,4.728344,6.650652,1,0.000000,-0.023218
2020-06-09,243.3000,4.762600,6.698836,1,0.000000,-0.016141
2020-06-10,246.2200,4.819759,6.779233,1,0.000000,-0.004333
2020-06-11,234.0200,4.580944,6.443327,1,-0.049549,-0.053668
2020-06-12,235.8800,4.617353,6.494539,1,-0.041995,-0.046146
2020-06-15,238.7500,4.673534,6.573559,1,-0.030339,-0.034541
2020-06-16,242.8500,4.753791,6.686446,1,-0.013687,-0.017961
2020-06-17,243.6200,4.768864,6.707646,1,-0.010560,-0.014847
2020-06-18,244.2800,4.781783,6.725818,1,-0.007879,-0.012178
2020-06-19,244.2400,4.781000,6.724717,1,-0.008042,-0.012340
2020-06-22,246.7400,4.829938,6.793550,1,0.000000,-0.002231
2020-06-23,248.8400,4.871045,6.851370,1,0.000000,0.000000
2020-06-24,243.7100,4.770626,6.710124,1,-0.020616,-0.020616
2020-06-25,246.0300,4.816040,6.774001,1,-0.011292,-0.011292
2020-06-26,240.2200,4.702309,6.614033,1,-0.034641,-0.034641
2020-06-29,242.8400,4.753595,6.686170,1,-0.024112,-0.024112
2020-06-30,247.6000,4.846772,6.817228,1,-0.004983,-0.004983
2020-07-01,250.4900,4.903344,6.896800,1,0.000000,0.000000
2020-07-02,252.1900,4.936622,6.943606,1,0.000000,0.000000
2020-07-06,258.3900,5.057987,7.114312,1,0.000000,0.000000
2020-07-07,256.6100,5.023143,7.065303,1,-0.006889,-0.006889
2020-07-08,259.9900,5.089307,7.158365,1,0.000000,0.000000
2020-07-09,262.1800,5.132176,7.218663,1,0.000000,0.000000
2020-07-10,263.9700,5.167215,7.267947,1,0.000000,0.000000
2020-07-13,258.5400,5.060923,7.118442,1,-0.020571,-0.020571
2020-07-14,260.3700,5.096745,7.168828,1,-0.013638,-0.013638
2020-07-15,260.9000,5.107120,7.183420,1,-0.011630,-0.011630
2020-07-16,259.1200,5.072277,7.134411,1,-0.018373,-0.018373
2020-07-17,259.4200,5.078149,7.142671,1,-0.017237,-0.017237
2020-07-20,266.7800,5.222221,7.345316,1,0.000000,0.000000
2020-07-21,264.0000,5.167803,7.268773,1,-0.010421,-0.010421
2020-07-22,264.9300,5.186007,7.294379,1,-0.006935,-0.006935
2020-07-23,258.0100,5.050548,7.103849,1,-0.032874,-0.032874
2020-07-24,255.5600,5.002590,7.036393,1,-0.042057,-0.042057
2020-07-27,260.1200,5.091852,7.161945,1,-0.024964,-0.024964
2020-07-28,256.8100,5.027058,7.070810,1,-0.037372,-0.037372
2020-07-29,259.7700,5.085000,7.152308,1,-0.026276,-0.026276
2020-07-30,261.1300,5.111622,7.189753,1,-0.021178,-0.021178
2020-07-31,265.7900,5.202842,7.318058,1,-0.003711,-0.003711
2020-08-03,269.3800,5.273116,7.416902,1,0.000000,0.000000
2020-08-04,270.3800,5.292691,7.444436,1,0.000000,0.000000
2020-08-05,271.0500,5.305806,7.462883,1,0.000000,0.000000
2020-08-06,274.6400,5.376081,7.561727,1,0.000000,0.000000
2020-08-07,271.4700,5.314028,7.474447,1,-0.011542,-0.011542
2020-08-10,270.3100,5.291321,7.442508,1,-0.015766,-0.015766
2020-08-11,265.1900,5.191097,7.301538,1,-0.034409,-0.034409
2020-08-12,271.8600,5.321662,7.485185,1,-0.010122,-0.010122
2020-08-13,272.4800,5.333799,7.502255,1,-0.007865,-0.007865
2020-08-14,272.1600,5.327535,7.493445,1,-0.009030,-0.009030
2020-08-17,275.3200,5.389392,7.580450,1,0.000000,0.000000
2020-08-18,277.9700,5.441265,7.653413,1,0.000000,0.000000
2020-08-19,276.1000,5.404660,7.601926,1,-0.006727,-0.006727
2020-08-20,279.9300,5.479632,7.707378,1,0.000000,0.000000
2020-08-21,281.8700,5.517608,7.760792,1,0.000000,0.000000
2020-08-24,283.6300,5.552060,7.809251,1,0.000000,0.000000
2020-08-25,285.8600,5.595712,7.870650,1,0.000000,0.000000
2020-08-26,291.9600,5.715120,8.038603,1,0.000000,0.000000
2020-08-27,291.0500,5.697307,8.013547,1,-0.003117,-0.003117
2020-08-28,292.5300,5.726278,8.054297,1,0.000000,0.000000
2020-08-31,294.8800,5.772279,8.119000,1,0.000000,0.000000
2020-09-01,299.9200,5.870937,8.257767,1,0.000000,0.000000
2020-09-02,302.7600,5.926530,8.335962,1,0.000000,0.000000
2020-09-03,287.4100,5.626054,7.913326,1,-0.050700,-0.050700
2020-09-04,283.5800,5.551081,7.807874,1,-0.063351,-0.063351
2020-09-08,269.9500,5.284274,7.432596,1,-0.108370,-0.108370
2020-09-09,277.8800,5.439504,7.650935,1,-0.082177,-0.082177
2020-09-10,272.3400,5.331058,7.498401,1,-0.100476,-0.100476
2020-09-11,270.4500,5.294061,7.446363,1,-0.106718,-0.106718
2020-09-14,275.1600,5.386260,7.576044,1,-0.091161,-0.091161
2020-09-15,279.0600,5.462602,7.683424,1,-0.078280,-0.078280
2020-09-16,274.6100,5.375493,7.560901,1,-0.092978,-0.092978
2020-09-17,270.3200,5.291517,7.442784,1,-0.107148,-0.107148
2020-09-18,266.8700,5.223983,7.347794,1,-0.118543,-0.118543
2020-09-21,267.5100,5.236511,7.365415,1,-0.116429,-0.116429
2020-09-22,272.4800,5.333799,7.502255,1,-0.100013,-0.100013
2020-09-23,264.1600,5.170935,7.273179,1,-0.127494,-0.127494
2020-09-24,265.3900,5.195012,7.307045,1,-0.123431,-0.123431
2020-09-25,271.5600,5.315790,7.476925,1,-0.103052,-0.103052
2020-09-28,277.2000,5.426193,7.632212,1,-0.084423,-0.084423
2020-09-29,275.9500,5.401724,7.597796,1,-0.088552,-0.088552
2020-09-30,277.8400,5.438721,7.649833,1,-0.082309,-0.082309
2020-10-01,282.2500,5.525047,7.771255,1,-0.067743,-0.067743
2020-10-02,274.3100,5.369621,7.552641,1,-0.093969,-0.093969
2020-10-05,280.1600,5.484135,7.713711,1,-0.074647,-0.074647
2020-10-06,275.1600,5.386260,7.576044,1,-0.091161,-0.091161
2020-10-07,279.9200,5.479437,7.707103,1,-0.075439,-0.075439
2020-10-08,281.4100,5.508604,7.748127,1,-0.070518,-0.070518
2020-10-09,285.7100,5.592776,7.866520,1,-0.056315,-0.056315
2020-10-12,294.5300,5.765428,8.109363,1,-0.027183,-0.027183
2020-10-13,294.5200,5.765232,8.109088,1,-0.027216,-0.027216
2020-10-14,292.0600,5.717077,8.041356,1,-0.035342,-0.035342
2020-10-15,290.1000,5.678710,7.987391,1,-0.041815,-0.041815
2020-10-16,288.5100,5.647586,7.943613,1,-0.047067,-0.047067
2020-10-19,283.8000,5.555388,7.813931,1,-0.062624,-0.062624
2020-10-20,284.4100,5.567329,7.830727,1,-0.060609,-0.060609
2020-10-21,284.1900,5.563022,7.824669,1,-0.061336,-0.061336
2020-10-22,284.1800,5.562826,7.824394,1,-0.061369,-0.061369
2020-10-23,284.7400,5.573788,7.839813,1,-0.059519,-0.059519
2020-10-26,280.4700,5.490203,7.722246,1,-0.073623,-0.073623
2020-10-27,282.6600,5.533072,7.782544,1,-0.066389,-0.066389
2020-10-28,271.6400,5.317356,7.479127,1,-0.102788,-0.102788
2020-10-29,276.3900,5.410337,7.609910,1,-0.087099,-0.087099
2020-10-30,269.3800,5.273116,7.416902,1,-0.110252,-0.110252
2020-11-02,269.9800,5.284861,7.433422,1,-0.108271,-0.108271
2020-11-03,274.6500,5.376276,7.562002,1,-0.092846,-0.092846
2020-11-04,286.9100,5.616266,7.899560,1,-0.052352,-0.052352
2020-11-05,294.3900,5.762687,8.105508,1,-0.027646,-0.027646
2020-11-06,294.6100,5.766994,8.111566,1,-0.026919,-0.026919
2020-11-09,288.5900,5.649152,7.945816,1,-0.046803,-0.046803
2020-11-10,283.4200,5.547949,7.803469,1,-0.063879,-0.063879
2020-11-11,289.7600,5.672055,7.978030,1,-0.042938,-0.042938
2020-11-12,288.4000,5.645433,7.940584,1,-0.047430,-0.047430
2020-11-13,290.9300,5.694958,8.010243,1,-0.039074,-0.039074
2020-11-16,293.2000,5.739393,8.072744,1,-0.031576,-0.031576
2020-11-17,292.2700,5.721188,8.047138,1,-0.034648,-0.034648
2020-11-18,290.1100,5.678906,7.987666,1,-0.041782,-0.041782
2020-11-19,292.3800,5.723341,8.050167,1,-0.034285,-0.034285
2020-11-20,290.3800,5.684191,7.995100,1,-0.040890,-0.040890
2020-11-23,290.3900,5.684387,7.995375,1,-0.040857,-0.040857
2020-11-24,294.4700,5.764253,8.107711,1,-0.027381,-0.027381
2020-11-25,296.2800,5.799684,8.157546,1,-0.021403,-0.021403
2020-11-27,299.0100,5.853124,8.232712,1,-0.012386,-0.012386
2020-11-30,299.6200,5.865064,8.249507,1,-0.010371,-0.010371
2020-12-01,303.4600,5.940232,8.355235,1,0.000000,0.000000
2020-12-02,303.8500,5.947867,8.365973,1,0.000000,0.000000
2020-12-03,304.2800,5.956284,8.377812,1,0.000000,0.000000
2020-12-04,305.5200,5.980557,8.411953,1,0.000000,0.000000
2020-12-07,307.2500,6.014422,8.459586,1,0.000000,0.000000
2020-12-08,308.2900,6.034780,8.488220,1,0.000000,0.000000
2020-12-09,301.3100,5.898146,8.296038,1,-0.022641,-0.022641
2020-12-10,302.5200,5.921832,8.329354,1,-0.018716,-0.018716
2020-12-11,301.8500,5.908717,8.310906,1,-0.020889,-0.020889
2020-12-14,304.0400,5.951586,8.371204,1,-0.013786,-0.013786
2020-12-15,307.2900,6.015205,8.460687,1,-0.003244,-0.003244
2020-12-16,308.9800,6.048287,8.507218,1,0.000000,0.000000
2020-12-17,311.0000,6.087828,8.562835,1,0.000000,0.000000
2020-12-18,310.0600,6.069428,8.536954,1,-0.003023,-0.003023
2020-12-21,308.9200,6.047112,8.505566,1,-0.006688,-0.006688
2020-12-22,309.7600,6.063555,8.528694,1,-0.003987,-0.003987
2020-12-23,308.2000,6.033018,8.485742,1,-0.009003,-0.009003
2020-12-24,309.5600,6.059640,8.523188,1,-0.004630,-0.004630
2020-12-28,312.6800,6.120714,8.609091,1,0.000000,0.000000
2020-12-29,312.9600,6.126195,8.616801,1,0.000000,0.000000
2020-12-30,312.9700,6.126391,8.617076,1,0.000000,0.000000
2020-12-31,313.7400,6.141464,8.638276,1,0.000000,0.000000
2021-01-04,309.3100,6.054746,8.516304,1,-0.014120,-0.014120
2021-01-05,311.8600,6.104663,8.586514,1,-0.005992,-0.005992
2021-01-06,307.5400,6.020099,8.467570,1,-0.019762,-0.019762
2021-01-07,314.9800,6.165737,8.672418,1,0.000000,0.000000
2021-01-08,319.0300,6.245015,8.783927,1,0.000000,0.000000
2021-01-11,314.4200,6.154775,8.656999,1,-0.014450,-0.014450
2021-01-12,313.9200,6.144987,8.643232,1,-0.016017,-0.016017
2021-01-13,316.0400,6.186486,8.701603,1,-0.009372,-0.009372
2021-01-14,314.3500,6.153404,8.655072,1,-0.014669,-0.014669
2021-01-15,311.8600,6.104663,8.586514,1,-0.022474,-0.022474
2021-01-19,316.4100,6.193729,8.711790,1,-0.008212,-0.008212
2021-01-20,323.7700,6.337801,8.914435,1,0.000000,0.000000
2021-01-21,326.3600,6.388500,8.985746,1,0.000000,0.000000
2021-01-22,325.4200,6.370100,8.959865,1,-0.002880,-0.002880
2021-01-25,328.1100,6.422756,9.033929,1,0.000000,0.000000
2021-01-26,328.5900,6.432152,9.047145,1,0.000000,0.000000
2021-01-27,319.4300,6.252845,8.794941,1,-0.027877,-0.027877
2021-01-28,321.3200,6.289842,8.846978,1,-0.022125,-0.022125
2021-01-29,314.5600,6.157515,8.660854,1,-0.042698,-0.042698
2021-02-01,322.4200,6.311375,8.877265,1,-0.018777,-0.018777
2021-02-02,327.6800,6.414339,9.022090,1,-0.002769,-0.002769
2021-02-03,326.3800,6.388892,8.986297,1,-0.006726,-0.006726
2021-02-04,330.2400,6.464451,9.092575,1,0.000000,0.000000
2021-02-05,331.3600,6.486375,9.123412,1,0.000000,0.000000
2021-02-08,333.5800,6.529832,9.184536,1,0.000000,0.000000
2021-02-09,333.5100,6.528462,9.182608,1,-0.000210,-0.000210
2021-02-10,332.7500,6.513585,9.161683,1,-0.002488,-0.002488
2021-02-11,334.5800,6.549407,9.212069,1,0.000000,0.000000
2021-02-12,336.4500,6.586012,9.263556,1,0.000000,0.000000
2021-02-16,335.5400,6.568199,9.238501,1,-0.002705,-0.002705
2021-02-17,333.9300,6.536683,9.194172,1,-0.007490,-0.007490
2021-02-18,332.4700,6.508104,9.153974,1,-0.011829,-0.011829
2021-02-19,331.0200,6.479720,9.114051,1,-0.016139,-0.016139
2021-02-22,322.4400,6.311766,8.877816,1,-0.041641,-0.041641
2021-02-23,321.4800,6.292974,8.851384,1,-0.044494,-0.044494
2021-02-24,324.1300,6.344848,8.924347,1,-0.036618,-0.036618
2021-02-25,312.8300,6.123650,8.613221,1,-0.070204,-0.070204
2021-02-26,314.1400,6.149294,8.649290,1,-0.066310,-0.066310
2021-03-01,323.5900,6.334277,8.909479,1,-0.038223,-0.038223
2021-03-02,318.4000,6.232683,8.766581,1,-0.053648,-0.053648
2021-03-03,309.1600,6.051810,8.512174,1,-0.081112,-0.081112
2021-03-04,304.1000,5.952760,8.372856,1,-0.096151,-0.096151
2021-03-05,308.6800,6.042414,8.498958,1,-0.082538,-0.082538
2021-03-08,299.9400,5.871328,8.258318,1,-0.108515,-0.108515
2021-03-09,311.7700,6.102901,8.584036,1,-0.073354,-0.073354
2021-03-10,310.8800,6.085479,8.559531,1,-0.075999,-0.075999
2021-03-11,318.0400,6.225636,8.756669,1,-0.054718,-0.054718
2021-03-12,315.4600,6.175133,8.685634,1,-0.062387,-0.062387
2021-03-15,318.8300,6.241100,8.778421,1,-0.052370,-0.052370
2021-03-16,320.5800,6.275357,8.826604,1,-0.047169,-0.047169
2021-03-17,321.9000,6.301196,8.862948,1,-0.043246,-0.043246
2021-03-18,312.0400,6.108186,8.591470,1,-0.072552,-0.072552
2021-03-19,313.1400,6.129719,8.621757,1,-0.069282,-0.069282
2021-03-22,318.6100,6.236794,8.772363,1,-0.053024,-0.053024
2021-03-23,317.2200,6.209585,8.734092,1,-0.057156,-0.057156
2021-03-24,311.8700,6.104858,8.586789,1,-0.073057,-0.073057
2021-03-25,311.3300,6.094288,8.571921,1,-0.074662,-0.074662
2021-03-26,316.0000,6.185703,8.700502,1,-0.060782,-0.060782
2021-03-29,315.9100,6.183941,8.698024,1,-0.061049,-0.061049
2021-03-30,314.3200,6.152817,8.654246,1,-0.065775,-0.065775
2021-03-31,319.1300,6.246973,8.786681,1,-0.051479,-0.051479
2021-04-01,324.5700,6.353461,8.936461,1,-0.035310,-0.035310
2021-04-05,331.0500,6.480307,9.114877,1,-0.016050,-0.016050
2021-04-06,330.8200,6.475805,9.108544,1,-0.016734,-0.016734
2021-04-07,331.6200,6.491465,9.130571,1,-0.014356,-0.014356
2021-04-08,335.0800,6.559194,9.225836,1,-0.004072,-0.004072
2021-04-09,337.1100,6.598932,9.281728,1,0.000000,0.000000
2021-04-12,336.6700,6.590319,9.269614,1,-0.001305,-0.001305
2021-04-13,340.6000,6.667248,9.377819,1,0.000000,0.000000
2021-04-14,336.5100,6.587187,9.265208,1,-0.012008,-0.012008
2021-04-15,341.6100,6.687019,9.405628,1,0.000000,0.000000
2021-04-16,342.0100,6.694849,9.416641,1,0.000000,0.000000
2021-04-19,338.8800,6.633579,9.330462,1,-0.009152,-0.009152
2021-04-20,336.4100,6.585229,9.262455,1,-0.016374,-0.016374
2021-04-21,339.2900,6.641605,9.341751,1,-0.007953,-0.007953
2021-04-22,335.2000,6.561543,9.229140,1,-0.019912,-0.019912
2021-04-23,339.4200,6.644150,9.345330,1,-0.007573,-0.007573
2021-04-26,341.6300,6.687411,9.406178,1,-0.001111,-0.001111
2021-04-27,340.1500,6.658440,9.365429,1,-0.005438,-0.005438
2021-04-28,339.0000,6.635928,9.333766,1,-0.008801,-0.008801
2021-04-29,340.2200,6.659810,9.367356,1,-0.005234,-0.005234
2021-04-30,337.9900,6.616158,9.305957,1,-0.011754,-0.011754
2021-05-03,336.1900,6.580923,9.256398,1,-0.017017,-0.017017
2021-05-04,330.1400,6.462494,9.089822,1,-0.034707,-0.034707
2021-05-05,329.0300,6.440765,9.059260,1,-0.037952,-0.037952
2021-05-06,331.5100,6.489311,9.127542,1,-0.030701,-0.030701
2021-05-07,334.2000,6.541968,9.201606,1,-0.022836,-0.022836
2021-05-10,325.7600,6.376755,8.969226,1,-0.047513,-0.047513
2021-05-11,325.3100,6.367946,8.956836,1,-0.048829,-0.048829
2021-05-12,316.8900,6.203125,8.725006,1,-0.073448,-0.073448
2021-05-13,319.3400,6.251084,8.792463,1,-0.066285,-0.066285
2021-05-14,326.3900,6.389087,8.986572,1,-0.045671,-0.045671
2021-05-17,324.4100,6.350329,8.932056,1,-0.051460,-0.051460
2021-05-18,322.2200,6.307460,8.871758,1,-0.057864,-0.057864
2021-05-19,322.5900,6.314702,8.881946,1,-0.056782,-0.056782
2021-05-20,328.8300,6.436850,9.053753,1,-0.038537,-0.038537
2021-05-21,327.0100,6.401224,9.003642,1,-0.043858,-0.043858
2021-05-24,332.5100,6.508887,9.155075,1,-0.027777,-0.027777
2021-05-25,332.9700,6.517891,9.167741,1,-0.026432,-0.026432
2021-05-26,334.1300,6.540598,9.199679,1,-0.023040,-0.023040
2021-05-27,332.8800,6.516129,9.165263,1,-0.026695,-0.026695
2021-05-28,333.9300,6.536683,9.194172,1,-0.023625,-0.023625
2021-06-01,332.8200,6.514955,9.163611,1,-0.026871,-0.026871
2021-06-02,333.4700,6.527679,9.181507,1,-0.024970,-0.024970
2021-06-03,330.0000,6.459753,9.085967,1,-0.035116,-0.035116
2021-06-04,335.6000,6.569373,9.240153,1,-0.018742,-0.018742
2021-06-07,336.6000,6.588948,9.267686,1,-0.015818,-0.015818
2021-06-08,336.7600,6.592080,9.272092,1,-0.015350,-0.015350
2021-06-09,336.8400,6.593646,9.274294,1,-0.015117,-0.015117
2021-06-10,340.3500,6.662355,9.370936,1,-0.004854,-0.004854
2021-06-11,341.2400,6.679776,9.395440,1,-0.002251,-0.002251
2021-06-14,344.5100,6.743787,9.485474,1,0.000000,0.000000
2021-06-15,342.2600,6.699743,9.423524,1,-0.006531,-0.006531
2021-06-16,341.0100,6.675274,9.389108,1,-0.010159,-0.010159
2021-06-17,345.3400,6.760034,9.508327,1,0.000000,0.000000
2021-06-18,342.6300,6.706986,9.433712,1,-0.007847,-0.007847
2021-06-21,344.3600,6.740850,9.481344,1,-0.002838,-0.002838
2021-06-22,347.5700,6.803686,9.569726,1,0.000000,0.000000
2021-06-23,347.7400,6.807014,9.574406,1,0.000000,0.000000
2021-06-24,349.8900,6.849100,9.633603,1,0.000000,0.000000
2021-06-25,349.4600,6.840683,9.621764,1,-0.001229,-0.001229
2021-06-28,353.7100,6.923877,9.738780,1,0.000000,0.000000
2021-06-29,354.9900,6.948933,9.774022,1,0.000000,0.000000
2021-06-30,354.4300,6.937971,9.758604,1,-0.001578,-0.001578
2021-07-01,354.5700,6.940711,9.762458,1,-0.001183,-0.001183
2021-07-02,358.6400,7.020382,9.874519,1,0.000000,0.000000
2021-07-06,360.1900,7.050723,9.917195,1,0.000000,0.000000
2021-07-07,360.9500,7.065600,9.938120,1,0.000000,0.000000
2021-07-08,358.7700,7.022926,9.878098,1,-0.006040,-0.006040
2021-07-09,361.0100,7.066774,9.939772,1,0.000000,0.000000
2021-07-12,362.4200,7.094375,9.978594,1,0.000000,0.000000
2021-07-13,362.4200,7.094375,9.978594,1,0.000000,0.000000
2021-07-14,363.0700,7.107099,9.996491,1,0.000000,0.000000
2021-07-15,360.5200,7.057183,9.926281,1,-0.007023,-0.007023
2021-07-16,357.6000,7.000024,9.845884,1,-0.015066,-0.015066
2021-07-19,354.6700,6.942669,9.765212,1,-0.023136,-0.023136
2021-07-20,358.7900,7.023318,9.878649,1,-0.011788,-0.011788
2021-07-21,361.5600,7.077541,9.954916,1,-0.004159,-0.004159
2021-07-22,363.9500,7.124325,10.020720,1,0.000000,0.000000
2021-07-23,368.2000,7.207519,10.137736,1,0.000000,0.000000
2021-07-26,368.4900,7.213195,10.145721,1,0.000000,0.000000
2021-07-27,364.4300,7.133721,10.033936,1,-0.011018,-0.011018
2021-07-28,365.8300,7.161126,10.072483,1,-0.007219,-0.007219
2021-07-29,366.4800,7.173850,10.090379,1,-0.005455,-0.005455
2021-07-30,364.5700,7.136461,10.037791,1,-0.010638,-0.010638
2021-08-02,364.6000,7.137049,10.038617,1,-0.010557,-0.010557
2021-08-03,366.8100,7.180309,10.099465,1,-0.004559,-0.004559
2021-08-04,367.3400,7.190684,10.114058,1,-0.003121,-0.003121
2021-08-05,369.6700,7.236294,10.178210,1,0.000000,0.000000
2021-08-06,368.0500,7.204582,10.133606,1,-0.004382,-0.004382
2021-08-09,368.7300,7.217893,10.152329,1,-0.002543,-0.002543
2021-08-10,366.8400,7.180897,10.100291,1,-0.007655,-0.007655
2021-08-11,366.2100,7.168564,10.082945,1,-0.009360,-0.009360
2021-08-12,367.5300,7.194403,10.119289,1,-0.005789,-0.005789
2021-08-13,368.8200,7.219655,10.154807,1,-0.002299,-0.002299
2021-08-16,368.9800,7.222787,10.159212,1,-0.001867,-0.001867
2021-08-17,365.7300,7.159168,10.069729,1,-0.010658,-0.010658
2021-08-18,362.2100,7.090264,9.972812,1,-0.020180,-0.020180
2021-08-19,363.9600,7.124521,10.020995,1,-0.015446,-0.015446
2021-08-20,367.7300,7.198318,10.124796,1,-0.005248,-0.005248
2021-08-23,373.2300,7.305981,10.276229,1,0.000000,0.000000
2021-08-24,374.3700,7.328296,10.307616,1,0.000000,0.000000
2021-08-25,374.8000,7.336714,10.319456,1,0.000000,0.000000
2021-08-26,372.4200,7.290125,10.253927,1,-0.006350,-0.006350
2021-08-27,376.0400,7.360987,10.353597,1,0.000000,0.000000
2021-08-30,380.2600,7.443593,10.469787,1,0.000000,0.000000
2021-08-31,379.9500,7.437525,10.461252,1,-0.000815,-0.000815
2021-09-01,380.5800,7.449857,10.478598,1,0.000000,0.000000
2021-09-02,380.4000,7.446334,10.473642,1,-0.000473,-0.000473
2021-09-03,381.5700,7.469236,10.505856,1,0.000000,0.000000
2021-09-07,382.1100,7.479807,10.520724,1,0.000000,0.000000
2021-09-08,380.7800,7.453772,10.484104,1,-0.003481,-0.003481
2021-09-09,379.4700,7.428129,10.448036,1,-0.006909,-0.006909
2021-09-10,376.5900,7.371753,10.368740,1,-0.014446,-0.014446
2021-09-13,376.3300,7.366663,10.361582,1,-0.015127,-0.015127
2021-09-14,375.2600,7.345718,10.332121,1,-0.017927,-0.017927
2021-09-15,378.0500,7.400332,10.408939,1,-0.010625,-0.010625
2021-09-16,378.3100,7.405422,10.416097,1,-0.009945,-0.009945
2021-09-17,373.8300,7.317726,10.292748,1,-0.021669,-0.021669
2021-09-20,365.7000,7.158581,10.068903,1,-0.042946,-0.042946
2021-09-21,366.1500,7.167390,10.081293,1,-0.041768,-0.041768
2021-09-22,369.5700,7.234336,10.175457,1,-0.032818,-0.032818
2021-09-23,372.9800,7.301087,10.269345,1,-0.023894,-0.023894
2021-09-24,373.3300,7.307938,10.278982,1,-0.022978,-0.022978
2021-09-27,370.3500,7.249605,10.196933,1,-0.030776,-0.030776
2021-09-28,359.8700,7.044459,9.908385,1,-0.058203,-0.058203
2021-09-29,359.2800,7.032910,9.892140,1,-0.059747,-0.059747
2021-09-30,357.9600,7.007071,9.855796,1,-0.063202,-0.063202
2021-10-01,360.1800,7.050527,9.916920,1,-0.057392,-0.057392
2021-10-04,352.6200,6.902540,9.708769,1,-0.077177,-0.077177
2021-10-05,357.3800,6.995717,9.839827,1,-0.064720,-0.064720
2021-10-06,359.6700,7.040544,9.902878,1,-0.058727,-0.058727
2021-10-07,362.9700,7.105141,9.993738,1,-0.050090,-0.050090
2021-10-08,361.1600,7.069711,9.943902,1,-0.054827,-0.054827
2021-10-11,358.3900,7.015488,9.867635,1,-0.062076,-0.062076
2021-10-12,357.1400,6.991019,9.833219,1,-0.065348,-0.065348
2021-10-13,360.0000,7.047004,9.911964,1,-0.057863,-0.057863
2021-10-14,366.6300,7.176786,10.094509,1,-0.040512,-0.040512
2021-10-15,368.9400,7.222004,10.158111,1,-0.034467,-0.034467
2021-10-18,372.6500,7.294627,10.260259,1,-0.024757,-0.024757
2021-10-19,375.4700,7.349829,10.337903,1,-0.017377,-0.017377
2021-10-20,374.9800,7.340237,10.324412,1,-0.018660,-0.018660
2021-10-21,377.2700,7.385064,10.387463,1,-0.012667,-0.012667
2021-10-22,374.1000,7.323011,10.300182,1,-0.020963,-0.020963
2021-10-25,377.9300,7.397983,10.405635,1,-0.010939,-0.010939
2021-10-26,379.1200,7.421278,10.438399,1,-0.007825,-0.007825
2021-10-27,380.0000,7.438504,10.462628,1,-0.005522,-0.005522
2021-10-28,384.2200,7.521110,10.578819,1,0.000000,0.000000
2021-10-29,386.1100,7.558107,10.630857,1,0.000000,0.000000
2021-11-01,387.4300,7.583946,10.667200,1,0.000000,0.000000
2021-11-02,389.0500,7.615658,10.711804,1,0.000000,0.000000
2021-11-03,393.1800,7.696502,10.825517,1,0.000000,0.000000
2021-11-04,398.2200,7.795160,10.964284,1,0.000000,0.000000
2021-11-05,398.6000,7.802599,10.974747,1,0.000000,0.000000
2021-11-08,398.0600,7.792028,10.959879,1,-0.001355,-0.001355
2021-11-09,395.3200,7.738393,10.884438,1,-0.008229,-0.008229
2021-11-10,389.5100,7.624662,10.724470,1,-0.022805,-0.022805
2021-11-11,390.5900,7.645803,10.754205,1,-0.020095,-0.020095
2021-11-12,394.7000,7.726256,10.867367,1,-0.009784,-0.009784
2021-11-15,394.6100,7.724495,10.864889,1,-0.010010,-0.010010
2021-11-16,397.4200,7.779500,10.942257,1,-0.002960,-0.002960
2021-11-17,397.6300,7.783611,10.948039,1,-0.002434,-0.002434
2021-11-18,401.7500,7.864260,11.061476,1,0.000000,0.000000
2021-11-19,403.9900,7.908108,11.123151,1,0.000000,0.000000
2021-11-22,399.3000,7.816301,10.994020,1,-0.011609,-0.011609
2021-11-23,397.4800,7.780675,10.943909,1,-0.016114,-0.016114
2021-11-24,398.7600,7.805731,10.979152,1,-0.012946,-0.012946
2021-11-26,391.2000,7.657744,10.771001,1,-0.031659,-0.031659
2021-11-29,399.6900,7.823936,11.004758,1,-0.010644,-0.010644
2021-11-30,393.8200,7.709030,10.843138,1,-0.025174,-0.025174
2021-12-01,387.1200,7.577878,10.658665,1,-0.041758,-0.041758
2021-12-02,389.9100,7.632492,10.735483,1,-0.034852,-0.034852
2021-12-03,383.1300,7.499774,10.548808,1,-0.051635,-0.051635
2021-12-06,386.2000,7.559869,10.633335,1,-0.044036,-0.044036
2021-12-07,397.8300,7.787526,10.953546,1,-0.015248,-0.015248
2021-12-08,399.6100,7.822370,11.002555,1,-0.010842,-0.010842
2021-12-09,393.7300,7.707269,10.840660,1,-0.025397,-0.025397
2021-12-10,398.0100,7.791050,10.958502,1,-0.014802,-0.014802
2021-12-13,392.2600,7.678493,10.800186,1,-0.029035,-0.029035
2021-12-14,388.2000,7.599019,10.688401,1,-0.039085,-0.039085
2021-12-15,397.0500,7.772258,10.932070,1,-0.017179,-0.017179
2021-12-16,386.8400,7.572397,10.650956,1,-0.042452,-0.042452
2021-12-17,384.9100,7.534617,10.597817,1,-0.047229,-0.047229
2021-12-20,380.6900,7.452010,10.481626,1,-0.057675,-0.057675
2021-12-21,389.2100,7.618790,10.716210,1,-0.036585,-0.036585
2021-12-22,393.9500,7.711575,10.846717,1,-0.024852,-0.024852
2021-12-23,396.9200,7.769713,10.928491,1,-0.017500,-0.017500
2021-12-27,403.4800,7.898125,11.109109,1,-0.001262,-0.001262
2021-12-28,401.6100,7.861520,11.057622,1,-0.005891,-0.005891
2021-12-29,401.5500,7.860345,11.055970,1,-0.006040,-0.006040
2021-12-30,400.3500,7.836855,11.022930,1,-0.009010,-0.009010
2021-12-31,397.8500,7.787918,10.954097,1,-0.015198,-0.015198
2022-01-03,401.6800,7.862890,11.059549,1,-0.005718,-0.005718
2022-01-04,396.4700,7.760904,10.916101,1,-0.018614,-0.018614
2022-01-05,384.2900,7.522481,10.580746,1,-0.048764,-0.048764
2022-01-06,384.0200,7.517195,10.573312,1,-0.049432,-0.049432
2022-01-07,379.8600,7.435763,10.458774,1,-0.059729,-0.059729
2022-01-10,380.1100,7.440657,10.465657,1,-0.059110,-0.059110
2022-01-11,385.8200,7.552430,10.622872,1,-0.044976,-0.044976
2022-01-12,387.3500,7.582380,10.664998,1,-0.041189,-0.041189
2022-01-13,377.6600,7.392698,10.398201,1,-0.065175,-0.065175
2022-01-14,380.0100,7.438699,10.462904,1,-0.059358,-0.059358
2022-01-18,370.5500,7.253520,10.202439,1,-0.082774,-0.082774
2022-01-19,366.4800,7.173850,10.090379,1,-0.092849,-0.092849
2022-01-20,361.7200,7.080673,9.959321,1,-0.104631,-0.104631
2022-01-21,351.6900,6.884335,9.683163,1,-0.129459,-0.129459
2022-01-24,353.3000,6.915851,9.727491,1,-0.125473,-0.125473
2022-01-25,345.1100,6.755532,9.501994,1,-0.145746,-0.145746
2022-01-26,344.5700,6.744961,9.487126,1,-0.147083,-0.147083
2022-01-27,341.1000,6.677036,9.391586,1,-0.155672,-0.155672
2022-01-28,351.8000,6.886488,9.686191,1,-0.129186,-0.129186
2022-01-31,363.0500,7.106707,9.995940,1,-0.101339,-0.101339
2022-02-01,365.5200,7.155058,10.063947,1,-0.095225,-0.095225
2022-02-02,368.4900,7.213195,10.145721,1,-0.087873,-0.087873
2022-02-03,353.5500,6.920745,9.734374,1,-0.124855,-0.124855
2022-02-04,358.0100,7.008049,9.857173,1,-0.113815,-0.113815
2022-02-07,355.1300,6.951673,9.777877,1,-0.120944,-0.120944
2022-02-08,359.1200,7.029778,9.887735,1,-0.111067,-0.111067
2022-02-09,366.7300,7.178743,10.097262,1,-0.092230,-0.092230
2022-02-10,358.4300,7.016271,9.868737,1,-0.112775,-0.112775
2022-02-11,347.0600,6.793703,9.555684,1,-0.140919,-0.140919
2022-02-14,347.4900,6.802120,9.567523,1,-0.139855,-0.139855
2022-02-15,356.1300,6.971248,9.805410,1,-0.118468,-0.118468
2022-02-16,356.0400,6.969486,9.802932,1,-0.118691,-0.118691
2022-02-17,345.4500,6.762187,9.511355,1,-0.144905,-0.144905
2022-02-18,341.5100,6.685062,9.402874,1,-0.154657,-0.154657
2022-02-22,338.0800,6.617919,9.308435,1,-0.163148,-0.163148
2022-02-23,329.4200,6.448400,9.069998,1,-0.184584,-0.184584
2022-02-24,340.4900,6.665095,9.374790,1,-0.157182,-0.157182
2022-02-25,345.7700,6.768451,9.520166,1,-0.144112,-0.144112
2022-02-28,346.8000,6.788613,9.548525,1,-0.141563,-0.141563
2022-03-01,341.4900,6.684670,9.402324,1,-0.154707,-0.154707
2022-03-02,347.2200,6.796835,9.399085,0,-0.140523,-0.154998
2022-03-03,342.2600,6.699743,9.400548,0,-0.152801,-0.154866
2022-03-04,337.3000,6.602651,9.402011,0,-0.165078,-0.154735
2022-03-07,324.8600,6.359138,9.403475,0,-0.195871,-0.154603
2022-03-08,323.3500,6.329579,9.404939,0,-0.199609,-0.154472
2022-03-09,334.9900,6.557433,9.406402,0,-0.170796,-0.154340
2022-03-10,331.2700,6.484613,9.407866,0,-0.180004,-0.154208
2022-03-11,324.4000,6.350133,9.409331,0,-0.197010,-0.154077
2022-03-14,318.1700,6.228181,9.410795,0,-0.212431,-0.153945
2022-03-15,328.1500,6.423539,9.412260,0,-0.187727,-0.153813
2022-03-16,340.3200,6.661767,9.413725,0,-0.157603,-0.153682
2022-03-17,344.4400,6.742416,9.415190,0,-0.147405,-0.153550
2022-03-18,351.4900,6.880420,9.416656,0,-0.129954,-0.153418
2022-03-21,350.0800,6.852819,9.418122,0,-0.133444,-0.153287
2022-03-22,356.9600,6.987495,9.419588,0,-0.116414,-0.153155
2022-03-23,351.8300,6.887076,9.421054,0,-0.129112,-0.153023
2022-03-24,359.6500,7.040152,9.422520,0,-0.109755,-0.152891
2022-03-25,359.3500,7.034280,9.423987,0,-0.110498,-0.152759
2022-03-28,364.9100,7.143117,9.425454,0,-0.096735,-0.152627
2022-03-29,371.1900,7.266048,9.426921,0,-0.081190,-0.152495
2022-03-30,367.0900,7.185790,9.428388,0,-0.091339,-0.152364
2022-03-31,362.5400,7.096724,9.429855,0,-0.102602,-0.152232
2022-04-01,361.8500,7.083217,9.431323,0,-0.104310,-0.152100
2022-04-04,369.3000,7.229051,9.432791,0,-0.085868,-0.151968
2022-04-05,361.1000,7.068536,9.434259,0,-0.106166,-0.151836
2022-04-06,353.2600,6.915068,9.435728,0,-0.125572,-0.151704
2022-04-07,354.1000,6.931511,9.437196,0,-0.123493,-0.151572
2022-04-08,349.1500,6.834615,9.438665,0,-0.135746,-0.151440
2022-04-11,340.8900,6.672925,9.440135,0,-0.156192,-0.151308
2022-04-12,339.4500,6.644737,9.441604,0,-0.159756,-0.151175
2022-04-13,346.3500,6.779805,9.443073,0,-0.142677,-0.151043
2022-04-14,338.4300,6.624771,9.444543,0,-0.162281,-0.150911
2022-04-18,338.6900,6.629860,9.446013,0,-0.161638,-0.150779
2022-04-19,346.2600,6.778043,9.447484,0,-0.142900,-0.150647
2022-04-20,341.2100,6.679189,9.448954,0,-0.155400,-0.150515
2022-04-21,334.1500,6.540990,9.450425,0,-0.172876,-0.150382
2022-04-22,325.4000,6.369708,9.451896,0,-0.194535,-0.150250
2022-04-25,329.5800,6.451532,9.453367,0,-0.184188,-0.150118
2022-04-26,317.1400,6.208019,9.454838,0,-0.214981,-0.149986
2022-04-27,316.7600,6.200580,9.456310,0,-0.215921,-0.149853
2022-04-28,328.0100,6.420799,9.457782,0,-0.188074,-0.149721
2022-04-29,313.2500,6.131872,9.459254,0,-0.224610,-0.149589
2022-05-02,318.4800,6.234249,9.460726,0,-0.211664,-0.149456
2022-05-03,318.8200,6.240905,9.462199,0,-0.210822,-0.149324
2022-05-04,329.6000,6.451923,9.463672,0,-0.184138,-0.149191
2022-05-05,313.0000,6.126978,9.465145,0,-0.225228,-0.149059
2022-05-06,309.2500,6.053572,9.466618,0,-0.234511,-0.148927
2022-05-09,297.1500,5.816714,9.468091,0,-0.264462,-0.148794
2022-05-10,300.7600,5.887380,9.469565,0,-0.255526,-0.148662
2022-05-11,291.8400,5.712771,9.471039,0,-0.277606,-0.148529
2022-05-12,291.1500,5.699264,9.472513,0,-0.279314,-0.148397
2022-05-13,301.9400,5.910478,9.473988,0,-0.252605,-0.148264
2022-05-16,298.4400,5.841966,9.475462,0,-0.261269,-0.148131
2022-05-17,306.1700,5.993281,9.476937,0,-0.242135,-0.147999
2022-05-18,291.1400,5.699068,9.478412,0,-0.279339,-0.147866
2022-05-19,289.5800,5.668531,9.479888,0,-0.283200,-0.147734
2022-05-20,288.6800,5.650914,9.481363,0,-0.285428,-0.147601
2022-05-23,293.4800,5.744874,9.482839,0,-0.273546,-0.147468
2022-05-24,287.2400,5.622726,9.484315,0,-0.288992,-0.147336
2022-05-25,291.2600,5.701417,9.485791,0,-0.279042,-0.147203
2022-05-26,299.3300,5.859388,9.487268,0,-0.259066,-0.147070
2022-05-27,309.1000,6.050636,9.488744,0,-0.234882,-0.146937
2022-05-31,308.2800,6.034584,9.490221,0,-0.236912,-0.146805
2022-06-01,306.0000,5.989953,9.491698,0,-0.242556,-0.146672
2022-06-02,314.3800,6.153992,9.493176,0,-0.221812,-0.146539
2022-06-03,306.2000,5.993868,9.494653,0,-0.242060,-0.146406
2022-06-06,307.2200,6.013835,9.496131,0,-0.239536,-0.146273
2022-06-07,309.8700,6.065708,9.497609,0,-0.232976,-0.146140
2022-06-08,307.6400,6.022056,9.499087,0,-0.238496,-0.146007
2022-06-09,299.4000,5.860758,9.500566,0,-0.258893,-0.145875
2022-06-10,288.8400,5.654046,9.502045,0,-0.285032,-0.145742
2022-06-13,275.4100,5.391153,9.503524,0,-0.318275,-0.145609
2022-06-14,275.9100,5.400941,9.505003,0,-0.317038,-0.145476
2022-06-15,282.8000,5.535813,9.506482,0,-0.299983,-0.145343
2022-06-16,271.3900,5.312462,9.507962,0,-0.328226,-0.145210
2022-06-17,274.6900,5.377059,9.509442,0,-0.320057,-0.145077
2022-06-21,281.0800,5.502144,9.510922,0,-0.304240,-0.144944
2022-06-22,280.6700,5.494118,9.512403,0,-0.305255,-0.144810
2022-06-23,284.8500,5.575942,9.513883,0,-0.294908,-0.144677
2022-06-24,294.6100,5.766994,9.515364,0,-0.270749,-0.144544
2022-06-27,292.4500,5.724712,9.516845,0,-0.276096,-0.144411
2022-06-28,283.5400,5.550298,9.518326,0,-0.298151,-0.144278
2022-06-29,283.8000,5.555388,9.519808,0,-0.297507,-0.144145
2022-06-30,280.2800,5.486484,9.521290,0,-0.306220,-0.144011
2022-07-01,282.1300,5.522698,9.522772,0,-0.301641,-0.143878
2022-07-05,286.9600,5.617245,9.524254,0,-0.289685,-0.143745
2022-07-06,288.8000,5.653263,9.525736,0,-0.285131,-0.143612
2022-07-07,294.9800,5.774236,9.527219,0,-0.269833,-0.143478
2022-07-08,295.3500,5.781479,9.528702,0,-0.268918,-0.143345
2022-07-11,289.0400,5.657961,9.530185,0,-0.284537,-0.143212
2022-07-12,286.2400,5.603151,9.531668,0,-0.291468,-0.143078
2022-07-13,285.6500,5.591602,9.533152,0,-0.292928,-0.142945
2022-07-14,286.6700,5.611568,9.534636,0,-0.290403,-0.142812
2022-07-15,291.8700,5.713358,9.536120,0,-0.277532,-0.142678
2022-07-18,289.4000,5.665008,9.537604,0,-0.283646,-0.142545
2022-07-19,298.3000,5.839225,9.539089,0,-0.261615,-0.142411
2022-07-20,303.0300,5.931815,9.540573,0,-0.249907,-0.142278
2022-07-21,307.3800,6.016967,9.542058,0,-0.239140,-0.142144
2022-07-22,301.9900,5.911457,9.543544,0,-0.252481,-0.142011
2022-07-25,300.2700,5.877788,9.545029,0,-0.256739,-0.141877
2022-07-26,294.3700,5.762296,9.546515,0,-0.271343,-0.141744
2022-07-27,306.8100,6.005809,9.548001,0,-0.240551,-0.141610
2022-07-28,309.8100,6.064534,9.549487,0,-0.233125,-0.141476
2022-07-29,315.4600,6.175133,9.550973,0,-0.219139,-0.141343
2022-08-01,315.2700,6.171413,9.552460,0,-0.219609,-0.141209
2022-08-02,314.3300,6.153013,9.553947,0,-0.221936,-0.141075
2022-08-03,322.8900,6.320575,9.555434,0,-0.200748,-0.140942
2022-08-04,324.4000,6.350133,9.556921,0,-0.197010,-0.140808
2022-08-05,321.7500,6.298259,9.558409,0,-0.203569,-0.140674
2022-08-08,320.7100,6.277901,9.559896,0,-0.206144,-0.140541
2022-08-09,317.0800,6.206844,9.561384,0,-0.215129,-0.140407
2022-08-10,325.9300,6.380083,9.562873,0,-0.193223,-0.140273
2022-08-11,324.0800,6.343869,9.564361,0,-0.197802,-0.140139
2022-08-12,330.3900,6.467387,9.565850,0,-0.182183,-0.140005
2022-08-15,333.0600,6.519653,9.567339,0,-0.175574,-0.139872
2022-08-16,332.2800,6.504384,9.568828,0,-0.177504,-0.139738
2022-08-17,328.4900,6.430195,9.570317,0,-0.186886,-0.139604
2022-08-18,329.2800,6.445659,9.571807,0,-0.184930,-0.139470
2022-08-19,322.8600,6.319988,9.573297,0,-0.200822,-0.139336
2022-08-22,314.3600,6.153600,9.574787,0,-0.221862,-0.139202
2022-08-23,314.1000,6.148511,9.576277,0,-0.222506,-0.139068
2022-08-24,315.0100,6.166324,9.577768,0,-0.220253,-0.138934
2022-08-25,320.5800,6.275357,9.579258,0,-0.206466,-0.138800
2022-08-26,307.4400,6.018141,9.580749,0,-0.238991,-0.138666
2022-08-29,304.4100,5.958829,9.582241,0,-0.246491,-0.138532
2022-08-30,301.0200,5.892469,9.583732,0,-0.254883,-0.138398
2022-08-31,299.2700,5.858213,9.585224,0,-0.259214,-0.138264
2022-09-01,299.4000,5.860758,9.586716,0,-0.258893,-0.138129
2022-09-02,295.1700,5.777956,9.588208,0,-0.269363,-0.137995
2022-09-06,293.0500,5.736457,9.589700,0,-0.274611,-0.137861
2022-09-07,298.9700,5.852341,9.591193,0,-0.259957,-0.137727
2022-09-08,300.5200,5.882682,9.592686,0,-0.256120,-0.137593
2022-09-09,307.0900,6.011290,9.594179,0,-0.239857,-0.137459
2022-09-12,310.7400,6.082739,9.595672,0,-0.230823,-0.137324
2022-09-13,293.7000,5.749180,9.597166,0,-0.273002,-0.137190
2022-09-14,296.0300,5.794790,9.598660,0,-0.267234,-0.137056
2022-09-15,291.1000,5.698285,9.600154,0,-0.279438,-0.136921
2022-09-16,289.3200,5.663442,9.601648,0,-0.283844,-0.136787
2022-09-19,291.0500,5.697307,9.603142,0,-0.279561,-0.136653
2022-09-20,288.7300,5.651893,9.604637,0,-0.285304,-0.136518
2022-09-21,283.5600,5.550690,9.606132,0,-0.298101,-0.136384
2022-09-22,280.0700,5.482373,9.607627,0,-0.306740,-0.136249
2022-09-23,275.5100,5.393111,9.609123,0,-0.318028,-0.136115
2022-09-26,274.3700,5.370795,9.610618,0,-0.320850,-0.135981
2022-09-27,274.4800,5.372949,9.612114,0,-0.320577,-0.135846
2022-09-28,279.9400,5.479828,9.613610,0,-0.307062,-0.135712
2022-09-29,271.8700,5.321858,9.615107,0,-0.327038,-0.135577
2022-09-30,267.2600,5.231617,9.616603,0,-0.338449,-0.135443
2022-10-03,273.5300,5.354352,9.618100,0,-0.322929,-0.135308
2022-10-04,282.1300,5.522698,9.619597,0,-0.301641,-0.135173
2022-10-05,281.9800,5.519761,9.621095,0,-0.302012,-0.135039
2022-10-06,279.7600,5.476305,9.622592,0,-0.307508,-0.134904
2022-10-07,269.1000,5.267635,9.624090,0,-0.333894,-0.134769
2022-10-10,266.4100,5.214978,9.625588,0,-0.340553,-0.134635
2022-10-11,262.7500,5.143334,9.627086,0,-0.349613,-0.134500
2022-10-12,262.6600,5.141572,9.628584,0,-0.349835,-0.134365
2022-10-13,268.8200,5.262154,9.630083,0,-0.334587,-0.134231
2022-10-14,260.7400,5.103988,9.631582,0,-0.354588,-0.134096
2022-10-17,269.3500,5.272529,9.633081,0,-0.333276,-0.133961
2022-10-18,271.4800,5.314224,9.634581,0,-0.328003,-0.133826
2022-10-19,270.4900,5.294844,9.636080,0,-0.330454,-0.133691
2022-10-20,269.1100,5.267831,9.637580,0,-0.333870,-0.133557
2022-10-21,275.4200,5.391349,9.639080,0,-0.318250,-0.133422
2022-10-24,278.4500,5.450661,9.640581,0,-0.310750,-0.133287
2022-10-25,284.2100,5.563414,9.642081,0,-0.296492,-0.133152
2022-10-26,277.9300,5.440482,9.643582,0,-0.312037,-0.133017
2022-10-27,272.8700,5.341433,9.645083,0,-0.324562,-0.132882
2022-10-28,281.2200,5.504884,9.646584,0,-0.303894,-0.132747
2022-10-31,277.9500,5.440874,9.648086,0,-0.311988,-0.132612
2022-11-01,275.1100,5.385281,9.649587,0,-0.319018,-0.132477
2022-11-02,265.6800,5.200689,9.651089,0,-0.342360,-0.132342
2022-11-03,260.4900,5.099094,9.652592,0,-0.355207,-0.132207
2022-11-04,264.6800,5.181114,9.654094,0,-0.344835,-0.132072
2022-11-07,267.5900,5.238077,9.655597,0,-0.337632,-0.131937
2022-11-08,269.5400,5.276248,9.657099,0,-0.332805,-0.131802
2022-11-09,263.3200,5.154492,9.658603,0,-0.348202,-0.131667
2022-11-10,282.7500,5.534834,9.660106,0,-0.300106,-0.131532
2022-11-11,287.9600,5.636820,9.661610,0,-0.287210,-0.131396
2022-11-14,285.4400,5.587491,9.663113,0,-0.293448,-0.131261
2022-11-15,289.3900,5.664812,9.664617,0,-0.283670,-0.131126
2022-11-16,285.4400,5.587491,9.666122,0,-0.293448,-0.130991
2022-11-17,284.8100,5.575159,9.667626,0,-0.295007,-0.130855
2022-11-18,284.8200,5.575354,9.669131,0,-0.294983,-0.130720
2022-11-21,281.8900,5.518000,9.670636,0,-0.302235,-0.130585
2022-11-22,285.9500,5.597474,9.672141,0,-0.292185,-0.130450
2022-11-23,288.8200,5.653654,9.673647,0,-0.285081,-0.130314
2022-11-25,286.9200,5.616462,9.675152,0,-0.289784,-0.130179
2022-11-28,282.7100,5.534051,9.676658,0,-0.300205,-0.130043
2022-11-29,280.5700,5.492160,9.678165,0,-0.305503,-0.129908
2022-11-30,293.3600,5.742525,9.679671,0,-0.273843,-0.129773
2022-12-01,293.7200,5.749572,9.681178,0,-0.272952,-0.129637
2022-12-02,292.5500,5.726669,9.682684,0,-0.275848,-0.129502
2022-12-05,287.6400,5.630556,9.684192,0,-0.288002,-0.129366
2022-12-06,281.6800,5.513889,9.685699,0,-0.302755,-0.129231
2022-12-07,280.5300,5.491377,9.687206,0,-0.305602,-0.129095
2022-12-08,283.8500,5.556367,9.688714,0,-0.297384,-0.128960
2022-12-09,282.0400,5.520936,9.690222,0,-0.301864,-0.128824
2022-12-12,285.5800,5.590231,9.691731,0,-0.293101,-0.128688
2022-12-13,288.6500,5.650327,9.693239,0,-0.285502,-0.128553
2022-12-14,286.5100,5.608436,9.694748,0,-0.290799,-0.128417
2022-12-15,276.8900,5.420124,9.696257,0,-0.314612,-0.128281
2022-12-16,274.2500,5.368446,9.697766,0,-0.321147,-0.128146
2022-12-19,269.7500,5.280359,9.699276,0,-0.332285,-0.128010
2022-12-20,269.5400,5.276248,9.700785,0,-0.332805,-0.127874
2022-12-21,273.4500,5.352786,9.702295,0,-0.323127,-0.127739
2022-12-22,266.7600,5.221830,9.703805,0,-0.339687,-0.127603
2022-12-23,267.3600,5.233575,9.705316,0,-0.338201,-0.127467
2022-12-27,263.5800,5.159581,9.706826,0,-0.347558,-0.127331
2022-12-28,260.1000,5.091460,9.708337,0,-0.356172,-0.127195
2022-12-29,266.4400,5.215566,9.709848,0,-0.340479,-0.127060
2022-12-30,266.2800,5.212434,9.711360,0,-0.340875,-0.126924
2023-01-03,264.4800,5.177199,9.712871,0,-0.345330,-0.126788
2023-01-04,265.7400,5.201863,9.714383,0,-0.342211,-0.126652
2023-01-05,261.5800,5.120431,9.715895,0,-0.352509,-0.126516
2023-01-06,268.8000,5.261763,9.717407,0,-0.334637,-0.126380
2023-01-09,270.5400,5.295823,9.718920,0,-0.330330,-0.126244
2023-01-10,272.8300,5.340650,9.720433,0,-0.324662,-0.126108
2023-01-11,277.5500,5.433044,9.721946,0,-0.312978,-0.125972
2023-01-12,279.0500,5.462406,9.723459,0,-0.309265,-0.125836
2023-01-13,280.9700,5.499991,9.724972,0,-0.304512,-0.125700
2023-01-17,281.5400,5.511148,9.726486,0,-0.303102,-0.125564
2023-01-18,277.8800,5.439504,9.728000,0,-0.312161,-0.125428
2023-01-19,275.1500,5.386064,9.729514,0,-0.318919,-0.125292
2023-01-20,282.6800,5.533464,9.731028,0,-0.300280,-0.125155
2023-01-23,288.9600,5.656395,9.732543,0,-0.284735,-0.125019
2023-01-24,288.3700,5.644846,9.734058,0,-0.286195,-0.124883
2023-01-25,287.7300,5.632318,9.735573,0,-0.287779,-0.124747
2023-01-26,293.3400,5.742133,9.737088,0,-0.273893,-0.124611
2023-01-27,296.2600,5.799292,9.738604,0,-0.266665,-0.124474
2023-01-30,290.2700,5.682038,9.740120,0,-0.281492,-0.124338
2023-01-31,294.6200,5.767189,9.741636,0,-0.270725,-0.124202
2023-02-01,300.9200,5.890512,9.743152,0,-0.255130,-0.124065
2023-02-02,311.7200,6.101922,9.744669,0,-0.228397,-0.123929
2023-02-03,306.1800,5.993476,9.746185,0,-0.242110,-0.123793
2023-02-06,303.5900,5.942777,9.747702,0,-0.248521,-0.123656
2023-02-07,309.8800,6.065904,9.749220,0,-0.232951,-0.123520
2023-02-08,304.3700,5.958046,9.750737,0,-0.246590,-0.123384
2023-02-09,301.6800,5.905389,9.752255,0,-0.253249,-0.123247
2023-02-10,299.7000,5.866630,9.753773,0,-0.258150,-0.123111
2023-02-13,304.5000,5.960590,9.755291,0,-0.246268,-0.122974
2023-02-14,306.7500,6.004634,9.756809,0,-0.240699,-0.122838
2023-02-15,309.1000,6.050636,9.758328,0,-0.234882,-0.122701
2023-02-16,303.3000,5.937100,9.759847,0,-0.249239,-0.122565
2023-02-17,301.1600,5.895210,9.761366,0,-0.254536,-0.122428
2023-02-21,294.0300,5.755640,9.762885,0,-0.272185,-0.122291
2023-02-22,294.2500,5.759947,9.764405,0,-0.271640,-0.122155
2023-02-23,296.8200,5.810254,9.765925,0,-0.265279,-0.122018
2023-02-24,291.8500,5.712967,9.767445,0,-0.277581,-0.121881
2023-02-27,293.9400,5.753878,9.768965,0,-0.272408,-0.121745
2023-02-28,293.5600,5.746440,9.770486,0,-0.273348,-0.121608
2023-03-01,291.2000,5.700243,9.772006,0,-0.279190,-0.121471
2023-03-02,293.6100,5.747419,9.773527,0,-0.273225,-0.121335
2023-03-03,299.6800,5.866239,9.775049,0,-0.258199,-0.121198
2023-03-06,300.0200,5.872894,9.776570,0,-0.257358,-0.121061
2023-03-07,296.3400,5.800858,9.778092,0,-0.266467,-0.120924
2023-03-08,297.8200,5.829829,9.779614,0,-0.262804,-0.120787
2023-03-09,292.6600,5.728822,9.781136,0,-0.275576,-0.120651
2023-03-10,288.5500,5.648369,9.782658,0,-0.285750,-0.120514
2023-03-13,290.6900,5.690260,9.784181,0,-0.280452,-0.120377
2023-03-14,297.3700,5.821021,10.004015,1,-0.263917,-0.100613
2023-03-15,298.9300,5.851558,10.056496,1,-0.260056,-0.095895
2023-03-16,306.8100,6.005809,10.321592,1,-0.240551,-0.072062
2023-03-17,305.3600,5.977425,10.272812,1,-0.244140,-0.076448
2023-03-20,305.9700,5.989366,10.293333,1,-0.242630,-0.074603
2023-03-21,310.3400,6.074909,10.440347,1,-0.231813,-0.061386
2023-03-22,306.1200,5.992302,10.298380,1,-0.242258,-0.074149
2023-03-23,309.7500,6.063359,10.420499,1,-0.233273,-0.063170
2023-03-24,310.8900,6.085675,10.458850,1,-0.230451,-0.059722
2023-03-27,308.7600,6.043980,10.387194,1,-0.235724,-0.066164
2023-03-28,307.1200,6.011877,10.332021,1,-0.239783,-0.071125
2023-03-29,312.7200,6.121497,10.520414,1,-0.225921,-0.054188
2023-03-30,315.6800,6.179439,10.619994,1,-0.218595,-0.045235
2023-03-31,320.9300,6.282208,10.796612,1,-0.205599,-0.029357
2023-04-03,320.1500,6.266939,10.770372,1,-0.207530,-0.031716
2023-04-04,319.0700,6.245798,10.734039,1,-0.210203,-0.034982
2023-04-05,315.9200,6.184137,10.628068,1,-0.218000,-0.044509
2023-04-06,318.0500,6.225832,10.699724,1,-0.212728,-0.038067
2023-04-10,317.8700,6.222308,10.693669,1,-0.213174,-0.038612
2023-04-11,315.8300,6.182375,10.625040,1,-0.218223,-0.044781
2023-04-12,313.0400,6.127761,10.531180,1,-0.225129,-0.053220
2023-04-13,319.1700,6.247756,10.737403,1,-0.209956,-0.034680
2023-04-14,318.5700,6.236011,10.717218,1,-0.211441,-0.036494
2023-04-17,318.8400,6.241296,10.726301,1,-0.210773,-0.035678
2023-04-18,318.8600,6.241688,10.726974,1,-0.210723,-0.035617
2023-04-19,318.7100,6.238751,10.721928,1,-0.211094,-0.036071
2023-04-20,316.2800,6.191184,10.640179,1,-0.217109,-0.043420
2023-04-21,316.6100,6.197644,10.651280,1,-0.216292,-0.042422
2023-04-24,315.9500,6.184724,10.629077,1,-0.217926,-0.044419
2023-04-25,309.9900,6.068057,10.428573,1,-0.232679,-0.062444
2023-04-26,311.8700,6.104858,10.491819,1,-0.228025,-0.056758
2023-04-27,320.3500,6.270854,10.777100,1,-0.207035,-0.031111
2023-04-28,322.5600,6.314115,10.851448,1,-0.201564,-0.024427
2023-05-01,322.1900,6.306872,10.839001,1,-0.202480,-0.025546
2023-05-02,319.3800,6.251867,10.744468,1,-0.209436,-0.034045
2023-05-03,317.2900,6.210955,10.674157,1,-0.214609,-0.040366
2023-05-04,316.1700,6.189031,10.636478,1,-0.217382,-0.043753
2023-05-05,322.8900,6.320575,10.862550,1,-0.200748,-0.023429
2023-05-08,323.6900,6.336235,10.889463,1,-0.198767,-0.021009
2023-05-09,321.6400,6.296106,10.820498,1,-0.203842,-0.027209
2023-05-10,325.1400,6.364619,10.938244,1,-0.195178,-0.016624
2023-05-11,326.2000,6.385368,10.973904,1,-0.192554,-0.013418
2023-05-12,325.0300,6.362465,10.934543,1,-0.195450,-0.016956
2023-05-15,326.7900,6.396917,10.993752,1,-0.191094,-0.011633
2023-05-16,327.1600,6.404160,11.006200,1,-0.190178,-0.010514
2023-05-17,331.1200,6.481677,11.139421,1,-0.180376,0.000000
2023-05-18,337.2700,6.602064,11.346317,1,-0.165153,0.000000
2023-05-19,336.5100,6.587187,11.320749,1,-0.167034,-0.002253
2023-05-22,337.6400,6.609306,11.358764,1,-0.164237,0.000000
2023-05-23,333.3600,6.525525,11.214778,1,-0.174831,-0.012676
2023-05-24,331.6500,6.492052,11.157251,1,-0.179064,-0.017741
2023-05-25,339.7200,6.650022,11.428739,1,-0.159088,0.000000
2023-05-26,348.4000,6.819933,11.720748,1,-0.137602,0.000000
2023-05-30,349.9800,6.850862,11.773902,1,-0.133691,0.000000
2023-05-31,347.9900,6.811908,11.706955,1,-0.138617,-0.005686
2023-06-01,352.0100,6.890599,11.842195,1,-0.128667,0.000000
2023-06-02,354.6500,6.942277,11.931009,1,-0.122132,0.000000
2023-06-05,354.9000,6.947171,11.939419,1,-0.121513,0.000000
2023-06-06,354.8400,6.945996,11.937400,1,-0.121661,-0.000169
2023-06-07,348.8200,6.828155,11.734878,1,-0.136563,-0.017132
2023-06-08,353.1500,6.912915,11.880546,1,-0.125845,-0.004931
2023-06-09,354.5000,6.939341,11.925962,1,-0.122503,-0.001127
2023-06-12,360.4900,7.056595,12.127476,1,-0.107676,0.000000
2023-06-13,363.2600,7.110818,12.220663,1,-0.100819,0.000000
2023-06-14,365.9000,7.162496,12.309477,1,-0.094285,0.000000
2023-06-15,370.2600,7.247843,12.456155,1,-0.083492,0.000000
2023-06-16,367.9300,7.202233,12.377770,1,-0.089260,-0.006293
2023-06-20,366.9000,7.182071,12.343119,1,-0.091809,-0.009075
2023-06-21,361.9000,7.084196,12.174910,1,-0.104186,-0.022579
2023-06-22,366.1700,7.167781,12.318560,1,-0.093616,-0.011046
2023-06-23,362.5400,7.096724,12.196441,1,-0.102602,-0.020850
2023-06-26,357.6800,7.001590,12.032943,1,-0.114632,-0.033976
2023-06-27,363.8300,7.121976,12.239839,1,-0.099408,-0.017366
2023-06-28,364.5400,7.135874,12.263724,1,-0.097651,-0.015449
2023-06-29,363.8100,7.121584,12.239166,1,-0.099458,-0.017420
2023-06-30,369.4200,7.231400,12.427896,1,-0.085571,-0.002269
2023-07-03,370.2900,7.248430,12.457164,1,-0.083418,0.000000
2023-07-05,370.2800,7.248235,12.456827,1,-0.083443,-0.000027
2023-07-06,367.4600,7.193033,12.361958,1,-0.090423,-0.007643
2023-07-07,366.2400,7.169152,12.320915,1,-0.093443,-0.010937
2023-07-10,366.3600,7.171501,12.324952,1,-0.093146,-0.010613
2023-07-11,368.1700,7.206931,12.385844,1,-0.088666,-0.005725
2023-07-12,372.8200,7.297955,12.542277,1,-0.077155,0.000000
2023-07-13,379.1500,7.421865,12.755229,1,-0.061487,0.000000
2023-07-14,379.0700,7.420299,12.752537,1,-0.061685,-0.000211
2023-07-17,382.6100,7.489594,12.871629,1,-0.052922,0.000000
2023-07-18,385.7400,7.550864,12.976927,1,-0.045174,0.000000
2023-07-19,385.6500,7.549103,12.973899,1,-0.045397,-0.000233
2023-07-20,376.7600,7.375081,12.674825,1,-0.067403,-0.023280
2023-07-21,375.6300,7.352961,12.636810,1,-0.070200,-0.026209
2023-07-24,376.2300,7.364706,12.656995,1,-0.068715,-0.024654
2023-07-25,378.7800,7.414622,12.742781,1,-0.062403,-0.018043
2023-07-26,377.5200,7.389958,12.700393,1,-0.065521,-0.021310
2023-07-27,376.6200,7.372340,12.670115,1,-0.067749,-0.023643
2023-07-28,383.4800,7.506625,12.900897,1,-0.050769,-0.005859
2023-07-31,383.6800,7.510540,12.907625,1,-0.050274,-0.005340
2023-08-01,382.7900,7.493118,12.877684,1,-0.052477,-0.007648
2023-08-02,374.3900,7.328688,12.595095,1,-0.073269,-0.029424
2023-08-03,373.7900,7.316943,12.574910,1,-0.074754,-0.030979
2023-08-04,372.0400,7.282687,12.516037,1,-0.079086,-0.035516
2023-08-07,375.1900,7.344348,12.622008,1,-0.071289,-0.027350
2023-08-08,372.0000,7.281904,12.514691,1,-0.079185,-0.035620
2023-08-09,367.9100,7.201842,12.377097,1,-0.089309,-0.046223
2023-08-10,368.5900,7.215153,12.399973,1,-0.087626,-0.044460
2023-08-11,366.2400,7.169152,12.320915,1,-0.093443,-0.050552
2023-08-14,370.3500,7.249605,12.459182,1,-0.083269,-0.039897
2023-08-15,366.4200,7.172675,12.326971,1,-0.092997,-0.050086
2023-08-16,362.5400,7.096724,12.196441,1,-0.102602,-0.060144
2023-08-17,358.5800,7.019207,12.063220,1,-0.112404,-0.070410
2023-08-18,358.1300,7.010398,12.048081,1,-0.113518,-0.071577
2023-08-21,363.9000,7.123346,12.242194,1,-0.099235,-0.056618
2023-08-22,363.3800,7.113167,12.224700,1,-0.100522,-0.057967
2023-08-23,369.1100,7.225332,12.417467,1,-0.086339,-0.043112
2023-08-24,361.2200,7.070885,12.152034,1,-0.105869,-0.063566
2023-08-25,364.0200,7.125695,12.246231,1,-0.098938,-0.056307
2023-08-28,366.7600,7.179331,12.338409,1,-0.092156,-0.049204
2023-08-29,374.7700,7.336126,12.607878,1,-0.072329,-0.028439
2023-08-30,376.8600,7.377038,12.678189,1,-0.067155,-0.023021
2023-08-31,377.9900,7.399158,12.716204,1,-0.064358,-0.020091
2023-09-01,377.5900,7.391328,12.702748,1,-0.065348,-0.021128
2023-09-05,378.0700,7.400724,12.718896,1,-0.064160,-0.019884
2023-09-06,374.7400,7.335539,12.606869,1,-0.072403,-0.028517
2023-09-07,372.0600,7.283078,12.516710,1,-0.079037,-0.035464
2023-09-08,372.5800,7.293257,12.534203,1,-0.077749,-0.034116
2023-09-11,376.9700,7.379191,12.681890,1,-0.066883,-0.022736
2023-09-12,372.7900,7.297368,12.541268,1,-0.077230,-0.033572
2023-09-13,374.2100,7.325164,12.589039,1,-0.073715,-0.029891
2023-09-14,377.2700,7.385064,12.691982,1,-0.066140,-0.021958
2023-09-15,370.8100,7.258609,12.474657,1,-0.082131,-0.038705
2023-09-18,370.6600,7.255673,12.469611,1,-0.082502,-0.039094
2023-09-19,369.8700,7.240209,12.443034,1,-0.084458,-0.041142
2023-09-20,364.5400,7.135874,12.263724,1,-0.097651,-0.054959
2023-09-21,357.8600,7.005113,12.038998,1,-0.114186,-0.072277
2023-09-22,357.9100,7.006092,12.040680,1,-0.114062,-0.072147
2023-09-25,359.6100,7.039369,12.097871,1,-0.109854,-0.067740
2023-09-26,354.2100,6.933664,11.916206,1,-0.123221,-0.081739
2023-09-27,355.0400,6.949911,11.944129,1,-0.121166,-0.079587
2023-09-28,358.0100,7.008049,12.044044,1,-0.113815,-0.071888
2023-09-29,358.2700,7.013139,12.052791,1,-0.113171,-0.071214
2023-10-02,361.2600,7.071668,12.153380,1,-0.105770,-0.063462
2023-10-03,354.9200,6.947562,11.940092,1,-0.121463,-0.079898
2023-10-04,359.7500,7.042110,12.102581,1,-0.109508,-0.067377
2023-10-05,358.6900,7.021360,12.066921,1,-0.112131,-0.070125
2023-10-06,364.7000,7.139006,12.269107,1,-0.097255,-0.054545
2023-10-09,366.5600,7.175416,12.331680,1,-0.092651,-0.049723
2023-10-10,368.5900,7.215153,12.399973,1,-0.087626,-0.044460
2023-10-11,371.2200,7.266635,12.488451,1,-0.081116,-0.037642
2023-10-12,369.9300,7.241383,12.445053,1,-0.084309,-0.040986
2023-10-13,365.2800,7.150360,12.288619,1,-0.095819,-0.053041
2023-10-16,369.4100,7.231204,12.427559,1,-0.085596,-0.042334
2023-10-17,368.2000,7.207519,12.386853,1,-0.088591,-0.045471
2023-10-18,363.3700,7.112971,12.224364,1,-0.100547,-0.057992
2023-10-19,359.9700,7.046416,12.109982,1,-0.108963,-0.066807
2023-10-20,354.6000,6.941298,11.929326,1,-0.122256,-0.080728
2023-10-23,355.6700,6.962244,11.965323,1,-0.119607,-0.077954
2023-10-24,359.1300,7.029973,12.081723,1,-0.111042,-0.068984
2023-10-25,350.3400,6.857909,11.786013,1,-0.132800,-0.091772
2023-10-26,343.6600,6.727148,11.561287,1,-0.149335,-0.109089
2023-10-27,345.3100,6.759447,11.616796,1,-0.145251,-0.104812
2023-10-30,349.2000,6.835593,11.747662,1,-0.135622,-0.094727
2023-10-31,350.8700,6.868284,11.803843,1,-0.131488,-0.090398
2023-11-01,356.9600,6.987495,12.008721,1,-0.116414,-0.074610
2023-11-02,363.4400,7.114342,12.226719,1,-0.100374,-0.057811
2023-11-03,367.7100,7.197927,12.370368,1,-0.089804,-0.046741
2023-11-06,369.2100,7.227289,12.420831,1,-0.086091,-0.042853
2023-11-07,372.7000,7.295606,12.538240,1,-0.077452,-0.033805
2023-11-08,372.9400,7.300304,12.546314,1,-0.076858,-0.033183
2023-11-09,370.0700,7.244124,12.449763,1,-0.083962,-0.040623
2023-11-10,378.3900,7.406988,12.729661,1,-0.063368,-0.019054
2023-11-13,377.2100,7.383889,12.689964,1,-0.066289,-0.022113
2023-11-14,385.3300,7.542839,12.963134,1,-0.046189,-0.001063
2023-11-15,385.6200,7.548515,12.972890,1,-0.045471,-0.000311
2023-11-16,385.9500,7.554975,12.983992,1,-0.044655,0.000000
2023-11-17,386.0400,7.556737,12.987020,1,-0.044432,0.000000
2023-11-20,390.7400,7.648739,13.145135,1,-0.032798,0.000000
2023-11-21,388.4700,7.604304,13.068769,1,-0.038417,-0.005809
2023-11-22,390.0600,7.635428,13.122259,1,-0.034481,-0.001740
2023-11-24,389.5100,7.624662,13.103756,1,-0.035842,-0.003148
2023-11-27,389.1700,7.618007,13.092318,1,-0.036684,-0.004018
2023-11-28,390.1900,7.637973,13.126632,1,-0.034159,-0.001408
2023-11-29,389.8100,7.630535,13.113849,1,-0.035100,-0.002380
2023-11-30,388.8300,7.611351,13.080880,1,-0.037526,-0.004888
2023-12-01,389.9400,7.633079,13.118222,1,-0.034778,-0.002047
2023-12-04,386.3200,7.562218,12.996439,1,-0.043739,-0.011312
2023-12-05,387.2900,7.581206,13.029072,1,-0.041338,-0.008829
2023-12-06,385.0500,7.537358,12.953714,1,-0.046882,-0.014562
2023-12-07,390.4300,7.642671,13.134706,1,-0.033565,-0.000793
2023-12-08,392.1700,7.676732,13.193243,1,-0.029258,0.000000
2023-12-11,395.5200,7.742308,13.305942,1,-0.020966,0.000000
2023-12-12,398.6700,7.803969,13.411914,1,-0.013169,0.000000
2023-12-13,403.7400,7.903214,13.582477,1,-0.000619,0.000000
2023-12-14,403.3900,7.896363,13.570702,1,-0.001485,-0.000867
2023-12-15,405.3400,7.934534,13.636303,1,0.000000,0.000000
2023-12-18,407.0800,7.968595,13.694840,1,0.000000,0.000000
2023-12-19,409.1600,8.009311,13.764814,1,0.000000,0.000000
2023-12-20,403.0800,7.890295,13.560273,1,-0.014860,-0.014860
2023-12-21,407.7700,7.982102,13.718053,1,-0.003397,-0.003397
2023-12-22,408.3800,7.994042,13.738574,1,-0.001906,-0.001906
2023-12-26,410.8800,8.042980,13.822678,1,0.000000,0.000000
2023-12-27,411.5000,8.055117,13.843536,1,0.000000,0.000000
2023-12-28,411.3000,8.051202,13.836808,1,-0.000486,-0.000486
2023-12-29,409.5200,8.016358,13.776925,1,-0.004812,-0.004812
2024-01-02,402.5900,7.880703,13.543789,1,-0.021652,-0.021652
2024-01-03,398.3300,7.797314,13.400475,1,-0.032005,-0.032005
2024-01-04,396.2800,7.757185,13.331510,1,-0.036987,-0.036987
2024-01-05,396.7500,7.766385,13.347322,1,-0.035844,-0.035844
2024-01-08,404.9500,7.926900,13.623183,1,-0.015917,-0.015917
2024-01-09,405.7500,7.942560,13.650096,1,-0.013973,-0.013973
2024-01-10,408.5000,7.996392,13.742611,1,-0.007290,-0.007290
2024-01-11,409.3500,8.013030,13.771206,1,-0.005225,-0.005225
2024-01-12,409.5600,8.017141,13.778271,1,-0.004714,-0.004714
2024-01-16,409.5200,8.016358,13.776925,1,-0.004812,-0.004812
2024-01-17,407.2100,7.971140,13.699213,1,-0.010425,-0.010425
2024-01-18,412.9900,8.084283,13.893662,1,0.000000,0.000000
2024-01-19,421.1800,8.244603,14.169187,1,0.000000,0.000000
2024-01-22,421.7300,8.255369,14.187690,1,0.000000,0.000000
2024-01-23,423.4800,8.289625,14.246563,1,0.000000,0.000000
2024-01-24,425.8300,8.335626,14.325621,1,0.000000,0.000000
2024-01-25,426.3500,8.345805,14.343114,1,0.000000,0.000000
2024-01-26,423.8100,8.296085,14.257665,1,-0.005958,-0.005958
2024-01-29,428.1500,8.381040,14.403669,1,0.000000,0.000000
2024-01-30,425.3000,8.325252,14.307791,1,-0.006657,-0.006657
2024-01-31,416.9700,8.162192,14.027556,1,-0.026112,-0.026112
2024-02-01,421.8800,8.258305,14.192736,1,-0.014644,-0.014644
2024-02-02,429.0100,8.397875,14.432601,1,0.000000,0.000000
2024-02-05,428.4500,8.386913,14.413762,1,-0.001305,-0.001305
2024-02-06,427.5900,8.370078,14.384830,1,-0.003310,-0.003310
2024-02-07,431.9900,8.456208,14.532853,1,0.000000,0.000000
2024-02-08,432.7900,8.471868,14.559766,1,0.000000,0.000000
2024-02-09,437.0500,8.555258,14.703080,1,0.000000,0.000000
2024-02-12,435.3400,8.521785,14.645553,1,-0.003913,-0.003913
2024-02-13,428.5500,8.388870,14.417126,1,-0.019449,-0.019449
2024-02-14,433.2200,8.480286,14.574232,1,-0.008763,-0.008763
2024-02-15,434.5100,8.505538,14.617630,1,-0.005812,-0.005812
2024-02-16,430.5700,8.428412,14.485082,1,-0.014827,-0.014827
2024-02-20,427.3200,8.364793,14.375747,1,-0.022263,-0.022263
2024-02-21,425.6100,8.331320,14.318219,1,-0.026175,-0.026175
2024-02-22,438.0700,8.575225,14.737394,1,0.000000,0.000000
2024-02-23,436.7800,8.549973,14.693997,1,-0.002945,-0.002945
2024-02-26,436.5500,8.545471,14.686259,1,-0.003470,-0.003470
2024-02-27,437.6000,8.566024,14.721583,1,-0.001073,-0.001073
2024-02-28,435.2700,8.520415,14.643198,1,-0.006392,-0.006392
2024-02-29,439.0000,8.593429,14.768681,1,0.000000,0.000000
2024-03-01,445.6100,8.722820,14.991052,1,0.000000,0.000000
2024-03-04,444.0200,8.691696,14.937562,1,-0.003568,-0.003568
2024-03-05,436.0500,8.535683,14.669438,1,-0.021454,-0.021454
2024-03-06,438.7900,8.589319,14.761616,1,-0.015305,-0.015305
2024-03-07,445.4500,8.719688,14.985670,1,-0.000359,-0.000359
2024-03-08,439.0200,8.593821,14.769354,1,-0.014789,-0.014789
2024-03-11,437.3900,8.561914,14.714518,1,-0.018447,-0.018447
2024-03-12,443.6600,8.684649,14.925451,1,-0.004376,-0.004376
2024-03-13,440.2500,8.617898,14.810733,1,-0.012028,-0.012028
2024-03-14,439.1400,8.596170,14.773391,1,-0.014519,-0.014519
2024-03-15,433.9200,8.493988,14.597782,1,-0.026234,-0.026234
2024-03-18,437.4800,8.563675,14.717546,1,-0.018245,-0.018245
2024-03-19,438.5700,8.585012,14.754215,1,-0.015799,-0.015799
2024-03-20,443.7700,8.686802,14.929152,1,-0.004129,-0.004129
2024-03-21,445.8700,8.727910,14.999799,1,0.000000,0.000000
2024-03-22,446.3800,8.737893,15.016956,1,0.000000,0.000000
2024-03-25,444.7600,8.706181,14.962457,1,-0.003629,-0.003629
2024-03-26,443.3200,8.677993,14.914013,1,-0.006855,-0.006855
2024-03-27,444.8300,8.707552,14.964812,1,-0.003472,-0.003472
2024-03-28,444.0100,8.691500,14.937226,1,-0.005309,-0.005309
2024-04-01,444.9500,8.709901,14.968849,1,-0.003204,-0.003204
2024-04-02,441.1100,8.634733,14.839665,1,-0.011806,-0.011806
2024-04-03,442.1000,8.654112,14.872970,1,-0.009588,-0.009588
2024-04-04,435.3400,8.521785,14.645553,1,-0.024732,-0.024732
2024-04-05,440.4700,8.622205,14.818134,1,-0.013240,-0.013240
2024-04-08,440.6000,8.624749,14.822508,1,-0.012949,-0.012949
2024-04-09,442.2300,8.656657,14.877344,1,-0.009297,-0.009297
2024-04-10,438.3700,8.581097,14.747487,1,-0.017944,-0.017944
2024-04-11,445.3700,8.718122,14.982978,1,-0.002263,-0.002263
2024-04-12,438.2700,8.579140,14.744123,1,-0.018168,-0.018168
2024-04-15,431.0600,8.438004,14.501566,1,-0.034321,-0.034321
2024-04-16,431.1000,8.438787,14.502912,1,-0.034231,-0.034231
2024-04-17,425.8400,8.335822,14.325957,1,-0.046015,-0.046015
2024-04-18,423.4100,8.288255,14.244208,1,-0.051458,-0.051458
2024-04-19,414.6500,8.116778,13.949507,1,-0.071083,-0.071083
2024-04-22,418.8200,8.198406,14.089793,1,-0.061741,-0.061741
2024-04-23,425.0700,8.320749,14.300053,1,-0.047740,-0.047740
2024-04-24,426.5100,8.348937,14.348497,1,-0.044514,-0.044514
2024-04-25,424.4500,8.308613,14.279195,1,-0.049129,-0.049129
2024-04-26,431.0000,8.436829,14.499548,1,-0.034455,-0.034455
2024-04-29,432.7500,8.471085,14.558421,1,-0.030535,-0.030535
2024-04-30,424.5900,8.311353,14.283905,1,-0.048815,-0.048815
2024-05-01,421.5200,8.251258,14.180625,1,-0.055692,-0.055692
2024-05-02,426.9000,8.356572,14.361617,1,-0.043640,-0.043640
2024-05-03,435.4800,8.524525,14.650262,1,-0.024419,-0.024419
2024-05-06,440.2500,8.617898,14.810733,1,-0.013733,-0.013733
2024-05-07,440.3200,8.619268,14.813088,1,-0.013576,-0.013576
2024-05-08,440.0600,8.614179,14.804341,1,-0.014158,-0.014158
2024-05-09,441.0200,8.632971,14.836637,1,-0.012008,-0.012008
2024-05-10,442.0600,8.653329,14.871624,1,-0.009678,-0.009678
2024-05-13,443.0800,8.673295,14.905939,1,-0.007393,-0.007393
2024-05-14,445.9300,8.729084,15.001818,1,-0.001008,-0.001008
2024-05-15,452.9000,8.865522,15.236300,1,0.000000,0.000000
2024-05-16,451.9800,8.847513,15.205350,1,-0.002031,-0.002031
2024-05-17,451.7600,8.843206,15.197948,1,-0.002517,-0.002517
2024-05-20,454.9100,8.904868,15.303920,1,0.000000,0.000000
2024-05-21,455.8000,8.922289,15.333861,1,0.000000,0.000000
2024-05-22,455.7100,8.920528,15.330833,1,-0.000197,-0.000197
2024-05-23,453.6600,8.880399,15.261868,1,-0.004695,-0.004695
2024-05-24,457.9500,8.964376,15.406190,1,0.000000,0.000000
2024-05-28,459.6800,8.998241,15.464390,1,0.000000,0.000000
2024-05-29,456.4400,8.934817,15.355391,1,-0.007048,-0.007048
2024-05-30,451.5500,8.839096,15.190884,1,-0.017686,-0.017686
2024-05-31,450.7100,8.822653,15.162625,1,-0.019514,-0.019514
2024-06-03,453.1300,8.870024,15.244037,1,-0.014249,-0.014249
2024-06-04,454.3700,8.894297,15.285753,1,-0.011552,-0.011552
2024-06-05,463.5300,9.073604,15.593911,1,0.000000,0.000000
2024-06-06,463.3700,9.070472,15.588528,1,-0.000345,-0.000345
2024-06-07,462.9600,9.062447,15.574735,1,-0.001230,-0.001230
2024-06-10,464.8300,9.099052,15.637645,1,0.000000,0.000000
2024-06-11,468.0200,9.161496,15.744962,1,0.000000,0.000000
2024-06-12,474.1500,9.281491,15.951185,1,0.000000,0.000000
2024-06-13,476.7200,9.331799,16.037644,1,0.000000,0.000000
2024-06-14,479.1900,9.380149,16.120739,1,0.000000,0.000000
2024-06-17,485.0600,9.495054,16.318215,1,0.000000,0.000000
2024-06-18,485.2100,9.497991,16.323261,1,0.000000,0.000000
2024-06-20,481.4700,9.424780,16.197442,1,-0.007708,-0.007708
2024-06-21,480.1800,9.399528,16.154044,1,-0.010367,-0.010367
2024-06-24,473.9600,9.277772,15.944793,1,-0.023186,-0.023186
2024-06-25,479.3800,9.383868,16.127131,1,-0.012015,-0.012015
2024-06-26,480.3700,9.403247,16.160436,1,-0.009975,-0.009975
2024-06-27,481.6100,9.427520,16.202151,1,-0.007419,-0.007419
2024-06-28,479.1100,9.378583,16.118047,1,-0.012572,-0.012572
2024-07-01,481.9200,9.433589,16.212580,1,-0.006781,-0.006781
2024-07-02,486.9800,9.532638,16.382807,1,0.000000,0.000000
2024-07-03,491.0400,9.612113,16.519392,1,0.000000,0.000000
2024-07-05,496.1600,9.712337,16.691637,1,0.000000,0.000000
2024-07-08,497.3400,9.735435,16.731334,1,0.000000,0.000000
2024-07-09,497.7700,9.743853,16.745800,1,0.000000,0.000000
2024-07-10,502.9600,9.845447,16.920401,1,0.000000,0.000000
2024-07-11,491.9300,9.629535,16.549333,1,-0.021930,-0.021930
2024-07-12,494.8200,9.686106,16.646558,1,-0.016184,-0.016184
2024-07-15,496.1500,9.712141,16.691301,1,-0.013540,-0.013540
2024-07-16,496.3400,9.715860,16.697693,1,-0.013162,-0.013162
2024-07-17,481.7700,9.430652,16.207534,1,-0.042131,-0.042131
2024-07-18,479.4900,9.386021,16.130831,1,-0.046664,-0.046664
2024-07-19,475.2400,9.302828,15.987854,1,-0.055114,-0.055114
2024-07-22,482.3200,9.441419,16.226037,1,-0.041037,-0.041037
2024-07-23,480.6200,9.408141,16.168846,1,-0.044417,-0.044417
2024-07-24,463.3800,9.070668,15.588864,1,-0.078694,-0.078694
2024-07-25,458.2700,8.970640,15.416956,1,-0.088854,-0.088854
2024-07-26,462.9700,9.062642,15.575071,1,-0.079509,-0.079509
2024-07-29,463.9000,9.080847,15.606358,1,-0.077660,-0.077660
2024-07-30,457.5300,8.956154,15.392061,1,-0.090325,-0.090325
2024-07-31,471.0700,9.221200,15.847569,1,-0.063405,-0.063405
2024-08-01,459.6600,8.997849,15.463717,1,-0.086090,-0.086090
2024-08-02,448.7500,8.784286,15.096687,1,-0.107782,-0.107782
2024-08-05,435.3700,8.522372,14.646562,1,-0.134384,-0.134384
2024-08-06,439.5300,8.603804,14.786511,1,-0.126113,-0.126113
2024-08-07,434.7700,8.510627,14.626377,1,-0.135577,-0.135577
2024-08-08,448.0700,8.770975,15.073811,1,-0.109134,-0.109134
2024-08-09,450.4100,8.816780,15.152532,1,-0.104481,-0.104481
2024-08-12,451.3800,8.835768,15.185165,1,-0.102553,-0.102553
2024-08-13,462.5800,9.055008,15.561951,1,-0.080285,-0.080285
2024-08-14,462.7300,9.057944,15.566997,1,-0.079986,-0.079986
2024-08-15,474.4200,9.286776,15.960268,1,-0.056744,-0.056744
2024-08-16,475.0300,9.298717,15.980789,1,-0.055531,-0.055531
2024-08-19,481.2700,9.420865,16.190713,1,-0.043125,-0.043125
2024-08-20,480.2600,9.401094,16.156735,1,-0.045133,-0.045133
2024-08-21,482.5000,9.444942,16.232093,1,-0.040679,-0.040679
2024-08-22,474.8500,9.295193,15.974734,1,-0.055889,-0.055889
2024-08-23,480.0000,9.396005,16.147988,1,-0.045650,-0.045650
2024-08-26,475.3400,9.304785,15.991218,1,-0.054915,-0.054915
2024-08-27,476.7600,9.332582,16.038989,1,-0.052092,-0.052092
2024-08-28,471.3500,9.226681,15.856988,1,-0.062848,-0.062848
2024-08-29,470.6600,9.213174,15.833775,1,-0.064220,-0.064220
2024-08-30,476.2700,9.322990,16.022505,1,-0.053066,-0.053066
2024-09-03,461.8100,9.039935,15.536047,1,-0.081816,-0.081816
2024-09-04,460.6100,9.016445,15.495677,1,-0.084202,-0.084202
2024-09-05,461.0400,9.024863,15.510143,1,-0.083347,-0.083347
2024-09-06,448.6900,8.783111,15.094669,1,-0.107901,-0.107901
2024-09-09,454.4600,8.896059,15.288781,1,-0.096429,-0.096429
2024-09-10,458.6600,8.978274,15.430076,1,-0.088079,-0.088079
2024-09-11,468.6200,9.173241,15.765147,1,-0.068276,-0.068276
2024-09-12,473.2200,9.263286,15.919898,1,-0.059130,-0.059130
2024-09-13,475.3400,9.304785,15.991218,1,-0.054915,-0.054915
2024-09-16,473.2400,9.263678,15.920571,1,-0.059090,-0.059090
2024-09-17,473.4900,9.268571,15.928981,1,-0.058593,-0.058593
2024-09-18,471.4400,9.228443,15.860016,1,-0.062669,-0.062669
2024-09-19,483.3600,9.461777,16.261024,1,-0.038969,-0.038969
2024-09-20,482.4400,9.443768,16.230074,1,-0.040798,-0.040798
2024-09-23,483.0400,9.455513,16.250259,1,-0.039606,-0.039606
2024-09-24,485.3700,9.501123,16.328644,1,-0.034973,-0.034973
2024-09-25,485.8200,9.509931,16.343783,1,-0.034078,-0.034078
2024-09-26,489.4700,9.581380,16.466575,1,-0.026821,-0.026821
2024-09-27,486.7500,9.528136,16.375069,1,-0.032229,-0.032229
2024-09-30,488.0700,9.553975,16.419476,1,-0.029605,-0.029605
2024-10-01,481.2700,9.420865,16.190713,1,-0.043125,-0.043125
2024-10-02,481.9500,9.434176,16.213590,1,-0.041773,-0.041773
2024-10-03,481.5900,9.427129,16.201479,1,-0.042488,-0.042488
2024-10-04,487.3200,9.539294,16.394245,1,-0.031096,-0.031096
2024-10-07,482.1000,9.437112,16.218636,1,-0.041474,-0.041474
2024-10-08,489.3000,9.578052,16.460856,1,-0.027159,-0.027159
2024-10-09,493.1500,9.653416,16.590376,1,-0.019505,-0.019505
2024-10-10,492.5900,9.642454,16.571537,1,-0.020618,-0.020618
2024-10-11,493.3600,9.657527,16.597441,1,-0.019087,-0.019087
2024-10-14,497.5000,9.738567,16.736717,1,-0.010856,-0.010856
2024-10-15,490.8500,9.608394,16.513000,1,-0.024077,-0.024077
2024-10-16,490.9100,9.609568,16.515019,1,-0.023958,-0.023958
2024-10-17,491.2500,9.616224,16.526457,1,-0.023282,-0.023282
2024-10-18,494.4700,9.679255,16.634783,1,-0.016880,-0.016880
2024-10-21,495.4200,9.697851,16.666743,1,-0.014991,-0.014991
2024-10-22,495.9600,9.708422,16.684909,1,-0.013918,-0.013918
2024-10-23,488.3600,9.559652,16.429233,1,-0.029028,-0.029028
2024-10-24,492.3200,9.637169,16.562453,1,-0.021155,-0.021155
2024-10-25,495.3200,9.695894,16.663378,1,-0.015190,-0.015190
2024-10-28,495.4000,9.697460,16.666070,1,-0.015031,-0.015031
2024-10-29,500.1600,9.790637,16.826204,1,-0.005567,-0.005567
2024-10-30,496.3800,9.716643,16.699039,1,-0.013083,-0.013083
2024-10-31,483.8500,9.471368,16.277509,1,-0.037995,-0.037995
2024-11-01,487.4300,9.541447,16.397946,1,-0.030877,-0.030877
2024-11-04,486.0100,9.513651,16.350175,1,-0.033700,-0.033700
2024-11-05,492.2100,9.635016,16.558753,1,-0.021373,-0.021373
2024-11-06,505.5800,9.896733,17.008542,1,0.000000,0.000000
2024-11-07,513.5400,10.052551,17.276329,1,0.000000,0.000000
2024-11-08,514.1400,10.064296,17.296514,1,0.000000,0.000000
2024-11-11,513.8400,10.058423,17.286422,1,-0.000583,-0.000583
2024-11-12,512.9100,10.040218,17.255135,1,-0.002392,-0.002392
2024-11-13,512.2500,10.027299,17.232931,1,-0.003676,-0.003676
2024-11-14,508.6900,9.957612,17.113167,1,-0.010600,-0.010600
2024-11-15,496.5700,9.720363,16.705430,1,-0.034174,-0.034174
2024-11-18,500.0200,9.787896,16.821494,1,-0.027463,-0.027463
2024-11-19,503.4600,9.855234,16.937221,1,-0.020773,-0.020773
2024-11-20,503.1700,9.849558,16.927465,1,-0.021337,-0.021337
2024-11-21,504.9800,9.884988,16.988357,1,-0.017816,-0.017816
2024-11-22,505.7900,9.900844,17.015606,1,-0.016241,-0.016241
2024-11-25,506.5900,9.916504,17.042520,1,-0.014685,-0.014685
2024-11-26,509.3100,9.969748,17.134025,1,-0.009394,-0.009394
2024-11-27,505.3000,9.891252,16.999122,1,-0.017194,-0.017194
2024-11-29,509.7400,9.978165,17.148491,1,-0.008558,-0.008558
2024-12-02,515.2900,10.086807,17.335202,1,0.000000,0.000000
2024-12-03,516.8700,10.117735,17.388356,1,0.000000,0.000000
2024-12-04,523.2600,10.242820,17.603326,1,0.000000,0.000000
2024-12-05,521.8100,10.214436,17.554545,1,-0.002771,-0.002771
2024-12-06,526.4800,10.305851,17.711652,1,0.000000,0.000000
2024-12-09,522.3800,10.225594,17.573721,1,-0.007788,-0.007788
2024-12-10,520.6000,10.190750,17.513839,1,-0.011169,-0.011169
2024-12-11,529.9200,10.373189,17.827379,1,0.000000,0.000000
2024-12-12,526.5000,10.306243,17.712325,1,-0.006454,-0.006454
2024-12-13,530.5300,10.385130,17.847901,1,0.000000,0.000000
2024-12-16,538.1700,10.534683,18.104923,1,0.000000,0.000000
2024-12-17,535.8000,10.488290,18.025192,1,-0.004404,-0.004404
2024-12-18,516.4700,10.109905,17.374899,1,-0.040322,-0.040322
2024-12-19,514.1700,10.064883,17.297523,1,-0.044596,-0.044596
2024-12-20,518.6600,10.152775,17.448574,1,-0.036252,-0.036252
2024-12-23,522.8700,10.235185,17.590206,1,-0.028430,-0.028430
2024-12-24,529.9600,10.373972,17.828725,1,-0.015255,-0.015255
2024-12-26,529.6000,10.366925,17.816614,1,-0.015924,-0.015924
2024-12-27,522.5600,10.229117,17.579777,1,-0.029006,-0.029006
2024-12-30,515.6100,10.093071,17.345967,1,-0.041920,-0.041920
2024-12-31,511.2300,10.007332,17.198617,1,-0.050059,-0.050059
2025-01-02,510.2300,9.987757,17.164975,1,-0.051917,-0.051917
2025-01-03,518.5800,10.151209,17.445883,1,-0.036401,-0.036401
2025-01-06,524.5400,10.267876,17.646387,1,-0.025327,-0.025327
2025-01-07,515.1800,10.084654,17.331501,1,-0.042719,-0.042719
2025-01-08,515.2700,10.086415,17.334529,1,-0.042552,-0.042552
2025-01-10,507.1900,9.928249,17.062705,1,-0.057565,-0.057565
2025-01-13,505.5600,9.896342,17.007869,1,-0.060594,-0.060594
2025-01-14,505.0800,9.886946,16.991721,1,-0.061486,-0.061486
2025-01-15,516.7000,10.114408,17.382637,1,-0.039894,-0.039894
2025-01-16,513.0800,10.043546,17.260854,1,-0.046621,-0.046621
2025-01-17,521.7400,10.213066,17.552191,1,-0.030529,-0.030529
2025-01-21,524.8000,10.272965,17.655134,1,-0.024843,-0.024843
2025-01-22,531.5100,10.404313,17.880869,1,-0.012375,-0.012375
2025-01-23,532.6400,10.426433,17.918884,1,-0.010276,-0.010276
2025-01-24,529.6300,10.367512,17.817623,1,-0.015869,-0.015869
2025-01-27,514.2100,10.065666,17.298869,1,-0.044521,-0.044521
2025-01-28,521.8100,10.214436,17.554545,1,-0.030399,-0.030399
2025-01-29,520.8300,10.195252,17.521577,1,-0.032220,-0.032220
2025-01-30,523.0500,10.238709,17.596261,1,-0.028095,-0.028095
2025-01-31,522.2900,10.223832,17.570693,1,-0.029507,-0.029507
2025-02-03,518.1100,10.142008,17.430071,1,-0.037274,-0.037274
2025-02-04,524.4700,10.266505,17.644032,1,-0.025457,-0.025457
2025-02-05,526.8500,10.313094,17.724099,1,-0.021034,-0.021034
2025-02-06,529.6000,10.366925,17.816614,1,-0.015924,-0.015924
2025-02-07,522.9200,10.236164,17.591888,1,-0.028337,-0.028337
2025-02-10,529.2500,10.360074,17.804839,1,-0.016575,-0.016575
2025-02-11,527.9900,10.335409,17.762451,1,-0.018916,-0.018916
2025-02-12,528.3000,10.341478,17.772880,1,-0.018340,-0.018340
2025-02-13,535.9000,10.490248,18.028556,1,-0.004218,-0.004218
2025-02-14,538.1500,10.534292,18.104250,1,-0.000037,-0.000037
2025-02-18,539.3700,10.558173,18.145293,1,0.000000,0.000000
2025-02-19,539.5200,10.561109,18.150339,1,0.000000,0.000000
2025-02-20,537.2300,10.516283,18.073300,1,-0.004245,-0.004245
2025-02-21,526.0800,10.298021,17.698195,1,-0.024911,-0.024911
2025-02-24,519.8700,10.176460,17.489281,1,-0.036421,-0.036421
2025-02-25,513.3200,10.048244,17.268928,1,-0.048562,-0.048562
2025-02-26,514.5600,10.072517,17.310644,1,-0.046263,-0.046263
2025-02-27,500.2700,9.792790,16.829904,1,-0.072750,-0.072750
2025-02-28,508.1700,9.947433,17.095673,1,-0.058107,-0.058107
2025-03-03,497.0500,9.729759,16.721578,1,-0.078718,-0.078718
2025-03-04,495.5500,9.700396,16.671116,1,-0.081498,-0.081498
2025-03-05,502.0100,9.826851,16.888441,1,-0.069525,-0.069525
2025-03-06,488.2000,9.556520,16.423850,1,-0.095122,-0.095122
2025-03-07,491.7900,9.626794,16.544623,1,-0.088468,-0.088468
2025-03-10,472.7300,9.253694,15.903414,1,-0.123795,-0.123795
2025-03-11,471.6000,9.231575,15.865399,1,-0.125890,-0.125890
2025-03-12,476.9200,9.335714,16.044372,1,-0.116029,-0.116029
2025-03-13,468.3400,9.167760,15.755727,1,-0.131932,-0.131932
2025-03-14,479.6600,9.389349,16.136550,1,-0.110950,-0.110950
2025-03-17,482.7700,9.450227,16.241176,1,-0.105186,-0.105186
2025-03-18,474.5400,9.289125,15.964305,1,-0.120440,-0.120440
2025-03-19,480.8900,9.413426,16.177929,1,-0.108671,-0.108671
2025-03-20,479.2600,9.381519,16.123094,1,-0.111692,-0.111692
2025-03-21,480.8400,9.412448,16.176247,1,-0.108763,-0.108763
2025-03-24,490.6600,9.604674,16.506608,1,-0.090562,-0.090562
2025-03-25,493.4600,9.659484,16.600805,1,-0.085372,-0.085372
2025-03-26,484.3800,9.481743,16.295339,1,-0.102202,-0.102202
2025-03-27,481.6200,9.427716,16.202488,1,-0.107318,-0.107318
2025-03-28,468.9400,9.179505,15.775912,1,-0.130820,-0.130820
2025-03-31,468.9200,9.179114,15.775239,1,-0.130857,-0.130857
2025-04-01,472.7000,9.253107,15.902404,1,-0.123851,-0.123851
2025-04-02,476.1500,9.320641,16.018468,1,-0.117456,-0.117456
2025-04-03,450.6600,8.821674,15.160943,1,-0.164702,-0.164702
2025-04-04,422.6700,8.273769,14.219313,1,-0.216581,-0.216581
2025-04-07,423.6900,8.293736,14.253628,1,-0.214691,-0.214691
2025-04-08,416.0600,8.144379,13.996942,1,-0.228833,-0.228833
2025-04-09,466.0000,9.121955,15.677005,1,-0.136269,-0.136269
2025-04-10,446.1800,8.733978,15.010228,1,-0.173006,-0.173006
2025-04-11,454.4000,8.894884,15.286762,1,-0.157770,-0.157770
2025-04-14,457.4800,8.955175,15.390379,1,-0.152061,-0.152061
2025-04-15,457.9900,8.965159,15.385078,0,-0.151116,-0.152353
2025-04-16,444.1800,8.694828,15.387472,0,-0.176713,-0.152221
2025-04-17,444.1000,8.693262,15.389867,0,-0.176861,-0.152089
2025-04-21,433.1100,8.478132,15.392263,0,-0.197231,-0.151957
2025-04-22,444.4800,8.700700,15.394659,0,-0.176157,-0.151825
2025-04-23,454.5600,8.898016,15.397055,0,-0.157473,-0.151693
2025-04-24,467.3500,9.148381,15.399451,0,-0.133767,-0.151561
2025-04-25,472.5600,9.250367,15.401848,0,-0.124110,-0.151429
2025-04-28,472.4100,9.247430,15.404246,0,-0.124388,-0.151297
2025-04-29,475.5300,9.308504,15.406643,0,-0.118605,-0.151165
2025-04-30,475.4700,9.307330,15.409041,0,-0.118717,-0.151033
2025-05-01,481.6800,9.428891,15.411440,0,-0.107206,-0.150901
2025-05-02,488.8300,9.568852,15.413839,0,-0.093954,-0.150769
2025-05-05,485.9300,9.512085,15.416238,0,-0.099329,-0.150636
2025-05-06,481.4100,9.423605,15.418637,0,-0.107707,-0.150504
2025-05-07,483.3000,9.460602,15.421037,0,-0.104204,-0.150372
2025-05-08,488.2900,9.558282,15.423437,0,-0.094955,-0.150240
2025-05-09,487.9700,9.552018,15.425838,0,-0.095548,-0.150107
2025-05-12,507.8500,9.941169,15.428239,0,-0.058700,-0.149975
2025-05-13,515.5900,10.092679,15.430641,0,-0.044354,-0.149843
2025-05-14,518.6800,10.153166,15.433042,0,-0.038627,-0.149711
2025-05-15,519.2500,10.164324,15.435444,0,-0.037570,-0.149578
2025-05-16,521.5100,10.208563,15.437847,0,-0.033382,-0.149446
2025-05-19,522.0100,10.218351,15.440250,0,-0.032455,-0.149313
2025-05-20,520.2700,10.184290,15.442653,0,-0.035680,-0.149181
2025-05-21,513.0400,10.042763,15.445057,0,-0.049081,-0.149049
2025-05-22,514.0000,10.061555,15.447461,0,-0.047301,-0.148916
2025-05-23,509.2400,9.968378,15.449865,0,-0.056124,-0.148784
2025-05-27,521.2200,10.202887,15.452270,0,-0.033919,-0.148651
2025-05-28,518.9100,10.157668,15.454675,0,-0.038201,-0.148519
2025-05-29,519.9300,10.177635,15.457081,0,-0.036310,-0.148386
2025-05-30,519.1100,10.161583,15.459487,0,-0.037830,-0.148254
2025-06-02,523.2100,10.241841,15.461893,0,-0.030231,-0.148121
2025-06-03,527.3000,10.321903,15.464299,0,-0.022650,-0.147988
2025-06-04,528.7700,10.350678,15.466706,0,-0.019925,-0.147856
2025-06-05,524.7900,10.272769,15.469114,0,-0.027302,-0.147723
2025-06-06,529.9200,10.373189,15.471522,0,-0.017794,-0.147590
2025-06-09,530.7000,10.388458,15.473930,0,-0.016348,-0.147458
2025-06-10,534.2100,10.457166,15.476338,0,-0.009842,-0.147325
2025-06-11,532.4100,10.421931,15.478747,0,-0.013178,-0.147192
2025-06-12,533.6600,10.446400,15.481156,0,-0.010862,-0.147060
2025-06-13,526.9600,10.315247,15.483566,0,-0.023280,-0.146927
2025-06-16,534.2900,10.458732,15.485976,0,-0.009694,-0.146794
2025-06-17,529.0800,10.356746,15.488386,0,-0.019351,-0.146661
2025-06-18,528.9900,10.354984,15.490797,0,-0.019517,-0.146528
2025-06-20,526.8300,10.312702,15.493208,0,-0.023521,-0.146396
2025-06-23,531.6500,10.407054,15.495620,0,-0.014587,-0.146263
2025-06-24,539.7800,10.566199,15.498032,0,0.000000,-0.146130
2025-06-25,541.1600,10.593212,15.529885,1,0.000000,-0.144375
2025-06-26,546.2200,10.692262,15.675094,1,0.000000,-0.136375
2025-06-27,548.0900,10.728867,15.728758,1,0.000000,-0.133418
2025-06-30,551.6400,10.798358,15.830634,1,0.000000,-0.127805
2025-07-01,546.9900,10.707335,15.697191,1,-0.008429,-0.135157
2025-07-02,550.8000,10.781915,15.806528,1,-0.001523,-0.129133
2025-07-03,556.2200,10.888012,15.962068,1,0.000000,-0.120564
2025-07-07,552.0300,10.805993,15.841826,1,-0.007533,-0.127188
2025-07-08,552.3400,10.812061,15.850722,1,-0.006976,-0.126698
2025-07-09,556.2500,10.888599,15.962929,1,0.000000,-0.120516
2025-07-10,555.4500,10.872939,15.939971,1,-0.001438,-0.121781
2025-07-11,554.2000,10.848470,15.904099,1,-0.003685,-0.123757
2025-07-14,556.2100,10.887816,15.961781,1,-0.000072,-0.120579
2025-07-15,556.7200,10.897799,15.976417,1,0.000000,-0.119773
2025-07-16,557.2900,10.908957,15.992774,1,0.000000,-0.118872
2025-07-17,561.8000,10.997241,16.122200,1,0.000000,-0.111741
2025-07-18,561.2600,10.986670,16.106703,1,-0.000961,-0.112595
2025-07-21,564.1700,11.043633,16.190212,1,0.000000,-0.107994
2025-07-22,561.2500,10.986474,16.106416,1,-0.005176,-0.112611
2025-07-23,563.8100,11.036586,16.179881,1,-0.000638,-0.108563
2025-07-24,565.0100,11.060076,16.214318,1,0.000000,-0.106666
2025-07-25,566.3700,11.086698,16.253347,1,0.000000,-0.104516
2025-07-28,568.1400,11.121346,16.304141,1,0.000000,-0.101717
2025-07-29,567.2600,11.104120,16.278887,1,-0.001549,-0.103108
2025-07-30,568.0200,11.118997,16.300697,1,-0.000211,-0.101907
2025-07-31,565.0100,11.060076,16.214318,1,-0.005509,-0.106666
2025-08-01,553.8800,10.842206,15.894916,1,-0.025099,-0.124263
2025-08-04,564.1000,11.042263,16.188204,1,-0.007111,-0.108105
2025-08-05,560.2700,10.967291,16.078293,1,-0.013852,-0.114160
2025-08-06,567.3200,11.105295,16.280609,1,-0.001443,-0.103013
2025-08-07,569.2400,11.142879,16.335708,1,0.000000,-0.099978
2025-08-08,574.5500,11.246822,16.488091,1,0.000000,-0.091582
2025-08-11,572.8500,11.213544,16.439306,1,-0.002959,-0.094270
2025-08-12,580.0500,11.354484,16.645927,1,0.000000,-0.082886
2025-08-13,580.3400,11.360161,16.654249,1,0.000000,-0.082428
2025-08-14,579.8900,11.351352,16.641336,1,-0.000775,-0.083139
2025-08-15,577.3400,11.301436,16.568157,1,-0.005169,-0.087171
2025-08-18,577.1100,11.296934,16.561557,1,-0.005566,-0.087535
2025-08-19,569.2800,11.143662,16.336856,1,-0.019058,-0.099915
2025-08-20,565.9000,11.077498,16.239859,1,-0.024882,-0.105259
2025-08-21,563.2800,11.026212,16.164672,1,-0.029397,-0.109401
2025-08-22,571.9700,11.196318,16.414052,1,-0.014423,-0.095661
2025-08-25,570.3200,11.164020,16.366701,1,-0.017266,-0.098270
2025-08-26,572.6100,11.208846,16.432418,1,-0.013320,-0.094650
2025-08-27,573.4900,11.226072,16.457672,1,-0.011803,-0.093258
2025-08-28,577.0800,11.296347,16.560696,1,-0.005617,-0.087582
2025-08-29,570.4000,11.165586,16.368997,1,-0.017128,-0.098144
2025-09-02,565.6200,11.072017,16.231824,1,-0.025364,-0.105701
2025-09-03,570.0700,11.159126,16.359527,1,-0.017697,-0.098665
2025-09-04,575.2300,11.260133,16.507606,1,-0.008805,-0.090507
2025-09-05,576.0600,11.276380,16.531424,1,-0.007375,-0.089195
2025-09-08,578.8700,11.331386,16.612064,1,-0.002533,-0.084752
2025-09-09,580.5100,11.363489,16.659128,1,0.000000,-0.082159
2025-09-10,580.7000,11.367208,16.664580,1,0.000000,-0.081858
2025-09-11,584.0800,11.433372,16.761578,1,0.000000,-0.076514
2025-09-12,586.6600,11.483875,16.835617,1,0.000000,-0.072435
2025-09-15,591.6800,11.582142,16.979678,1,0.000000,-0.064498
2025-09-16,591.1800,11.572354,16.965329,1,-0.000845,-0.065289
2025-09-17,590.0000,11.549256,16.931466,1,-0.002839,-0.067154
2025-09-18,595.3200,11.653395,17.084136,1,0.000000,-0.058743
2025-09-19,599.3500,11.732282,17.199787,1,0.000000,-0.052371
2025-09-22,602.2000,11.788071,17.281575,1,0.000000,-0.047865
2025-09-23,598.2000,11.709771,17.166785,1,-0.006642,-0.054189
2025-09-24,596.1000,11.668663,17.106520,1,-0.010130,-0.057510
2025-09-25,593.5300,11.618356,17.032768,1,-0.014397,-0.061573
2025-09-26,595.9700,11.666119,17.102790,1,-0.010345,-0.057715
2025-09-29,598.7300,11.720146,17.181995,1,-0.005762,-0.053351
2025-09-30,600.3700,11.752249,17.229058,1,-0.003039,-0.050758
2025-10-01,603.2500,11.808625,17.311707,1,0.000000,-0.046205
2025-10-02,605.7300,11.857171,17.382876,1,0.000000,-0.042284
2025-10-03,603.1800,11.807254,17.309698,1,-0.004210,-0.046315
2025-10-06,607.7100,11.895929,17.439697,1,0.000000,-0.039153
2025-10-07,604.5100,11.833289,17.347866,1,-0.005266,-0.044213
2025-10-08,611.4400,11.968944,17.546739,1,0.000000,-0.033256
2025-10-09,610.7000,11.954458,17.525502,1,-0.001210,-0.034426
2025-10-10,589.5000,11.539468,16.917118,1,-0.035883,-0.067945
2025-10-13,602.0100,11.784352,17.276122,1,-0.015423,-0.048165
2025-10-14,598.0000,11.705856,17.161045,1,-0.021981,-0.054506
2025-10-15,602.2200,11.788462,17.282148,1,-0.015079,-0.047833
2025-10-16,599.9900,11.744810,17.218153,1,-0.018726,-0.051359
2025-10-17,603.9300,11.821936,17.331221,1,-0.012282,-0.045130
2025-10-20,611.5400,11.970901,17.549608,1,0.000000,-0.033097
2025-10-21,611.3800,11.967769,17.545017,1,-0.000262,-0.033350
2025-10-22,605.4900,11.852473,17.375989,1,-0.009893,-0.042663
2025-10-23,610.5800,11.952109,17.522059,1,-0.001570,-0.034615
2025-10-24,617.1000,12.079739,17.709166,1,0.000000,-0.024307
2025-10-27,628.0900,12.294868,18.024550,1,0.000000,-0.006930
2025-10-28,632.9200,12.389415,18.163159,1,0.000000,0.000000
2025-10-29,635.7700,12.445204,18.244946,1,0.000000,0.000000
2025-10-30,626.0500,12.254935,17.966008,1,-0.015289,-0.015289
2025-10-31,629.0700,12.314051,18.052674,1,-0.010538,-0.010538
2025-11-03,632.0800,12.372972,18.139053,1,-0.005804,-0.005804
2025-11-04,619.2500,12.121825,17.770865,1,-0.025984,-0.025984
2025-11-05,623.2800,12.200712,17.886516,1,-0.019645,-0.019645
2025-11-06,611.6700,11.973446,17.553339,1,-0.037907,-0.037907
2025-11-07,609.7400,11.935666,17.497953,1,-0.040942,-0.040942
2025-11-10,623.2300,12.199733,17.885081,1,-0.019724,-0.019724
2025-11-11,621.5700,12.167239,17.837443,1,-0.022335,-0.022335
2025-11-12,621.0800,12.157647,17.823381,1,-0.023106,-0.023106
2025-11-13,608.4000,11.909436,17.459498,1,-0.043050,-0.043050
2025-11-14,608.8600,11.918440,17.472699,1,-0.042327,-0.042327
2025-11-17,603.6600,11.816650,17.323473,1,-0.050506,-0.050506
2025-11-18,596.3100,11.672774,17.112547,1,-0.062066,-0.062066
2025-11-19,599.8700,11.742461,17.214710,1,-0.056467,-0.056467
2025-11-20,585.6700,11.464496,16.807206,1,-0.078802,-0.078802
2025-11-21,590.0700,11.550626,16.933475,1,-0.071881,-0.071881
2025-11-24,605.1600,11.846013,17.366519,1,-0.048146,-0.048146
2025-11-25,608.8900,11.919028,17.473560,1,-0.042279,-0.042279
2025-11-26,614.2700,12.024341,17.627952,1,-0.033817,-0.033817
2025-11-28,619.2500,12.121825,17.770865,1,-0.025984,-0.025984
2025-12-01,617.1700,12.081109,17.711175,1,-0.029256,-0.029256
2025-12-02,622.0000,12.175656,17.849783,1,-0.021659,-0.021659
2025-12-03,623.5200,12.205410,17.893403,1,-0.019268,-0.019268
2025-12-04,622.9400,12.194057,17.876759,1,-0.020180,-0.020180
2025-12-05,625.4800,12.243777,17.949650,1,-0.016185,-0.016185
2025-12-08,624.2800,12.220287,17.915213,1,-0.018073,-0.018073
2025-12-09,625.0500,12.235360,17.937310,1,-0.016861,-0.016861
2025-12-10,627.6100,12.285472,18.010775,1,-0.012835,-0.012835
2025-12-11,625.5800,12.245735,17.952520,1,-0.016028,-0.016028
2025-12-12,613.6200,12.011618,17.609299,1,-0.034840,-0.034840
2025-12-15,610.5400,11.951326,17.520911,1,-0.039684,-0.039684
2025-12-16,611.7500,11.975012,17.555635,1,-0.037781,-0.037781
2025-12-17,600.4100,11.753032,17.230206,1,-0.055618,-0.055618
2025-12-18,609.1100,11.923334,17.479874,1,-0.041933,-0.041933
2025-12-19,617.0500,12.078760,17.707731,1,-0.029445,-0.029445
2025-12-22,619.2100,12.121042,17.769717,1,-0.026047,-0.026047
2025-12-23,622.1100,12.177809,17.852940,1,-0.021486,-0.021486
2025-12-24,623.9300,12.213436,17.905169,1,-0.018623,-0.018623
2025-12-26,623.8900,12.212653,17.904021,1,-0.018686,-0.018686
2025-12-29,620.8700,12.153536,17.817355,1,-0.023436,-0.023436
2025-12-30,619.4300,12.125348,17.776031,1,-0.025701,-0.025701
2025-12-31,614.3100,12.025124,17.629100,1,-0.033754,-0.033754
2026-01-02,613.1200,12.001830,17.594950,1,-0.035626,-0.035626
2026-01-05,617.9900,12.097160,17.734706,1,-0.027966,-0.027966
2026-01-06,623.4200,12.203453,17.890533,1,-0.019425,-0.019425
2026-01-07,624.0200,12.215198,17.907752,1,-0.018482,-0.018482
2026-01-08,620.4700,12.145706,17.805876,1,-0.024065,-0.024065
2026-01-09,626.6500,12.266680,17.983226,1,-0.014345,-0.014345
2026-01-12,627.1700,12.276859,17.998149,1,-0.013527,-0.013527
2026-01-13,626.2400,12.258654,17.971460,1,-0.014990,-0.014990
2026-01-14,619.5500,12.127697,17.779474,1,-0.025512,-0.025512
2026-01-15,621.7800,12.171350,17.843470,1,-0.022005,-0.022005
2026-01-16,621.2600,12.161171,17.828547,1,-0.022823,-0.022823
2026-01-20,608.0600,11.902780,17.449741,1,-0.043585,-0.043585
2026-01-21,616.2800,12.063687,17.685634,1,-0.030656,-0.030656
2026-01-22,620.7600,12.151383,17.814198,1,-0.023609,-0.023609
2026-01-23,622.7200,12.189750,17.870445,1,-0.020526,-0.020526
2026-01-26,625.4600,12.243386,17.949076,1,-0.016217,-0.016217
2026-01-27,631.1300,12.354376,18.111790,1,-0.007298,-0.007298
2026-01-28,633.2200,12.395288,18.171768,1,-0.004011,-0.004011
2026-01-29,629.4300,12.321098,18.063005,1,-0.009972,-0.009972
2026-01-30,621.8700,12.173111,17.846052,1,-0.021863,-0.021863
2026-02-02,626.1400,12.256697,17.968590,1,-0.015147,-0.015147
2026-02-03,616.5200,12.068385,17.692521,1,-0.030278,-0.030278
2026-02-04,605.7500,11.857562,17.383450,1,-0.047218,-0.047218
2026-02-05,597.0300,11.686868,17.133209,1,-0.060934,-0.060934
2026-02-06,609.6500,11.933905,17.495370,1,-0.041084,-0.041084
2026-02-09,614.3200,12.025320,17.629387,1,-0.033739,-0.033739
2026-02-10,611.4700,11.969531,17.547599,1,-0.038221,-0.038221
2026-02-11,613.1100,12.001634,17.594663,1,-0.035642,-0.035642
2026-02-12,600.6400,11.757534,17.236807,1,-0.055256,-0.055256
2026-02-13,601.9200,11.782590,17.273539,1,-0.053243,-0.053243
2026-02-17,601.3000,11.770453,17.255747,1,-0.054218,-0.054218
2026-02-18,605.7900,11.858345,17.384598,1,-0.047155,-0.047155
2026-02-19,603.4700,11.812931,17.318020,1,-0.050805,-0.050805
2026-02-20,608.8100,11.917462,17.471264,1,-0.042405,-0.042405
2026-02-23,601.4100,11.772607,17.258904,1,-0.054045,-0.054045
2026-02-24,607.8700,11.899061,17.444289,1,-0.043884,-0.043884
2026-02-25,616.6800,12.071517,17.697113,1,-0.030027,-0.030027
2026-02-26,609.2400,11.925879,17.483604,1,-0.041729,-0.041729
2026-02-27,607.2900,11.887708,17.427644,1,-0.044796,-0.044796
2026-03-02,608.0900,11.903368,17.450602,1,-0.043538,-0.043538
2026-03-03,601.5800,11.775934,17.263782,1,-0.053777,-0.053777
2026-03-04,610.7500,11.955437,17.526937,1,-0.039354,-0.039354
2026-03-05,608.9100,11.919419,17.474134,1,-0.042248,-0.042248
2026-03-06,599.7500,11.740112,17.211266,1,-0.056656,-0.056656
2026-03-09,607.7600,11.896908,17.441132,1,-0.044057,-0.044057
2026-03-10,607.7700,11.897104,17.441419,1,-0.044041,-0.044041
2026-03-11,607.6900,11.895538,17.439123,1,-0.044167,-0.044167
2026-03-12,597.2600,11.691370,17.139809,1,-0.060572,-0.060572
2026-03-13,593.7200,11.622075,17.038221,1,-0.066140,-0.066140
2026-03-16,600.3800,11.752444,17.229345,1,-0.055665,-0.055665
2026-03-17,603.3100,11.809799,17.313429,1,-0.051056,-0.051056
2026-03-18,594.9000,11.645173,17.072083,1,-0.064284,-0.064284
2026-03-19,593.0200,11.608372,17.018132,1,-0.067241,-0.067241
2026-03-20,582.0600,11.393830,16.703609,1,-0.084480,-0.084480
2026-03-23,588.0000,11.510106,16.874071,1,-0.075137,-0.075137
2026-03-24,583.9800,11.431414,16.758708,1,-0.081460,-0.081460
2026-03-25,587.8200,11.506582,16.868906,1,-0.075420,-0.075420
2026-03-26,573.7900,11.231945,16.466281,1,-0.097488,-0.097488
2026-03-27,562.5800,11.012509,16.144584,1,-0.115120,-0.115120
2026-03-30,558.2800,10.928336,16.021185,1,-0.121884,-0.121884
2026-03-31,577.1800,11.298304,16.563566,1,-0.092156,-0.092156
2026-04-01,584.3100,11.437874,16.768178,1,-0.080941,-0.080941
2026-04-02,584.9800,11.450989,16.787405,1,-0.079887,-0.079887
2026-04-06,588.5000,11.519893,16.888420,1,-0.074351,-0.074351
2026-04-07,588.5900,11.521655,16.891003,1,-0.074209,-0.074209
2026-04-08,606.0900,11.864218,17.393207,1,-0.046684,-0.046684
2026-04-09,610.1900,11.944475,17.510867,1,-0.040235,-0.040235
2026-04-10,611.0700,11.961701,17.536120,1,-0.038851,-0.038851
2026-04-13,617.3900,12.085415,17.717488,1,-0.028910,-0.028910
2026-04-14,628.6000,12.304851,18.039186,1,-0.011278,-0.011278
2026-04-15,637.4000,12.477111,18.291723,1,0.000000,0.000000
2026-04-16,640.4700,12.537207,18.379824,1,0.000000,0.000000
2026-04-17,648.8500,12.701245,18.620308,1,0.000000,0.000000
2026-04-20,646.7900,12.660921,18.561192,1,-0.003175,-0.003175
2026-04-21,644.3300,12.612766,18.490596,1,-0.006966,-0.006966
2026-04-22,655.1100,12.823785,18.799954,1,0.000000,0.000000
2026-04-23,651.4200,12.751553,18.694061,1,-0.005633,-0.005633
2026-04-24,663.8800,12.995458,19.051630,1,0.000000,0.000000
2026-04-27,664.2300,13.002309,19.061674,1,0.000000,0.000000
2026-04-28,657.5500,12.871548,18.869976,1,-0.010057,-0.010057
2026-04-29,661.5700,12.950239,18.985339,1,-0.004005,-0.004005
2026-04-30,667.7400,13.071017,19.162402,1,0.000000,0.000000
2026-05-01,674.1500,13.196493,19.346352,1,0.000000,0.000000
2026-05-04,672.8800,13.171633,19.309907,1,-0.001884,-0.001884
2026-05-05,681.6100,13.342522,19.560435,1,0.000000,0.000000
2026-05-06,695.7700,13.619705,19.966790,1,0.000000,0.000000
2026-05-07,694.9400,13.603457,19.942971,1,-0.001193,-0.001193
2026-05-08,711.2300,13.922334,20.410452,1,0.000000,0.000000
2026-05-11,713.2900,13.962659,20.469569,1,0.000000,0.000000
2026-05-12,707.2400,13.844230,20.295949,1,-0.008482,-0.008482
2026-05-13,714.7100,13.990455,20.510319,1,0.000000,0.000000
2026-05-14,719.7900,14.089896,20.656102,1,0.000000,0.000000
2026-05-15,708.9300,13.877312,20.344448,1,-0.015088,-0.015088
2026-05-18,705.8800,13.817608,20.256921,1,-0.019325,-0.019325
2026-05-19,701.5300,13.732457,20.132087,1,-0.025369,-0.025369
2026-05-20,713.1500,13.959918,20.465551,1,-0.009225,-0.009225
2026-05-21,714.5100,13.986540,20.504580,1,-0.007335,-0.007335
2026-05-22,717.5400,14.045853,20.591533,1,-0.003126,-0.003126
2026-05-26,730.2800,14.295238,20.957138,1,0.000000,0.000000
2026-05-27,729.4500,14.278991,20.933319,1,-0.001137,-0.001137
2026-05-28,735.6000,14.399377,21.109808,1,0.000000,0.000000
2026-05-29,738.3100,14.452425,21.187578,1,0.000000,0.000000
2026-06-01,742.7400,14.539143,21.314707,1,0.000000,0.000000
2026-06-02,746.1600,14.606089,21.412852,1,0.000000,0.000000
2026-06-03,744.2100,14.567918,21.356892,1,-0.002613,-0.002613
2026-06-04,740.6100,14.497448,21.253582,1,-0.007438,-0.007438
2026-06-05,705.0600,13.801556,20.233389,1,-0.055082,-0.055082
2026-06-08,716.0700,14.017077,20.549348,1,-0.040326,-0.040326
2026-06-09,707.8300,13.855779,20.312881,1,-0.051370,-0.051370
2026-06-10,693.6900,13.578989,19.907100,1,-0.070320,-0.070320
2026-06-11,717.1200,14.037631,20.579480,1,-0.038919,-0.038919
2026-06-12,721.3400,14.120238,20.700583,1,-0.033264,-0.033264
2026-06-15,744.0000,14.563807,21.350866,1,-0.002895,-0.002895
2026-06-16,729.8600,14.287017,20.945085,1,-0.021845,-0.021845
2026-06-17,722.5100,14.143140,20.734159,1,-0.031696,-0.031696
2026-06-18,740.6200,14.497644,21.253869,1,-0.007425,-0.007425
2026-06-22,737.9500,14.445378,21.177247,1,-0.011003,-0.011003
2026-06-23,719.1900,14.078151,20.638883,1,-0.036145,-0.036145
