date,bh,fixed_50_200,wf_anchored_calmar,wf_rolling5y_calmar
2009-02-19,0.968974,1.000156,1.000156,1.000156
2009-02-20,0.968974,1.000311,1.000311,1.000311
2009-02-23,0.928401,1.000467,1.000467,1.000467
2009-02-24,0.954654,1.000623,1.000623,1.000623
2009-02-25,0.957041,1.000778,1.000778,1.000778
2009-02-26,0.945107,1.000934,1.000934,1.000934
2009-02-27,0.942721,1.001090,1.001090,1.001090
2009-03-02,0.911695,1.001246,1.001246,1.001246
2009-03-03,0.914081,1.001402,1.001402,1.001402
2009-03-04,0.933174,1.001558,1.001558,1.001558
2009-03-05,0.902148,1.001713,1.001713,1.001713
2009-03-06,0.897375,1.001869,1.001869,1.001869
2009-03-09,0.875895,1.002025,1.002025,1.002025
2009-03-10,0.930788,1.002181,1.002181,1.002181
2009-03-11,0.954654,1.002337,1.002337,1.002337
2009-03-12,0.980907,1.002493,1.002493,1.002493
2009-03-13,0.980907,1.002649,1.002649,1.002649
2009-03-16,0.964200,1.002805,1.002805,1.002805
2009-03-17,0.997613,1.002961,1.002961,1.002961
2009-03-18,1.016706,1.003118,1.003118,1.003118
2009-03-19,1.019093,1.003274,1.003274,1.003274
2009-03-20,1.000000,1.003430,1.003430,1.003430
2009-03-23,1.062053,1.003586,1.003586,1.003586
2009-03-24,1.047733,1.003742,1.003742,1.003742
2009-03-25,1.052506,1.003899,1.003899,1.003899
2009-03-26,1.088305,1.004055,1.004055,1.004055
2009-03-27,1.062053,1.004211,1.004211,1.004211
2009-03-30,1.033413,1.004367,1.004367,1.004367
2009-03-31,1.050119,1.004524,1.004524,1.004524
2009-04-01,1.073986,1.004680,1.004680,1.004680
2009-04-02,1.105012,1.004836,1.004836,1.004836
2009-04-03,1.126492,1.004993,1.004993,1.004993
2009-04-06,1.112172,1.005149,1.005149,1.005149
2009-04-07,1.083532,1.005306,1.005306,1.005306
2009-04-08,1.102625,1.005462,1.005462,1.005462
2009-04-09,1.138425,1.005619,1.005619,1.005619
2009-04-13,1.133652,1.005775,1.005775,1.005775
2009-04-14,1.121718,1.005932,1.005932,1.005932
2009-04-15,1.116945,1.006088,1.006088,1.006088
2009-04-16,1.150358,1.006245,1.006245,1.006245
2009-04-17,1.150358,1.006402,1.006402,1.006402
2009-04-20,1.114558,1.006558,1.006558,1.006558
2009-04-21,1.136038,1.006715,1.006715,1.006715
2009-04-22,1.140811,1.006872,1.006872,1.006872
2009-04-23,1.143198,1.007028,1.007028,1.007028
2009-04-24,1.171838,1.007185,1.007185,1.007185
2009-04-27,1.164678,1.007342,1.007342,1.007342
2009-04-28,1.155131,1.007499,1.007499,1.007499
2009-04-29,1.181384,1.007655,1.007655,1.007655
2009-04-30,1.186158,1.007812,1.007812,1.007812
2009-05-01,1.195704,1.007969,1.007969,1.007969
2009-05-04,1.217184,1.008126,1.008126,1.008126
2009-05-05,1.210024,1.008283,1.008283,1.008283
2009-05-06,1.212411,1.008440,1.008440,1.008440
2009-05-07,1.174224,1.008597,1.008597,1.008597
2009-05-08,1.176611,1.008754,1.008754,1.008754
2009-05-11,1.176611,1.008911,1.008911,1.008911
2009-05-12,1.169451,1.009068,1.009068,1.009068
2009-05-13,1.138425,1.009225,1.009225,1.009225
2009-05-14,1.155131,1.009382,1.009382,1.009382
2009-05-15,1.155131,1.009539,1.009539,1.009539
2009-05-18,1.186158,1.009696,1.009696,1.009696
2009-05-19,1.193317,1.009853,1.009853,1.009853
2009-05-20,1.186158,1.010011,1.010011,1.010011
2009-05-21,1.169451,1.010168,1.010168,1.010168
2009-05-22,1.164678,1.010325,1.010325,1.010325
2009-05-26,1.202864,1.010482,1.010482,1.010482
2009-05-27,1.193317,1.010640,1.010640,1.010640
2009-05-28,1.207637,1.010797,1.010797,1.010797
2009-05-29,1.217184,1.010954,1.010954,1.010954
2009-06-01,1.262530,1.011112,1.011112,1.011112
2009-06-02,1.255370,1.004875,1.004875,1.004875
2009-06-03,1.248210,0.999144,0.999144,0.999144
2009-06-04,1.269690,1.016337,1.016337,1.016337
2009-06-05,1.274463,1.020158,1.020158,1.020158
2009-06-08,1.269690,1.016337,1.016337,1.016337
2009-06-09,1.284010,1.027800,1.027800,1.027800
2009-06-10,1.281623,1.025889,1.025889,1.025889
2009-06-11,1.288783,1.031620,1.031620,1.031620
2009-06-12,1.284010,1.027800,1.027800,1.027800
2009-06-15,1.262530,1.010606,1.010606,1.010606
2009-06-16,1.248210,0.999144,0.999144,0.999144
2009-06-17,1.255370,1.004875,1.004875,1.004875
2009-06-18,1.252983,1.002964,1.002964,1.002964
2009-06-19,1.264916,1.012516,1.012516,1.012516
2009-06-22,1.229117,0.983860,0.983860,0.983860
2009-06-23,1.229117,0.983860,0.983860,0.983860
2009-06-24,1.245823,0.997233,0.997233,0.997233
2009-06-25,1.269690,1.016337,1.016337,1.016337
2009-06-26,1.269690,1.016337,1.016337,1.016337
2009-06-29,1.276850,1.022068,1.022068,1.022068
2009-06-30,1.269690,1.016337,1.016337,1.016337
2009-07-01,1.279236,1.023979,1.023979,1.023979
2009-07-02,1.250597,1.001054,1.001054,1.001054
2009-07-06,1.243437,0.995323,0.995323,0.995323
2009-07-07,1.212411,0.970487,0.970487,0.970487
2009-07-08,1.212411,0.970487,0.970487,0.970487
2009-07-09,1.217184,0.974308,0.974308,0.974308
2009-07-10,1.224344,0.980039,0.980039,0.980039
2009-07-13,1.245823,0.997233,0.997233,0.997233
2009-07-14,1.252983,1.002964,1.002964,1.002964
2009-07-15,1.305489,1.044993,1.044993,1.044993
2009-07-16,1.326969,1.062187,1.062187,1.062187
2009-07-17,1.338902,1.071739,1.071739,1.071739
2009-07-20,1.353222,1.083202,1.083202,1.083202
2009-07-21,1.357995,1.087022,1.087022,1.087022
2009-07-22,1.367542,1.094664,1.094664,1.094664
2009-07-23,1.391408,1.113768,1.113768,1.113768
2009-07-24,1.386635,1.109947,1.109947,1.109947
2009-07-27,1.381862,1.106126,1.106126,1.106126
2009-07-28,1.386635,1.109947,1.109947,1.109947
2009-07-29,1.381862,1.106126,1.106126,1.106126
2009-07-30,1.391408,1.113768,1.113768,1.113768
2009-07-31,1.389021,1.111858,1.111858,1.111858
2009-08-03,1.405728,1.125231,1.125231,1.125231
2009-08-04,1.405728,1.125231,1.125231,1.125231
2009-08-05,1.393795,1.115678,1.115678,1.115678
2009-08-06,1.384248,1.108037,1.108037,1.108037
2009-08-07,1.400955,1.121410,1.121410,1.121410
2009-08-10,1.391408,1.113768,1.113768,1.113768
2009-08-11,1.379475,1.104216,1.104216,1.104216
2009-08-12,1.400955,1.121410,1.121410,1.121410
2009-08-13,1.412888,1.130962,1.130962,1.130962
2009-08-14,1.398568,1.119499,1.119499,1.119499
2009-08-17,1.360382,1.088933,1.088933,1.088933
2009-08-18,1.381862,1.106126,1.106126,1.106126
2009-08-19,1.391408,1.113768,1.113768,1.113768
2009-08-20,1.405728,1.125231,1.125231,1.125231
2009-08-21,1.422434,1.138603,1.138603,1.138603
2009-08-24,1.422434,1.138603,1.138603,1.138603
2009-08-25,1.422434,1.138603,1.138603,1.138603
2009-08-26,1.427208,1.142424,1.142424,1.142424
2009-08-27,1.431981,1.146245,1.146245,1.146245
2009-08-28,1.434368,1.148155,1.148155,1.148155
2009-08-31,1.422434,1.138603,1.138603,1.138603
2009-09-01,1.391408,1.113768,1.113768,1.113768
2009-09-02,1.393795,1.115678,1.115678,1.115678
2009-09-03,1.403341,1.123320,1.123320,1.123320
2009-09-04,1.427208,1.142424,1.142424,1.142424
2009-09-08,1.439141,1.151976,1.151976,1.151976
2009-09-09,1.451074,1.161528,1.161528,1.161528
2009-09-10,1.472554,1.178722,1.178722,1.178722
2009-09-11,1.467780,1.174901,1.174901,1.174901
2009-09-14,1.470167,1.176812,1.176812,1.176812
2009-09-15,1.479714,1.184453,1.184453,1.184453
2009-09-16,1.494033,1.195916,1.195916,1.195916
2009-09-17,1.491647,1.194005,1.194005,1.194005
2009-09-18,1.491647,1.194005,1.194005,1.194005
2009-09-21,1.494033,1.195916,1.195916,1.195916
2009-09-22,1.501193,1.201647,1.201647,1.201647
2009-09-23,1.496420,1.197826,1.197826,1.197826
2009-09-24,1.484487,1.188274,1.188274,1.188274
2009-09-25,1.474940,1.180632,1.180632,1.180632
2009-09-28,1.501193,1.201647,1.201647,1.201647
2009-09-29,1.489260,1.192095,1.192095,1.192095
2009-09-30,1.489260,1.192095,1.192095,1.192095
2009-10-01,1.448687,1.159618,1.159618,1.159618
2009-10-02,1.441527,1.153887,1.153887,1.153887
2009-10-05,1.455847,1.165349,1.165349,1.165349
2009-10-06,1.484487,1.188274,1.188274,1.188274
2009-10-07,1.489260,1.192095,1.192095,1.192095
2009-10-08,1.494033,1.195916,1.195916,1.195916
2009-10-09,1.515513,1.213109,1.213109,1.213109
2009-10-12,1.517900,1.215020,1.215020,1.215020
2009-10-13,1.520286,1.216930,1.216930,1.216930
2009-10-14,1.541766,1.234124,1.234124,1.234124
2009-10-15,1.536993,1.230303,1.230303,1.230303
2009-10-16,1.522673,1.218841,1.218841,1.218841
2009-10-19,1.536993,1.230303,1.230303,1.230303
2009-10-20,1.536993,1.230303,1.230303,1.230303
2009-10-21,1.529833,1.224572,1.224572,1.224572
2009-10-22,1.536993,1.230303,1.230303,1.230303
2009-10-23,1.532220,1.226482,1.226482,1.226482
2009-10-26,1.525060,1.220751,1.220751,1.220751
2009-10-27,1.510740,1.209288,1.209288,1.209288
2009-10-28,1.482100,1.186364,1.186364,1.186364
2009-10-29,1.510740,1.209288,1.209288,1.209288
2009-10-30,1.470167,1.176812,1.176812,1.176812
2009-11-02,1.474940,1.180632,1.180632,1.180632
2009-11-03,1.474940,1.180632,1.180632,1.180632
2009-11-04,1.484487,1.188274,1.188274,1.188274
2009-11-05,1.520286,1.216930,1.216930,1.216930
2009-11-06,1.522673,1.218841,1.218841,1.218841
2009-11-09,1.553699,1.243676,1.243676,1.243676
2009-11-10,1.553699,1.243676,1.243676,1.243676
2009-11-11,1.563246,1.251317,1.251317,1.251317
2009-11-12,1.553699,1.243676,1.243676,1.243676
2009-11-13,1.570406,1.257049,1.257049,1.257049
2009-11-16,1.584726,1.268511,1.268511,1.268511
2009-11-17,1.594272,1.276153,1.276153,1.276153
2009-11-18,1.584726,1.268511,1.268511,1.268511
2009-11-19,1.560859,1.249407,1.249407,1.249407
2009-11-20,1.548926,1.239855,1.239855,1.239855
2009-11-23,1.572792,1.258959,1.258959,1.258959
2009-11-24,1.565632,1.253228,1.253228,1.253228
2009-11-25,1.570406,1.257049,1.257049,1.257049
2009-11-27,1.544153,1.236034,1.236034,1.236034
2009-11-30,1.548926,1.239855,1.239855,1.239855
2009-12-01,1.570406,1.257049,1.257049,1.257049
2009-12-02,1.570406,1.257049,1.257049,1.257049
2009-12-03,1.568019,1.255138,1.255138,1.255138
2009-12-04,1.582339,1.266601,1.266601,1.266601
2009-12-07,1.577566,1.262780,1.262780,1.262780
2009-12-08,1.565632,1.253228,1.253228,1.253228
2009-12-09,1.579952,1.264690,1.264690,1.264690
2009-12-10,1.584726,1.268511,1.268511,1.268511
2009-12-11,1.579952,1.264690,1.264690,1.264690
2009-12-14,1.596659,1.278063,1.278063,1.278063
2009-12-15,1.589499,1.272332,1.272332,1.272332
2009-12-16,1.596659,1.278063,1.278063,1.278063
2009-12-17,1.579952,1.264690,1.264690,1.264690
2009-12-18,1.601432,1.281884,1.281884,1.281884
2009-12-21,1.620525,1.297167,1.297167,1.297167
2009-12-22,1.620525,1.297167,1.297167,1.297167
2009-12-23,1.632458,1.306719,1.306719,1.306719
2009-12-24,1.646778,1.318182,1.318182,1.318182
2009-12-28,1.649165,1.320092,1.320092,1.320092
2009-12-29,1.649165,1.320092,1.320092,1.320092
2009-12-30,1.653938,1.323913,1.323913,1.323913
2009-12-31,1.637232,1.310540,1.310540,1.310540
2010-01-04,1.663484,1.331555,1.331555,1.331555
2010-01-05,1.663484,1.331555,1.331555,1.331555
2010-01-06,1.651551,1.322003,1.322003,1.322003
2010-01-07,1.644391,1.316271,1.316271,1.316271
2010-01-08,1.658711,1.327734,1.327734,1.327734
2010-01-11,1.651551,1.322003,1.322003,1.322003
2010-01-12,1.630072,1.304809,1.304809,1.304809
2010-01-13,1.646778,1.318182,1.318182,1.318182
2010-01-14,1.656325,1.325823,1.325823,1.325823
2010-01-15,1.637232,1.310540,1.310540,1.310540
2010-01-19,1.658711,1.327734,1.327734,1.327734
2010-01-20,1.637232,1.310540,1.310540,1.310540
2010-01-21,1.620525,1.297167,1.297167,1.297167
2010-01-22,1.560859,1.249407,1.249407,1.249407
2010-01-25,1.570406,1.257049,1.257049,1.257049
2010-01-26,1.570406,1.257049,1.257049,1.257049
2010-01-27,1.579952,1.264690,1.264690,1.264690
2010-01-28,1.536993,1.230303,1.230303,1.230303
2010-01-29,1.503580,1.203557,1.203557,1.203557
2010-02-01,1.527446,1.222661,1.222661,1.222661
2010-02-02,1.539379,1.232213,1.232213,1.232213
2010-02-03,1.544153,1.236034,1.236034,1.236034
2010-02-04,1.498807,1.199736,1.199736,1.199736
2010-02-05,1.513126,1.211199,1.211199,1.211199
2010-02-08,1.505967,1.205468,1.205468,1.205468
2010-02-09,1.522673,1.218841,1.218841,1.218841
2010-02-10,1.517900,1.215020,1.215020,1.215020
2010-02-11,1.539379,1.232213,1.232213,1.232213
2010-02-12,1.541766,1.234124,1.234124,1.234124
2010-02-16,1.563246,1.251317,1.251317,1.251317
2010-02-17,1.570406,1.257049,1.257049,1.257049
2010-02-18,1.584726,1.268511,1.268511,1.268511
2010-02-19,1.584726,1.268511,1.268511,1.268511
2010-02-22,1.579952,1.264690,1.264690,1.264690
2010-02-23,1.558473,1.247497,1.247497,1.247497
2010-02-24,1.572792,1.258959,1.247067,1.247067
2010-02-25,1.568019,1.255138,1.242661,1.242661
2010-02-26,1.570406,1.257049,1.244552,1.244552
2010-03-01,1.596659,1.278063,1.265358,1.265358
2010-03-02,1.594272,1.276153,1.263466,1.263466
2010-03-03,1.596659,1.278063,1.265358,1.265358
2010-03-04,1.603819,1.283794,1.271032,1.271032
2010-03-05,1.622912,1.299078,1.286163,1.286163
2010-03-08,1.632458,1.306719,1.293729,1.293729
2010-03-09,1.637232,1.310540,1.297512,1.297512
2010-03-10,1.651551,1.322003,1.308860,1.308860
2010-03-11,1.656325,1.325823,1.312643,1.312643
2010-03-12,1.656325,1.325823,1.312643,1.312643
2010-03-15,1.651551,1.322003,1.308860,1.308860
2010-03-16,1.663484,1.331555,1.318317,1.318317
2010-03-17,1.673031,1.339196,1.325883,1.325883
2010-03-18,1.673031,1.339196,1.325883,1.325883
2010-03-19,1.658711,1.327734,1.314534,1.314534
2010-03-22,1.673031,1.339196,1.325883,1.325883
2010-03-23,1.689737,1.352569,1.339123,1.339123
2010-03-24,1.677804,1.343017,1.329666,1.329666
2010-03-25,1.680191,1.344927,1.331557,1.331557
2010-03-26,1.677804,1.343017,1.329666,1.329666
2010-03-29,1.677804,1.343017,1.329666,1.329666
2010-03-30,1.687351,1.350659,1.337231,1.337231
2010-03-31,1.675418,1.341107,1.327774,1.327774
2010-04-01,1.675418,1.341107,1.327774,1.327774
2010-04-05,1.699284,1.360211,1.346689,1.346689
2010-04-06,1.701671,1.362121,1.348580,1.348580
2010-04-07,1.696897,1.358300,1.344797,1.344797
2010-04-08,1.696897,1.358300,1.344797,1.344797
2010-04-09,1.711217,1.369763,1.356146,1.356146
2010-04-12,1.715990,1.373584,1.359928,1.359928
2010-04-13,1.723150,1.379315,1.365603,1.365603
2010-04-14,1.754177,1.404150,1.390191,1.390191
2010-04-15,1.761337,1.409881,1.395865,1.395865
2010-04-16,1.739857,1.392688,1.378843,1.378843
2010-04-19,1.737470,1.390777,1.376951,1.376951
2010-04-20,1.749403,1.400329,1.386408,1.386408
2010-04-21,1.756563,1.406061,1.392082,1.392082
2010-04-22,1.763723,1.411792,1.397757,1.397757
2010-04-23,1.770883,1.417523,1.403431,1.403431
2010-04-26,1.768496,1.415613,1.401540,1.401540
2010-04-27,1.730310,1.385046,1.371277,1.371277
2010-04-28,1.735084,1.388867,1.375060,1.375060
2010-04-29,1.751790,1.402240,1.388300,1.388300
2010-04-30,1.713604,1.371673,1.358037,1.358037
2010-05-03,1.737470,1.390777,1.376951,1.376951
2010-05-04,1.684964,1.348748,1.335340,1.335340
2010-05-05,1.673031,1.339196,1.325883,1.325883
2010-05-06,1.613365,1.291436,1.278598,1.278598
2010-05-07,1.579952,1.264690,1.278157,1.278157
2010-05-10,1.656325,1.325823,1.278356,1.278356
2010-05-11,1.651551,1.322003,1.274035,1.274035
2010-05-12,1.692124,1.354480,1.305333,1.305333
2010-05-13,1.668258,1.335375,1.286922,1.286922
2010-05-14,1.632458,1.306719,1.259306,1.259306
2010-05-17,1.637232,1.310540,1.258872,1.258872
2010-05-18,1.610979,1.289526,1.259068,1.259068
2010-05-19,1.601432,1.281884,1.259264,1.259264
2010-05-20,1.541766,1.234124,1.259460,1.259460
2010-05-21,1.558473,1.247497,1.259656,1.259656
2010-05-24,1.548926,1.239855,1.259852,1.259852
2010-05-25,1.544153,1.236034,1.260048,1.260048
2010-05-26,1.534606,1.228393,1.260244,1.260244
2010-05-27,1.591885,1.274242,1.260441,1.260441
2010-05-28,1.575179,1.260869,1.260637,1.260637
2010-06-01,1.551313,1.241765,1.260833,1.260833
2010-06-02,1.591885,1.274242,1.261029,1.261029
2010-06-03,1.610979,1.289526,1.261226,1.261226
2010-06-04,1.553699,1.243676,1.261422,1.261422
2010-06-07,1.522673,1.218841,1.261618,1.261618
2010-06-08,1.522673,1.218841,1.261815,1.261815
2010-06-09,1.513126,1.211199,1.262011,1.262011
2010-06-10,1.551313,1.241765,1.262207,1.262207
2010-06-11,1.570406,1.257049,1.262404,1.262404
2010-06-14,1.565632,1.253228,1.262600,1.262600
2010-06-15,1.613365,1.291436,1.262797,1.262797
2010-06-16,1.618138,1.295257,1.262993,1.262993
2010-06-17,1.622912,1.299078,1.263190,1.263190
2010-06-18,1.622912,1.299078,1.263387,1.263387
2010-06-21,1.610979,1.289526,1.263583,1.263583
2010-06-22,1.594272,1.276153,1.263780,1.263780
2010-06-23,1.587112,1.270422,1.263977,1.263977
2010-06-24,1.558473,1.247497,1.264173,1.264173
2010-06-25,1.558473,1.247497,1.264370,1.264370
2010-06-28,1.560859,1.249407,1.264567,1.264567
2010-06-29,1.496420,1.197826,1.264764,1.264764
2010-06-30,1.474940,1.180632,1.264961,1.264961
2010-07-01,1.470167,1.176812,1.265158,1.265158
2010-07-02,1.465394,1.172991,1.265355,1.265355
2010-07-06,1.472554,1.178722,1.265551,1.265551
2010-07-07,1.527446,1.222661,1.265748,1.265748
2010-07-08,1.536993,1.230303,1.265945,1.265945
2010-07-09,1.546539,1.229879,1.266142,1.266142
2010-07-12,1.556086,1.230071,1.266340,1.266340
2010-07-13,1.582339,1.230262,1.266537,1.266537
2010-07-14,1.594272,1.230454,1.266734,1.266734
2010-07-15,1.594272,1.230645,1.266931,1.266931
2010-07-16,1.546539,1.230837,1.267128,1.267128
2010-07-19,1.563246,1.231028,1.267325,1.267325
2010-07-20,1.575179,1.231220,1.267523,1.267523
2010-07-21,1.551313,1.231411,1.267720,1.267720
2010-07-22,1.594272,1.231603,1.267917,1.267917
2010-07-23,1.608592,1.231795,1.268115,1.268115
2010-07-26,1.620525,1.231987,1.268312,1.268312
2010-07-27,1.622912,1.232178,1.268509,1.268509
2010-07-28,1.603819,1.232370,1.268707,1.268707
2010-07-29,1.587112,1.232562,1.268904,1.268904
2010-07-30,1.582339,1.232754,1.269102,1.269102
2010-08-02,1.613365,1.232946,1.269299,1.269299
2010-08-03,1.603819,1.233138,1.269497,1.269497
2010-08-04,1.618138,1.233330,1.269695,1.269695
2010-08-05,1.608592,1.233521,1.269892,1.269892
2010-08-06,1.606205,1.233713,1.270090,1.270090
2010-08-09,1.615752,1.233906,1.270288,1.270288
2010-08-10,1.591885,1.234098,1.270485,1.270485
2010-08-11,1.548926,1.234290,1.270683,1.270683
2010-08-12,1.522673,1.234482,1.270881,1.270881
2010-08-13,1.513126,1.234674,1.271079,1.271079
2010-08-16,1.520286,1.234866,1.271276,1.271276
2010-08-17,1.539379,1.235058,1.271474,1.271474
2010-08-18,1.546539,1.235251,1.271672,1.271672
2010-08-19,1.527446,1.235443,1.271870,1.271870
2010-08-20,1.525060,1.235635,1.272068,1.272068
2010-08-23,1.510740,1.235827,1.272266,1.272266
2010-08-24,1.486874,1.236020,1.272464,1.272464
2010-08-25,1.496420,1.236212,1.272662,1.272662
2010-08-26,1.482100,1.236405,1.272860,1.272860
2010-08-27,1.501193,1.236597,1.273058,1.273058
2010-08-30,1.482100,1.236790,1.273257,1.273257
2010-08-31,1.472554,1.236982,1.273455,1.273455
2010-09-01,1.513126,1.237175,1.273653,1.273653
2010-09-02,1.529833,1.237367,1.273851,1.273851
2010-09-03,1.556086,1.237560,1.274049,1.274049
2010-09-07,1.539379,1.237752,1.274248,1.274248
2010-09-08,1.546539,1.237945,1.274446,1.274446
2010-09-09,1.548926,1.238138,1.274644,1.274644
2010-09-10,1.548926,1.238330,1.274843,1.274843
2010-09-13,1.582339,1.238523,1.275041,1.275041
2010-09-14,1.589499,1.238716,1.280170,1.280170
2010-09-15,1.599045,1.238909,1.287859,1.287859
2010-09-16,1.608592,1.239102,1.295548,1.295548
2010-09-17,1.615752,1.239294,1.301314,1.301314
2010-09-20,1.639618,1.239487,1.320536,1.320536
2010-09-21,1.637232,1.239680,1.318614,1.318614
2010-09-22,1.630072,1.239873,1.312847,1.312847
2010-09-23,1.627685,1.240066,1.310925,1.310925
2010-09-24,1.663484,1.240259,1.339758,1.339758
2010-09-27,1.661098,1.240452,1.337836,1.337836
2010-09-28,1.665871,1.240645,1.341680,1.341680
2010-09-29,1.665871,1.240838,1.341680,1.341680
2010-09-30,1.658711,1.241032,1.335913,1.335913
2010-10-01,1.658711,1.241225,1.335913,1.335913
2010-10-04,1.639618,1.241418,1.320536,1.320536
2010-10-05,1.675418,1.241611,1.349369,1.349369
2010-10-06,1.661098,1.241804,1.337836,1.337836
2010-10-07,1.665871,1.241998,1.341680,1.341680
2010-10-08,1.677804,1.242191,1.351291,1.351291
2010-10-11,1.677804,1.242384,1.351291,1.351291
2010-10-12,1.689737,1.242578,1.360902,1.360902
2010-10-13,1.706444,1.242771,1.374357,1.374357
2010-10-14,1.708831,1.242965,1.376279,1.376279
2010-10-15,1.737470,1.243158,1.399345,1.399345
2010-10-18,1.742243,1.243352,1.403190,1.403190
2010-10-19,1.715990,1.243545,1.382046,1.382046
2010-10-20,1.727924,1.243739,1.391657,1.391657
2010-10-21,1.730310,1.243932,1.393579,1.393579
2010-10-22,1.742243,1.244126,1.403190,1.403190
2010-10-25,1.751790,1.244319,1.410878,1.410878
2010-10-26,1.751790,1.243697,1.410878,1.410878
2010-10-27,1.763723,1.252169,1.420489,1.420489
2010-10-28,1.761337,1.250475,1.418567,1.418567
2010-10-29,1.763723,1.252169,1.420489,1.420489
2010-11-01,1.766110,1.253864,1.422411,1.422411
2010-11-02,1.782816,1.265725,1.435867,1.435867
2010-11-03,1.794749,1.274197,1.445478,1.445478
2010-11-04,1.823389,1.294530,1.468544,1.468544
2010-11-05,1.823389,1.294530,1.468544,1.468544
2010-11-08,1.828162,1.297918,1.472388,1.472388
2010-11-09,1.818616,1.291141,1.464699,1.464699
2010-11-10,1.823389,1.294530,1.468544,1.468544
2010-11-11,1.794749,1.274197,1.445478,1.445478
2010-11-12,1.770883,1.257253,1.426256,1.426256
2010-11-15,1.763723,1.252169,1.420489,1.420489
2010-11-16,1.732697,1.230142,1.395501,1.395501
2010-11-17,1.732697,1.230142,1.395501,1.395501
2010-11-18,1.763723,1.252169,1.420489,1.420489
2010-11-19,1.770883,1.257253,1.426256,1.426256
2010-11-22,1.782816,1.265725,1.435867,1.435867
2010-11-23,1.756563,1.247086,1.414723,1.414723
2010-11-24,1.789976,1.270808,1.441633,1.441633
2010-11-26,1.782816,1.265725,1.435867,1.435867
2010-11-29,1.770883,1.257253,1.426256,1.426256
2010-11-30,1.749403,1.242003,1.408956,1.408956
2010-12-01,1.787589,1.269113,1.439711,1.439711
2010-12-02,1.811456,1.286058,1.458933,1.458933
2010-12-03,1.818616,1.291141,1.464699,1.464699
2010-12-06,1.821002,1.292835,1.466622,1.466622
2010-12-07,1.821002,1.292835,1.466622,1.466622
2010-12-08,1.835322,1.303002,1.478155,1.478155
2010-12-09,1.837709,1.304696,1.480077,1.480077
2010-12-10,1.849642,1.313168,1.489688,1.489688
2010-12-13,1.840095,1.306391,1.481999,1.481999
2010-12-14,1.840095,1.306391,1.481999,1.481999
2010-12-15,1.830549,1.299613,1.474310,1.474310
2010-12-16,1.837709,1.304696,1.480077,1.480077
2010-12-17,1.842482,1.308085,1.483921,1.483921
2010-12-20,1.840095,1.306391,1.481999,1.481999
2010-12-21,1.852029,1.314863,1.491610,1.491610
2010-12-22,1.840095,1.306391,1.481999,1.481999
2010-12-23,1.837709,1.304696,1.480077,1.480077
2010-12-27,1.842482,1.308085,1.483921,1.483921
2010-12-28,1.840095,1.306391,1.481999,1.481999
2010-12-29,1.842482,1.308085,1.483921,1.483921
2010-12-30,1.842482,1.308085,1.483921,1.483921
2010-12-31,1.835322,1.303002,1.478155,1.478155
2011-01-03,1.856802,1.318251,1.495454,1.495454
2011-01-04,1.859189,1.319946,1.497376,1.497376
2011-01-05,1.871122,1.328418,1.506987,1.506987
2011-01-06,1.887828,1.340279,1.520443,1.520443
2011-01-07,1.883055,1.336890,1.516598,1.516598
2011-01-10,1.890215,1.341973,1.522365,1.522365
2011-01-11,1.892601,1.343668,1.524287,1.524287
2011-01-12,1.909308,1.355528,1.537742,1.537742
2011-01-13,1.909308,1.355528,1.537742,1.537742
2011-01-14,1.926014,1.367389,1.551197,1.551197
2011-01-18,1.935561,1.374167,1.558886,1.558886
2011-01-19,1.914081,1.358917,1.541586,1.541586
2011-01-20,1.897375,1.347056,1.528131,1.528131
2011-01-21,1.885442,1.338584,1.518520,1.518520
2011-01-24,1.914081,1.358917,1.541586,1.541586
2011-01-25,1.916468,1.360612,1.543509,1.543509
2011-01-26,1.930788,1.370778,1.555042,1.555042
2011-01-27,1.940334,1.377556,1.562730,1.562730
2011-01-28,1.894988,1.345362,1.526209,1.526209
2011-01-31,1.906921,1.353834,1.535820,1.535820
2011-02-01,1.945107,1.380945,1.566575,1.566575
2011-02-02,1.949881,1.384333,1.570419,1.570419
2011-02-03,1.952267,1.386028,1.572341,1.572341
2011-02-04,1.968974,1.397889,1.585797,1.585797
2011-02-07,1.980907,1.406361,1.595407,1.595407
2011-02-08,1.988067,1.411444,1.601174,1.601174
2011-02-09,1.983294,1.408055,1.597330,1.597330
2011-02-10,1.976134,1.402972,1.591563,1.591563
2011-02-11,1.985680,1.409750,1.599252,1.599252
2011-02-14,1.990453,1.413138,1.603096,1.603096
2011-02-15,1.980907,1.406361,1.595407,1.595407
2011-02-16,1.997613,1.418222,1.608863,1.608863
2011-02-17,2.000000,1.419916,1.610785,1.610785
2011-02-18,2.000000,1.419916,1.610785,1.610785
2011-02-22,1.945107,1.380945,1.566575,1.566575
2011-02-23,1.916468,1.360612,1.543509,1.543509
2011-02-24,1.926014,1.367389,1.551197,1.551197
2011-02-25,1.952267,1.386028,1.572341,1.572341
2011-02-28,1.954654,1.387722,1.574263,1.574263
2011-03-01,1.918854,1.362306,1.545431,1.545431
2011-03-02,1.928401,1.369084,1.553120,1.553120
2011-03-03,1.964200,1.394500,1.581952,1.581952
2011-03-04,1.952267,1.386028,1.572341,1.572341
2011-03-07,1.923628,1.365695,1.549275,1.549275
2011-03-08,1.937947,1.375861,1.560808,1.560808
2011-03-09,1.921241,1.364000,1.547353,1.547353
2011-03-10,1.880668,1.335196,1.514676,1.514676
2011-03-11,1.892601,1.343668,1.524287,1.524287
2011-03-14,1.883055,1.336890,1.516598,1.516598
2011-03-15,1.856802,1.318251,1.495454,1.495454
2011-03-16,1.809069,1.284363,1.494939,1.494939
2011-03-17,1.825776,1.296224,1.495172,1.495172
2011-03-18,1.830549,1.299613,1.495405,1.495405
2011-03-21,1.866348,1.325029,1.495637,1.495637
2011-03-22,1.861575,1.321640,1.495870,1.495870
2011-03-23,1.871122,1.328418,1.496103,1.496103
2011-03-24,1.902148,1.350445,1.520150,1.520150
2011-03-25,1.906921,1.353834,1.523965,1.523965
2011-03-28,1.897375,1.347056,1.516336,1.516336
2011-03-29,1.911695,1.357223,1.527780,1.527780
2011-03-30,1.916468,1.360612,1.531594,1.531594
2011-03-31,1.916468,1.360612,1.531594,1.531594
2011-04-01,1.911695,1.357223,1.527780,1.527780
2011-04-04,1.902148,1.350445,1.520150,1.520150
2011-04-05,1.902148,1.350445,1.520150,1.520150
2011-04-06,1.916468,1.360612,1.531594,1.531594
2011-04-07,1.914081,1.358917,1.529687,1.529687
2011-04-08,1.904535,1.352140,1.522058,1.522058
2011-04-11,1.899761,1.348751,1.518243,1.518243
2011-04-12,1.880668,1.335196,1.502984,1.502984
2011-04-13,1.894988,1.345362,1.502467,1.502467
2011-04-14,1.890215,1.341973,1.497933,1.497933
2011-04-15,1.885442,1.338584,1.494150,1.494150
2011-04-18,1.868735,1.326723,1.493635,1.493635
2011-04-19,1.875895,1.331807,1.493868,1.493868
2011-04-20,1.921241,1.364000,1.494100,1.494100
2011-04-21,1.937947,1.375861,1.506339,1.506339
2011-04-25,1.942721,1.379250,1.510049,1.510049
2011-04-26,1.957041,1.389417,1.521180,1.521180
2011-04-27,1.966587,1.396194,1.528600,1.528600
2011-04-28,1.966587,1.396194,1.528600,1.528600
2011-04-29,1.973747,1.401278,1.534165,1.534165
2011-05-02,1.961814,1.392805,1.524890,1.524890
2011-05-03,1.952267,1.386028,1.517470,1.517470
2011-05-04,1.945107,1.380945,1.511904,1.511904
2011-05-05,1.937947,1.375861,1.506339,1.506339
2011-05-06,1.945107,1.380945,1.511904,1.511904
2011-05-09,1.954654,1.387722,1.519325,1.519325
2011-05-10,1.971360,1.399583,1.532310,1.532310
2011-05-11,1.954654,1.387722,1.519325,1.519325
2011-05-12,1.966587,1.396194,1.528600,1.528600
2011-05-13,1.945107,1.380945,1.511904,1.511904
2011-05-16,1.914081,1.358917,1.487788,1.487788
2011-05-17,1.906921,1.353834,1.487276,1.487276
2011-05-18,1.926014,1.367389,1.487507,1.487507
2011-05-19,1.928401,1.369084,1.488606,1.488606
2011-05-20,1.916468,1.360612,1.479394,1.479394
2011-05-23,1.885442,1.338584,1.478884,1.478884
2011-05-24,1.875895,1.331807,1.479115,1.479115
2011-05-25,1.887828,1.340279,1.479345,1.479345
2011-05-26,1.899761,1.348751,1.479575,1.479575
2011-05-27,1.911695,1.357223,1.479805,1.479805
2011-05-31,1.937947,1.375861,1.480036,1.480036
2011-06-01,1.894988,1.345362,1.446503,1.446503
2011-06-02,1.897375,1.347056,1.446005,1.446005
2011-06-03,1.868735,1.326723,1.446230,1.446230
2011-06-06,1.854415,1.316557,1.446455,1.446455
2011-06-07,1.849642,1.313168,1.446681,1.446681
2011-06-08,1.830549,1.299613,1.446906,1.446906
2011-06-09,1.835322,1.303002,1.447131,1.447131
2011-06-10,1.809069,1.284363,1.447356,1.447356
2011-06-13,1.804296,1.280974,1.447582,1.447582
2011-06-14,1.830549,1.299613,1.447807,1.447807
2011-06-15,1.797136,1.275891,1.448032,1.448032
2011-06-16,1.787589,1.269113,1.448258,1.448258
2011-06-17,1.782816,1.265725,1.448483,1.448483
2011-06-20,1.789976,1.270808,1.448708,1.448708
2011-06-21,1.825776,1.296224,1.448934,1.448934
2011-06-22,1.813842,1.287752,1.449159,1.449159
2011-06-23,1.832936,1.301307,1.449385,1.449385
2011-06-24,1.801909,1.279280,1.449611,1.449611
2011-06-27,1.825776,1.296224,1.449836,1.449836
2011-06-28,1.849642,1.313168,1.450062,1.450062
2011-06-29,1.863962,1.323335,1.450288,1.450288
2011-06-30,1.890215,1.341973,1.450513,1.450513
2011-07-01,1.921241,1.364000,1.450739,1.450739
2011-07-05,1.923628,1.365695,1.451815,1.451815
2011-07-06,1.933174,1.372473,1.459020,1.459020
2011-07-07,1.959427,1.391111,1.478834,1.478834
2011-07-08,1.949881,1.384333,1.471629,1.471629
2011-07-11,1.914081,1.358917,1.444610,1.444610
2011-07-12,1.892601,1.343668,1.428399,1.428399
2011-07-13,1.897375,1.347056,1.427907,1.427907
2011-07-14,1.878282,1.333501,1.428129,1.428129
2011-07-15,1.902148,1.350445,1.428351,1.428351
2011-07-18,1.890215,1.341973,1.418681,1.418681
2011-07-19,1.940334,1.377556,1.418192,1.418192
2011-07-20,1.933174,1.372473,1.412252,1.412252
2011-07-21,1.940334,1.377556,1.417483,1.417483
2011-07-22,1.964200,1.394500,1.434918,1.434918
2011-07-25,1.957041,1.389417,1.429688,1.429688
2011-07-26,1.964200,1.394500,1.434918,1.434918
2011-07-27,1.904535,1.352140,1.391330,1.391330
2011-07-28,1.904535,1.352140,1.391330,1.391330
2011-07-29,1.887828,1.340279,1.379126,1.379126
2011-08-01,1.880668,1.335196,1.378650,1.378650
2011-08-02,1.840095,1.306391,1.378865,1.378865
2011-08-03,1.863962,1.323335,1.379080,1.379080
2011-08-04,1.778043,1.322879,1.379294,1.379294
2011-08-05,1.761337,1.323085,1.379509,1.379509
2011-08-08,1.653938,1.323291,1.379724,1.379724
2011-08-09,1.730310,1.323497,1.379939,1.379939
2011-08-10,1.663484,1.323703,1.380153,1.380153
2011-08-11,1.735084,1.323909,1.380368,1.380368
2011-08-12,1.749403,1.324115,1.380583,1.380583
2011-08-15,1.782816,1.324321,1.380798,1.380798
2011-08-16,1.761337,1.324527,1.381013,1.381013
2011-08-17,1.747017,1.324733,1.381228,1.381228
2011-08-18,1.651551,1.324939,1.381443,1.381443
2011-08-19,1.606205,1.325146,1.381658,1.381658
2011-08-22,1.615752,1.325352,1.381873,1.381873
2011-08-23,1.684964,1.325558,1.382088,1.382088
2011-08-24,1.696897,1.325764,1.382303,1.382303
2011-08-25,1.670644,1.325971,1.382518,1.382518
2011-08-26,1.706444,1.326177,1.382733,1.382733
2011-08-29,1.761337,1.326384,1.382949,1.382949
2011-08-30,1.766110,1.326590,1.383164,1.383164
2011-08-31,1.766110,1.326797,1.383379,1.383379
2011-09-01,1.744630,1.327003,1.383594,1.383594
2011-09-02,1.699284,1.327210,1.383810,1.383810
2011-09-06,1.689737,1.327416,1.384025,1.384025
2011-09-07,1.739857,1.327623,1.384241,1.384241
2011-09-08,1.730310,1.327829,1.384456,1.384456
2011-09-09,1.689737,1.328036,1.384672,1.384672
2011-09-12,1.711217,1.328243,1.384887,1.384887
2011-09-13,1.735084,1.328450,1.385103,1.385103
2011-09-14,1.766110,1.328656,1.385318,1.385318
2011-09-15,1.797136,1.328863,1.385534,1.385534
2011-09-16,1.809069,1.329070,1.385750,1.385750
2011-09-19,1.806683,1.329277,1.385965,1.385965
2011-09-20,1.797136,1.329484,1.386181,1.386181
2011-09-21,1.773270,1.329691,1.386397,1.386397
2011-09-22,1.711217,1.329898,1.386612,1.386612
2011-09-23,1.732697,1.330105,1.386828,1.386828
2011-09-26,1.754177,1.330312,1.387044,1.387044
2011-09-27,1.778043,1.330519,1.387260,1.387260
2011-09-28,1.747017,1.330726,1.387476,1.387476
2011-09-29,1.742243,1.330933,1.387692,1.387692
2011-09-30,1.692124,1.331140,1.387908,1.387908
2011-10-03,1.646778,1.331347,1.388124,1.388124
2011-10-04,1.692124,1.331555,1.388340,1.388340
2011-10-05,1.732697,1.331762,1.388556,1.388556
2011-10-06,1.763723,1.331969,1.388772,1.388772
2011-10-07,1.751790,1.332176,1.388988,1.388988
2011-10-10,1.811456,1.332384,1.389205,1.389205
2011-10-11,1.821002,1.332591,1.395828,1.395828
2011-10-12,1.837709,1.332799,1.408633,1.408633
2011-10-13,1.854415,1.333006,1.421439,1.421439
2011-10-14,1.892601,1.333213,1.450709,1.450709
2011-10-17,1.856802,1.333421,1.423269,1.423269
2011-10-18,1.878282,1.333629,1.439733,1.439733
2011-10-19,1.832936,1.333836,1.404975,1.404975
2011-10-20,1.825776,1.334044,1.399486,1.399486
2011-10-21,1.852029,1.334251,1.419610,1.419610
2011-10-24,1.892601,1.334459,1.450709,1.450709
2011-10-25,1.859189,1.334667,1.425098,1.425098
2011-10-26,1.868735,1.334875,1.432415,1.432415
2011-10-27,1.930788,1.335082,1.479980,1.479980
2011-10-28,1.937947,1.335290,1.485468,1.485468
2011-10-31,1.902148,1.335498,1.458027,1.458027
2011-11-01,1.847255,1.335706,1.415951,1.415951
2011-11-02,1.866348,1.335914,1.430586,1.430586
2011-11-03,1.916468,1.336122,1.469003,1.469003
2011-11-04,1.909308,1.336330,1.463515,1.463515
2011-11-07,1.916468,1.336538,1.469003,1.469003
2011-11-08,1.940334,1.336746,1.487297,1.487297
2011-11-09,1.868735,1.336954,1.432415,1.432415
2011-11-10,1.868735,1.337162,1.432415,1.432415
2011-11-11,1.909308,1.337370,1.463515,1.463515
2011-11-14,1.897375,1.337578,1.454368,1.454368
2011-11-15,1.923628,1.337786,1.474492,1.474492
2011-11-16,1.892601,1.337995,1.450709,1.450709
2011-11-17,1.852029,1.338203,1.419610,1.419610
2011-11-18,1.840095,1.338411,1.410463,1.410463
2011-11-21,1.804296,1.338619,1.383022,1.383022
2011-11-22,1.797136,1.338828,1.382545,1.382545
2011-11-23,1.751790,1.339036,1.382761,1.382761
2011-11-25,1.742243,1.339245,1.382976,1.382976
2011-11-28,1.801909,1.339453,1.383191,1.383191
2011-11-29,1.789976,1.339661,1.383406,1.383406
2011-11-30,1.863962,1.339870,1.383622,1.383622
2011-12-01,1.873508,1.340079,1.390013,1.390013
2011-12-02,1.873508,1.340287,1.390013,1.390013
2011-12-05,1.897375,1.340496,1.407720,1.407720
2011-12-06,1.897375,1.340704,1.407720,1.407720
2011-12-07,1.897375,1.340913,1.407720,1.407720
2011-12-08,1.863962,1.341122,1.382930,1.382930
2011-12-09,1.899761,1.341331,1.409491,1.409491
2011-12-12,1.871122,1.341539,1.388242,1.388242
2011-12-13,1.849642,1.341748,1.372306,1.372306
2011-12-14,1.818616,1.318582,1.349286,1.349286
2011-12-15,1.811456,1.313390,1.343974,1.343974
2011-12-16,1.816229,1.316851,1.347516,1.347516
2011-12-19,1.794749,1.301278,1.331579,1.331579
2011-12-20,1.849642,1.341077,1.331121,1.331121
2011-12-21,1.799523,1.304738,1.294404,1.294404
2011-12-22,1.823389,1.322043,1.311571,1.311571
2011-12-23,1.840095,1.334156,1.323588,1.323588
2011-12-27,1.842482,1.335886,1.325305,1.325305
2011-12-28,1.821002,1.320312,1.309854,1.309854
2011-12-29,1.837709,1.332425,1.321871,1.321871
2011-12-30,1.830549,1.327234,1.316721,1.316721
2012-01-03,1.856802,1.346269,1.335605,1.335605
2012-01-04,1.859189,1.347999,1.337322,1.337322
2012-01-05,1.871122,1.356651,1.345905,1.345905
2012-01-06,1.873508,1.358381,1.347622,1.347622
2012-01-09,1.873508,1.358381,1.347622,1.347622
2012-01-10,1.883055,1.365303,1.354489,1.354489
2012-01-11,1.887828,1.368764,1.357922,1.357922
2012-01-12,1.897375,1.375686,1.364789,1.364789
2012-01-13,1.883055,1.365303,1.354489,1.354489
2012-01-17,1.892601,1.372225,1.361356,1.361356
2012-01-18,1.926014,1.396451,1.385390,1.385390
2012-01-19,1.945107,1.410294,1.399124,1.399124
2012-01-20,1.949881,1.413755,1.402557,1.402557
2012-01-23,1.954654,1.417216,1.405991,1.405991
2012-01-24,1.959427,1.420677,1.409424,1.409424
2012-01-25,1.973747,1.431059,1.419724,1.419724
2012-01-26,1.966587,1.425868,1.414574,1.414574
2012-01-27,1.968974,1.427598,1.416291,1.416291
2012-01-30,1.971360,1.429329,1.418008,1.418008
2012-01-31,1.976134,1.432790,1.421441,1.421441
2012-02-01,2.000000,1.450094,1.438608,1.438608
2012-02-02,2.007160,1.455285,1.443758,1.443758
2012-02-03,2.038186,1.477781,1.466076,1.466076
2012-02-06,2.035800,1.476050,1.464359,1.464359
2012-02-07,2.040573,1.479511,1.467792,1.467792
2012-02-08,2.054893,1.489894,1.478093,1.478093
2012-02-09,2.073986,1.503737,1.491826,1.491826
2012-02-10,2.054893,1.489894,1.478093,1.478093
2012-02-13,2.069212,1.500276,1.488393,1.488393
2012-02-14,2.071599,1.502007,1.490110,1.490110
2012-02-15,2.062053,1.495085,1.483243,1.483243
2012-02-16,2.097852,1.521041,1.508993,1.508993
2012-02-17,2.095465,1.519311,1.507277,1.507277
2012-02-21,2.100239,1.522772,1.510710,1.510710
2012-02-22,2.088305,1.514119,1.502127,1.502127
2012-02-23,2.100239,1.522772,1.510710,1.510710
2012-02-24,2.109785,1.529693,1.517577,1.517577
2012-02-27,2.114558,1.533154,1.521010,1.521010
2012-02-28,2.126492,1.541806,1.529594,1.529594
2012-02-29,2.114558,1.533154,1.521010,1.521010
2012-03-01,2.128878,1.543537,1.531311,1.531311
2012-03-02,2.119332,1.536615,1.524444,1.524444
2012-03-05,2.097852,1.521041,1.508993,1.508993
2012-03-06,2.071599,1.502007,1.490110,1.490110
2012-03-07,2.090692,1.515850,1.503843,1.503843
2012-03-08,2.114558,1.533154,1.521010,1.521010
2012-03-09,2.126492,1.541806,1.529594,1.529594
2012-03-12,2.126492,1.541806,1.529594,1.529594
2012-03-13,2.171838,1.574684,1.562212,1.562212
2012-03-14,2.178998,1.579876,1.567362,1.567362
2012-03-15,2.188544,1.586797,1.574229,1.574229
2012-03-16,2.188544,1.586797,1.574229,1.574229
2012-03-19,2.202864,1.597180,1.584529,1.584529
2012-03-20,2.200477,1.595449,1.582812,1.582812
2012-03-21,2.198091,1.593719,1.581096,1.581096
2012-03-22,2.193317,1.590258,1.577662,1.577662
2012-03-23,2.195704,1.591988,1.579379,1.579379
2012-03-26,2.231504,1.617945,1.605130,1.605130
2012-03-27,2.231504,1.617945,1.605130,1.605130
2012-03-28,2.224344,1.612754,1.599979,1.599979
2012-03-29,2.219570,1.609293,1.596546,1.596546
2012-03-30,2.212411,1.604101,1.591396,1.591396
2012-04-02,2.236277,1.621406,1.608563,1.608563
2012-04-03,2.231504,1.617945,1.605130,1.605130
2012-04-04,2.198091,1.593719,1.581096,1.581096
2012-04-05,2.205251,1.598910,1.586246,1.586246
2012-04-09,2.188544,1.586797,1.574229,1.574229
2012-04-10,2.157518,1.564302,1.551911,1.551911
2012-04-11,2.167064,1.571223,1.558778,1.558778
2012-04-12,2.198091,1.593719,1.581096,1.581096
2012-04-13,2.164678,1.569493,1.557062,1.557062
2012-04-16,2.143198,1.553919,1.541611,1.541611
2012-04-17,2.190931,1.588528,1.575945,1.575945
2012-04-18,2.174224,1.576415,1.563928,1.563928
2012-04-19,2.150358,1.559110,1.546761,1.546761
2012-04-20,2.136038,1.548728,1.536461,1.536461
2012-04-23,2.116945,1.534885,1.522727,1.522727
2012-04-24,2.102625,1.524502,1.512427,1.512427
2012-04-25,2.167064,1.571223,1.558778,1.558778
2012-04-26,2.183771,1.583336,1.570795,1.570795
2012-04-27,2.188544,1.586797,1.574229,1.574229
2012-04-30,2.169451,1.572954,1.560495,1.560495
2012-05-01,2.174224,1.576415,1.563928,1.563928
2012-05-02,2.178998,1.579876,1.567362,1.567362
2012-05-03,2.150358,1.559110,1.546761,1.546761
2012-05-04,2.105012,1.526232,1.514144,1.514144
2012-05-07,2.097852,1.521041,1.508993,1.508993
2012-05-08,2.088305,1.514119,1.502127,1.502127
2012-05-09,2.085919,1.512389,1.500410,1.500410
2012-05-10,2.071599,1.502007,1.490110,1.490110
2012-05-11,2.069212,1.500276,1.488393,1.488393
2012-05-14,2.050119,1.486433,1.474659,1.474659
2012-05-15,2.042959,1.481241,1.474151,1.469509
2012-05-16,2.026253,1.469129,1.474381,1.457492
2012-05-17,1.988067,1.441442,1.474610,1.430025
2012-05-18,1.961814,1.422407,1.474840,1.411141
2012-05-21,2.019093,1.463937,1.475069,1.452342
2012-05-22,2.014320,1.460476,1.475299,1.448908
2012-05-23,2.016706,1.462207,1.475528,1.450625
2012-05-24,2.000000,1.450094,1.475758,1.438608
2012-05-25,1.995227,1.446633,1.475988,1.435175
2012-05-29,2.023866,1.467398,1.476218,1.455775
2012-05-30,2.004773,1.453555,1.476447,1.442042
2012-05-31,1.990453,1.443172,1.476677,1.431741
2012-06-01,1.935561,1.403372,1.476907,1.392257
2012-06-04,1.942721,1.408564,1.477137,1.397407
2012-06-05,1.959427,1.420677,1.477367,1.409424
2012-06-06,2.009547,1.457016,1.477597,1.445475
2012-06-07,2.000000,1.450094,1.477827,1.438608
2012-06-08,2.021480,1.465668,1.478057,1.454059
2012-06-11,1.985680,1.439711,1.478287,1.428308
2012-06-12,2.004773,1.453555,1.478517,1.442042
2012-06-13,1.990453,1.443172,1.478747,1.441545
2012-06-14,1.995227,1.446633,1.478977,1.441769
2012-06-15,2.021480,1.465668,1.479207,1.441994
2012-06-18,2.038186,1.477781,1.479438,1.442218
2012-06-19,2.059666,1.493354,1.479668,1.442443
2012-06-20,2.062053,1.495085,1.479898,1.442667
2012-06-21,2.009547,1.457016,1.480129,1.442892
2012-06-22,2.033413,1.474320,1.480359,1.443116
2012-06-25,1.988067,1.441442,1.480589,1.443341
2012-06-26,1.995227,1.446633,1.480820,1.443566
2012-06-27,2.007160,1.455285,1.481050,1.443790
2012-06-28,1.985680,1.439711,1.481281,1.444015
2012-06-29,2.050119,1.486433,1.481511,1.444240
2012-07-02,2.057279,1.491624,1.481742,1.444464
2012-07-03,2.078759,1.507198,1.481973,1.444689
2012-07-05,2.083532,1.510659,1.482203,1.444914
2012-07-06,2.042959,1.481241,1.482434,1.445139
2012-07-09,2.033413,1.474320,1.482665,1.445364
2012-07-10,2.007160,1.455285,1.482896,1.445589
2012-07-11,1.995227,1.446633,1.483126,1.445814
2012-07-12,1.976134,1.432790,1.483357,1.446039
2012-07-13,2.002387,1.451824,1.483588,1.446264
2012-07-16,1.997613,1.448363,1.483819,1.446489
2012-07-17,2.000000,1.450094,1.484050,1.446714
2012-07-18,2.040573,1.479511,1.484281,1.446940
2012-07-19,2.066826,1.498546,1.484512,1.447165
2012-07-20,2.040573,1.479511,1.484743,1.447390
2012-07-23,2.016706,1.462207,1.484974,1.447615
2012-07-24,1.997613,1.448363,1.485205,1.447841
2012-07-25,1.988067,1.441442,1.485436,1.448066
2012-07-26,2.014320,1.460476,1.485668,1.448291
2012-07-27,2.059666,1.493354,1.485899,1.448517
2012-07-30,2.059666,1.493354,1.486130,1.448742
2012-07-31,2.062053,1.495085,1.486362,1.448968
2012-08-01,2.050119,1.486433,1.486593,1.449193
2012-08-02,2.040573,1.479511,1.486824,1.449419
2012-08-03,2.083532,1.510659,1.487056,1.449644
2012-08-06,2.100239,1.522772,1.498230,1.449870
2012-08-07,2.121718,1.538345,1.513553,1.450096
2012-08-08,2.124105,1.540076,1.515255,1.450321
2012-08-09,2.131265,1.545267,1.520363,1.450547
2012-08-10,2.138425,1.550458,1.525470,1.450773
2012-08-13,2.140811,1.552189,1.527173,1.450999
2012-08-14,2.133652,1.546998,1.522065,1.451225
2012-08-15,2.140811,1.552189,1.527173,1.451451
2012-08-16,2.171838,1.574684,1.549306,1.451676
2012-08-17,2.186158,1.585067,1.559521,1.451902
2012-08-20,2.190931,1.588528,1.562926,1.452128
2012-08-21,2.178998,1.579876,1.554413,1.452354
2012-08-22,2.181384,1.581606,1.556116,1.452580
2012-08-23,2.162291,1.567763,1.542496,1.452807
2012-08-24,2.171838,1.574684,1.549306,1.453033
2012-08-27,2.174224,1.576415,1.551008,1.453259
2012-08-28,2.174224,1.576415,1.551008,1.453485
2012-08-29,2.178998,1.579876,1.554413,1.453711
2012-08-30,2.150358,1.559110,1.533983,1.433887
2012-08-31,2.167064,1.571223,1.545901,1.445027
2012-09-04,2.167064,1.571223,1.545901,1.445027
2012-09-05,2.164678,1.569493,1.544198,1.443436
2012-09-06,2.217184,1.607562,1.581654,1.478447
2012-09-07,2.217184,1.607562,1.581654,1.478447
2012-09-10,2.188544,1.586797,1.561224,1.459350
2012-09-11,2.193317,1.590258,1.564629,1.462533
2012-09-12,2.202864,1.597180,1.571439,1.468899
2012-09-13,2.233890,1.619675,1.593572,1.489588
2012-09-14,2.255370,1.635249,1.608895,1.503911
2012-09-17,2.252983,1.633519,1.607192,1.502319
2012-09-18,2.252983,1.633519,1.607192,1.502319
2012-09-19,2.250597,1.631788,1.605490,1.500728
2012-09-20,2.243437,1.626597,1.600382,1.495953
2012-09-21,2.245823,1.628327,1.602084,1.497545
2012-09-24,2.226730,1.614484,1.588464,1.484813
2012-09-25,2.190931,1.588528,1.562926,1.460942
2012-09-26,2.171838,1.574684,1.549306,1.448210
2012-09-27,2.205251,1.598910,1.573141,1.470490
2012-09-28,2.190931,1.588528,1.562926,1.460942
2012-10-01,2.181384,1.581606,1.556116,1.454576
2012-10-02,2.188544,1.586797,1.561224,1.459350
2012-10-03,2.195704,1.591988,1.566331,1.464125
2012-10-04,2.200477,1.595449,1.569736,1.467307
2012-10-05,2.186158,1.585067,1.559521,1.457759
2012-10-08,2.162291,1.567763,1.542496,1.441844
2012-10-09,2.136038,1.548728,1.523768,1.424339
2012-10-10,2.124105,1.540076,1.515255,1.416381
2012-10-11,2.119332,1.536615,1.511850,1.413198
2012-10-12,2.121718,1.538345,1.513553,1.414790
2012-10-15,2.133652,1.546998,1.522065,1.422747
2012-10-16,2.169451,1.572954,1.547603,1.446619
2012-10-17,2.155131,1.562571,1.537388,1.437070
2012-10-18,2.121718,1.538345,1.513553,1.414790
2012-10-19,2.073986,1.503737,1.479502,1.382961
2012-10-22,2.090692,1.515850,1.478992,1.394101
2012-10-23,2.071599,1.502007,1.479223,1.381370
2012-10-24,2.059666,1.493354,1.479453,1.373412
2012-10-25,2.054893,1.489894,1.479683,1.370230
2012-10-26,2.059666,1.493354,1.479913,1.373412
2012-10-31,2.047733,1.484702,1.480144,1.365455
2012-11-01,2.085919,1.512389,1.480374,1.390918
2012-11-02,2.057279,1.491624,1.480605,1.371821
2012-11-05,2.071599,1.502007,1.480835,1.381370
2012-11-06,2.085919,1.512389,1.481066,1.390918
2012-11-07,2.031026,1.472589,1.481296,1.354315
2012-11-08,2.002387,1.451824,1.481527,1.335218
2012-11-09,2.011933,1.458746,1.481757,1.341584
2012-11-12,2.004773,1.453555,1.481988,1.336809
2012-11-13,1.992840,1.444903,1.482219,1.328852
2012-11-14,1.971360,1.429329,1.482449,1.314529
2012-11-15,1.959427,1.420677,1.482680,1.306572
2012-11-16,1.968974,1.427598,1.482911,1.312938
2012-11-19,2.021480,1.465668,1.483142,1.347949
2012-11-20,2.011933,1.458746,1.483372,1.341584
2012-11-21,2.021480,1.465668,1.483603,1.347949
2012-11-23,2.052506,1.488163,1.483834,1.368638
2012-11-26,2.066826,1.498546,1.484065,1.378187
2012-11-27,2.059666,1.493354,1.484296,1.373412
2012-11-28,2.073986,1.503737,1.484527,1.382961
2012-11-29,2.083532,1.510659,1.484758,1.382485
2012-11-30,2.078759,1.507198,1.484989,1.382700
2012-12-03,2.073986,1.506679,1.485221,1.382915
2012-12-04,2.073986,1.506913,1.485452,1.383130
2012-12-05,2.052506,1.507148,1.485683,1.383346
2012-12-06,2.064439,1.507382,1.485914,1.383561
2012-12-07,2.057279,1.507617,1.486145,1.383776
2012-12-10,2.064439,1.507852,1.486377,1.383992
2012-12-11,2.093079,1.508086,1.486608,1.384207
2012-12-12,2.085919,1.508321,1.486840,1.384423
2012-12-13,2.069212,1.508556,1.487071,1.384638
2012-12-14,2.052506,1.508791,1.487302,1.384854
2012-12-17,2.078759,1.509025,1.487534,1.385069
2012-12-18,2.114558,1.509260,1.487765,1.385285
2012-12-19,2.107399,1.509495,1.487997,1.385500
2012-12-20,2.083532,1.509730,1.488229,1.385716
2012-12-21,2.064439,1.509965,1.488460,1.385932
2012-12-24,2.057279,1.510200,1.488692,1.386147
2012-12-26,2.045346,1.510435,1.488924,1.386363
2012-12-27,2.042959,1.510670,1.489155,1.386579
2012-12-28,2.021480,1.510906,1.489387,1.386795
2012-12-31,2.062053,1.511141,1.489619,1.387011
2013-01-02,2.126492,1.511376,1.489851,1.387227
2013-01-03,2.112172,1.511611,1.479078,1.387442
2013-01-04,2.102625,1.511846,1.478569,1.387658
2013-01-07,2.100239,1.512082,1.478799,1.387874
2013-01-08,2.095465,1.512317,1.479029,1.388090
2013-01-09,2.102625,1.512552,1.479259,1.388306
2013-01-10,2.112172,1.512788,1.479490,1.388523
2013-01-11,2.119332,1.513023,1.479720,1.388739
2013-01-14,2.107399,1.513259,1.470652,1.388955
2013-01-15,2.097852,1.513494,1.470146,1.389171
2013-01-16,2.107399,1.513730,1.470375,1.389387
2013-01-17,2.119332,1.513966,1.470604,1.389604
2013-01-18,2.112172,1.514201,1.464903,1.389820
2013-01-22,2.116945,1.514437,1.464398,1.390036
2013-01-23,2.138425,1.514673,1.478517,1.390253
2013-01-24,2.105012,1.514908,1.455415,1.390469
2013-01-25,2.109785,1.515144,1.454914,1.390685
2013-01-28,2.116945,1.515380,1.455140,1.390902
2013-01-29,2.109785,1.515616,1.449494,1.391118
2013-01-30,2.107399,1.515852,1.447854,1.391335
2013-01-31,2.107399,1.516088,1.447355,1.391551
2013-02-01,2.131265,1.516324,1.447581,1.391768
2013-02-04,2.097852,1.516560,1.424174,1.391985
2013-02-05,2.126492,1.516796,1.423683,1.392201
2013-02-06,2.126492,1.517032,1.422971,1.392418
2013-02-07,2.126492,1.516273,1.422971,1.392635
2013-02-08,2.147971,1.531589,1.437345,1.392851
2013-02-11,2.150358,1.533291,1.438942,1.393068
2013-02-12,2.140811,1.526484,1.432554,1.393285
2013-02-13,2.140811,1.526484,1.432554,1.393502
2013-02-14,2.145585,1.529888,1.435748,1.393719
2013-02-15,2.143198,1.528186,1.434151,1.391472
2013-02-19,2.155131,1.536695,1.442136,1.399220
2013-02-20,2.124105,1.514572,1.421374,1.379076
2013-02-21,2.100239,1.497554,1.405404,1.363581
2013-02-22,2.124105,1.514572,1.421374,1.379076
2013-02-25,2.093079,1.492449,1.400613,1.358932
2013-02-26,2.105012,1.500957,1.400130,1.366680
2013-02-27,2.124105,1.514572,1.412123,1.379076
2013-02-28,2.119332,1.511168,1.408950,1.375977
2013-03-01,2.121718,1.512870,1.410537,1.377527
2013-03-04,2.126492,1.516273,1.413710,1.380626
2013-03-05,2.157518,1.538396,1.434337,1.400770
2013-03-06,2.157518,1.538396,1.434337,1.400770
2013-03-07,2.167064,1.545203,1.440683,1.406968
2013-03-08,2.169451,1.546905,1.442270,1.408517
2013-03-11,2.176611,1.552010,1.447030,1.413166
2013-03-12,2.164678,1.543502,1.439097,1.405418
2013-03-13,2.164678,1.543502,1.439097,1.405418
2013-03-14,2.181384,1.555414,1.450203,1.416265
2013-03-15,2.174224,1.550309,1.445443,1.411616
2013-03-18,2.171838,1.548607,1.443856,1.410067
2013-03-19,2.164678,1.543502,1.439097,1.405418
2013-03-20,2.178998,1.553712,1.448616,1.414715
2013-03-21,2.150358,1.533291,1.429577,1.396121
2013-03-22,2.162291,1.541800,1.437510,1.403869
2013-03-25,2.157518,1.538396,1.434337,1.400770
2013-03-26,2.171838,1.548607,1.443856,1.410067
2013-03-27,2.167064,1.545203,1.440683,1.406968
2013-03-28,2.174224,1.550309,1.445443,1.411616
2013-04-01,2.152745,1.534993,1.431163,1.397671
2013-04-02,2.155131,1.536695,1.432750,1.399220
2013-04-03,2.138425,1.524782,1.421643,1.388373
2013-04-04,2.136038,1.523080,1.420057,1.386824
2013-04-05,2.116945,1.509466,1.407363,1.374428
2013-04-08,2.124105,1.514572,1.412123,1.379076
2013-04-09,2.140811,1.526484,1.423230,1.389923
2013-04-10,2.181384,1.555414,1.450203,1.416265
2013-04-11,2.171838,1.548607,1.443856,1.410067
2013-04-12,2.157518,1.538396,1.434337,1.400770
2013-04-15,2.116945,1.509466,1.407363,1.374428
2013-04-16,2.147971,1.531589,1.427990,1.394571
2013-04-17,2.100239,1.497554,1.396257,1.363581
2013-04-18,2.069212,1.475431,1.395776,1.343437
2013-04-19,2.066826,1.473729,1.395993,1.341888
2013-04-22,2.083532,1.485642,1.396210,1.352734
2013-04-23,2.114558,1.507765,1.396428,1.372878
2013-04-24,2.124105,1.514572,1.396645,1.379076
2013-04-25,2.131265,1.519677,1.400652,1.383725
2013-04-26,2.131265,1.519677,1.400652,1.383725
2013-04-29,2.162291,1.541800,1.421042,1.403869
2013-04-30,2.186158,1.558818,1.436727,1.419364
2013-05-01,2.167064,1.545203,1.424179,1.406968
2013-05-02,2.198091,1.567326,1.444570,1.427111
2013-05-03,2.221957,1.584344,1.460254,1.442607
2013-05-06,2.233890,1.592853,1.468097,1.450354
2013-05-07,2.231504,1.591151,1.466528,1.448805
2013-05-08,2.248210,1.603063,1.477508,1.459651
2013-05-09,2.241050,1.597958,1.472802,1.455003
2013-05-10,2.250597,1.604765,1.479076,1.461201
2013-05-13,2.245823,1.601362,1.475939,1.458102
2013-05-14,2.255370,1.608169,1.482213,1.464300
2013-05-15,2.260143,1.611572,1.485350,1.467399
2013-05-16,2.272076,1.620081,1.493193,1.475147
2013-05-17,2.298329,1.638801,1.510446,1.492191
2013-05-20,2.298329,1.638801,1.510446,1.492191
2013-05-21,2.295943,1.637099,1.508877,1.490642
2013-05-22,2.267303,1.616678,1.490056,1.472048
2013-05-23,2.267303,1.616678,1.490056,1.472048
2013-05-24,2.262530,1.613274,1.486919,1.468949
2013-05-28,2.279236,1.625186,1.497898,1.479795
2013-05-29,2.276850,1.623485,1.496330,1.478246
2013-05-30,2.298329,1.638801,1.510446,1.492191
2013-05-31,2.279236,1.625186,1.497898,1.479795
2013-06-03,2.291169,1.633695,1.505740,1.487543
2013-06-04,2.274463,1.621783,1.494761,1.476696
2013-06-05,2.252983,1.606467,1.480645,1.462751
2013-06-06,2.257757,1.609871,1.483782,1.465850
2013-06-07,2.279236,1.625186,1.497898,1.479795
2013-06-10,2.284010,1.628590,1.501035,1.482894
2013-06-11,2.257757,1.609871,1.483782,1.465850
2013-06-12,2.238663,1.596256,1.471234,1.453453
2013-06-13,2.264916,1.614976,1.488487,1.470498
2013-06-14,2.248210,1.603063,1.477508,1.459651
2013-06-17,2.272076,1.620081,1.493193,1.475147
2013-06-18,2.291169,1.633695,1.505740,1.487543
2013-06-19,2.269690,1.618379,1.491624,1.473597
2013-06-20,2.217184,1.580940,1.457118,1.439508
2013-06-21,2.205251,1.572432,1.449275,1.431760
2013-06-24,2.174224,1.550309,1.428885,1.411616
2013-06-25,2.190931,1.562221,1.428393,1.422463
2013-06-26,2.202864,1.570730,1.435455,1.430211
2013-06-27,2.217184,1.580940,1.444786,1.439508
2013-06-28,2.207637,1.574133,1.438565,1.433310
2013-07-01,2.224344,1.586046,1.449451,1.444156
2013-07-02,2.224344,1.586046,1.449451,1.444156
2013-07-03,2.238663,1.596256,1.458783,1.453453
2013-07-05,2.257757,1.609871,1.471224,1.465850
2013-07-08,2.252983,1.606467,1.468114,1.462751
2013-07-09,2.264916,1.614976,1.475890,1.470498
2013-07-10,2.274463,1.621783,1.482111,1.476696
2013-07-11,2.315036,1.650713,1.508549,1.503038
2013-07-12,2.317422,1.652415,1.510104,1.504588
2013-07-15,2.326969,1.659222,1.516325,1.510786
2013-07-16,2.326969,1.659222,1.516325,1.510786
2013-07-17,2.331742,1.662625,1.519436,1.513885
2013-07-18,2.324582,1.657520,1.514770,1.509236
2013-07-19,2.286396,1.630292,1.489887,1.484444
2013-07-22,2.293556,1.635397,1.494552,1.489092
2013-07-23,2.284010,1.628590,1.488332,1.482894
2013-07-24,2.300716,1.640502,1.499218,1.493741
2013-07-25,2.315036,1.650713,1.508549,1.503038
2013-07-26,2.315036,1.650713,1.508549,1.503038
2013-07-29,2.310263,1.647309,1.505439,1.499939
2013-07-30,2.331742,1.662625,1.519436,1.513885
2013-07-31,2.326969,1.659222,1.516325,1.510786
2013-08-01,2.355609,1.679643,1.534988,1.529380
2013-08-02,2.367542,1.688152,1.542764,1.537128
2013-08-05,2.374702,1.693257,1.547429,1.541776
2013-08-06,2.357995,1.681345,1.536543,1.530930
2013-08-07,2.350835,1.676239,1.531877,1.526281
2013-08-08,2.362768,1.684748,1.539653,1.534029
2013-08-09,2.353222,1.677941,1.533433,1.527831
2013-08-12,2.369928,1.689854,1.544319,1.538677
2013-08-13,2.389021,1.703468,1.556761,1.551073
2013-08-14,2.381862,1.698362,1.552095,1.546425
2013-08-15,2.341289,1.669432,1.525656,1.520083
2013-08-16,2.341289,1.669432,1.525656,1.520083
2013-08-19,2.336516,1.666029,1.522546,1.516984
2013-08-20,2.341289,1.669432,1.525656,1.520083
2013-08-21,2.336516,1.666029,1.522546,1.516984
2013-08-22,2.350835,1.676239,1.531877,1.526281
2013-08-23,2.365155,1.686450,1.541209,1.535578
2013-08-26,2.360382,1.683046,1.538098,1.532479
2013-08-27,2.310263,1.647309,1.505439,1.499939
2013-08-28,2.317422,1.652415,1.510104,1.504588
2013-08-29,2.331742,1.662625,1.519436,1.513885
2013-08-30,2.317422,1.652415,1.510104,1.504588
2013-09-03,2.324582,1.657520,1.514770,1.509236
2013-09-04,2.346062,1.672836,1.528767,1.523182
2013-09-05,2.353222,1.677941,1.533433,1.527831
2013-09-06,2.357995,1.681345,1.536543,1.530930
2013-09-09,2.389021,1.703468,1.556761,1.551073
2013-09-10,2.403341,1.713678,1.566092,1.560371
2013-09-11,2.396181,1.708573,1.561426,1.555722
2013-09-12,2.393795,1.706871,1.559871,1.554172
2013-09-13,2.396181,1.708573,1.561426,1.555722
2013-09-16,2.384248,1.700064,1.553650,1.547974
2013-09-17,2.403341,1.713678,1.566092,1.560371
2013-09-18,2.431981,1.734099,1.584754,1.578965
2013-09-19,2.439141,1.739205,1.589420,1.583613
2013-09-20,2.427208,1.730696,1.581644,1.575866
2013-09-23,2.429594,1.732398,1.583199,1.577415
2013-09-24,2.424821,1.728994,1.580089,1.574316
2013-09-25,2.424821,1.728994,1.580089,1.574316
2013-09-26,2.431981,1.734099,1.584754,1.578965
2013-09-27,2.420048,1.725591,1.576978,1.571217
2013-09-30,2.408115,1.717082,1.569202,1.563470
2013-10-01,2.434368,1.735801,1.586309,1.580514
2013-10-02,2.434368,1.735801,1.586309,1.580514
2013-10-03,2.408115,1.717082,1.569202,1.563470
2013-10-04,2.424821,1.728994,1.580089,1.574316
2013-10-07,2.403341,1.713678,1.566092,1.560371
2013-10-08,2.357995,1.681345,1.536543,1.530930
2013-10-09,2.362768,1.684748,1.539653,1.534029
2013-10-10,2.408115,1.717082,1.569202,1.563470
2013-10-11,2.429594,1.732398,1.583199,1.577415
2013-10-14,2.441527,1.740906,1.590975,1.585163
2013-10-15,2.424821,1.728994,1.580089,1.574316
2013-10-16,2.451074,1.747714,1.597196,1.591361
2013-10-17,2.448687,1.746012,1.595641,1.589812
2013-10-18,2.491647,1.776644,1.623634,1.617703
2013-10-21,2.501193,1.783451,1.629855,1.623901
2013-10-22,2.496420,1.780047,1.626745,1.620802
2013-10-23,2.479714,1.768135,1.615858,1.609955
2013-10-24,2.489260,1.774942,1.622079,1.616153
2013-10-25,2.496420,1.780047,1.626745,1.620802
2013-10-28,2.501193,1.783451,1.629855,1.623901
2013-10-29,2.513126,1.791959,1.637631,1.631649
2013-10-30,2.501193,1.783451,1.629855,1.623901
2013-10-31,2.496420,1.780047,1.626745,1.620802
2013-11-01,2.496420,1.780047,1.626745,1.620802
2013-11-04,2.505967,1.786854,1.632966,1.627000
2013-11-05,2.508353,1.788556,1.634521,1.628550
2013-11-06,2.525060,1.800468,1.645407,1.639396
2013-11-07,2.491647,1.776644,1.623634,1.617703
2013-11-08,2.520286,1.797065,1.642297,1.636297
2013-11-11,2.520286,1.797065,1.642297,1.636297
2013-11-12,2.529833,1.803872,1.648518,1.642495
2013-11-13,2.558473,1.824293,1.667180,1.661090
2013-11-14,2.548926,1.817486,1.660959,1.654892
2013-11-15,2.558473,1.824293,1.667180,1.661090
2013-11-18,2.534606,1.807275,1.651628,1.645594
2013-11-19,2.522673,1.798767,1.643852,1.637847
2013-11-20,2.517900,1.795363,1.640742,1.634748
2013-11-21,2.546539,1.815784,1.659404,1.653342
2013-11-22,2.541766,1.812381,1.656294,1.650243
2013-11-25,2.536993,1.808977,1.653183,1.647144
2013-11-26,2.551313,1.819188,1.662515,1.656441
2013-11-27,2.572792,1.834504,1.676511,1.670387
2013-11-29,2.584726,1.843012,1.684287,1.678134
2013-12-02,2.572792,1.834504,1.676511,1.670387
2013-12-03,2.577566,1.837907,1.679622,1.673486
2013-12-04,2.584726,1.843012,1.684287,1.678134
2013-12-05,2.582339,1.841311,1.682732,1.676585
2013-12-06,2.601432,1.854925,1.695174,1.688981
2013-12-09,2.606205,1.858328,1.698284,1.692080
2013-12-10,2.603819,1.856627,1.696729,1.690531
2013-12-11,2.577566,1.837907,1.679622,1.673486
2013-12-12,2.565632,1.829398,1.671846,1.665738
2013-12-13,2.563246,1.827697,1.670291,1.664189
2013-12-16,2.589499,1.846416,1.687398,1.681233
2013-12-17,2.594272,1.849820,1.690508,1.684332
2013-12-18,2.613365,1.863434,1.702950,1.696729
2013-12-19,2.613365,1.863434,1.702950,1.696729
2013-12-20,2.613365,1.863434,1.702950,1.696729
2013-12-23,2.646778,1.887258,1.724723,1.718422
2013-12-24,2.651551,1.890662,1.727833,1.721521
2013-12-26,2.661098,1.897469,1.734054,1.727719
2013-12-27,2.656325,1.894065,1.730944,1.724620
2013-12-30,2.651551,1.890662,1.727833,1.721521
2013-12-31,2.670644,1.904276,1.740275,1.733917
2014-01-02,2.644391,1.885557,1.723168,1.716872
2014-01-03,2.634845,1.878750,1.716947,1.710674
2014-01-06,2.627685,1.873644,1.712281,1.706026
2014-01-07,2.653938,1.892364,1.729388,1.723071
2014-01-08,2.656325,1.894065,1.730944,1.724620
2014-01-09,2.644391,1.885557,1.723168,1.716872
2014-01-10,2.649165,1.888960,1.726278,1.719972
2014-01-13,2.620525,1.868539,1.707616,1.701377
2014-01-14,2.668258,1.902574,1.738720,1.732368
2014-01-15,2.699284,1.924697,1.758937,1.752512
2014-01-16,2.701671,1.926399,1.760492,1.754061
2014-01-17,2.684964,1.914487,1.749606,1.743214
2014-01-21,2.696897,1.922995,1.757382,1.750962
2014-01-22,2.699284,1.924697,1.758937,1.752512
2014-01-23,2.687351,1.916188,1.751161,1.744764
2014-01-24,2.632458,1.877048,1.715392,1.709125
2014-01-27,2.601432,1.854925,1.695174,1.688981
2014-01-28,2.594272,1.849820,1.690508,1.684332
2014-01-29,2.568019,1.831100,1.673401,1.667288
2014-01-30,2.608592,1.860030,1.699839,1.693630
2014-01-31,2.608592,1.860030,1.699839,1.693630
2014-02-03,2.551313,1.819188,1.662515,1.656441
2014-02-04,2.563246,1.827697,1.670291,1.664189
2014-02-05,2.563246,1.827697,1.670291,1.664189
2014-02-06,2.596659,1.851521,1.692063,1.685882
2014-02-07,2.632458,1.877048,1.715392,1.709125
2014-02-10,2.642005,1.883855,1.721612,1.715323
2014-02-11,2.668258,1.902574,1.738720,1.732368
2014-02-12,2.677804,1.909381,1.744940,1.738566
2014-02-13,2.701671,1.926399,1.760492,1.754061
2014-02-14,2.708831,1.931504,1.765158,1.758710
2014-02-18,2.720764,1.940013,1.772934,1.766457
2014-02-19,2.704057,1.928101,1.762048,1.755611
2014-02-20,2.718377,1.938311,1.771379,1.764908
2014-02-21,2.711217,1.933206,1.766713,1.760259
2014-02-24,2.725537,1.943417,1.776045,1.769556
2014-02-25,2.718377,1.938311,1.771379,1.764908
2014-02-26,2.725537,1.943417,1.776045,1.769556
2014-02-27,2.744630,1.957031,1.788486,1.781952
2014-02-28,2.735084,1.950224,1.782265,1.775754
2014-03-03,2.715990,1.936610,1.769824,1.763358
2014-03-04,2.758950,1.967241,1.797817,1.791250
2014-03-05,2.766110,1.972347,1.802483,1.795898
2014-03-06,2.763723,1.970645,1.800928,1.794349
2014-03-07,2.756563,1.965540,1.796262,1.789700
2014-03-10,2.749403,1.960434,1.791597,1.785052
2014-03-11,2.739857,1.953627,1.785376,1.778853
2014-03-12,2.747017,1.958733,1.790041,1.783502
2014-03-13,2.704057,1.928101,1.762048,1.755611
2014-03-14,2.689737,1.917890,1.752716,1.746313
2014-03-17,2.720764,1.940013,1.772934,1.766457
2014-03-18,2.761337,1.968943,1.799373,1.792799
2014-03-19,2.747017,1.958733,1.790041,1.783502
2014-03-20,2.763723,1.970645,1.800928,1.794349
2014-03-21,2.747017,1.958733,1.790041,1.783502
2014-03-24,2.732697,1.948522,1.780710,1.774205
2014-03-25,2.747017,1.958733,1.790041,1.783502
2014-03-26,2.708831,1.931504,1.765158,1.758710
2014-03-27,2.692124,1.919592,1.754272,1.747863
2014-03-28,2.701671,1.926399,1.760492,1.754061
2014-03-31,2.730310,1.946820,1.779155,1.772655
2014-04-01,2.766110,1.972347,1.802483,1.795898
2014-04-02,2.768496,1.974048,1.804038,1.797448
2014-04-03,2.744630,1.957031,1.788486,1.781952
2014-04-04,2.682578,1.912785,1.748051,1.741665
2014-04-07,2.658711,1.895767,1.732499,1.726170
2014-04-08,2.682578,1.912785,1.748051,1.741665
2014-04-09,2.725537,1.943417,1.776045,1.769556
2014-04-10,2.653938,1.892364,1.729388,1.723071
2014-04-11,2.618138,1.866837,1.728793,1.699828
2014-04-14,2.642005,1.883855,1.729062,1.715323
2014-04-15,2.656325,1.894065,1.729331,1.724620
2014-04-16,2.682578,1.912785,1.729600,1.741665
2014-04-17,2.680191,1.911083,1.727197,1.740115
2014-04-21,2.692124,1.919592,1.734887,1.747863
2014-04-22,2.708831,1.931504,1.745654,1.758710
2014-04-23,2.684964,1.914487,1.730273,1.743214
2014-04-24,2.704057,1.928101,1.742578,1.755611
2014-04-25,2.661098,1.897469,1.714893,1.727719
2014-04-28,2.677804,1.909381,1.714302,1.738566
2014-04-29,2.696897,1.922995,1.725662,1.750962
2014-04-30,2.706444,1.929802,1.731771,1.757160
2014-05-01,2.706444,1.929802,1.731771,1.757160
2014-05-02,2.701671,1.926399,1.728717,1.754061
2014-05-05,2.711217,1.933206,1.734825,1.760259
2014-05-06,2.677804,1.909381,1.713445,1.738566
2014-05-07,2.670644,1.904276,1.712855,1.733917
2014-05-08,2.670644,1.904276,1.713122,1.733917
2014-05-09,2.677804,1.909381,1.713388,1.738566
2014-05-12,2.720764,1.940013,1.713655,1.766457
2014-05-13,2.720764,1.940013,1.712798,1.766457
2014-05-14,2.701671,1.926399,1.700779,1.754061
2014-05-15,2.682578,1.912785,1.688759,1.741665
2014-05-16,2.701671,1.926399,1.688177,1.754061
2014-05-19,2.725537,1.943417,1.702239,1.769556
2014-05-20,2.708831,1.931504,1.691805,1.758710
2014-05-21,2.730310,1.946820,1.705220,1.772655
2014-05-22,2.739857,1.953627,1.711182,1.778853
2014-05-23,2.763723,1.970645,1.726088,1.794349
2014-05-27,2.794749,1.992768,1.745466,1.814492
2014-05-28,2.787589,1.987663,1.740994,1.809844
2014-05-29,2.804296,1.999575,1.751428,1.820691
2014-05-30,2.799523,1.996171,1.748447,1.817592
2014-06-02,2.794749,1.992768,1.745466,1.814492
2014-06-03,2.792363,1.991066,1.743975,1.812943
2014-06-04,2.799523,1.996171,1.748447,1.817592
2014-06-05,2.825776,2.014891,1.764843,1.834636
2014-06-06,2.840095,2.025101,1.773787,1.843933
2014-06-09,2.849642,2.031908,1.779749,1.850132
2014-06-10,2.854415,2.035312,1.782730,1.853231
2014-06-11,2.852029,2.033610,1.781240,1.851681
2014-06-12,2.825776,2.014891,1.764843,1.834636
2014-06-13,2.844869,2.028505,1.776768,1.847032
2014-06-16,2.849642,2.031908,1.779749,1.850132
2014-06-17,2.859189,2.038716,1.785711,1.856330
2014-06-18,2.873508,2.048926,1.794655,1.865627
2014-06-19,2.866348,2.043821,1.790183,1.860978
2014-06-20,2.859189,2.038716,1.785711,1.856330
2014-06-23,2.868735,2.045523,1.791674,1.862528
2014-06-24,2.849642,2.031908,1.779749,1.850132
2014-06-25,2.866348,2.043821,1.790183,1.860978
2014-06-26,2.861575,2.040417,1.787202,1.857879
2014-06-27,2.878282,2.052330,1.797636,1.868726
2014-06-30,2.887828,2.059137,1.803598,1.874924
2014-07-01,2.918854,2.081260,1.822976,1.895068
2014-07-02,2.916468,2.079558,1.821485,1.893518
2014-07-03,2.930788,2.089768,1.830429,1.902815
2014-07-07,2.926014,2.086365,1.827448,1.899716
2014-07-08,2.890215,2.060838,1.805089,1.876473
2014-07-09,2.902148,2.069347,1.812542,1.884221
2014-07-10,2.892601,2.062540,1.806579,1.878023
2014-07-11,2.902148,2.069347,1.812542,1.884221
2014-07-14,2.923628,2.084663,1.825957,1.898167
2014-07-15,2.916468,2.079558,1.821485,1.893518
2014-07-16,2.937947,2.094874,1.834900,1.907464
2014-07-17,2.899761,2.067646,1.811051,1.882672
2014-07-18,2.937947,2.094874,1.834900,1.907464
2014-07-21,2.937947,2.094874,1.834900,1.907464
2014-07-22,2.961814,2.111891,1.849806,1.922959
2014-07-23,2.964200,2.113593,1.851297,1.924509
2014-07-24,2.966587,2.115295,1.852787,1.926058
2014-07-25,2.957041,2.108488,1.846825,1.919860
2014-07-28,2.961814,2.111891,1.849806,1.922959
2014-07-29,2.949881,2.103383,1.842353,1.915212
2014-07-30,2.961814,2.111891,1.849806,1.922959
2014-07-31,2.902148,2.069347,1.812542,1.884221
2014-08-01,2.890215,2.060838,1.805089,1.876473
2014-08-04,2.909308,2.074453,1.817013,1.888870
2014-08-05,2.887828,2.059137,1.803598,1.874924
2014-08-06,2.883055,2.055733,1.800617,1.871825
2014-08-07,2.873508,2.048926,1.794655,1.865627
2014-08-08,2.892601,2.062540,1.806579,1.878023
2014-08-11,2.911695,2.076154,1.818504,1.890419
2014-08-12,2.904535,2.071049,1.814032,1.885771
2014-08-13,2.935561,2.093172,1.833410,1.905914
2014-08-14,2.940334,2.096576,1.836391,1.909013
2014-08-15,2.945107,2.099979,1.839372,1.912112
2014-08-18,2.973747,2.120400,1.857259,1.930707
2014-08-19,2.997613,2.137418,1.872165,1.946202
2014-08-20,2.997613,2.137418,1.872165,1.946202
2014-08-21,3.011933,2.147629,1.881108,1.955499
2014-08-22,3.014320,2.149330,1.882599,1.957049
2014-08-25,3.014320,2.149330,1.882599,1.957049
2014-08-26,3.019093,2.152734,1.885580,1.960148
2014-08-27,3.014320,2.149330,1.882599,1.957049
2014-08-28,3.007160,2.144225,1.878127,1.952400
2014-08-29,3.026253,2.157839,1.890052,1.964796
2014-09-02,3.033413,2.162944,1.894523,1.969445
2014-09-03,3.014320,2.149330,1.882599,1.957049
2014-09-04,3.009547,2.145927,1.879618,1.953950
2014-09-05,3.026253,2.157839,1.890052,1.964796
2014-09-08,3.033413,2.162944,1.894523,1.969445
2014-09-09,3.009547,2.145927,1.879618,1.953950
2014-09-10,3.035800,2.164646,1.896014,1.970994
2014-09-11,3.040573,2.168050,1.898995,1.974093
2014-09-12,3.026253,2.157839,1.890052,1.964796
2014-09-15,3.000000,2.139120,1.873655,1.947752
2014-09-16,3.021480,2.154436,1.887071,1.961697
2014-09-17,3.026253,2.157839,1.890052,1.964796
2014-09-18,3.045346,2.171453,1.901976,1.977192
2014-09-19,3.033413,2.162944,1.894523,1.969445
2014-09-22,3.004773,2.142523,1.876637,1.950851
2014-09-23,2.995227,2.135716,1.870674,1.944652
2014-09-24,3.019093,2.152734,1.885580,1.960148
2014-09-25,2.949881,2.103383,1.842353,1.915212
2014-09-26,2.985680,2.128909,1.864712,1.938454
2014-09-29,2.983294,2.127207,1.863221,1.936905
2014-09-30,2.985680,2.128909,1.864712,1.938454
2014-10-01,2.935561,2.093172,1.833410,1.905914
2014-10-02,2.937947,2.094874,1.834900,1.907464
2014-10-03,2.964200,2.113593,1.851297,1.924509
2014-10-06,2.959427,2.110190,1.848316,1.921410
2014-10-07,2.909308,2.074453,1.817013,1.888870
2014-10-08,2.964200,2.113593,1.816388,1.924509
2014-10-09,2.914081,2.077856,1.784783,1.891969
2014-10-10,2.825776,2.014891,1.784168,1.834636
2014-10-13,2.789976,1.989364,1.784446,1.811393
2014-10-14,2.799523,1.996171,1.784724,1.817592
2014-10-15,2.789976,1.989364,1.785001,1.811393
2014-10-16,2.778043,1.980855,1.785279,1.803646
2014-10-17,2.809069,2.002978,1.785557,1.823790
2014-10-20,2.828162,2.016593,1.785835,1.836186
2014-10-21,2.890215,2.060838,1.786113,1.876473
2014-10-22,2.868735,2.045523,1.786391,1.862528
2014-10-23,2.914081,2.077856,1.786669,1.891969
2014-10-24,2.935561,2.093172,1.786947,1.905914
2014-10-27,2.935561,2.093172,1.786054,1.905914
2014-10-28,2.985680,2.128909,1.816547,1.938454
2014-10-29,2.976134,2.122102,1.810739,1.932256
2014-10-30,2.988067,2.130611,1.817999,1.940004
2014-10-31,3.042959,2.169751,1.851397,1.975643
2014-11-03,3.054893,2.178260,1.858658,1.983391
2014-11-04,3.057279,2.179962,1.860110,1.984940
2014-11-05,3.064439,2.185067,1.864466,1.989589
2014-11-06,3.066826,2.186769,1.865918,1.991138
2014-11-07,3.066826,2.186769,1.865918,1.991138
2014-11-10,3.076372,2.193576,1.871726,1.997336
2014-11-11,3.078759,2.195278,1.873178,1.998886
2014-11-12,3.088305,2.202085,1.878987,2.005084
2014-11-13,3.097852,2.208892,1.884795,2.011282
2014-11-14,3.119332,2.224208,1.897864,2.025228
2014-11-17,3.109785,2.217401,1.892055,2.019030
2014-11-18,3.126492,2.229313,1.902220,2.029876
2014-11-19,3.105012,2.213997,1.889151,2.015931
2014-11-20,3.124105,2.227612,1.900768,2.028327
2014-11-21,3.133652,2.234419,1.906576,2.034525
2014-11-24,3.155131,2.249734,1.919645,2.048471
2014-11-25,3.157518,2.251436,1.921097,2.050020
2014-11-26,3.186158,2.271857,1.938522,2.068614
2014-11-28,3.193317,2.276963,1.942878,2.073263
2014-12-01,3.155131,2.249734,1.919645,2.048471
2014-12-02,3.167064,2.258243,1.926905,2.056218
2014-12-03,3.183771,2.270156,1.937070,2.067065
2014-12-04,3.183771,2.270156,1.937070,2.067065
2014-12-05,3.186158,2.271857,1.938522,2.068614
2014-12-08,3.143198,2.241226,1.912384,2.040723
2014-12-09,3.159905,2.253138,1.922549,2.051570
2014-12-10,3.109785,2.217401,1.892055,2.019030
2014-12-11,3.124105,2.227612,1.900768,2.028327
2014-12-12,3.076372,2.193576,1.871726,1.997336
2014-12-15,3.057279,2.179962,1.860110,1.984940
2014-12-16,3.014320,2.149330,1.833972,1.957049
2014-12-17,3.076372,2.193576,1.871726,1.997336
2014-12-18,3.131265,2.232717,1.905124,2.032975
2014-12-19,3.136038,2.236120,1.908028,2.036074
2014-12-22,3.169451,2.259945,1.928357,2.057768
2014-12-23,3.176611,2.265050,1.932713,2.062416
2014-12-24,3.176611,2.265050,1.932713,2.062416
2014-12-26,3.188544,2.273559,1.939974,2.070164
2014-12-29,3.171838,2.261647,1.929809,2.059317
2014-12-30,3.152745,2.248033,1.918193,2.046921
2014-12-31,3.116945,2.222506,1.896412,2.023678
2015-01-02,3.109785,2.217401,1.892055,2.019030
2015-01-05,3.057279,2.179962,1.860110,1.984940
2015-01-06,3.016706,2.151032,1.835424,1.958598
2015-01-07,3.042959,2.169751,1.834792,1.975643
2015-01-08,3.112172,2.219103,1.875586,2.020579
2015-01-09,3.105012,2.213997,1.871271,2.015931
2015-01-12,3.064439,2.185067,1.846820,1.989589
2015-01-13,3.064439,2.185067,1.846820,1.989589
2015-01-14,3.045346,2.171453,1.835313,1.977192
2015-01-15,3.000000,2.139120,1.807985,1.947752
2015-01-16,3.028640,2.159541,1.807362,1.966346
2015-01-20,3.052506,2.176559,1.807643,1.981841
2015-01-21,3.057279,2.179962,1.809565,1.984940
2015-01-22,3.114558,2.220804,1.843468,2.022129
2015-01-23,3.124105,2.227612,1.849118,2.028327
2015-01-26,3.114558,2.220804,1.843468,2.022129
2015-01-27,3.023866,2.156137,1.789788,1.963247
2015-01-28,3.019093,2.152734,1.789172,1.960148
2015-01-29,3.050119,2.174857,1.789450,1.980292
2015-01-30,3.007160,2.144225,1.763364,1.952400
2015-02-02,3.033413,2.162944,1.762757,1.969445
2015-02-03,3.071599,2.190173,1.763032,1.994237
2015-02-04,3.076372,2.193576,1.764888,1.997336
2015-02-05,3.107399,2.215699,1.782688,2.017480
2015-02-06,3.095465,2.207190,1.775842,2.009732
2015-02-09,3.088305,2.202085,1.771734,2.005084
2015-02-10,3.133652,2.234419,1.797749,2.034525
2015-02-11,3.147971,2.244629,1.805964,2.043822
2015-02-12,3.198091,2.280366,1.834717,2.076362
2015-02-13,3.224344,2.299086,1.849778,2.093407
2015-02-17,3.224344,2.299086,1.849778,2.093407
2015-02-18,3.231504,2.304191,1.853886,2.098055
2015-02-19,3.243437,2.312700,1.860732,2.105803
2015-02-20,3.264916,2.328016,1.873055,2.119749
2015-02-23,3.264916,2.328016,1.873055,2.119749
2015-02-24,3.272076,2.333121,1.877162,2.124397
2015-02-25,3.255370,2.321209,1.867578,2.113551
2015-02-26,3.274463,2.334823,1.878531,2.125947
2015-02-27,3.257757,2.322910,1.868947,2.115100
2015-03-02,3.288783,2.345033,1.886746,2.135244
2015-03-03,3.262530,2.326314,1.871685,2.118199
2015-03-04,3.252983,2.319507,1.866209,2.112001
2015-03-05,3.250597,2.317805,1.864839,2.110452
2015-03-06,3.214797,2.292279,1.844302,2.109725
2015-03-09,3.229117,2.302489,1.852517,2.110053
2015-03-10,3.164678,2.256542,1.815548,2.110381
2015-03-11,3.147971,2.244629,1.805964,2.110710
2015-03-12,3.164678,2.256542,1.815548,2.111038
2015-03-13,3.150358,2.246331,1.807333,2.111367
2015-03-16,3.188544,2.273559,1.829240,2.111696
2015-03-17,3.190931,2.275261,1.830610,2.112024
2015-03-18,3.229117,2.302489,1.852517,2.112353
2015-03-19,3.226730,2.300787,1.851147,2.112682
2015-03-20,3.245823,2.314402,1.862101,2.113011
2015-03-23,3.245823,2.314402,1.862101,2.113340
2015-03-24,3.236277,2.307595,1.856624,2.113669
2015-03-25,3.147971,2.244629,1.805964,2.054967
2015-03-26,3.150358,2.246331,1.807333,2.054259
2015-03-27,3.157518,2.251436,1.811441,2.054579
2015-03-30,3.193317,2.276963,1.831979,2.054898
2015-03-31,3.176611,2.265050,1.822394,2.055218
2015-04-01,3.152745,2.248033,1.808703,2.055538
2015-04-02,3.152745,2.248033,1.808703,2.055858
2015-04-06,3.181384,2.268454,1.825133,2.056178
2015-04-07,3.178998,2.266752,1.823764,2.056498
2015-04-08,3.188544,2.273559,1.829240,2.056818
2015-04-09,3.202864,2.283770,1.837456,2.057138
2015-04-10,3.217184,2.293980,1.845671,2.057459
2015-04-13,3.202864,2.283770,1.837456,2.047277
2015-04-14,3.190931,2.275261,1.830610,2.039649
2015-04-15,3.219570,2.295682,1.847040,2.057955
2015-04-16,3.214797,2.292279,1.844302,2.054904
2015-04-17,3.164678,2.256542,1.815548,2.022868
2015-04-20,3.217184,2.293980,1.845671,2.056430
2015-04-21,3.219570,2.295682,1.847040,2.057955
2015-04-22,3.250597,2.317805,1.864839,2.077787
2015-04-23,3.257757,2.322910,1.868947,2.082364
2015-04-24,3.276850,2.336525,1.879900,2.094568
2015-04-27,3.284010,2.341630,1.884008,2.099145
2015-04-28,3.286396,2.343332,1.885377,2.100671
2015-04-29,3.272076,2.333121,1.877162,2.091517
2015-04-30,3.219570,2.295682,1.847040,2.057955
2015-05-01,3.260143,2.324612,1.870316,2.083890
2015-05-04,3.262530,2.326314,1.871685,2.085415
2015-05-05,3.212411,2.290577,1.842932,2.053379
2015-05-06,3.193317,2.276963,1.831979,2.052672
2015-05-07,3.214797,2.292279,1.844302,2.052991
2015-05-08,3.260143,2.324612,1.870316,2.053311
2015-05-11,3.248210,2.316103,1.863470,2.053630
2015-05-12,3.231504,2.304191,1.853886,2.053950
2015-05-13,3.248210,2.316103,1.863470,2.054270
2015-05-14,3.298329,2.351840,1.892223,2.054589
2015-05-15,3.288783,2.345033,1.886746,2.047618
2015-05-18,3.305489,2.356946,1.896331,2.058020
2015-05-19,3.303103,2.355244,1.894962,2.056534
2015-05-20,3.300716,2.353542,1.893592,2.055048
2015-05-21,3.312649,2.362051,1.900438,2.062478
2015-05-22,3.312649,2.362051,1.900438,2.062478
2015-05-26,3.267303,2.329717,1.874424,2.034245
2015-05-27,3.324582,2.370560,1.907284,2.069907
2015-05-28,3.322196,2.368858,1.905915,2.068421
2015-05-29,3.298329,2.351840,1.892223,2.053562
2015-06-01,3.307876,2.358647,1.897700,2.059506
2015-06-02,3.300716,2.353542,1.893592,2.055048
2015-06-03,3.312649,2.362051,1.900438,2.054340
2015-06-04,3.281623,2.339928,1.882639,2.054660
2015-06-05,3.281623,2.339928,1.882639,2.054980
2015-06-08,3.238663,2.309296,1.857993,2.055300
2015-06-09,3.233890,2.305893,1.855255,2.055619
2015-06-10,3.284010,2.341630,1.884008,2.055939
2015-06-11,3.284010,2.341630,1.884008,2.056259
2015-06-12,3.260143,2.324612,1.870316,2.056579
2015-06-15,3.243437,2.312700,1.860732,2.056900
2015-06-16,3.262530,2.326314,1.871685,2.057220
2015-06-17,3.267303,2.329717,1.874424,2.057540
2015-06-18,3.293556,2.348437,1.889485,2.057860
2015-06-19,3.272076,2.333121,1.877162,2.058180
2015-06-22,3.293556,2.348437,1.889485,2.058501
2015-06-23,3.293556,2.348437,1.889485,2.058821
2015-06-24,3.276850,2.336525,1.879900,2.047354
2015-06-25,3.267303,2.329717,1.874424,2.041389
2015-06-26,3.236277,2.307595,1.856624,2.040686
2015-06-29,3.162291,2.254840,1.814179,2.041004
2015-06-30,3.169451,2.259945,1.818287,2.041321
2015-07-01,3.186158,2.271857,1.827871,2.041639
2015-07-02,3.188544,2.273559,1.829240,2.041957
2015-07-06,3.176611,2.265050,1.822394,2.042275
2015-07-07,3.176611,2.265050,1.822394,2.042593
2015-07-08,3.121718,2.225910,1.790903,2.042911
2015-07-09,3.114558,2.220804,1.790286,2.043228
2015-07-10,3.162291,2.254840,1.790565,2.043547
2015-07-13,3.207637,2.287173,1.815333,2.043865
2015-07-14,3.224344,2.299086,1.824788,2.044183
2015-07-15,3.224344,2.299086,1.824788,2.043161
2015-07-16,3.262530,2.326314,1.846399,2.067358
2015-07-17,3.307876,2.358647,1.872062,2.096092
2015-07-20,3.322196,2.368858,1.880166,2.105166
2015-07-21,3.305489,2.356946,1.870711,2.094580
2015-07-22,3.260143,2.324612,1.845048,2.065846
2015-07-23,3.252983,2.319507,1.840996,2.061309
2015-07-24,3.231504,2.304191,1.828840,2.047698
2015-07-27,3.198091,2.280366,1.809930,2.026525
2015-07-28,3.231504,2.304191,1.828840,2.047698
2015-07-29,3.248210,2.316103,1.838295,2.058284
2015-07-30,3.255370,2.321209,1.842347,2.062821
2015-07-31,3.241050,2.310998,1.834242,2.053747
2015-08-03,3.221957,2.297384,1.823437,2.041648
2015-08-04,3.200477,2.282068,1.811281,2.040945
2015-08-05,3.233890,2.305893,1.830190,2.041263
2015-08-06,3.198091,2.280366,1.809930,2.041580
2015-08-07,3.202864,2.283770,1.812631,2.041898
2015-08-10,3.250597,2.317805,1.839645,2.042216
2015-08-11,3.198091,2.280366,1.809930,2.042534
2015-08-12,3.212411,2.290577,1.818034,2.042852
2015-08-13,3.205251,2.285472,1.813982,2.043170
2015-08-14,3.221957,2.297384,1.823437,2.043488
2015-08-17,3.243437,2.312700,1.835593,2.043806
2015-08-18,3.221957,2.297384,1.823437,2.029256
2015-08-19,3.195704,2.278665,1.808579,2.012721
2015-08-20,3.114558,2.220804,1.762656,2.012028
2015-08-21,2.997613,2.137418,1.762049,2.012341
2015-08-24,2.887828,2.059137,1.762323,2.012654
2015-08-25,2.856802,2.037014,1.762597,2.012967
2015-08-26,3.000000,2.139120,1.762871,2.013281
2015-08-27,3.071599,2.190173,1.763146,2.013594
2015-08-28,3.078759,2.195278,1.763420,2.013908
2015-08-31,3.052506,2.176559,1.763695,2.014221
2015-09-01,2.954654,2.106786,1.763969,2.014534
2015-09-02,3.026253,2.106061,1.764244,2.014848
2015-09-03,3.028640,2.106388,1.764518,2.015162
2015-09-04,2.983294,2.106716,1.764793,2.015475
2015-09-08,3.066826,2.107044,1.765068,2.015789
2015-09-09,3.031026,2.107372,1.765343,1.991262
2015-09-10,3.059666,2.107700,1.765617,2.010077
2015-09-11,3.073986,2.108028,1.765892,2.019485
2015-09-14,3.066826,2.108356,1.766167,2.014781
2015-09-15,3.105012,2.108684,1.766442,2.039868
2015-09-16,3.121718,2.109013,1.766717,2.050843
2015-09-17,3.105012,2.109341,1.766992,2.039868
2015-09-18,3.066826,2.109669,1.767267,2.014781
2015-09-21,3.093079,2.109998,1.767542,2.032028
2015-09-22,3.042959,2.110326,1.767817,1.999102
2015-09-23,3.019093,2.110654,1.768092,1.983423
2015-09-24,3.014320,2.110983,1.768367,1.980287
2015-09-25,3.009547,2.111312,1.768643,1.977151
2015-09-28,2.937947,2.111640,1.768918,1.976470
2015-09-29,2.921241,2.111969,1.769193,1.976778
2015-09-30,2.983294,2.112298,1.769469,1.977085
2015-10-01,2.985680,2.112626,1.769744,1.977393
2015-10-02,3.031026,2.112955,1.770020,1.977701
2015-10-05,3.090692,2.113284,1.770295,1.978009
2015-10-06,3.097852,2.113613,1.770571,1.981600
2015-10-07,3.114558,2.113942,1.770846,1.992286
2015-10-08,3.128878,2.114271,1.771122,2.001446
2015-10-09,3.145585,2.114600,1.771397,2.012133
2015-10-12,3.147971,2.114929,1.771673,2.013659
2015-10-13,3.133652,2.115258,1.771949,2.004499
2015-10-14,3.131265,2.115588,1.772225,2.002973
2015-10-15,3.169451,2.115917,1.772501,2.027399
2015-10-16,3.176611,2.116246,1.775617,2.031979
2015-10-19,3.188544,2.116576,1.782287,2.039613
2015-10-20,3.176611,2.116905,1.775617,2.031979
2015-10-21,3.145585,2.117235,1.758274,2.012133
2015-10-22,3.217184,2.117564,1.757668,2.057932
2015-10-23,3.305489,2.117894,1.805010,2.114419
2015-10-26,3.291169,2.118223,1.797190,2.105259
2015-10-27,3.269690,2.118553,1.785461,2.091519
2015-10-28,3.326969,2.118883,1.816739,2.128159
2015-10-29,3.312649,2.119213,1.808920,2.118999
2015-10-30,3.295943,2.119543,1.799797,2.108312
2015-11-02,3.326969,2.119872,1.816739,2.128159
2015-11-03,3.348449,2.120202,1.828469,2.141899
2015-11-04,3.355609,2.120532,1.832378,2.146478
2015-11-05,3.346062,2.120863,1.827165,2.140372
2015-11-06,3.365155,2.121193,1.837591,2.152585
2015-11-09,3.331742,2.121523,1.819346,2.131212
2015-11-10,3.307876,2.121853,1.806313,2.115945
2015-11-11,3.305489,2.122183,1.805010,2.115217
2015-11-12,3.272076,2.122514,1.786764,2.115546
2015-11-13,3.210024,2.122844,1.752880,2.115875
2015-11-16,3.252983,2.123174,1.776338,2.116204
2015-11-17,3.252983,2.123505,1.776338,2.116534
2015-11-18,3.305489,2.123835,1.805010,2.116863
2015-11-19,3.319809,2.124166,1.812829,2.117193
2015-11-20,3.346062,2.124497,1.827165,2.117522
2015-11-23,3.326969,2.124827,1.816739,2.117852
2015-11-24,3.331742,2.125158,1.819346,2.118182
2015-11-25,3.324582,2.125489,1.815436,2.118511
2015-11-27,3.329356,2.125820,1.818043,2.118841
2015-11-30,3.334129,2.126150,1.820649,2.119171
2015-12-01,3.365155,2.126481,1.837591,2.119501
2015-12-02,3.346062,2.113359,1.827165,2.119830
2015-12-03,3.300716,2.084719,1.802403,2.120160
2015-12-04,3.372315,2.129940,1.841501,2.120490
2015-12-07,3.350835,2.116374,1.829772,2.120821
2015-12-08,3.343675,2.111852,1.825862,2.121151
2015-12-09,3.293556,2.080196,1.798494,2.121481
2015-12-10,3.303103,2.086226,1.803707,2.121811
2015-12-11,3.233890,2.042512,1.765912,2.122141
2015-12-14,3.250597,2.053063,1.775035,2.122472
2015-12-15,3.264916,2.062108,1.782855,2.122802
2015-12-16,3.307876,2.089241,1.806313,2.123132
2015-12-17,3.257757,2.057586,1.778945,2.123463
2015-12-18,3.193317,2.016886,1.743757,2.123793
2015-12-21,3.224344,2.036482,1.743156,2.124124
2015-12-22,3.245823,2.050049,1.753891,2.124454
2015-12-23,3.262530,2.060600,1.762919,2.124785
2015-12-24,3.260143,2.059093,1.761629,2.125116
2015-12-28,3.260143,2.059093,1.761629,2.125447
2015-12-29,3.300716,2.084719,1.783553,2.125777
2015-12-30,3.274463,2.068137,1.769367,2.126108
2015-12-31,3.231504,2.041004,1.746154,2.097166
2016-01-04,3.181384,2.009349,1.719071,2.096443
2016-01-05,3.164678,1.998798,1.718479,2.096770
2016-01-06,3.121718,1.971665,1.718747,2.097096
2016-01-07,3.021480,1.908354,1.719014,2.097422
2016-01-08,2.995227,1.891773,1.719282,2.097749
2016-01-11,3.009547,1.900817,1.719550,2.098075
2016-01-12,3.045346,1.923428,1.719817,2.098402
2016-01-13,2.959427,1.869162,1.720085,2.098729
2016-01-14,3.016706,1.905339,1.720353,2.099055
2016-01-15,2.926014,1.848059,1.720620,2.099382
2016-01-19,2.918854,1.843536,1.720888,2.099709
2016-01-20,2.902148,1.832985,1.721156,2.100036
2016-01-21,2.911695,1.839014,1.721424,2.100362
2016-01-22,2.992840,1.890266,1.721692,2.100689
2016-01-25,2.947494,1.861625,1.721960,2.101016
2016-01-26,2.978520,1.881221,1.722228,2.101343
2016-01-27,2.906921,1.836000,1.722496,2.101670
2016-01-28,2.937947,1.835367,1.722764,2.101998
2016-01-29,3.040573,1.835653,1.723032,2.174335
2016-02-01,3.047733,1.835939,1.723300,2.179455
2016-02-02,2.985680,1.836224,1.723569,2.135081
2016-02-03,2.978520,1.836510,1.723837,2.129960
2016-02-04,2.988067,1.836796,1.724105,2.136787
2016-02-05,2.875895,1.837082,1.724374,2.056572
2016-02-08,2.823389,1.837368,1.724642,2.019025
2016-02-09,2.809069,1.837654,1.724910,2.018330
2016-02-10,2.823389,1.837940,1.725179,2.018644
2016-02-11,2.813842,1.838226,1.725447,2.018958
2016-02-12,2.854415,1.838512,1.725716,2.019272
2016-02-16,2.914081,1.838798,1.725985,2.019587
2016-02-17,2.985680,1.839084,1.726253,2.068173
2016-02-18,2.966587,1.839371,1.726522,2.054947
2016-02-19,2.978520,1.839657,1.726791,2.063214
2016-02-22,3.019093,1.839943,1.727059,2.091318
2016-02-23,2.968974,1.840230,1.727328,2.056601
2016-02-24,2.995227,1.840516,1.727597,2.074786
2016-02-25,3.031026,1.840803,1.727866,2.099584
2016-02-26,3.028640,1.841089,1.728135,2.097931
2016-02-29,3.011933,1.841376,1.728404,2.086359
2016-03-01,3.102625,1.841662,1.728673,2.149181
2016-03-02,3.109785,1.841949,1.728942,2.154140
2016-03-03,3.112172,1.842236,1.729211,2.155794
2016-03-04,3.121718,1.842522,1.729480,2.162407
2016-03-07,3.105012,1.842809,1.729749,2.150834
2016-03-08,3.073986,1.843096,1.730019,2.129342
2016-03-09,3.102625,1.843383,1.730288,2.149181
2016-03-10,3.095465,1.843670,1.730557,2.144221
2016-03-11,3.150358,1.843957,1.730827,2.182245
2016-03-14,3.150358,1.844244,1.729961,2.182245
2016-03-15,3.157518,1.844531,1.733893,2.187205
2016-03-16,3.193317,1.844818,1.753552,2.212003
2016-03-17,3.210024,1.845105,1.762726,2.223576
2016-03-18,3.221957,1.845392,1.769279,2.231842
2016-03-21,3.217184,1.845679,1.766657,2.228535
2016-03-22,3.221957,1.845967,1.769279,2.231842
2016-03-23,3.195704,1.846254,1.754862,2.213656
2016-03-24,3.200477,1.846541,1.757483,2.216963
2016-03-28,3.193317,1.846829,1.753552,2.212003
2016-03-29,3.248210,1.847116,1.783695,2.250027
2016-03-30,3.269690,1.847404,1.795490,2.264906
2016-03-31,3.267303,1.847691,1.794180,2.263253
2016-04-01,3.291169,1.847979,1.807285,2.279785
2016-04-04,3.274463,1.848267,1.798111,2.268212
2016-04-05,3.241050,1.848554,1.779763,2.245067
2016-04-06,3.276850,1.848842,1.799422,2.269866
2016-04-07,3.229117,1.849130,1.773210,2.269084
2016-04-08,3.231504,1.849418,1.774521,2.269437
2016-04-11,3.224344,1.849705,1.770589,2.269790
2016-04-12,3.238663,1.849993,1.778453,2.270143
2016-04-13,3.288783,1.850281,1.805975,2.270497
2016-04-14,3.284010,1.850569,1.803354,2.270850
2016-04-15,3.267303,1.850857,1.794180,2.271204
2016-04-18,3.284010,1.851145,1.803354,2.271557
2016-04-19,3.264916,1.851434,1.792869,2.271911
2016-04-20,3.272076,1.851722,1.796801,2.272264
2016-04-21,3.269690,1.852010,1.795490,2.272618
2016-04-22,3.221957,1.852298,1.769279,2.272972
2016-04-25,3.214797,1.852587,1.765347,2.273326
2016-04-26,3.210024,1.848911,1.762726,2.273679
2016-04-27,3.186158,1.835164,1.749620,2.274033
2016-04-28,3.143198,1.810421,1.726030,2.274387
2016-04-29,3.114558,1.793925,1.725435,2.274741
2016-05-02,3.133652,1.804922,1.725704,2.275095
2016-05-03,3.105012,1.788426,1.725972,2.275449
2016-05-04,3.090692,1.780178,1.726241,2.275804
2016-05-05,3.090692,1.780178,1.726510,2.276158
2016-05-06,3.112172,1.792550,1.726778,2.276512
2016-05-09,3.114558,1.793925,1.727047,2.276866
2016-05-10,3.155131,1.817294,1.727316,2.277221
2016-05-11,3.133652,1.804922,1.714699,2.277575
2016-05-12,3.119332,1.796674,1.714108,2.277930
2016-05-13,3.112172,1.792550,1.714375,2.278284
2016-05-16,3.150358,1.814545,1.714642,2.278639
2016-05-17,3.119332,1.796674,1.696906,2.278994
2016-05-18,3.136038,1.806297,1.696322,2.279348
2016-05-19,3.119332,1.796674,1.686441,2.266072
2016-05-20,3.159905,1.820043,1.708377,2.295547
2016-05-23,3.157518,1.818669,1.707087,2.293813
2016-05-24,3.226730,1.858534,1.744506,2.344093
2016-05-25,3.248210,1.870905,1.756118,2.359697
2016-05-26,3.257757,1.876404,1.761280,2.366632
2016-05-27,3.276850,1.887401,1.771602,2.380503
2016-05-31,3.281623,1.890151,1.774183,2.383970
2016-06-01,3.279236,1.888776,1.772893,2.382237
2016-06-02,3.279236,1.888776,1.772893,2.382237
2016-06-03,3.267303,1.881903,1.766441,2.373568
2016-06-06,3.279236,1.888776,1.772893,2.382237
2016-06-07,3.286396,1.892900,1.776764,2.387438
2016-06-08,3.298329,1.899773,1.783215,2.396107
2016-06-09,3.295943,1.898399,1.781925,2.394373
2016-06-10,3.255370,1.875029,1.759989,2.364899
2016-06-13,3.226730,1.858534,1.744506,2.344093
2016-06-14,3.229117,1.859908,1.745796,2.343286
2016-06-15,3.224344,1.857159,1.743215,2.343650
2016-06-16,3.229117,1.859908,1.745796,2.344015
2016-06-17,3.200477,1.843412,1.730312,2.344380
2016-06-20,3.224344,1.857159,1.743215,2.344745
2016-06-21,3.229117,1.859908,1.745796,2.345110
2016-06-22,3.214797,1.851660,1.738054,2.345475
2016-06-23,3.264916,1.880528,1.765151,2.345840
2016-06-24,3.124105,1.799423,1.689022,2.346205
2016-06-27,3.040573,1.751310,1.688440,2.346570
2016-06-28,3.102625,1.787051,1.688703,2.346936
2016-06-29,3.155131,1.817294,1.688966,2.347301
2016-06-30,3.195704,1.840663,1.689229,2.347666
2016-07-01,3.195704,1.840663,1.688384,2.348032
2016-07-05,3.171838,1.826916,1.675775,2.348397
2016-07-06,3.188544,1.836539,1.684601,2.348763
2016-07-07,3.198091,1.842038,1.689645,2.349128
2016-07-08,3.255370,1.875029,1.719908,2.390006
2016-07-11,3.276850,1.887401,1.731256,2.405776
2016-07-12,3.307876,1.905272,1.747648,2.428555
2016-07-13,3.305489,1.903897,1.746387,2.426803
2016-07-14,3.329356,1.917644,1.758996,2.444325
2016-07-15,3.324582,1.914894,1.756474,2.440820
2016-07-18,3.348449,1.928641,1.769084,2.458342
2016-07-19,3.343675,1.925892,1.766562,2.454838
2016-07-20,3.389021,1.952010,1.790520,2.488130
2016-07-21,3.367542,1.939638,1.779171,2.472360
2016-07-22,3.386635,1.950635,1.789259,2.486378
2016-07-25,3.386635,1.950635,1.789259,2.486378
2016-07-26,3.400955,1.958883,1.796824,2.496891
2016-07-27,3.427208,1.974005,1.810694,2.516165
2016-07-28,3.436754,1.979503,1.815738,2.523174
2016-07-29,3.436754,1.979503,1.815738,2.523174
2016-08-01,3.451074,1.987751,1.823304,2.533687
2016-08-02,3.420048,1.969881,1.806912,2.510909
2016-08-03,3.431981,1.976754,1.813216,2.519670
2016-08-04,3.453461,1.989126,1.824565,2.535439
2016-08-05,3.494033,2.012495,1.846000,2.565227
2016-08-08,3.494033,2.012495,1.846000,2.565227
2016-08-09,3.498807,2.015244,1.848522,2.568731
2016-08-10,3.489260,2.009746,1.843479,2.561723
2016-08-11,3.503580,2.017994,1.851044,2.572236
2016-08-12,3.501193,2.016619,1.849783,2.570484
2016-08-15,3.520286,2.027616,1.859871,2.584501
2016-08-16,3.503580,2.017994,1.851044,2.572236
2016-08-17,3.498807,2.015244,1.848522,2.571350
2016-08-18,3.503580,2.017994,1.851044,2.571750
2016-08-19,3.510740,2.022117,1.854827,2.572150
2016-08-22,3.510740,2.022117,1.854827,2.572551
2016-08-23,3.527446,2.031740,1.863653,2.572951
2016-08-24,3.505967,2.019368,1.852305,2.573352
2016-08-25,3.513126,2.023492,1.856088,2.573752
2016-08-26,3.517900,2.026241,1.858610,2.574153
2016-08-29,3.527446,2.031740,1.863653,2.574553
2016-08-30,3.520286,2.027616,1.859871,2.574954
2016-08-31,3.517900,2.026241,1.858610,2.575355
2016-09-01,3.529833,2.033115,1.864914,2.575756
2016-09-02,3.544153,2.041363,1.872480,2.576157
2016-09-06,3.560859,2.050985,1.881306,2.576558
2016-09-07,3.568019,2.055109,1.885089,2.576959
2016-09-08,3.539379,2.038613,1.869958,2.577360
2016-09-09,3.455847,1.990500,1.825826,2.577761
2016-09-12,3.510740,2.022117,1.854827,2.578162
2016-09-13,3.484487,2.006996,1.840957,2.578563
2016-09-14,3.503580,2.017994,1.851044,2.578965
2016-09-15,3.560859,2.050985,1.881306,2.579366
2016-09-16,3.548926,2.044112,1.875002,2.579768
2016-09-19,3.544153,2.041363,1.872480,2.580169
2016-09-20,3.529833,2.033115,1.864914,2.580571
2016-09-21,3.570406,2.056484,1.886350,2.580973
2016-09-22,3.594272,2.070230,1.898959,2.581374
2016-09-23,3.563246,2.052360,1.882567,2.557812
2016-09-26,3.541766,2.039988,1.871219,2.542393
2016-09-27,3.579952,2.061982,1.891394,2.541517
2016-09-28,3.591885,2.068856,1.897699,2.548714
2016-09-29,3.570406,2.056484,1.886350,2.533473
2016-09-30,3.591885,2.068856,1.897699,2.548714
2016-10-03,3.579952,2.061982,1.891394,2.540247
2016-10-04,3.572792,2.057859,1.887611,2.535166
2016-10-05,3.591885,2.068856,1.897699,2.534293
2016-10-06,3.596659,2.071605,1.900220,2.534687
2016-10-07,3.584726,2.064732,1.893916,2.525015
2016-10-10,3.608592,2.078478,1.906525,2.524145
2016-10-11,3.560859,2.050985,1.881306,2.489511
2016-10-12,3.560859,2.050985,1.881306,2.488654
2016-10-13,3.539379,2.038613,1.869958,2.489041
2016-10-14,3.551313,2.045487,1.876263,2.489429
2016-10-17,3.541766,2.039988,1.871219,2.489816
2016-10-18,3.565632,2.053735,1.883828,2.490204
2016-10-19,3.568019,2.055109,1.885089,2.490591
2016-10-20,3.558473,2.049611,1.880046,2.490979
2016-10-21,3.577566,2.060608,1.890133,2.491367
2016-10-24,3.618138,2.083977,1.911569,2.491754
2016-10-25,3.606205,2.077104,1.905264,2.482295
2016-10-26,3.587112,2.066106,1.895177,2.469152
2016-10-27,3.570406,2.056484,1.886350,2.457652
2016-10-28,3.570406,2.056484,1.886350,2.456806
2016-10-31,3.570406,2.056484,1.886350,2.457188
2016-11-01,3.541766,2.039988,1.871219,2.457571
2016-11-02,3.515513,2.024867,1.857349,2.457953
2016-11-03,3.489260,2.009746,1.843479,2.458336
2016-11-04,3.477327,2.002872,1.837174,2.458718
2016-11-07,3.558473,2.049611,1.880046,2.459101
2016-11-08,3.575179,2.059233,1.888872,2.459484
2016-11-09,3.570406,2.056484,1.886350,2.459867
2016-11-10,3.522673,2.028991,1.861132,2.460250
2016-11-11,3.544153,2.041363,1.872480,2.460632
2016-11-14,3.494033,2.012495,1.846000,2.461015
2016-11-15,3.541766,2.039988,1.871219,2.461399
2016-11-16,3.570406,2.056484,1.886350,2.461782
2016-11-17,3.599045,2.072980,1.901481,2.480288
2016-11-18,3.591885,2.068856,1.897699,2.475354
2016-11-21,3.627685,2.089476,1.916612,2.500025
2016-11-22,3.632458,2.092225,1.919134,2.503314
2016-11-23,3.618138,2.083977,1.911569,2.493446
2016-11-25,3.627685,2.089476,1.916612,2.500025
2016-11-28,3.625298,2.088101,1.915352,2.498380
2016-11-29,3.630072,2.090850,1.917873,2.501670
2016-11-30,3.589499,2.067481,1.896438,2.473709
2016-12-01,3.503580,2.017994,1.851044,2.414498
2016-12-02,3.515513,2.024867,1.857349,2.413666
2016-12-05,3.556086,2.048236,1.878785,2.414042
2016-12-06,3.568019,2.055109,1.885089,2.414417
2016-12-07,3.630072,2.090850,1.917873,2.414793
2016-12-08,3.651551,2.103222,1.929222,2.415169
2016-12-09,3.670644,2.114219,1.939309,2.426584
2016-12-12,3.651551,2.103222,1.929222,2.413962
2016-12-13,3.694511,2.127966,1.951919,2.442361
2016-12-14,3.670644,2.114219,1.939309,2.426584
2016-12-15,3.687351,2.123842,1.948136,2.437628
2016-12-16,3.661098,2.108721,1.934265,2.420273
2016-12-19,3.682578,2.121093,1.945614,2.434472
2016-12-20,3.694511,2.127966,1.951919,2.442361
2016-12-21,3.682578,2.121093,1.945614,2.434472
2016-12-22,3.670644,2.114219,1.939309,2.426584
2016-12-23,3.675418,2.116969,1.941831,2.429739
2016-12-27,3.692124,2.126591,1.950658,2.440783
2016-12-28,3.656325,2.105971,1.931744,2.417117
2016-12-29,3.658711,2.107346,1.933005,2.416285
2016-12-30,3.625298,2.088101,1.915352,2.416661
2017-01-03,3.653938,2.104597,1.930483,2.417037
2017-01-04,3.675418,2.116969,1.941831,2.417413
2017-01-05,3.677804,2.118343,1.943092,2.417789
2017-01-06,3.711217,2.137589,1.960745,2.418166
2017-01-09,3.718377,2.141712,1.964528,2.418542
2017-01-10,3.718377,2.141712,1.964528,2.417333
2017-01-11,3.739857,2.154084,1.975876,2.431297
2017-01-12,3.730310,2.148586,1.970832,2.425091
2017-01-13,3.744630,2.156834,1.978398,2.434400
2017-01-17,3.723150,2.144462,1.967050,2.420436
2017-01-18,3.737470,2.152710,1.974615,2.429745
2017-01-19,3.727924,2.147211,1.969572,2.423539
2017-01-20,3.747017,2.158208,1.979659,2.435951
2017-01-23,3.749403,2.159583,1.980920,2.437503
2017-01-24,3.787589,2.181577,2.001095,2.462328
2017-01-25,3.828162,2.204947,2.022531,2.488705
2017-01-26,3.818616,2.199448,2.017487,2.482498
2017-01-27,3.830549,2.206321,2.023791,2.490256
2017-01-30,3.799523,2.188451,2.007399,2.470086
2017-01-31,3.780430,2.177454,1.997312,2.457673
2017-02-01,3.809069,2.193949,2.012443,2.476292
2017-02-02,3.809069,2.193949,2.012443,2.476292
2017-02-03,3.840095,2.211820,2.028835,2.496462
2017-02-06,3.844869,2.214569,2.031357,2.499565
2017-02-07,3.859189,2.222817,2.038923,2.508875
2017-02-08,3.866348,2.226941,2.042705,2.513530
2017-02-09,3.885442,2.237938,2.052793,2.525942
2017-02-10,3.894988,2.243437,2.057837,2.532148
2017-02-13,3.916468,2.255809,2.069185,2.546112
2017-02-14,3.928401,2.262682,2.075490,2.553870
2017-02-15,3.947494,2.273679,2.085577,2.566283
2017-02-16,3.952267,2.276429,2.088099,2.569386
2017-02-17,3.964200,2.283302,2.094404,2.577144
2017-02-21,3.988067,2.297048,2.107013,2.592659
2017-02-22,3.992840,2.299798,2.109535,2.595762
2017-02-23,3.983294,2.294299,2.104491,2.589556
2017-02-24,3.990453,2.298423,2.108274,2.594211
2017-02-27,3.992840,2.299798,2.109535,2.595762
2017-02-28,3.968974,2.286051,2.096925,2.580247
2017-03-01,4.023866,2.317668,2.125927,2.615933
2017-03-02,3.992840,2.299798,2.109535,2.595762
2017-03-03,4.000000,2.303922,2.113317,2.598567
2017-03-06,3.992840,2.299798,2.109535,2.595601
2017-03-07,3.997613,2.302547,2.112057,2.597804
2017-03-08,4.002387,2.305296,2.114578,2.600007
2017-03-09,3.997613,2.302547,2.112057,2.598075
2017-03-10,4.019093,2.314919,2.123405,2.607516
2017-03-13,4.023866,2.317668,2.125927,2.609716
2017-03-14,4.014320,2.312170,2.120883,2.605723
2017-03-15,4.040573,2.327291,2.134753,2.617219
2017-03-16,4.050119,2.332790,2.139797,2.621477
2017-03-17,4.050119,2.332790,2.139797,2.621613
2017-03-20,4.057279,2.336913,2.143580,2.624839
2017-03-21,3.990453,2.298423,2.108274,2.596154
2017-03-22,4.021480,2.316294,2.124666,2.609745
2017-03-23,4.011933,2.310795,2.119622,2.605751
2017-03-24,4.002387,2.305296,2.114578,2.601752
2017-03-27,4.007160,2.308046,2.117100,2.603956
2017-03-28,4.033413,2.323167,2.130970,2.615464
2017-03-29,4.042959,2.328666,2.136014,2.619727
2017-03-30,4.047733,2.331415,2.138536,2.621925
2017-03-31,4.045346,2.330040,2.137275,2.621030
2017-04-03,4.033413,2.323167,2.130970,2.616011
2017-04-04,4.031026,2.321792,2.129710,2.615115
2017-04-05,4.016706,2.313544,2.122144,2.609058
2017-04-06,4.019093,2.314919,2.123405,2.610226
2017-04-07,4.016706,2.313544,2.122144,2.609329
2017-04-10,4.014320,2.312170,2.120883,2.608430
2017-04-11,4.000000,2.303922,2.113317,2.602363
2017-04-12,3.980907,2.292925,2.103230,2.594216
2017-04-13,3.964200,2.283302,2.094404,2.587093
2017-04-17,4.002387,2.305296,2.114578,2.603841
2017-04-18,4.002387,2.305296,2.114578,2.603976
2017-04-19,4.002387,2.305296,2.114578,2.604111
2017-04-20,4.042959,2.328666,2.136014,2.621845
2017-04-21,4.040573,2.327291,2.134753,2.620949
2017-04-24,4.093079,2.357533,2.162494,2.643791
2017-04-25,4.119332,2.372655,2.176364,2.660305
2017-04-26,4.109785,2.367156,2.171320,2.654140
2017-04-27,4.133652,2.380902,2.183929,2.669553
2017-04-28,4.140811,2.385026,2.187712,2.674177
2017-05-01,4.176611,2.405646,2.206626,2.697296
2017-05-02,4.186158,2.411145,2.211670,2.703462
2017-05-03,4.178998,2.407021,2.207887,2.698838
2017-05-04,4.183771,2.409770,2.210409,2.701920
2017-05-05,4.202864,2.420767,2.220496,2.714251
2017-05-08,4.217184,2.429015,2.228062,2.723499
2017-05-09,4.226730,2.434514,2.233106,2.729664
2017-05-10,4.243437,2.444137,2.241932,2.740453
2017-05-11,4.238663,2.441387,2.239410,2.737370
2017-05-12,4.248210,2.446886,2.244454,2.743536
2017-05-15,4.279236,2.464756,2.260846,2.763573
2017-05-16,4.300716,2.477128,2.272195,2.777445
2017-05-17,4.178998,2.407021,2.207887,2.698838
2017-05-18,4.198091,2.418018,2.217975,2.711168
2017-05-19,4.221957,2.431765,2.230584,2.721131
2017-05-22,4.264916,2.456508,2.253281,2.739731
2017-05-23,4.269690,2.459258,2.255802,2.741917
2017-05-24,4.291169,2.471630,2.267151,2.751255
2017-05-25,4.324582,2.490875,2.284804,2.765679
2017-05-26,4.324582,2.490875,2.284804,2.765219
2017-05-30,4.334129,2.496373,2.289848,2.771323
2017-05-31,4.322196,2.489500,2.283543,2.763692
2017-06-01,4.343675,2.501872,2.294891,2.777427
2017-06-02,4.384248,2.525241,2.316327,2.803370
2017-06-05,4.389021,2.527991,2.318849,2.806422
2017-06-06,4.381862,2.523867,2.315066,2.801844
2017-06-07,4.391408,2.529365,2.320110,2.807948
2017-06-08,4.408115,2.538988,2.328936,2.818631
2017-06-09,4.286396,2.468880,2.264629,2.740802
2017-06-12,4.252983,2.449635,2.246976,2.726246
2017-06-13,4.291169,2.471630,2.267151,2.742706
2017-06-14,4.267303,2.457883,2.254542,2.732679
2017-06-15,4.245823,2.445511,2.243193,2.723651
2017-06-16,4.238663,2.441387,2.239410,2.720730
2017-06-19,4.307876,2.481252,2.275977,2.750489
2017-06-20,4.272076,2.460632,2.257063,2.735393
2017-06-21,4.300716,2.477128,2.272195,2.747761
2017-06-22,4.307876,2.481252,2.275977,2.750953
2017-06-23,4.336516,2.497748,2.291108,2.763288
2017-06-26,4.312649,2.484002,2.278499,2.753293
2017-06-27,4.241050,2.442762,2.240671,2.722962
2017-06-28,4.284010,2.467506,2.263368,2.741491
2017-06-29,4.207637,2.423517,2.223018,2.709051
2017-06-30,4.202864,2.420767,2.220496,2.707143
2017-07-03,4.167064,2.400148,2.201582,2.691911
2017-07-05,4.210024,2.424891,2.224279,2.710552
2017-07-06,4.171838,2.402897,2.204104,2.694302
2017-07-07,4.226730,2.434514,2.233106,2.718076
2017-07-10,4.257757,2.452385,2.249498,2.724554
2017-07-11,4.274463,2.462007,2.258324,2.728401
2017-07-12,4.334129,2.496373,2.289848,2.741379
2017-07-13,4.343675,2.501872,2.294891,2.745089
2017-07-14,4.379475,2.522492,2.313805,2.760314
2017-07-17,4.381862,2.523867,2.315066,2.761460
2017-07-18,4.403341,2.536238,2.326414,2.770628
2017-07-19,4.429594,2.551360,2.340285,2.781784
2017-07-20,4.431981,2.552734,2.341546,2.782928
2017-07-21,4.424821,2.548610,2.337763,2.777969
2017-07-24,4.441527,2.558233,2.346589,2.788457
2017-07-25,4.436754,2.555484,2.344068,2.785461
2017-07-26,4.443914,2.559608,2.347850,2.789956
2017-07-27,4.403341,2.536238,2.326414,2.764483
2017-07-28,4.398568,2.533489,2.323893,2.761487
2017-07-31,4.374702,2.519743,2.311283,2.746503
2017-08-01,4.398568,2.533489,2.323893,2.761487
2017-08-02,4.403341,2.536238,2.326414,2.763167
2017-08-03,4.391408,2.529365,2.320110,2.758318
2017-08-04,4.398568,2.533489,2.323893,2.761460
2017-08-07,4.424821,2.548610,2.337763,2.772591
2017-08-08,4.420048,2.545861,2.335241,2.770741
2017-08-09,4.415274,2.543112,2.332719,2.768890
2017-08-10,4.322196,2.489500,2.283543,2.730119
2017-08-11,4.355609,2.508745,2.301196,2.744331
2017-08-14,4.427208,2.549985,2.339024,2.774548
2017-08-15,4.434368,2.554109,2.342807,2.777684
2017-08-16,4.448687,2.562357,2.350372,2.783808
2017-08-17,4.360382,2.511495,2.303718,2.747114
2017-08-18,4.360382,2.511495,2.303718,2.747256
2017-08-21,4.355609,2.508745,2.301196,2.745394
2017-08-22,4.420048,2.545861,2.335241,2.772614
2017-08-23,4.410501,2.540362,2.330197,2.768766
2017-08-24,4.410501,2.540362,2.330197,2.768909
2017-08-25,4.408115,2.538988,2.328936,2.768054
2017-08-28,4.420048,2.545861,2.335241,2.773193
2017-08-29,4.436754,2.555484,2.344068,2.780325
2017-08-30,4.477327,2.578853,2.365503,2.805283
2017-08-31,4.510740,2.598098,2.383156,2.826218
2017-09-01,4.508353,2.596723,2.381895,2.824722
2017-09-05,4.470167,2.574729,2.361721,2.800797
2017-09-06,4.477327,2.578853,2.365503,2.805283
2017-09-07,4.496420,2.589850,2.375591,2.817245
2017-09-08,4.463007,2.570605,2.357938,2.796310
2017-09-11,4.529833,2.609095,2.393244,2.838180
2017-09-12,4.536993,2.613219,2.397027,2.842666
2017-09-13,4.527446,2.607721,2.391983,2.836685
2017-09-14,4.515513,2.600847,2.385678,2.829208
2017-09-15,4.529833,2.609095,2.393244,2.838180
2017-09-18,4.534606,2.611844,2.395766,2.841171
2017-09-19,4.548926,2.620092,2.403331,2.850143
2017-09-20,4.527446,2.607721,2.391983,2.836685
2017-09-21,4.501193,2.592599,2.378113,2.820236
2017-09-22,4.505967,2.595349,2.380634,2.821906
2017-09-25,4.443914,2.559608,2.347850,2.796145
2017-09-26,4.458234,2.567856,2.355416,2.802297
2017-09-27,4.498807,2.591225,2.376852,2.819444
2017-09-28,4.505967,2.595349,2.380634,2.822582
2017-09-29,4.534606,2.611844,2.395766,2.834688
2017-10-02,4.546539,2.618718,2.402070,2.839808
2017-10-03,4.558473,2.625591,2.408375,2.844925
2017-10-04,4.556086,2.624216,2.407114,2.842961
2017-10-05,4.599045,2.648960,2.429811,2.869768
2017-10-06,4.613365,2.657208,2.437376,2.878703
2017-10-09,4.622912,2.662707,2.442420,2.884660
2017-10-10,4.625298,2.664081,2.443681,2.886149
2017-10-11,4.644391,2.675079,2.453768,2.898063
2017-10-12,4.649165,2.677828,2.456290,2.901042
2017-10-13,4.670644,2.690200,2.467639,2.914445
2017-10-16,4.682578,2.697073,2.473943,2.921891
2017-10-17,4.680191,2.695698,2.472682,2.920402
2017-10-18,4.696897,2.705321,2.481509,2.930827
2017-10-19,4.680191,2.695698,2.472682,2.920402
2017-10-20,4.711217,2.713569,2.489074,2.939762
2017-10-23,4.694511,2.703946,2.480248,2.929337
2017-10-24,4.708831,2.712194,2.487813,2.938273
2017-10-25,4.692124,2.702572,2.478987,2.927848
2017-10-26,4.713604,2.714944,2.490335,2.941251
2017-10-27,4.832936,2.783676,2.553382,3.015713
2017-10-30,4.849642,2.793299,2.562208,3.026138
2017-10-31,4.868735,2.804296,2.572296,3.038052
2017-11-01,4.868735,2.804296,2.572296,3.038052
2017-11-02,4.871122,2.805671,2.573557,3.039541
2017-11-03,4.909308,2.827665,2.593731,3.063369
2017-11-06,4.933174,2.841412,2.606341,3.078262
2017-11-07,4.930788,2.840037,2.605080,3.076772
2017-11-08,4.959427,2.856533,2.620211,3.094643
2017-11-09,4.914081,2.830415,2.596253,3.066348
2017-11-10,4.916468,2.831789,2.597514,3.067837
2017-11-13,4.916468,2.831789,2.597514,3.067837
2017-11-14,4.906921,2.826291,2.592471,3.061880
2017-11-15,4.868735,2.804296,2.572296,3.045646
2017-11-16,4.935561,2.842787,2.607602,3.073672
2017-11-17,4.911695,2.829040,2.594992,3.063923
2017-11-20,4.928401,2.838663,2.603819,3.071030
2017-11-21,4.990453,2.874404,2.636603,3.096967
2017-11-22,4.976134,2.866156,2.629038,3.091203
2017-11-24,5.004773,2.882652,2.644169,3.103224
2017-11-27,5.000000,2.879902,2.641647,3.101412
2017-11-28,5.011933,2.886775,2.647951,3.106508
2017-11-29,4.883055,2.812544,2.579861,3.053415
2017-11-30,4.923628,2.835913,2.601297,3.070487
2017-12-01,4.894988,2.819417,2.586166,3.058739
2017-12-04,4.799523,2.764431,2.535729,3.019129
2017-12-05,4.811456,2.771304,2.542033,3.024290
2017-12-06,4.842482,2.789175,2.558425,3.037448
2017-12-07,4.875895,2.808420,2.576078,3.051578
2017-12-08,4.894988,2.819417,2.586166,3.059702
2017-12-11,4.935561,2.842787,2.607602,3.076768
2017-12-12,4.921241,2.834539,2.600036,3.070977
2017-12-13,4.926014,2.837288,2.602558,3.073122
2017-12-14,4.909308,2.827665,2.593731,3.066333
2017-12-15,4.966587,2.860657,2.623994,3.090343
2017-12-18,5.011933,2.886775,2.647951,3.109314
2017-12-19,4.985680,2.871654,2.634081,3.092511
2017-12-20,4.980907,2.868905,2.631559,3.089550
2017-12-21,4.968974,2.862032,2.625255,3.082149
2017-12-22,4.961814,2.857908,2.621472,3.077707
2017-12-26,4.928401,2.838663,2.603819,3.056982
2017-12-27,4.935561,2.842787,2.607602,3.059591
2017-12-28,4.940334,2.845536,2.610124,3.061723
2017-12-29,4.914081,2.830415,2.596253,3.051035
2018-01-02,4.980907,2.868905,2.631559,3.078854
2018-01-03,5.033413,2.899147,2.659300,3.100650
2018-01-04,5.062053,2.915643,2.674431,3.117773
2018-01-05,5.116945,2.947260,2.703432,3.151582
2018-01-08,5.140811,2.961007,2.716042,3.166282
2018-01-09,5.126492,2.952759,2.708476,3.157462
2018-01-10,5.109785,2.943136,2.699650,3.147172
2018-01-11,5.143198,2.962382,2.717303,3.167752
2018-01-12,5.174224,2.980252,2.733695,3.186861
2018-01-16,5.150358,2.966505,2.721085,3.172161
2018-01-17,5.229117,3.011869,2.762696,3.220670
2018-01-18,5.238663,3.017368,2.767740,3.226550
2018-01-19,5.250597,3.024241,2.774044,3.233900
2018-01-22,5.291169,3.047610,2.795480,3.258889
2018-01-23,5.324582,3.066855,2.813133,3.279468
2018-01-24,5.276850,3.039362,2.787915,3.250069
2018-01-25,5.262530,3.031114,2.780349,3.241249
2018-01-26,5.346062,3.079227,2.824482,3.292698
2018-01-29,5.300716,3.053109,2.800524,3.264769
2018-01-30,5.248210,3.022866,2.772783,3.232430
2018-01-31,5.286396,3.044861,2.792958,3.255949
2018-02-01,5.281623,3.042111,2.790436,3.253615
2018-02-02,5.133652,2.956883,2.712259,3.193015
2018-02-05,4.933174,2.841412,2.606341,3.110052
2018-02-06,5.057279,2.912894,2.671909,3.162374
2018-02-07,5.000000,2.879902,2.641647,3.138660
2018-02-08,4.794749,2.761682,2.533207,3.052928
2018-02-09,4.909308,2.827665,2.593731,3.101714
2018-02-12,4.997613,2.878528,2.640386,3.139069
2018-02-13,5.014320,2.888150,2.649212,3.146228
2018-02-14,5.114558,2.945886,2.702171,3.188321
2018-02-15,5.214797,3.003621,2.755130,3.230144
2018-02-16,5.200477,2.995373,2.747565,3.224399
2018-02-20,5.214797,3.003621,2.755130,3.232738
2018-02-21,5.188544,2.988500,2.741260,3.216464
2018-02-22,5.190931,2.989875,2.742521,3.217943
2018-02-23,5.295943,3.050359,2.798002,3.283042
2018-02-26,5.374702,3.095723,2.839613,3.331866
2018-02-27,5.324582,3.066855,2.813133,3.300796
2018-02-28,5.291169,3.047610,2.795480,3.280083
2018-03-01,5.207637,2.999497,2.751348,3.228300
2018-03-02,5.264916,3.032489,2.781610,3.263808
2018-03-05,5.319809,3.064106,2.810611,3.297837
2018-03-06,5.336516,3.073729,2.819438,3.308193
2018-03-07,5.369928,3.092974,2.837091,3.328907
2018-03-08,5.391408,3.105346,2.848439,3.342222
2018-03-09,5.498807,3.167205,2.905181,3.408800
2018-03-12,5.517900,3.178202,2.915268,3.420637
2018-03-13,5.451074,3.139712,2.879962,3.379210
2018-03-14,5.451074,3.139712,2.879962,3.379210
2018-03-15,5.453461,3.141087,2.881223,3.380690
2018-03-16,5.436754,3.131464,2.872397,3.370333
2018-03-19,5.329356,3.069605,2.815655,3.303755
2018-03-20,5.334129,3.072354,2.818177,3.305348
2018-03-21,5.310263,3.058607,2.805568,3.295660
2018-03-22,5.169451,2.977503,2.731173,3.237571
2018-03-23,5.031026,2.897773,2.658039,3.179943
2018-03-26,5.221957,3.007745,2.758913,3.260562
2018-03-27,5.045346,2.906021,2.665604,3.187214
2018-03-28,4.995227,2.877153,2.639125,3.166272
2018-03-29,5.102625,2.939012,2.695867,3.211820
2018-04-02,4.978520,2.867530,2.630298,3.159909
2018-04-03,5.023866,2.893649,2.654256,3.179260
2018-04-04,5.090692,2.932139,2.689562,3.207618
2018-04-05,5.112172,2.944511,2.700910,3.216808
2018-04-06,4.988067,2.873029,2.635342,3.164913
2018-04-09,5.021480,2.892274,2.652995,3.179211
2018-04-10,5.145585,2.963756,2.718563,3.205197
2018-04-11,5.124105,2.951384,2.707215,3.201070
2018-04-12,5.188544,2.988500,2.741260,3.214821
2018-04-13,5.167064,2.976128,2.729912,3.205581
2018-04-16,5.202864,2.996748,2.748826,3.220553
2018-04-17,5.310263,3.058607,2.805568,3.265040
2018-04-18,5.303103,3.054483,2.801785,3.262275
2018-04-19,5.241050,3.018742,2.769001,3.236996
2018-04-20,5.167064,2.976128,2.729912,3.206700
2018-04-23,5.145585,2.963756,2.718563,3.197979
2018-04-24,5.047733,2.907395,2.666865,3.157602
2018-04-25,5.040573,2.903271,2.663083,3.154780
2018-04-26,5.143198,2.962382,2.717303,3.175988
2018-04-27,5.119332,2.948635,2.704693,3.171405
2018-04-30,5.100239,2.937638,2.694606,3.167792
2018-05-01,5.162291,2.973379,2.727390,3.180967
2018-05-02,5.162291,2.973379,2.727390,3.181297
2018-05-03,5.178998,2.983001,2.736217,3.187795
2018-05-04,5.276850,3.039362,2.787915,3.228114
2018-05-07,5.322196,3.065481,2.811872,3.246775
2018-05-08,5.343675,3.077853,2.823221,3.255679
2018-05-09,5.412888,3.117718,2.859788,3.283960
2018-05-10,5.477327,3.154833,2.893833,3.310194
2018-05-11,5.460621,3.145211,2.885006,3.303634
2018-05-14,5.455847,3.142461,2.882484,3.300196
2018-05-15,5.408115,3.114968,2.857266,3.271323
2018-05-16,5.434368,3.130089,2.871136,3.287203
2018-05-17,5.408115,3.114968,2.857266,3.271323
2018-05-18,5.386635,3.102596,2.845917,3.258330
2018-05-21,5.429594,3.127340,2.868614,3.284316
2018-05-22,5.417661,3.120467,2.862309,3.277098
2018-05-23,5.458234,3.143836,2.883745,3.301640
2018-05-24,5.455847,3.142461,2.882484,3.300196
2018-05-25,5.455847,3.142461,2.882484,3.300196
2018-05-29,5.424821,3.124591,2.866092,3.281429
2018-05-30,5.465394,3.147960,2.887528,3.297411
2018-05-31,5.460621,3.145211,2.885006,3.295662
2018-06-01,5.558473,3.201571,2.936704,3.335204
2018-06-04,5.603819,3.227690,2.960662,3.361853
2018-06-05,5.634845,3.245560,2.977054,3.380466
2018-06-06,5.668258,3.264806,2.994707,3.400511
2018-06-07,5.603819,3.227690,2.960662,3.361853
2018-06-08,5.603819,3.227690,2.960662,3.361853
2018-06-11,5.603819,3.227690,2.960662,3.361853
2018-06-12,5.642005,3.249684,2.980837,3.384761
2018-06-13,5.630072,3.242811,2.974532,3.377602
2018-06-14,5.661098,3.260682,2.990924,3.396216
2018-06-15,5.639618,3.248310,2.979576,3.383329
2018-06-18,5.646778,3.252434,2.983359,3.387625
2018-06-19,5.608592,3.230439,2.963184,3.371966
2018-06-20,5.625298,3.240062,2.972010,3.378837
2018-06-21,5.575179,3.211194,2.945531,3.358943
2018-06-22,5.544153,3.193324,2.929139,3.346655
2018-06-25,5.417661,3.120467,2.862309,3.295926
2018-06-26,5.446301,3.136963,2.877441,3.307712
2018-06-27,5.362768,3.088850,2.833308,3.274063
2018-06-28,5.408115,3.114968,2.857266,3.292689
2018-06-29,5.412888,3.117718,2.859788,3.294797
2018-07-02,5.467780,3.149335,2.888789,3.317243
2018-07-03,5.408115,3.114968,2.857266,3.293283
2018-07-05,5.477327,3.154833,2.893833,3.321552
2018-07-06,5.544153,3.193324,2.929139,3.348741
2018-07-09,5.591885,3.220817,2.954357,3.368135
2018-07-10,5.603819,3.227690,2.960662,3.373102
2018-07-11,5.572792,3.209819,2.944270,3.353867
2018-07-12,5.668258,3.264806,2.994707,3.411321
2018-07-13,5.661098,3.260682,2.990924,3.407012
2018-07-16,5.642005,3.249684,2.980837,3.395521
2018-07-17,5.687351,3.275803,3.004794,3.422812
2018-07-18,5.684964,3.274428,3.003534,3.421375
2018-07-19,5.677804,3.270304,2.999751,3.417066
2018-07-20,5.673031,3.267555,2.997229,3.414193
2018-07-23,5.696897,3.281301,3.009838,3.428557
2018-07-24,5.687351,3.275803,3.004794,3.422812
2018-07-25,5.770883,3.323916,3.048927,3.473084
2018-07-26,5.749403,3.311544,3.037579,3.460156
2018-07-27,5.637232,3.246935,2.978315,3.392648
2018-07-30,5.536993,3.189200,2.925356,3.332322
2018-07-31,5.553699,3.198822,2.934182,3.338641
2018-08-01,5.618138,3.235938,2.968227,3.364640
2018-08-02,5.699284,3.282676,3.011099,3.397212
2018-08-03,5.713604,3.290924,3.018665,3.403079
2018-08-06,5.747017,3.310169,3.036318,3.416523
2018-08-07,5.770883,3.323916,3.048927,3.430139
2018-08-08,5.780430,3.329414,3.053971,3.435814
2018-08-09,5.787589,3.333538,3.057753,3.440069
2018-08-10,5.749403,3.311544,3.037579,3.417372
2018-08-13,5.737470,3.304671,3.031274,3.410279
2018-08-14,5.775656,3.326665,3.051449,3.432977
2018-08-15,5.723150,3.296423,3.023708,3.401768
2018-08-16,5.758950,3.317042,3.042622,3.415561
2018-08-17,5.780430,3.329414,3.053971,3.424231
2018-08-20,5.775656,3.326665,3.051449,3.422523
2018-08-21,5.787589,3.333538,3.057753,3.427415
2018-08-22,5.816229,3.350034,3.072885,3.438900
2018-08-23,5.835322,3.361031,3.082972,3.449614
2018-08-24,5.902148,3.399522,3.118278,3.489119
2018-08-27,5.947494,3.425640,3.142236,3.515925
2018-08-28,5.976134,3.442136,3.157367,3.532856
2018-08-29,6.033413,3.475128,3.187629,3.566717
2018-08-30,6.019093,3.466880,3.180064,3.558252
2018-08-31,6.050119,3.484750,3.196456,3.576593
2018-09-04,6.059666,3.490249,3.201499,3.582237
2018-09-05,5.964200,3.435263,3.151062,3.525802
2018-09-06,5.933174,3.417392,3.134670,3.507460
2018-09-07,5.914081,3.406395,3.124583,3.496173
2018-09-10,5.935561,3.418767,3.135931,3.504236
2018-09-11,5.973747,3.440761,3.156106,3.519447
2018-09-12,5.961814,3.433888,3.149801,3.514943
2018-09-13,6.031026,3.473753,3.186368,3.542329
2018-09-14,6.035800,3.476502,3.188890,3.544382
2018-09-17,5.945107,3.424266,3.140975,3.509061
2018-09-18,5.983294,3.446260,3.161150,3.524269
2018-09-19,5.954654,3.429764,3.146019,3.513206
2018-09-20,6.019093,3.466880,3.180064,3.538734
2018-09-21,6.009547,3.461381,3.175020,3.535176
2018-09-24,6.011933,3.462756,3.176281,3.536295
2018-09-25,6.014320,3.464131,3.177542,3.537415
2018-09-26,5.985680,3.447635,3.162411,3.526368
2018-09-27,6.016706,3.465505,3.178803,3.538737
2018-09-28,6.042959,3.480626,3.192673,3.549214
2018-10-01,6.054893,3.487500,3.198978,3.554071
2018-10-02,6.045346,3.482001,3.193934,3.550520
2018-10-03,6.073986,3.498497,3.209065,3.561918
2018-10-04,5.966587,3.436637,3.152323,3.520115
2018-10-05,5.887828,3.391274,3.110712,3.489321
2018-10-08,5.809069,3.345910,3.069102,3.458385
2018-10-09,5.825776,3.355533,3.077928,3.465195
2018-10-10,5.553699,3.198822,2.934182,3.357487
2018-10-11,5.477327,3.154833,2.893833,3.326881
2018-10-12,5.646778,3.252434,2.983359,3.395669
2018-10-15,5.565632,3.205695,2.940487,3.363314
2018-10-16,5.737470,3.304671,3.031274,3.432716
2018-10-17,5.718377,3.293673,3.021187,3.428693
2018-10-18,5.603819,3.227690,2.960662,3.406152
2018-10-19,5.587112,3.218067,2.951835,3.403121
2018-10-22,5.632458,3.244186,2.975793,3.412681
2018-10-23,5.610979,3.231814,2.964445,3.408697
2018-10-24,5.357995,3.086100,2.830786,3.357821
2018-10-25,5.532220,3.186450,2.829811,3.357784
2018-10-26,5.420048,3.121841,2.771047,3.334882
2018-10-29,5.331742,3.070979,2.770093,3.334845
2018-10-30,5.398568,3.109470,2.770524,3.335364
2018-10-31,5.529833,3.185076,2.770955,3.335884
2018-11-01,5.606205,3.229065,2.807820,3.351028
2018-11-02,5.503580,3.169954,2.756421,3.309755
2018-11-05,5.491647,3.163081,2.755472,3.307155
2018-11-06,5.525060,3.182326,2.755901,3.314206
2018-11-07,5.682578,3.273054,2.833054,3.376806
2018-11-08,5.673031,3.267555,2.828294,3.373200
2018-11-09,5.575179,3.211194,2.779510,3.334586
2018-11-12,5.381862,3.099847,2.683131,3.257675
2018-11-13,5.386635,3.102596,2.682207,3.258433
2018-11-14,5.326969,3.068230,2.682625,3.246740
2018-11-15,5.460621,3.145211,2.683042,3.246704
2018-11-16,5.453461,3.141087,2.683460,3.247210
2018-11-19,5.238663,3.017368,2.683878,3.204380
2018-11-20,5.131265,2.955508,2.684295,3.204344
2018-11-21,5.174224,2.980252,2.684713,3.204843
2018-11-23,5.140811,2.961007,2.685131,3.205342
2018-11-26,5.250597,3.024241,2.685549,3.205841
2018-11-27,5.255370,3.026990,2.685967,3.206340
2018-11-28,5.439141,3.132839,2.686385,3.206839
2018-11-29,5.396181,3.108095,2.686803,3.198196
2018-11-30,5.448687,3.138337,2.687221,3.208901
2018-12-03,5.565632,3.205695,2.687640,3.232191
2018-12-04,5.350835,3.081976,2.582622,3.148673
2018-12-06,5.367542,3.091599,2.581733,3.151751
2018-12-07,5.181384,2.984376,2.582135,3.115642
2018-12-10,5.250597,3.024241,2.582537,3.129838
2018-12-11,5.252983,3.025616,2.582938,3.130637
2018-12-12,5.298329,3.024574,2.583341,3.139970
2018-12-13,5.281623,3.025044,2.583743,3.136996
2018-12-14,5.157518,3.025515,2.584145,3.112751
2018-12-17,5.038186,3.025986,2.584547,3.112716
2018-12-18,5.081146,3.026457,2.584949,3.113201
2018-12-19,4.976134,3.026928,2.585352,3.113685
2018-12-20,4.892601,3.027399,2.585754,3.114170
2018-12-21,4.739857,3.027870,2.586157,3.114655
2018-12-24,4.618138,3.028342,2.586559,3.115140
2018-12-26,4.897375,3.028813,2.586962,3.115624
2018-12-27,4.937947,3.029285,2.587364,3.116109
2018-12-28,4.928401,3.029756,2.587767,3.116594
2018-12-31,4.976134,3.030228,2.588170,3.117079
2019-01-02,4.980907,3.030699,2.588573,3.117565
2019-01-03,4.735084,3.031171,2.588976,3.066090
2019-01-04,4.940334,3.031643,2.589379,3.066056
2019-01-07,4.995227,3.032115,2.589782,3.077217
2019-01-08,5.042959,3.032587,2.590185,3.087338
2019-01-09,5.105012,3.033059,2.590588,3.100321
2019-01-10,5.128878,3.033531,2.590991,3.105474
2019-01-11,5.126492,3.034003,2.591394,3.105315
2019-01-14,5.076372,3.034475,2.591798,3.095517
2019-01-15,5.150358,3.034948,2.592201,3.110877
2019-01-16,5.157518,3.035420,2.592605,3.112642
2019-01-17,5.195704,3.035892,2.593008,3.120647
2019-01-18,5.272076,3.036365,2.593412,3.136261
2019-01-22,5.186158,3.036838,2.593815,3.119549
2019-01-23,5.198091,3.037310,2.594219,3.122265
2019-01-24,5.250597,3.037783,2.594623,3.133102
2019-01-25,5.334129,3.038256,2.595027,3.150042
2019-01-28,5.267303,3.038729,2.595431,3.137214
2019-01-29,5.214797,3.039202,2.595835,3.127116
2019-01-30,5.362768,3.039675,2.596239,3.157018
2019-01-31,5.374702,3.040148,2.596643,3.159687
2019-02-01,5.410501,3.040621,2.597047,3.167030
2019-02-04,5.496420,3.041094,2.597451,3.200189
2019-02-05,5.541766,3.041568,2.617571,3.217957
2019-02-06,5.560859,3.042041,2.626589,3.228505
2019-02-07,5.484487,3.042515,2.590516,3.184165
2019-02-08,5.520286,3.042988,2.607425,3.197654
2019-02-11,5.525060,3.043462,2.609680,3.199885
2019-02-12,5.599045,3.043935,2.644626,3.242735
2019-02-13,5.608592,3.044409,2.649135,3.248264
2019-02-14,5.620525,3.044883,2.654772,3.255175
2019-02-15,5.663484,3.045357,2.675063,3.280055
2019-02-19,5.668258,3.045831,2.677317,3.282820
2019-02-20,5.675418,3.046305,2.680699,3.286966
2019-02-21,5.675418,3.046779,2.680699,3.286966
2019-02-22,5.751790,3.047254,2.716773,3.331198
2019-02-25,5.778043,3.047728,2.729173,3.346403
2019-02-26,5.787589,3.048202,2.733682,3.351932
2019-02-27,5.787589,3.048677,2.733682,3.351932
2019-02-28,5.768496,3.049151,2.724664,3.340874
2019-03-01,5.804296,3.049626,2.741573,3.361607
2019-03-04,5.770883,3.050100,2.725791,3.342256
2019-03-05,5.751790,3.050575,2.716773,3.331198
2019-03-06,5.715990,3.051050,2.699863,3.310464
2019-03-07,5.665871,3.051525,2.676190,3.281437
2019-03-08,5.665871,3.052000,2.676190,3.281437
2019-03-11,5.789976,3.052475,2.734809,3.353314
2019-03-12,5.818616,3.052950,2.748337,3.369901
2019-03-13,5.856802,3.053425,2.766374,3.392017
2019-03-14,5.868735,3.053901,2.772010,3.398928
2019-03-15,5.933174,3.054376,2.802447,3.436248
2019-03-18,5.957041,3.054851,2.813720,3.450071
2019-03-19,5.971360,3.055327,2.820483,3.458364
2019-03-20,5.952267,3.055802,2.811465,3.447306
2019-03-21,6.081146,3.056278,2.872339,3.521947
2019-03-22,5.928401,3.056754,2.800192,3.433484
2019-03-25,5.904535,3.042926,2.788919,3.419661
2019-03-26,5.937947,3.060145,2.804701,3.439013
2019-03-27,5.899761,3.040466,2.786665,3.416897
2019-03-28,5.926014,3.053995,2.799065,3.432102
2019-03-29,5.985680,3.084744,2.827247,3.466658
2019-04-01,6.069212,3.127793,2.866702,3.515036
2019-04-02,6.085919,3.136403,2.874593,3.524712
2019-04-03,6.138425,3.163462,2.899394,3.555121
2019-04-04,6.105012,3.146242,2.883612,3.535770
2019-04-05,6.133652,3.161002,2.897139,3.552356
2019-04-08,6.157518,3.173302,2.908412,3.566179
2019-04-09,6.128878,3.158542,2.894885,3.549592
2019-04-10,6.178998,3.184371,2.918558,3.578619
2019-04-11,6.176611,3.183141,2.917431,3.577237
2019-04-12,6.217184,3.204051,2.936595,3.600735
2019-04-15,6.217184,3.204051,2.936595,3.600735
2019-04-16,6.243437,3.217580,2.948995,3.615939
2019-04-17,6.264916,3.228650,2.959140,3.628380
2019-04-18,6.276850,3.234800,2.964777,3.635291
2019-04-22,6.295943,3.244639,2.973795,3.646349
2019-04-23,6.367542,3.281538,3.007614,3.687816
2019-04-24,6.372315,3.283998,3.009868,3.690580
2019-04-25,6.365155,3.280308,3.006487,3.686434
2019-04-26,6.350835,3.272929,2.999723,3.678140
2019-04-29,6.355609,3.275388,3.001977,3.680905
2019-04-30,6.367542,3.281538,3.007614,3.687816
2019-05-01,6.341289,3.268009,2.995214,3.672611
2019-05-02,6.312649,3.253249,2.981686,3.656024
2019-05-03,6.374702,3.285228,3.010996,3.691963
2019-05-06,6.331742,3.263089,2.990705,3.667082
2019-05-07,6.198091,3.194211,2.927576,3.589677
2019-05-08,6.186158,3.188061,2.921940,3.582766
2019-05-09,6.145585,3.167152,2.902776,3.559268
2019-05-10,6.162291,3.175762,2.910667,3.568943
2019-05-13,5.923628,3.052765,2.797938,3.430719
2019-05-14,6.021480,3.103194,2.844157,3.487391
2019-05-15,6.083532,3.135173,2.873466,3.523329
2019-05-16,6.147971,3.168382,2.903903,3.560650
2019-05-17,6.085919,3.136403,2.874593,3.524712
2019-05-20,5.978520,3.081055,2.823865,3.462511
2019-05-21,6.062053,3.124103,2.863321,3.510889
2019-05-22,6.023866,3.104424,2.845284,3.488773
2019-05-23,5.914081,3.047846,2.793429,3.425190
2019-05-24,5.918854,3.050305,2.795683,3.427955
2019-05-28,5.902148,3.041696,2.787792,3.418279
2019-05-29,5.861575,3.020786,2.768628,3.417102
2019-05-30,5.894988,3.038006,2.784410,3.417634
2019-05-31,5.801909,2.990037,2.740446,3.418166
2019-06-03,5.694511,2.934689,2.689718,3.418698
2019-06-04,5.885442,3.033086,2.688791,3.419230
2019-06-05,5.961814,3.072445,2.722320,3.419762
2019-06-06,6.026253,3.105654,2.751745,3.420294
2019-06-07,6.131265,3.159772,2.799696,3.420827
2019-06-10,6.200477,3.195441,2.831300,3.421359
2019-06-11,6.190931,3.190521,2.826941,3.421892
2019-06-12,6.164678,3.176992,2.814953,3.422424
2019-06-13,6.183771,3.186831,2.823672,3.422957
2019-06-14,6.126492,3.157312,2.797517,3.423490
2019-06-17,6.140811,3.164692,2.804055,3.424023
2019-06-18,6.243437,3.217580,2.850917,3.424556
2019-06-19,6.272076,3.232340,2.863994,3.425089
2019-06-20,6.357995,3.276618,2.903227,3.425622
2019-06-21,6.307876,3.250789,2.880341,3.426155
2019-06-24,6.300716,3.247099,2.877072,3.426688
2019-06-25,6.190931,3.190521,2.826941,3.427222
2019-06-26,6.250597,3.221270,2.854186,3.427755
2019-06-27,6.279236,3.236030,2.867264,3.428288
2019-06-28,6.291169,3.242180,2.872713,3.428822
2019-07-01,6.384248,3.290148,2.915215,3.477812
2019-07-02,6.403341,3.299988,2.923933,3.488213
2019-07-03,6.448687,3.323357,2.944640,3.512915
2019-07-05,6.439141,3.318437,2.940280,3.507715
2019-07-08,6.391408,3.293838,2.918484,3.481713
2019-07-09,6.415274,3.306138,2.929382,3.494714
2019-07-10,6.465394,3.331967,2.952268,3.522016
2019-07-11,6.486874,3.343036,2.962076,3.533717
2019-07-12,6.536993,3.368866,2.984962,3.561020
2019-07-15,6.553699,3.377475,2.992591,3.570121
2019-07-16,6.498807,3.349186,2.967525,3.540218
2019-07-17,6.482100,3.340576,2.959897,3.531117
2019-07-18,6.527446,3.363946,2.980603,3.555819
2019-07-19,6.491647,3.345496,2.964256,3.536317
2019-07-22,6.563246,3.382395,2.996950,3.575321
2019-07-23,6.601432,3.402075,3.014387,3.596123
2019-07-24,6.661098,3.432824,3.041632,3.628626
2019-07-25,6.615752,3.409454,3.020926,3.603924
2019-07-26,6.661098,3.432824,3.041632,3.628626
2019-07-29,6.651551,3.427904,3.037273,3.623425
2019-07-30,6.610979,3.406994,3.018746,3.601323
2019-07-31,6.513126,3.356566,2.974064,3.548019
2019-08-01,6.482100,3.340576,2.959897,3.531117
2019-08-02,6.360382,3.277848,2.904317,3.464811
2019-08-05,6.097852,3.142553,2.784439,3.321798
2019-08-06,6.188544,3.189291,2.825851,3.371203
2019-08-07,6.231504,3.211430,2.845468,3.394605
2019-08-08,6.384248,3.290148,2.915215,3.477812
2019-08-09,6.312649,3.253249,2.882521,3.438809
2019-08-12,6.229117,3.210201,2.844378,3.393305
2019-08-13,6.377088,3.286458,2.911946,3.473912
2019-08-14,6.181384,3.185601,2.822582,3.367302
2019-08-15,6.169451,3.179451,2.817133,3.360802
2019-08-16,6.281623,3.237260,2.868354,3.421907
2019-08-19,6.372315,3.283998,2.909766,3.471312
2019-08-20,6.346062,3.270469,2.897778,3.457010
2019-08-21,6.417661,3.307367,2.930472,3.496014
2019-08-22,6.403341,3.299988,2.923933,3.494810
2019-08-23,6.198091,3.194211,2.830211,3.495354
2019-08-26,6.276850,3.234800,2.866174,3.495898
2019-08-27,6.262530,3.227420,2.859635,3.496442
2019-08-28,6.264916,3.228650,2.860725,3.496986
2019-08-29,6.374702,3.285228,2.910856,3.497530
2019-08-30,6.372315,3.283998,2.909766,3.498075
2019-09-03,6.293556,3.243409,2.873803,3.498619
2019-09-04,6.400955,3.298758,2.922844,3.499164
2019-09-05,6.529833,3.365176,2.981693,3.499708
2019-09-06,6.522673,3.361486,2.978423,3.500253
2019-09-09,6.472554,3.335657,2.955538,3.500798
2019-09-10,6.439141,3.318437,2.940280,3.501343
2019-09-11,6.505967,3.352876,2.970795,3.501888
2019-09-12,6.536993,3.368866,2.984962,3.502433
2019-09-13,6.489260,3.344266,2.963166,3.502978
2019-09-16,6.484487,3.341806,2.960987,3.503523
2019-09-17,6.505967,3.352876,2.970795,3.504069
2019-09-18,6.510740,3.355336,2.972974,3.504614
2019-09-19,6.525060,3.362716,2.979513,3.505160
2019-09-20,6.455847,3.327047,2.947909,3.505705
2019-09-23,6.470167,3.334427,2.954448,3.506251
2019-09-24,6.396181,3.296298,2.920664,3.464424
2019-09-25,6.472554,3.335657,2.955538,3.505790
2019-09-26,6.455847,3.327047,2.947909,3.496742
2019-09-27,6.360382,3.277848,2.904317,3.445034
2019-09-30,6.429594,3.313517,2.935921,3.482522
2019-10-01,6.372315,3.283998,2.909766,3.451497
2019-10-02,6.252983,3.222500,2.855276,3.386862
2019-10-03,6.334129,3.264319,2.892329,3.430814
2019-10-04,6.441527,3.319667,2.941370,3.488985
2019-10-07,6.420048,3.308597,2.931562,3.477351
2019-10-08,6.295943,3.244639,2.874892,3.410131
2019-10-09,6.386635,3.291378,2.916305,3.459253
2019-10-10,6.424821,3.311057,2.933742,3.479937
2019-10-11,6.517900,3.359026,2.976244,3.530352
2019-10-14,6.517900,3.359026,2.976244,3.530352
2019-10-15,6.584726,3.393465,3.006758,3.566547
2019-10-16,6.527446,3.363946,2.980603,3.535522
2019-10-17,6.522673,3.361486,2.978423,3.532937
2019-10-18,6.453461,3.325817,2.946819,3.495449
2019-10-21,6.517900,3.359026,2.976244,3.530352
2019-10-22,6.429594,3.313517,2.935921,3.482522
2019-10-23,6.436754,3.317207,2.939191,3.486400
2019-10-24,6.534606,3.367636,2.983872,3.539401
2019-10-25,6.613365,3.408224,3.019836,3.582059
2019-10-28,6.689737,3.447583,3.054709,3.623426
2019-10-29,6.634845,3.419294,3.029644,3.593694
2019-10-30,6.680191,3.442663,3.050350,3.618255
2019-10-31,6.670644,3.437743,3.045991,3.613084
2019-11-01,6.758950,3.483252,3.086314,3.660914
2019-11-04,6.789976,3.499242,3.100481,3.677719
2019-11-05,6.782816,3.495552,3.097212,3.673841
2019-11-06,6.775656,3.491862,3.093942,3.669963
2019-11-07,6.830549,3.520151,3.119008,3.699695
2019-11-08,6.866348,3.538600,3.135355,3.719085
2019-11-11,6.875895,3.543520,3.139714,3.724256
2019-11-12,6.897375,3.554590,3.149522,3.735890
2019-11-13,6.914081,3.563200,3.157151,3.744939
2019-11-14,6.904535,3.558280,3.152791,3.739768
2019-11-15,6.961814,3.587799,3.178947,3.770793
2019-11-18,6.978520,3.596409,3.186575,3.779842
2019-11-19,7.002387,3.608708,3.197473,3.792769
2019-11-20,6.964200,3.589029,3.180036,3.772086
2019-11-21,6.928401,3.570579,3.163689,3.752695
2019-11-22,6.926014,3.569349,3.162600,3.751403
2019-11-25,7.028640,3.622238,3.209461,3.806988
2019-11-26,7.031026,3.623468,3.210551,3.808281
2019-11-27,7.073986,3.645607,3.230167,3.831550
2019-11-29,7.045346,3.630847,3.217090,3.816037
2019-12-02,6.945107,3.579189,3.171318,3.761744
2019-12-03,6.890215,3.550900,3.146253,3.732012
2019-12-04,6.911695,3.561970,3.156061,3.743646
2019-12-05,6.933174,3.573039,3.165869,3.755281
2019-12-06,7.007160,3.611168,3.199653,3.795354
2019-12-09,6.971360,3.592719,3.183306,3.775964
2019-12-10,6.968974,3.591489,3.182216,3.774671
2019-12-11,7.014320,3.614858,3.202922,3.799232
2019-12-12,7.083532,3.650527,3.234526,3.836720
2019-12-13,7.128878,3.673896,3.255233,3.861282
2019-12-16,7.174224,3.697265,3.275939,3.885843
2019-12-17,7.159905,3.689886,3.269400,3.878087
2019-12-18,7.162291,3.691116,3.270490,3.879379
2019-12-19,7.210024,3.715715,3.292286,3.905233
2019-12-20,7.250597,3.736624,3.310812,3.927209
2019-12-23,7.274463,3.748924,3.321710,3.940136
2019-12-24,7.274463,3.748924,3.321710,3.940136
2019-12-26,7.331742,3.778443,3.347866,3.971161
2019-12-27,7.326969,3.775983,3.345686,3.968575
2019-12-30,7.284010,3.753844,3.326070,3.945307
2019-12-31,7.305489,3.764913,3.335878,3.956941
2020-01-02,7.439141,3.833791,3.396907,4.029332
2020-01-03,7.360382,3.793202,3.360943,3.986673
2020-01-06,7.384248,3.805502,3.371841,3.999600
2020-01-07,7.384248,3.805502,3.371841,3.999600
2020-01-08,7.463007,3.846091,3.407805,4.042259
2020-01-09,7.546539,3.889139,3.445948,4.087503
2020-01-10,7.529833,3.880530,3.438319,4.078455
2020-01-13,7.630072,3.932188,3.484091,4.132748
2020-01-14,7.589499,3.911279,3.465564,4.110772
2020-01-15,7.596659,3.914969,3.468833,4.114650
2020-01-16,7.699284,3.967857,3.515695,4.170236
2020-01-17,7.744630,3.991226,3.536401,4.194797
2020-01-21,7.735084,3.986306,3.532042,4.189626
2020-01-22,7.766110,4.002296,3.546209,4.206431
2020-01-23,7.804296,4.021975,3.563646,4.227115
2020-01-24,7.763723,4.001066,3.545119,4.205139
2020-01-27,7.579952,3.906359,3.461205,4.105601
2020-01-28,7.723150,3.980157,3.526593,4.183163
2020-01-29,7.730310,3.983847,3.529862,4.187041
2020-01-30,7.792363,4.015826,3.558197,4.220651
2020-01-31,7.582339,3.907589,3.462295,4.106894
2020-02-03,7.677804,3.956787,3.505887,4.158602
2020-02-04,7.878282,4.060104,3.597430,4.267188
2020-02-05,7.916468,4.079784,3.614867,4.287871
2020-02-06,7.980907,4.112993,3.644291,4.322774
2020-02-07,7.904535,4.073634,3.609418,4.281408
2020-02-10,8.002387,4.124062,3.654099,4.334408
2020-02-11,7.988067,4.116682,3.647561,4.326652
2020-02-12,8.073986,4.160961,3.686793,4.373189
2020-02-13,8.057279,4.152351,3.679165,4.364140
2020-02-14,8.090692,4.169571,3.694422,4.382238
2020-02-18,8.059666,4.153581,3.680255,4.365433
2020-02-19,8.150358,4.200320,3.721667,4.414555
2020-02-20,8.076372,4.162191,3.687883,4.374482
2020-02-21,7.897375,4.069944,3.606148,4.277530
2020-02-24,7.572792,3.902669,3.457935,4.101723
2020-02-25,7.331742,3.778443,3.347866,3.971161
2020-02-26,7.348449,3.787053,3.355494,3.980210
2020-02-27,6.968974,3.591489,3.182216,3.774671
2020-02-28,7.031026,3.623468,3.210551,3.808281
2020-03-02,7.398568,3.812882,3.378380,4.007356
2020-03-03,7.128878,3.673896,3.255233,3.861282
2020-03-04,7.420048,3.823951,3.388188,4.018991
2020-03-05,7.188544,3.704645,3.282478,3.893599
2020-03-06,7.035800,3.625928,3.212730,3.810867
2020-03-09,6.494033,3.346726,2.965346,3.517425
2020-03-10,6.878282,3.544750,2.964325,3.516213
2020-03-11,6.546539,3.373785,2.819943,3.516760
2020-03-12,5.902148,3.041696,2.818972,3.517308
2020-03-13,6.551313,3.376245,2.819411,3.517855
2020-03-16,5.668258,2.921159,2.819850,3.518403
2020-03-17,6.009547,3.097044,2.820289,3.518951
2020-03-18,5.809069,2.993727,2.820728,3.519498
2020-03-19,5.818616,2.998647,2.821167,3.520046
2020-03-20,5.582339,2.876881,2.821606,3.520594
2020-03-23,5.534606,2.852282,2.822045,3.521142
2020-03-24,6.109785,3.148702,2.822484,3.521690
2020-03-25,6.112172,3.149932,2.822923,3.522238
2020-03-26,6.489260,3.344266,2.823363,3.522786
2020-03-27,6.202864,3.196671,2.823802,3.523335
2020-03-30,6.448687,3.323357,2.824242,3.523883
2020-03-31,6.322196,3.258169,2.824681,3.524432
2020-04-01,6.021480,3.103194,2.825121,3.524980
2020-04-02,6.140811,3.164692,2.825561,3.525529
2020-04-03,6.040573,3.113034,2.826001,3.526078
2020-04-06,6.556086,3.378705,2.826440,3.526626
2020-04-07,6.505967,3.352876,2.826880,3.527175
2020-04-08,6.692124,3.448813,2.827320,3.527724
2020-04-09,6.708831,3.457423,2.827760,3.528273
2020-04-13,6.723150,3.464803,2.828201,3.528823
2020-04-14,6.997613,3.606248,2.828641,3.529372
2020-04-15,6.844869,3.527531,2.765514,3.529921
2020-04-16,6.916468,3.564430,2.794441,3.530471
2020-04-17,7.028640,3.622238,2.839762,3.531020
2020-04-20,6.911695,3.561970,2.792513,3.531570
2020-04-21,6.627685,3.415604,2.677765,3.532119
2020-04-22,6.878282,3.544750,2.676843,3.532669
2020-04-23,6.842482,3.543529,2.661579,3.533219
2020-04-24,6.978520,3.544081,2.714495,3.533769
2020-04-27,7.057279,3.544632,2.745131,3.534319
2020-04-28,6.966587,3.545184,2.709854,3.534869
2020-04-29,7.264916,3.545736,2.825897,3.535419
2020-04-30,7.219570,3.546288,2.808259,3.511595
2020-05-01,7.011933,3.546840,2.727492,3.410601
2020-05-04,7.097852,3.547392,2.760913,3.452392
2020-05-05,7.207637,3.547944,2.803617,3.505791
2020-05-06,7.260143,3.548496,2.824041,3.531330
2020-05-07,7.391408,3.549049,2.875100,3.595177
2020-05-08,7.501193,3.549601,2.917804,3.648577
2020-05-11,7.551313,3.550153,2.937299,3.672955
2020-05-12,7.389021,3.550706,2.874172,3.594016
2020-05-13,7.257757,3.551259,2.823112,3.530169
2020-05-14,7.346062,3.551811,2.857461,3.573121
2020-05-15,7.389021,3.552364,2.874172,3.594016
2020-05-18,7.568019,3.552917,2.943798,3.681081
2020-05-19,7.544153,3.553470,2.934514,3.669472
2020-05-20,7.715990,3.554023,3.001355,3.753054
2020-05-21,7.620525,3.554577,2.964221,3.706620
2020-05-22,7.658711,3.555130,2.979075,3.725193
2020-05-26,7.663484,3.555683,2.980932,3.727515
2020-05-27,7.706444,3.556237,2.997642,3.748410
2020-05-28,7.692124,3.556790,2.992072,3.741445
2020-05-29,7.787589,3.557344,3.029206,3.787880
2020-06-01,7.811456,3.557897,3.038489,3.799488
2020-06-02,7.883055,3.588714,3.066340,3.834314
2020-06-03,7.954654,3.621309,3.094190,3.869140
2020-06-04,7.878282,3.586541,3.064483,3.831992
2020-06-05,8.066826,3.672374,3.137823,3.923700
2020-06-08,8.116945,3.695191,3.157318,3.948078
2020-06-09,8.136038,3.703883,3.164745,3.957365
2020-06-10,8.255370,3.758208,3.211163,4.015408
2020-06-11,7.785203,3.544167,3.028278,3.786719
2020-06-12,7.880668,3.587627,3.065412,3.833153
2020-06-15,7.980907,3.633260,3.104402,3.881909
2020-06-16,8.147971,3.709315,3.169387,3.963169
2020-06-17,8.140811,3.706056,3.166602,3.959687
2020-06-18,8.186158,3.726699,3.184240,3.981743
2020-06-19,8.131265,3.701710,3.162888,3.955043
2020-06-22,8.262530,3.761467,3.213948,4.018890
2020-06-23,8.315036,3.785370,3.234371,4.044429
2020-06-24,8.128878,3.700623,3.161960,3.953882
2020-06-25,8.236277,3.749516,3.203736,4.006121
2020-06-26,8.083532,3.679980,3.144321,3.931826
2020-06-29,8.167064,3.718007,3.176814,3.972456
2020-06-30,8.315036,3.785370,3.234371,4.044429
2020-07-01,8.334129,3.794062,3.241798,4.053716
2020-07-02,8.379475,3.814706,3.259437,4.075772
2020-07-06,8.513126,3.875550,3.311424,4.140780
2020-07-07,8.434368,3.839695,3.280789,4.102472
2020-07-08,8.579952,3.905972,3.337418,4.173284
2020-07-09,8.615752,3.922269,3.351343,4.190697
2020-07-10,8.599045,3.914664,3.344845,4.182571
2020-07-13,8.403341,3.825571,3.268720,4.087381
2020-07-14,8.503580,3.871204,3.307711,4.136137
2020-07-15,8.556086,3.895107,3.328135,4.161676
2020-07-16,8.448687,3.846214,3.286359,4.109437
2020-07-17,8.498807,3.869031,3.305854,4.133815
2020-07-20,8.720764,3.970075,3.392191,4.241775
2020-07-21,8.637232,3.932048,3.359699,4.201145
2020-07-22,8.701671,3.961383,3.384764,4.232488
2020-07-23,8.489260,3.864685,3.302141,4.129172
2020-07-24,8.379475,3.814706,3.259437,4.075772
2020-07-27,8.520286,3.878809,3.314209,4.144263
2020-07-28,8.420048,3.833176,3.275219,4.095507
2020-07-29,8.563246,3.898366,3.330920,4.165158
2020-07-30,8.606205,3.917923,3.347630,4.186054
2020-07-31,8.809069,4.010276,3.426540,4.284727
2020-08-03,9.014320,4.103715,3.506378,4.384561
2020-08-04,9.045346,4.117840,3.518446,4.399652
2020-08-05,9.083532,4.135224,3.533300,4.418225
2020-08-06,9.193317,4.185203,3.576004,4.471625
2020-08-07,9.045346,4.117840,3.518446,4.399652
2020-08-10,9.016706,4.104802,3.507306,4.385721
2020-08-11,8.856802,4.032006,3.445107,4.307944
2020-08-12,9.050119,4.120013,3.520303,4.401973
2020-08-13,9.073986,4.130878,3.529587,4.413582
2020-08-14,9.050119,4.120013,3.520303,4.401973
2020-08-17,9.128878,4.155867,3.550939,4.440282
2020-08-18,9.155131,4.167819,3.561151,4.453051
2020-08-19,9.140811,4.161300,3.555580,4.446086
2020-08-20,9.260143,4.215625,3.601998,4.504129
2020-08-21,9.355609,4.259085,3.639132,4.550563
2020-08-24,9.431981,4.293853,3.668839,4.587711
2020-08-25,9.477327,4.314496,3.686478,4.609767
2020-08-26,9.673031,4.403589,3.762602,4.704957
2020-08-27,9.665871,4.400330,3.759817,4.701475
2020-08-28,9.758950,4.442704,3.796023,4.746748
2020-08-31,9.789976,4.456828,3.808092,4.761839
2020-09-01,10.021480,4.562219,3.898142,4.874443
2020-09-02,10.095465,4.595900,3.926920,4.910429
2020-09-03,9.496420,4.323188,3.693905,4.619054
2020-09-04,9.346062,4.254739,3.635419,4.545920
2020-09-08,8.937947,4.068947,3.476671,4.347413
2020-09-09,9.221957,4.198241,3.587144,4.485555
2020-09-10,9.026253,4.109148,3.511020,4.390365
2020-09-11,8.933174,4.066774,3.474814,4.345091
2020-09-14,9.124105,4.153694,3.549082,4.437960
2020-09-15,9.224344,4.199327,3.588073,4.486716
2020-09-16,9.085919,4.136310,3.534228,4.419386
2020-09-17,9.004773,4.099369,3.502664,4.379917
2020-09-18,8.871122,4.038525,3.450677,4.314909
2020-09-21,8.952267,4.075466,3.482241,4.354378
2020-09-22,9.102625,4.143916,3.540727,4.427512
2020-09-23,8.830549,4.020055,3.434895,4.295175
2020-09-24,8.856802,4.032006,3.445107,4.307944
2020-09-25,9.081146,4.134137,3.532372,4.417065
2020-09-28,9.248210,4.210192,3.597356,4.498325
2020-09-29,9.221957,4.198241,3.587144,4.485555
2020-09-30,9.291169,4.229749,3.614066,4.519220
2020-10-01,9.408115,4.282988,3.659556,4.576102
2020-10-02,9.190931,4.184116,3.575076,4.574526
2020-10-05,9.398568,4.278642,3.655842,4.575238
2020-10-06,9.269690,4.219971,3.605711,4.575950
2020-10-07,9.446301,4.300372,3.674409,4.576662
2020-10-08,9.486874,4.318842,3.690191,4.577375
2020-10-09,9.646778,4.391638,3.752391,4.578087
2020-10-12,9.890215,4.502461,3.847082,4.578800
2020-10-13,9.842482,4.480731,3.828515,4.579512
2020-10-14,9.787589,4.455742,3.807163,4.580225
2020-10-15,9.749403,4.438358,3.792310,4.560074
2020-10-16,9.718377,4.424233,3.780241,4.545563
2020-10-19,9.570406,4.356870,3.722683,4.476352
2020-10-20,9.582339,4.362302,3.727325,4.481934
2020-10-21,9.548926,4.347091,3.714328,4.466305
2020-10-22,9.510740,4.329707,3.699475,4.448445
2020-10-23,9.505967,4.327534,3.697618,4.446212
2020-10-26,9.300716,4.234095,3.617780,4.350211
2020-10-27,9.341289,4.252566,3.633562,4.369188
2020-10-28,8.968974,4.083072,3.488739,4.195045
2020-10-29,9.095465,4.140656,3.537942,4.254209
2020-10-30,8.890215,4.047217,3.458104,4.158207
2020-11-02,8.909308,4.055909,3.465530,4.167138
2020-11-03,9.069212,4.128705,3.527730,4.241930
2020-11-04,9.429594,4.292766,3.667911,4.410491
2020-11-05,9.727924,4.428579,3.783955,4.550028
2020-11-06,9.773270,4.449223,3.801593,4.571237
2020-11-09,9.670644,4.402503,3.761674,4.523237
2020-11-10,9.472554,4.312323,3.684621,4.430584
2020-11-11,9.704057,4.417714,3.774671,4.538865
2020-11-12,9.627685,4.382946,3.744964,4.503143
2020-11-13,9.704057,4.417714,3.774671,4.538865
2020-11-16,9.799523,4.461174,3.811805,4.583517
2020-11-17,9.770883,4.448136,3.800665,4.570121
2020-11-18,9.668258,4.401416,3.760746,4.522120
2020-11-19,9.775656,4.450309,3.802522,4.572354
2020-11-20,9.696897,4.414454,3.771886,4.535516
2020-11-23,9.704057,4.417714,3.774671,4.538865
2020-11-24,9.818616,4.469866,3.819232,4.592447
2020-11-25,9.863962,4.490510,3.836870,4.613657
2020-11-27,9.937947,4.524191,3.865649,4.648262
2020-11-30,10.004773,4.554613,3.891643,4.679518
2020-12-01,10.085919,4.591554,3.923207,4.717472
2020-12-02,10.073986,4.586122,3.918565,4.711891
2020-12-03,10.081146,4.589381,3.921350,4.715240
2020-12-04,10.193317,4.640447,3.964983,4.767706
2020-12-07,10.219570,4.652398,3.975195,4.779985
2020-12-08,10.264916,4.673042,3.992833,4.801195
2020-12-09,10.054893,4.577430,3.911138,4.702960
2020-12-10,10.100239,4.598073,3.928777,4.724170
2020-12-11,10.081146,4.589381,3.921350,4.715240
2020-12-14,10.124105,4.608938,3.938061,4.735333
2020-12-15,10.293556,4.686080,4.003973,4.814590
2020-12-16,10.367542,4.719761,4.032752,4.849195
2020-12-17,10.441527,4.753443,4.061531,4.883801
2020-12-18,10.412888,4.740405,4.050391,4.870405
2020-12-21,10.441527,4.753443,4.061531,4.883801
2020-12-22,10.553699,4.804508,4.105164,4.936267
2020-12-23,10.458234,4.761048,4.068030,4.891615
2020-12-24,10.527446,4.792557,4.094952,4.923987
2020-12-28,10.601432,4.826238,4.123731,4.958593
2020-12-29,10.532220,4.794730,4.096808,4.926220
2020-12-30,10.546539,4.801249,4.102379,4.932918
2020-12-31,10.553699,4.804508,4.105164,4.936267
2021-01-04,10.379475,4.725194,4.037394,4.854777
2021-01-05,10.465394,4.764308,4.070815,4.894964
2021-01-06,10.291169,4.684993,4.003045,4.813474
2021-01-07,10.584726,4.818633,4.117232,4.950778
2021-01-08,10.661098,4.853401,4.146939,4.986500
2021-01-11,10.570406,4.812114,4.111662,4.944081
2021-01-12,10.553699,4.804508,4.105164,4.936267
2021-01-13,10.608592,4.829498,4.126516,4.961941
2021-01-14,10.541766,4.799076,4.100522,4.930685
2021-01-15,10.429594,4.748010,4.056889,4.878219
2021-01-19,10.560859,4.807768,4.107949,4.939616
2021-01-20,10.761337,4.899034,4.185930,5.033384
2021-01-21,10.885442,4.955532,4.234204,5.091432
2021-01-22,10.852029,4.940321,4.221207,5.075804
2021-01-25,10.926014,4.974003,4.249986,5.110409
2021-01-26,10.890215,4.957705,4.236061,5.093665
2021-01-27,10.673031,4.858833,4.151581,4.992081
2021-01-28,10.727924,4.883823,4.172933,5.017756
2021-01-29,10.479714,4.770827,4.076385,4.901661
2021-02-01,10.744630,4.891429,4.179432,5.025570
2021-02-02,10.914081,4.968570,4.245344,5.104828
2021-02-03,10.873508,4.950100,4.229562,5.085850
2021-02-04,11.057279,5.033760,4.301045,5.171805
2021-02-05,11.059666,5.034847,4.301974,5.172922
2021-02-08,11.186158,5.092431,4.351176,5.232085
2021-02-09,11.188544,5.093518,4.352105,5.233202
2021-02-10,11.169451,5.084826,4.344678,5.224271
2021-02-11,11.291169,5.140237,4.392024,5.281202
2021-02-12,11.355609,5.169573,4.417089,5.311343
2021-02-16,11.310263,5.148929,4.399451,5.290133
2021-02-17,11.188544,5.093518,4.352105,5.233202
2021-02-18,11.138425,5.070701,4.332609,5.209759
2021-02-19,11.152745,5.077220,4.338179,5.216457
2021-02-22,10.880668,4.953359,4.232348,5.089199
2021-02-23,10.818616,4.925110,4.208210,5.060176
2021-02-24,10.966587,4.992473,4.265768,5.060963
2021-02-25,10.560859,4.807768,4.107949,5.061751
2021-02-26,10.634845,4.841449,4.136727,5.062539
2021-03-01,10.985680,5.001165,4.273195,5.063327
2021-03-02,10.792363,4.913159,4.197999,5.064115
2021-03-03,10.496420,4.778432,4.082883,5.064903
2021-03-04,10.229117,4.656744,3.978908,5.065691
2021-03-05,10.393795,4.731713,3.977538,5.066480
2021-03-08,10.126492,4.610025,3.873307,5.067269
2021-03-09,10.513126,4.786038,3.871973,5.068057
2021-03-10,10.467780,4.765394,3.853345,5.068846
2021-03-11,10.727924,4.883823,3.949107,5.069635
2021-03-12,10.649165,4.847968,3.920115,5.070424
2021-03-15,10.780430,4.907726,3.968436,5.071213
2021-03-16,10.837709,4.933802,3.989521,5.072003
2021-03-17,10.840095,4.934889,3.990399,5.072792
2021-03-18,10.494033,4.777346,3.863009,5.073582
2021-03-19,10.486874,4.774086,3.860373,5.074371
2021-03-22,10.677804,4.861006,3.930658,5.075161
2021-03-23,10.599045,4.825152,3.901665,5.075951
2021-03-24,10.436754,4.751270,3.841924,5.076741
2021-03-25,10.439141,4.752356,3.842802,5.077532
2021-03-26,10.668258,4.856660,3.927143,5.078322
2021-03-29,10.587112,4.819719,3.897273,5.079112
2021-03-30,10.520286,4.789297,3.872673,5.079903
2021-03-31,10.694511,4.868612,3.936808,5.080694
2021-04-01,10.918854,4.970743,4.019392,5.081484
2021-04-05,11.112172,5.058750,4.090555,5.168866
2021-04-06,11.090692,5.048971,4.082648,5.158874
2021-04-07,11.131265,5.067442,4.097583,5.177747
2021-04-08,11.300716,5.144583,4.159961,5.256568
2021-04-09,11.393795,5.186957,4.194224,5.299864
2021-04-12,11.357995,5.170659,4.181046,5.283211
2021-04-13,11.479714,5.226071,4.225852,5.339829
2021-04-14,11.355609,5.169573,4.180167,5.282101
2021-04-15,11.548926,5.257579,4.251330,5.372024
2021-04-16,11.529833,5.248887,4.244302,5.363142
2021-04-19,11.420048,5.198908,4.203888,5.312075
2021-04-20,11.305489,5.146756,4.161718,5.258788
2021-04-21,11.424821,5.201081,4.205646,5.314296
2021-04-22,11.317422,5.152189,4.166111,5.264339
2021-04-23,11.484487,5.228244,4.227609,5.342050
2021-04-26,11.577566,5.270617,4.261873,5.385345
2021-04-27,11.536993,5.252147,4.246938,5.366473
2021-04-28,11.443914,5.209773,4.212674,5.323177
2021-04-29,11.408115,5.193476,4.199496,5.306525
2021-04-30,11.245823,5.119594,4.139754,5.231034
2021-05-03,11.200477,5.098950,4.123061,5.229233
2021-05-04,10.973747,4.995733,4.039599,5.230047
2021-05-05,10.940334,4.980522,4.027299,5.230861
2021-05-06,11.007160,5.010944,4.051898,5.231675
2021-05-07,11.112172,5.058750,4.090555,5.232489
2021-05-10,10.825776,4.928370,3.985128,5.233304
2021-05-11,10.816229,4.924024,3.983755,5.234118
2021-05-12,10.496420,4.778432,3.984376,5.234933
2021-05-13,10.615752,4.832757,3.984996,5.235748
2021-05-14,10.863962,4.945754,3.985616,5.236563
2021-05-17,10.780430,4.907726,3.952993,5.237378
2021-05-18,10.711217,4.876217,3.951632,5.238193
2021-05-19,10.747017,4.892515,3.952247,5.239008
2021-05-20,10.959427,4.989214,3.952862,5.239824
2021-05-21,10.906921,4.965311,3.931957,5.240639
2021-05-24,11.097852,5.052231,4.000788,5.241455
2021-05-25,11.102625,5.054404,4.002509,5.242271
2021-05-26,11.124105,5.064182,4.010252,5.243087
2021-05-27,11.076372,5.042452,3.993045,5.243903
2021-05-28,11.105012,5.055490,4.003369,5.244719
2021-06-01,11.057279,5.033760,3.986161,5.245535
2021-06-02,11.119332,5.062009,4.008531,5.246352
2021-06-03,11.000000,5.007684,3.965512,5.247168
2021-06-04,11.207637,5.102210,4.040366,5.247985
2021-06-07,11.224344,5.109815,4.046388,5.248802
2021-06-08,11.243437,5.118507,4.053271,5.249619
2021-06-09,11.238663,5.116334,4.051551,5.244767
2021-06-10,11.338902,5.161967,4.087687,5.291545
2021-06-11,11.408115,5.193476,4.112638,5.323845
2021-06-14,11.534606,5.251060,4.158238,5.382875
2021-06-15,11.453461,5.214119,4.128985,5.345006
2021-06-16,11.405728,5.192389,4.111778,5.322731
2021-06-17,11.553699,5.259752,4.165121,5.391785
2021-06-18,11.460621,5.217379,4.131566,5.348348
2021-06-21,11.563246,5.264098,4.168563,5.396240
2021-06-22,11.673031,5.314077,4.208141,5.447474
2021-06-23,11.665871,5.310818,4.205559,5.444132
2021-06-24,11.727924,5.339067,4.227929,5.473090
2021-06-25,11.725537,5.337981,4.227069,5.471977
2021-06-28,11.852029,5.395565,4.272669,5.531007
2021-06-29,11.935561,5.433593,4.302783,5.569989
2021-06-30,11.897375,5.416209,4.289017,5.552168
2021-07-01,11.899761,5.417295,4.289877,5.553282
2021-07-02,12.042959,5.482485,4.341500,5.620109
2021-07-06,12.102625,5.509648,4.363010,5.647953
2021-07-07,12.150358,5.531378,4.380218,5.670229
2021-07-08,12.031026,5.477053,4.337198,5.614540
2021-07-09,12.145585,5.529205,4.378497,5.668001
2021-07-12,12.143198,5.528118,4.377636,5.666887
2021-07-13,12.169451,5.540070,4.387101,5.679139
2021-07-14,12.224344,5.565059,4.406889,5.704756
2021-07-15,12.112172,5.513994,4.366451,5.652408
2021-07-16,12.000000,5.462928,4.326013,5.600061
2021-07-19,11.856802,5.397738,4.274390,5.533234
2021-07-20,12.047733,5.484658,4.343221,5.531328
2021-07-21,12.171838,5.541156,4.387961,5.585513
2021-07-22,12.252983,5.578097,4.417214,5.622750
2021-07-23,12.372315,5.632422,4.460233,5.677510
2021-07-26,12.374702,5.633509,4.461094,5.678605
2021-07-27,12.241050,5.572665,4.412912,5.617274
2021-07-28,12.252983,5.578097,4.417214,5.622750
2021-07-29,12.315036,5.606346,4.439584,5.651225
2021-07-30,12.298329,5.598741,4.433561,5.643559
2021-08-02,12.267303,5.584616,4.422376,5.629321
2021-08-03,12.336516,5.616125,4.447328,5.661082
2021-08-04,12.365155,5.629163,4.457652,5.674224
2021-08-05,12.443914,5.665017,4.486045,5.710366
2021-08-06,12.424821,5.656325,4.479162,5.701604
2021-08-09,12.393795,5.642201,4.467977,5.687367
2021-08-10,12.300716,5.599827,4.434422,5.644654
2021-08-11,12.291169,5.595481,4.430980,5.640273
2021-08-12,12.355609,5.624817,4.454211,5.638330
2021-08-13,12.412888,5.650893,4.474860,5.639208
2021-08-16,12.436754,5.661758,4.483464,5.647226
2021-08-17,12.329356,5.612865,4.444746,5.645280
2021-08-18,12.171838,5.541156,4.387961,5.646159
2021-08-19,12.262530,5.582443,4.420656,5.647038
2021-08-20,12.417661,5.653066,4.476581,5.647917
2021-08-23,12.594272,5.733467,4.540249,5.648796
2021-08-24,12.610979,5.741072,4.546272,5.653461
2021-08-25,12.610979,5.741072,4.546272,5.653461
2021-08-26,12.536993,5.707391,4.519600,5.620294
2021-08-27,12.682578,5.773668,4.572083,5.685559
2021-08-30,12.806683,5.830166,4.616823,5.741195
2021-08-31,12.730310,5.795398,4.589291,5.706957
2021-09-01,12.737470,5.798657,4.591872,5.710167
2021-09-02,12.747017,5.803003,4.595314,5.714447
2021-09-03,12.809069,5.831252,4.617684,5.742265
2021-09-07,12.794749,5.824733,4.612521,5.735845
2021-09-08,12.720764,5.791052,4.585849,5.702677
2021-09-09,12.680191,5.772581,4.571223,5.684489
2021-09-10,12.553699,5.714996,4.525623,5.627783
2021-09-13,12.553699,5.714996,4.525623,5.625845
2021-09-14,12.536993,5.707391,4.519600,5.626720
2021-09-15,12.644391,5.756283,4.558317,5.627596
2021-09-16,12.665871,5.766062,4.566061,5.628472
2021-09-17,12.496420,5.688920,4.504973,5.629348
2021-09-20,12.255370,5.579184,4.418074,5.630224
2021-09-21,12.262530,5.582443,4.420656,5.631101
2021-09-22,12.443914,5.665017,4.486045,5.631977
2021-09-23,12.603819,5.737813,4.543691,5.632854
2021-09-24,12.606205,5.738899,4.544551,5.633731
2021-09-27,12.482100,5.682401,4.499811,5.634607
2021-09-28,12.093079,5.505302,4.359568,5.635484
2021-09-29,12.038186,5.480312,4.339779,5.636362
2021-09-30,11.971360,5.449890,4.315689,5.637239
2021-10-01,12.138425,5.525945,4.375916,5.638116
2021-10-04,11.842482,5.391219,4.269228,5.638994
2021-10-05,12.014320,5.469447,4.267757,5.639872
2021-10-06,12.097852,5.507475,4.295281,5.640749
2021-10-07,12.226730,5.566146,4.341039,5.641627
2021-10-08,12.169451,5.540070,4.320702,5.642506
2021-10-11,12.102625,5.509648,4.296976,5.643384
2021-10-12,12.073986,5.496610,4.286808,5.644262
2021-10-13,12.174224,5.542243,4.322397,5.645141
2021-10-14,12.439141,5.662844,4.416454,5.646019
2021-10-15,12.525060,5.701958,4.446959,5.646898
2021-10-18,12.642005,5.755197,4.488480,5.696773
2021-10-19,12.758950,5.808436,4.530001,5.749471
2021-10-20,12.735084,5.797571,4.521527,5.738716
2021-10-21,12.789976,5.822560,4.541016,5.763452
2021-10-22,12.735084,5.797571,4.521527,5.738716
2021-10-25,12.794749,5.824733,4.542711,5.765603
2021-10-26,12.811456,5.832339,4.548643,5.773131
2021-10-27,12.763723,5.810609,4.531695,5.751622
2021-10-28,12.892601,5.869280,4.577453,5.809697
2021-10-29,12.952267,5.896442,4.598637,5.836584
2021-11-01,12.968974,5.904048,4.604569,5.844112
2021-11-02,13.057279,5.944248,4.635921,5.883905
2021-11-03,13.136038,5.980103,4.663884,5.919395
2021-11-04,13.322196,6.064850,4.729978,6.003282
2021-11-05,13.367542,6.085493,4.746078,6.023716
2021-11-08,13.463007,6.128953,4.779973,6.066735
2021-11-09,13.427208,6.112656,4.767262,6.050603
2021-11-10,13.176611,5.998573,4.678289,5.937678
2021-11-11,13.248210,6.031168,4.703710,5.969943
2021-11-12,13.405728,6.102877,4.759636,6.040924
2021-11-15,13.389021,6.095272,4.753704,6.033395
2021-11-16,13.529833,6.159375,4.803699,6.096848
2021-11-17,13.472554,6.133299,4.783362,6.071037
2021-11-18,13.568019,6.176759,4.817257,6.114056
2021-11-19,13.646778,6.212614,4.845220,6.149546
2021-11-22,13.443914,6.120261,4.773194,6.058131
2021-11-23,13.381862,6.092012,4.751162,6.030169
2021-11-24,13.494033,6.143078,4.790988,6.080716
2021-11-26,13.190931,6.005092,4.683373,5.944131
2021-11-29,13.489260,6.140905,4.789294,6.078565
2021-11-30,13.355609,6.080061,4.741841,6.018339
2021-12-01,13.112172,5.969238,4.655410,5.908641
2021-12-02,13.252983,6.033341,4.705405,5.906606
2021-12-03,13.007160,5.921432,4.618126,5.907525
2021-12-06,13.116945,5.971411,4.657105,5.908445
2021-12-07,13.591885,6.187624,4.825730,5.909364
2021-12-08,13.682578,6.228912,4.857930,5.945820
2021-12-09,13.505967,6.148510,4.795225,5.869073
2021-12-10,13.725537,6.248469,4.873183,5.964488
2021-12-13,13.522673,6.156116,4.801157,5.876333
2021-12-14,13.300716,6.055071,4.722352,5.779881
2021-12-15,13.653938,6.215874,4.847762,5.777890
2021-12-16,13.233890,6.024649,4.698626,5.597340
2021-12-17,13.188544,6.004006,4.682526,5.578160
2021-12-20,13.033413,5.933383,4.627447,5.576239
2021-12-21,13.384248,6.093099,4.752010,5.577107
2021-12-22,13.544153,6.165894,4.808783,5.640916
2021-12-23,13.618138,6.199576,4.835051,5.671730
2021-12-27,13.904535,6.329956,4.936735,5.791009
2021-12-28,13.806683,6.285410,4.901993,5.750255
2021-12-29,13.809069,6.286496,4.902840,5.751249
2021-12-30,13.737470,6.253901,4.877419,5.721430
2021-12-31,13.668258,6.222393,4.852846,5.692604
2022-01-03,13.782816,6.274545,4.893519,5.740315
2022-01-04,13.608592,6.195230,4.831662,5.667754
2022-01-05,13.157518,5.989881,4.671510,5.479889
2022-01-06,13.107399,5.967065,4.653716,5.478002
2022-01-07,12.973747,5.906221,4.606263,5.478854
2022-01-10,12.985680,5.911653,4.610500,5.479707
2022-01-11,13.157518,5.989881,4.671510,5.480560
2022-01-12,13.200477,6.009438,4.686763,5.481413
2022-01-13,12.828162,5.839944,4.554574,5.482266
2022-01-14,12.930788,5.886664,4.553006,5.483119
2022-01-18,12.601432,5.736726,4.553714,5.483973
2022-01-19,12.424821,5.656325,4.554423,5.484826
2022-01-20,12.272076,5.586789,4.555132,5.485680
2022-01-21,12.004773,5.465101,4.555841,5.486534
2022-01-24,12.083532,5.500956,4.556550,5.487388
2022-01-25,11.785203,5.365143,4.557259,5.488242
2022-01-26,11.828162,5.384700,4.557969,5.489096
2022-01-27,11.727924,5.339067,4.558678,5.489951
2022-01-28,12.226730,5.566146,4.559388,5.490805
2022-01-31,12.596659,5.734553,4.560097,5.491660
2022-02-01,12.649165,5.758456,4.560807,5.492515
2022-02-02,12.715990,5.788879,4.561517,5.493370
2022-02-03,12.319809,5.608519,4.562227,5.494225
2022-02-04,12.412888,5.650893,4.562937,5.495080
2022-02-07,12.353222,5.623730,4.563647,5.495935
2022-02-08,12.510740,5.695439,4.564358,5.496791
2022-02-09,12.818616,5.835598,4.565068,5.497646
2022-02-10,12.505967,5.693266,4.565779,5.498502
2022-02-11,12.109785,5.512907,4.566489,5.499358
2022-02-14,12.109785,5.512907,4.567200,5.500214
2022-02-15,12.458234,5.671536,4.567911,5.501070
2022-02-16,12.434368,5.660671,4.568622,5.501926
2022-02-17,12.026253,5.474880,4.569333,5.502782
2022-02-18,11.875895,5.406430,4.570044,5.503639
2022-02-22,11.758950,5.353192,4.570756,5.504495
2022-02-23,11.463007,5.218465,4.571467,5.505352
2022-02-24,11.875895,5.406430,4.572179,5.506209
2022-02-25,12.047733,5.484658,4.572890,5.507066
2022-02-28,12.050119,5.485745,4.573602,5.507923
2022-03-01,11.818616,5.380354,4.574314,5.508781
2022-03-02,12.064439,5.492264,4.575026,5.509638
2022-03-03,11.875895,5.406430,4.575738,5.510496
2022-03-04,11.639618,5.298866,4.576450,5.511353
2022-03-07,11.202864,5.100037,4.577162,5.512211
2022-03-08,11.147971,5.075047,4.577875,5.513069
2022-03-09,11.622912,5.291261,4.578587,5.513927
2022-03-10,11.422434,5.289439,4.579300,5.514786
2022-03-11,11.186158,5.290262,4.580013,5.515644
2022-03-14,10.942721,5.291085,4.580726,5.516502
2022-03-15,11.310263,5.291909,4.581439,5.517361
2022-03-16,11.725537,5.292732,4.582152,5.518220
2022-03-17,11.852029,5.293556,4.582865,5.519079
2022-03-18,12.124105,5.294380,4.583578,5.519938
2022-03-21,12.093079,5.295204,4.584292,5.520797
2022-03-22,12.286396,5.296028,4.585005,5.521656
2022-03-23,12.100239,5.296853,4.585719,5.435276
2022-03-24,12.396181,5.297677,4.586433,5.568210
2022-03-25,12.365155,5.298502,4.587147,5.554273
2022-03-28,12.517900,5.299327,4.587861,5.622884
2022-03-29,12.797136,5.300151,4.588575,5.748313
2022-03-30,12.601432,5.300976,4.516143,5.660406
2022-03-31,12.424821,5.301801,4.514588,5.581074
2022-04-01,12.389021,5.302627,4.515291,5.564994
2022-04-04,12.632458,5.303452,4.515993,5.674342
2022-04-05,12.334129,5.304278,4.516696,5.540336
2022-04-06,12.002387,5.305103,4.517399,5.391322
2022-04-07,12.040573,5.305929,4.518102,5.389465
2022-04-08,11.863962,5.306755,4.518806,5.390304
2022-04-11,11.582339,5.307581,4.519509,5.391143
2022-04-12,11.551313,5.308407,4.520213,5.391982
2022-04-13,11.751790,5.309233,4.520916,5.392821
2022-04-14,11.460621,5.310060,4.521620,5.393661
2022-04-18,11.474940,5.310886,4.522324,5.394500
2022-04-19,11.706444,5.311713,4.523027,5.395340
2022-04-20,11.656325,5.312539,4.523731,5.396180
2022-04-21,11.434368,5.313366,4.524436,5.397020
2022-04-22,11.116945,5.314193,4.525140,5.397860
2022-04-25,11.298329,5.315020,4.525844,5.398700
2022-04-26,10.868735,5.315848,4.526549,5.399540
2022-04-27,10.985680,5.316675,4.527253,5.400381
2022-04-28,11.429594,5.317503,4.527958,5.401221
2022-04-29,10.954654,5.318330,4.528663,5.402062
2022-05-02,11.136038,5.319158,4.529367,5.402903
2022-05-03,11.143198,5.319986,4.530072,5.403744
2022-05-04,11.529833,5.320814,4.530778,5.404585
2022-05-05,10.940334,5.321642,4.531483,5.405426
2022-05-06,10.821002,5.322471,4.532188,5.406267
2022-05-09,10.355609,5.323299,4.532894,5.407109
2022-05-10,10.505967,5.324128,4.533599,5.407950
2022-05-11,10.145585,5.324956,4.534305,5.408792
2022-05-12,10.071599,5.325785,4.535011,5.409634
2022-05-13,10.453461,5.326614,4.535716,5.410476
2022-05-16,10.326969,5.327443,4.536422,5.411318
2022-05-17,10.620525,5.328272,4.537128,5.412160
2022-05-18,10.131265,5.329102,4.537835,5.413003
2022-05-19,10.059666,5.329931,4.538541,5.413845
2022-05-20,10.076372,5.330761,4.539247,5.414688
2022-05-23,10.291169,5.331591,4.539954,5.415531
2022-05-24,10.090692,5.332420,4.540661,5.416374
2022-05-25,10.236277,5.333250,4.541367,5.417217
2022-05-26,10.496420,5.334081,4.542074,5.418060
2022-05-27,10.861575,5.334911,4.542781,5.418903
2022-05-31,10.773270,5.335741,4.543488,5.419747
2022-06-01,10.730310,5.336572,4.544195,5.420590
2022-06-02,11.026253,5.337402,4.544903,5.567306
2022-06-03,10.747017,5.338233,4.545610,5.426315
2022-06-06,10.751790,5.339064,4.546318,5.428725
2022-06-07,10.894988,5.339895,4.547025,5.501028
2022-06-08,10.778043,5.340726,4.547733,5.441981
2022-06-09,10.474940,5.341557,4.548441,5.288940
2022-06-10,10.064439,5.342389,4.549149,5.287119
2022-06-13,9.589499,5.343220,4.549857,5.287942
2022-06-14,9.644391,5.344052,4.550565,5.288765
2022-06-15,9.856802,5.344884,4.551273,5.289588
2022-06-16,9.427208,5.345716,4.551982,5.290411
2022-06-17,9.541766,5.346548,4.552690,5.291235
2022-06-21,9.782816,5.347380,4.553399,5.292058
2022-06-22,9.747017,5.348212,4.554108,5.292882
2022-06-23,9.899761,5.349045,4.554817,5.293706
2022-06-24,10.262530,5.349877,4.555526,5.294530
2022-06-27,10.188544,5.350710,4.556235,5.295354
2022-06-28,9.873508,5.351543,4.556944,5.129053
2022-06-29,9.883055,5.352376,4.557653,5.127286
2022-06-30,9.742243,5.353209,4.558362,5.128084
2022-07-01,9.770883,5.354042,4.559072,5.128882
2022-07-05,9.921241,5.354876,4.559782,5.129680
2022-07-06,9.990453,5.355709,4.560491,5.130479
2022-07-07,10.212411,5.356543,4.561201,5.131277
2022-07-08,10.219570,5.357376,4.561911,5.132308
2022-07-11,10.054893,5.358210,4.562621,5.049606
2022-07-12,9.916468,5.359044,4.563331,5.047867
2022-07-13,9.894988,5.359878,4.564042,5.048652
2022-07-14,9.961814,5.360713,4.564752,5.049438
2022-07-15,10.143198,5.361547,4.565463,5.050224
2022-07-18,10.052506,5.362382,4.566173,5.051010
2022-07-19,10.355609,5.363216,4.566884,5.200706
2022-07-20,10.548926,5.364051,4.567595,5.297792
2022-07-21,10.701671,5.364886,4.568306,5.374503
2022-07-22,10.534606,5.365721,4.569017,5.290601
2022-07-25,10.467780,5.366556,4.569728,5.257040
2022-07-26,10.269690,5.367392,4.570439,5.157557
2022-07-27,10.713604,5.368227,4.571151,5.380496
2022-07-28,10.866348,5.369063,4.571862,5.457206
2022-07-29,11.042959,5.369898,4.572574,5.545902
2022-08-01,11.023866,5.370734,4.562385,5.536313
2022-08-02,10.966587,5.371570,4.538680,5.507547
2022-08-03,11.286396,5.372406,4.671037,5.668158
2022-08-04,11.322196,5.373242,4.685853,5.686137
2022-08-05,11.303103,5.374079,4.677951,5.676549
2022-08-08,11.224344,5.374915,4.645356,5.636995
2022-08-09,11.088305,5.375752,4.589054,5.568675
2022-08-10,11.424821,5.376588,4.728326,5.737677
2022-08-11,11.360382,5.377425,4.701657,5.705315
2022-08-12,11.596659,5.378262,4.799444,5.823976
2022-08-15,11.665871,5.379099,4.828088,5.858735
2022-08-16,11.625298,5.379937,4.811297,5.838359
2022-08-17,11.527446,5.380774,4.770799,5.789217
2022-08-18,11.587112,5.381612,4.795493,5.819181
2022-08-19,11.365155,5.382449,4.703633,5.707712
2022-08-22,11.052506,5.383287,4.574238,5.550696
2022-08-23,11.026253,5.384125,4.563373,5.537512
2022-08-24,11.045346,5.384963,4.571275,5.547100
2022-08-25,11.245823,5.385801,4.654246,5.647782
2022-08-26,10.768496,5.386639,4.456697,5.408063
2022-08-29,10.630072,5.387478,4.399408,5.406201
2022-08-30,10.522673,5.388316,4.397893,5.407042
2022-08-31,10.420048,5.389155,4.398577,5.407884
2022-09-01,10.329356,5.389994,4.399262,5.408725
2022-09-02,10.207637,5.390833,4.399946,5.409567
2022-09-06,10.133652,5.391672,4.400631,5.410409
2022-09-07,10.293556,5.392511,4.401316,5.411251
2022-09-08,10.357995,5.393351,4.402001,5.412094
2022-09-09,10.579952,5.394190,4.402686,5.412936
2022-09-12,10.747017,5.395030,4.403372,5.413779
2022-09-13,10.186158,5.395869,4.171484,5.128682
2022-09-14,10.229117,5.396709,4.170048,5.126915
2022-09-15,10.002387,5.397549,4.170697,5.127713
2022-09-16,9.926014,5.398389,4.171346,5.128511
2022-09-19,10.004773,5.399230,4.171995,5.129310
2022-09-20,9.942721,5.400070,4.172644,5.130108
2022-09-21,9.792363,5.400911,4.173294,5.130906
2022-09-22,9.663484,5.401751,4.173943,5.131705
2022-09-23,9.525060,5.402592,4.174593,5.132504
2022-09-26,9.465394,5.403433,4.175243,5.133303
2022-09-27,9.498807,5.404274,4.175893,5.134102
2022-09-28,9.584726,5.405115,4.176543,5.134901
2022-09-29,9.338902,5.405956,4.177193,5.135700
2022-09-30,9.169451,5.406798,4.177843,5.136499
2022-10-03,9.448687,5.407639,4.178493,5.137299
2022-10-04,9.778043,5.408481,4.179144,5.138099
2022-10-05,9.809069,5.409323,4.179794,5.138898
2022-10-06,9.735084,5.410165,4.180445,5.139698
2022-10-07,9.329356,5.411007,4.181095,5.140498
2022-10-10,9.162291,5.411849,4.181746,5.141298
2022-10-11,9.011933,5.412692,4.182397,5.142099
2022-10-12,8.980907,5.413534,4.183048,5.142899
2022-10-13,9.238663,5.414377,4.183699,5.143699
2022-10-14,8.973747,5.415219,4.184350,5.144500
2022-10-17,9.257757,5.416062,4.185002,5.145301
2022-10-18,9.353222,5.416905,4.185653,5.146102
2022-10-19,9.307876,5.417748,4.186305,5.146903
2022-10-20,9.312649,5.418592,4.186956,5.147704
2022-10-21,9.558473,5.419435,4.187608,5.148505
2022-10-24,9.670644,5.420279,4.188260,5.149306
2022-10-25,9.883055,5.421122,4.188912,5.150108
2022-10-26,9.684964,5.421966,4.189564,5.044358
2022-10-27,9.584726,5.422810,4.190216,4.992150
2022-10-28,9.968974,5.423654,4.190868,4.990430
2022-10-31,9.849642,5.424498,4.191520,4.928228
2022-11-01,9.775656,5.425343,4.192173,4.891209
2022-11-02,9.412888,5.426187,4.192825,4.709700
2022-11-03,9.145585,5.427032,4.193478,4.708078
2022-11-04,9.264916,5.427876,4.194130,4.708810
2022-11-07,9.400955,5.428721,4.194783,4.709543
2022-11-08,9.489260,5.429566,4.195436,4.710276
2022-11-09,9.236277,5.430411,4.196089,4.711009
2022-11-10,10.019093,5.431257,4.196742,4.711743
2022-11-11,10.221957,5.432102,4.197396,4.804741
2022-11-14,10.124105,5.432947,4.155136,4.758747
2022-11-15,10.272076,5.433793,4.153705,4.828299
2022-11-16,10.095465,5.434639,4.080248,4.745285
2022-11-17,10.090692,5.435485,4.078843,4.743041
2022-11-18,10.102625,5.436331,4.079478,4.748650
2022-11-21,9.980907,5.437177,4.080113,4.691438
2022-11-22,10.159905,5.438023,4.080748,4.775574
2022-11-23,10.269690,5.438870,4.081383,4.827178
2022-11-25,10.205251,5.439716,4.053746,4.796889
2022-11-28,9.988067,5.440563,3.967475,4.694803
2022-11-29,9.897375,5.441410,3.966109,4.652174
2022-11-30,10.379475,5.442257,3.966726,4.878781
2022-12-01,10.417661,5.443104,3.979329,4.896730
2022-12-02,10.357995,5.443951,3.956538,4.868685
2022-12-05,10.162291,5.444798,3.881783,4.776696
2022-12-06,9.940334,5.445646,3.880446,4.672367
2022-12-07,9.894988,5.446493,3.881050,4.651052
2022-12-08,10.066826,5.447341,3.881654,4.649450
2022-12-09,10.007160,5.448189,3.882259,4.619582
2022-12-12,10.226730,5.449037,3.882863,4.720942
2022-12-13,10.348449,5.449885,3.927112,4.777131
2022-12-14,10.269690,5.450733,3.897224,4.740773
2022-12-15,9.856802,5.451582,3.740538,4.550173
2022-12-16,9.727924,5.452430,3.739250,4.490679
2022-12-19,9.587112,5.453279,3.739832,4.489132
2022-12-20,9.608592,5.454128,3.740414,4.489831
2022-12-21,9.761337,5.454977,3.740996,4.490530
2022-12-22,9.517900,5.455826,3.741578,4.491229
2022-12-23,9.522673,5.456675,3.742161,4.491928
2022-12-27,9.429594,5.457524,3.742743,4.492627
2022-12-28,9.281623,5.458374,3.743326,4.493326
2022-12-29,9.534606,5.459223,3.743908,4.494026
2022-12-30,9.529833,5.460073,3.744491,4.494725
2023-01-03,9.436754,5.460923,3.745074,4.495425
2023-01-04,9.479714,5.461773,3.745657,4.496125
2023-01-05,9.281623,5.462623,3.746240,4.496824
2023-01-06,9.548926,5.463473,3.746823,4.497524
2023-01-09,9.668258,5.464324,3.747406,4.551452
2023-01-10,9.730310,5.465174,3.747989,4.580664
2023-01-11,9.894988,5.466025,3.748573,4.658189
2023-01-12,9.971360,5.466876,3.775617,4.694142
2023-01-13,10.014320,5.467727,3.791883,4.714366
2023-01-17,10.064439,5.468578,3.810860,4.737960
2023-01-18,9.935561,5.469429,3.762061,4.677289
2023-01-19,9.813842,5.470280,3.715973,4.619988
2023-01-20,10.088305,5.471132,3.714693,4.749195
2023-01-23,10.329356,5.471983,3.801550,4.862673
2023-01-24,10.312649,5.472835,3.795402,4.854808
2023-01-25,10.291169,5.473687,3.787497,4.844696
2023-01-26,10.453461,5.474539,3.847225,4.921096
2023-01-27,10.501193,5.475391,3.864792,4.943567
2023-01-30,10.295943,5.476243,3.789253,4.846943
2023-01-31,10.453461,5.477096,3.847225,4.921096
2023-02-01,10.708831,5.477948,3.941210,5.041315
2023-02-02,11.028640,5.478801,4.058910,5.191869
2023-02-03,10.911695,5.479653,4.015871,5.136816
2023-02-06,10.768496,5.480506,3.963169,5.069404
2023-02-07,11.026253,5.481359,4.058032,5.190746
2023-02-08,10.887828,5.482213,4.007087,5.125580
2023-02-09,10.840095,5.483066,3.989520,5.103110
2023-02-10,10.770883,5.483919,3.964047,5.070527
2023-02-13,10.954654,5.484773,4.031681,5.157039
2023-02-14,11.014320,5.485627,4.053640,5.185128
2023-02-15,11.090692,5.486480,4.081748,5.221081
2023-02-16,10.887828,5.487334,4.007087,5.125580
2023-02-17,10.754177,5.488189,3.957899,5.062662
2023-02-21,10.496420,5.489043,3.863036,4.941320
2023-02-22,10.494033,5.489897,3.862157,4.940197
2023-02-23,10.653938,5.490752,3.921008,5.015474
2023-02-24,10.470167,5.491606,3.853374,4.928961
2023-02-27,10.515513,5.512633,3.852046,4.950308
2023-02-28,10.505967,5.507628,3.846625,4.945814
2023-03-01,10.422434,5.463837,3.816041,4.906491
2023-03-02,10.546539,5.528898,3.814726,4.964914
2023-03-03,10.768496,5.645256,3.893062,5.069404
2023-03-06,10.806683,5.665275,3.906867,5.087380
2023-03-07,10.675418,5.596461,3.859412,5.025586
2023-03-08,10.758950,5.640251,3.889610,5.064909
2023-03-09,10.589499,5.551419,3.828350,4.985138
2023-03-10,10.379475,5.441316,3.752421,4.886267
2023-03-13,10.429594,5.467591,3.751129,4.884584
2023-03-14,10.663484,5.590205,3.751713,4.885344
2023-03-15,10.661098,5.588954,3.748998,4.881809
2023-03-16,10.952267,5.741596,3.851388,5.015138
2023-03-17,10.921241,5.725331,3.840478,5.000930
2023-03-20,10.954654,5.742847,3.852227,5.016230
2023-03-21,11.078759,5.807908,3.895869,5.073059
2023-03-22,10.942721,5.736591,3.848031,5.010766
2023-03-23,11.097852,5.817917,3.902583,5.081802
2023-03-24,11.095465,5.816666,3.901744,5.080709
2023-03-27,11.026253,5.780382,3.877405,5.049016
2023-03-28,10.978520,5.755359,3.860620,5.027159
2023-03-29,11.202864,5.872968,3.939511,5.129888
2023-03-30,11.315036,5.931773,3.978956,5.181252
2023-03-31,11.498807,6.028113,4.043580,5.265403
2023-04-03,11.484487,6.020606,4.038544,5.258846
2023-04-04,11.410501,5.981819,4.012527,5.224967
2023-04-05,11.274463,5.910503,3.964689,5.162674
2023-04-06,11.331742,5.940531,3.984831,5.188902
2023-04-10,11.326969,5.938029,3.983153,5.186717
2023-04-11,11.241050,5.892987,3.952939,5.147374
2023-04-12,11.174224,5.857954,3.929440,5.116774
2023-04-13,11.391408,5.971810,4.005813,5.216224
2023-04-14,11.348449,5.949289,3.990706,5.196552
2023-04-17,11.389021,5.970559,4.004974,5.215131
2023-04-18,11.420048,5.986824,4.015884,5.229338
2023-04-19,11.396181,5.974312,4.007491,5.218410
2023-04-20,11.315036,5.931773,3.978956,5.181252
2023-04-21,11.281623,5.914257,3.967207,5.165952
2023-04-24,11.233890,5.889233,3.950421,5.144095
2023-04-25,10.990453,5.761614,3.864816,5.032623
2023-04-26,11.136038,5.837935,3.916012,5.099288
2023-04-27,11.348449,5.949289,3.990706,5.196552
2023-04-28,11.467780,6.011847,4.032669,5.251196
2023-05-01,11.477327,6.016852,4.036026,5.255567
2023-05-02,11.350835,5.950540,3.991545,5.197645
2023-05-03,11.269690,5.908001,3.963010,5.160488
2023-05-04,11.224344,5.884229,3.947064,5.139724
2023-05-05,11.520286,6.039373,4.051133,5.275238
2023-05-08,11.532220,6.045629,4.055330,5.280703
2023-05-09,11.448687,6.001838,4.025955,5.242453
2023-05-10,11.572792,6.066899,4.069597,5.299281
2023-05-11,11.525060,6.041875,4.052812,5.277424
2023-05-12,11.501193,6.029364,4.044419,5.266496
2023-05-15,11.599045,6.080661,4.078829,5.311303
2023-05-16,11.591885,6.076908,4.076311,5.308024
2023-05-17,11.761337,6.165741,4.135899,5.385617
2023-05-18,11.992840,6.287104,4.217308,5.491625
2023-05-19,11.971360,6.275843,4.209754,5.481789
2023-05-22,12.000000,6.290857,4.219826,5.494903
2023-05-23,11.818616,6.195769,4.156041,5.411846
2023-05-24,11.744630,6.156983,4.130024,5.377967
2023-05-25,12.162291,6.375936,4.276896,5.569218
2023-05-26,12.486874,6.546095,4.391036,5.717847
2023-05-30,12.551313,6.579876,4.413696,5.747354
2023-05-31,12.436754,6.519820,4.373411,5.694897
2023-06-01,12.565632,6.587383,4.418731,5.753911
2023-06-02,12.651551,6.632425,4.448945,5.793254
2023-06-05,12.584726,6.597393,4.425446,5.762654
2023-06-06,12.606205,6.608653,4.432999,5.772490
2023-06-07,12.417661,6.509811,4.366697,5.686154
2023-06-08,12.541766,6.574872,4.410339,5.742983
2023-06-09,12.594272,6.602397,4.428803,5.767026
2023-06-12,12.856802,6.740025,4.521122,5.887240
2023-06-13,12.949881,6.788821,4.553853,5.929862
2023-06-14,13.057279,6.845123,4.591620,5.979041
2023-06-15,13.226730,6.933956,4.651208,6.056634
2023-06-16,13.114558,6.875151,4.611762,6.005269
2023-06-20,13.038186,6.835114,4.584906,5.970298
2023-06-21,12.837709,6.730016,4.514408,5.878498
2023-06-22,12.942721,6.785067,4.551335,5.926583
2023-06-23,12.792363,6.706244,4.498462,5.857733
2023-06-26,12.687351,6.651193,4.461534,5.809647
2023-06-27,12.945107,6.786318,4.552175,5.927676
2023-06-28,12.978520,6.803835,4.563924,5.942976
2023-06-29,12.985680,6.807588,4.566442,5.946255
2023-06-30,13.190931,6.915188,4.638619,6.040241
2023-07-03,13.169451,6.903928,4.631066,6.030405
2023-07-05,13.085919,6.860137,4.601691,5.992155
2023-07-06,13.035800,6.833863,4.584067,5.969205
2023-07-07,12.992840,6.811342,4.568960,5.949533
2023-07-10,13.042959,6.837616,4.586584,5.972484
2023-07-11,13.093079,6.863891,4.604209,5.995434
2023-07-12,13.229117,6.935207,4.652047,6.057727
2023-07-13,13.427208,7.039054,4.721706,6.148434
2023-07-14,13.379475,7.014031,4.704921,6.126577
2023-07-17,13.556086,7.106617,4.767026,6.207449
2023-07-18,13.711217,7.187942,4.821579,6.278485
2023-07-19,13.675418,7.169175,4.808990,6.262092
2023-07-20,13.384248,7.016533,4.706599,6.128763
2023-07-21,13.362768,7.005272,4.699046,6.118927
2023-07-24,13.377088,7.012779,4.704082,6.125484
2023-07-25,13.529833,7.092854,4.757795,6.195427
2023-07-26,13.374702,7.011528,4.703242,6.124391
2023-07-27,13.312649,6.978998,4.681421,6.095977
2023-07-28,13.501193,7.077840,4.747723,6.182313
2023-07-31,13.568019,7.112873,4.771223,6.212913
2023-08-01,13.575179,7.116626,4.773741,6.216191
2023-08-02,13.214797,6.927700,4.647012,6.051170
2023-08-03,13.162291,6.900174,4.628548,6.027127
2023-08-04,12.990453,6.810091,4.568121,5.948441
2023-08-07,13.011933,6.821351,4.575674,5.946392
2023-08-08,12.890215,6.757542,4.532871,5.947317
2023-08-09,12.711217,6.663704,4.469927,5.948243
2023-08-10,12.723150,6.669960,4.474123,5.949169
2023-08-11,12.639618,6.626169,4.444749,5.950095
2023-08-14,12.825776,6.723760,4.510211,5.951021
2023-08-15,12.699284,6.657449,4.465730,5.951947
2023-08-16,12.577566,6.593639,4.422928,5.952874
2023-08-17,12.441527,6.522323,4.375090,5.953800
2023-08-18,12.465394,6.534834,4.383482,5.954727
2023-08-21,12.680191,6.647439,4.459016,5.955654
2023-08-22,12.684964,6.649942,4.460695,5.956581
2023-08-23,12.914081,6.770053,4.541264,5.957508
2023-08-24,12.613365,6.612407,4.435517,5.958435
2023-08-25,12.742243,6.679969,4.480837,5.959363
2023-08-28,12.840095,6.731267,4.515247,5.960290
2023-08-29,13.097852,6.866393,4.605888,5.961218
2023-08-30,13.205251,6.922695,4.643654,5.962146
2023-08-31,13.272076,6.957728,4.667154,5.989321
2023-09-01,13.324582,6.985254,4.685618,6.013016
2023-09-05,13.348449,6.997765,4.694010,6.023786
2023-09-06,13.195704,6.917691,4.640297,5.954857
2023-09-07,12.997613,6.813844,4.570638,5.865464
2023-09-08,13.014320,6.822602,4.576513,5.863444
2023-09-11,13.076372,6.855133,4.598334,5.864356
2023-09-12,12.847255,6.735021,4.517765,5.865269
2023-09-13,12.863962,6.743779,4.523640,5.866182
2023-09-14,12.954654,6.791323,4.555532,5.867095
2023-09-15,12.718377,6.667458,4.472444,5.868008
2023-09-18,12.770883,6.694983,4.490908,5.868922
2023-09-19,12.747017,6.682472,4.482516,5.869835
2023-09-20,12.560859,6.584881,4.417053,5.870749
2023-09-21,12.353222,6.476030,4.344037,5.871663
2023-09-22,12.386635,6.493546,4.355787,5.872576
2023-09-25,12.434368,6.518569,4.372572,5.873491
2023-09-26,12.212411,6.402211,4.294520,5.874405
2023-09-27,12.250597,6.422229,4.307948,5.875319
2023-09-28,12.329356,6.463518,4.335644,5.876234
2023-09-29,12.377088,6.488541,4.352429,5.877148
2023-10-02,12.491647,6.548597,4.392714,5.878063
2023-10-03,12.252983,6.423481,4.308788,5.878978
2023-10-04,12.396181,6.498551,4.359144,5.879893
2023-10-05,12.405728,6.503555,4.362501,5.880808
2023-10-06,12.653938,6.633676,4.449784,5.881723
2023-10-09,12.713604,6.664955,4.470766,5.882639
2023-10-10,12.756563,6.687476,4.485873,5.883555
2023-10-11,12.856802,6.740025,4.521122,5.926822
2023-10-12,12.825776,6.723760,4.510211,5.912519
2023-10-13,12.620525,6.616160,4.438035,5.817901
2023-10-16,12.766110,6.692481,4.489230,5.815897
2023-10-17,12.711217,6.663704,4.469927,5.787994
2023-10-18,12.536993,6.572369,4.408660,5.786001
2023-10-19,12.448687,6.526076,4.377607,5.786901
2023-10-20,12.226730,6.409718,4.299556,5.787802
2023-10-23,12.229117,6.410969,4.300395,5.788703
2023-10-24,12.338902,6.468523,4.339001,5.789604
2023-10-25,12.133652,6.360922,4.266824,5.790505
2023-10-26,11.921241,6.249569,4.192130,5.791406
2023-10-27,11.968974,6.274592,4.208915,5.792308
2023-10-30,12.073986,6.329643,4.245843,5.793209
2023-10-31,12.167064,6.378439,4.278574,5.794111
2023-11-01,12.365155,6.482285,4.348233,5.795013
2023-11-02,12.584726,6.597393,4.425446,5.795915
2023-11-03,12.763723,6.691230,4.488390,5.875413
2023-11-06,12.823389,6.722509,4.509372,5.902879
2023-11-07,12.978520,6.803835,4.563924,5.974289
2023-11-08,13.031026,6.831360,4.582388,5.998458
2023-11-09,12.954654,6.791323,4.555532,5.963303
2023-11-10,13.295943,6.970240,4.675547,6.120405
2023-11-13,13.229117,6.935207,4.652047,6.089644
2023-11-14,13.548926,7.102863,4.764509,6.236859
2023-11-15,13.568019,7.112873,4.771223,6.245648
2023-11-16,13.596659,7.127887,4.781294,6.258831
2023-11-17,13.603819,7.131640,4.783812,6.262127
2023-11-20,13.794749,7.231733,4.850953,6.350017
2023-11-21,13.680191,7.171677,4.810668,6.297283
2023-11-22,13.730310,7.197952,4.828293,6.320354
2023-11-24,13.715990,7.190445,4.823257,6.313762
2023-11-27,13.708831,7.186691,4.820739,6.310466
2023-11-28,13.735084,7.200454,4.829971,6.322551
2023-11-29,13.787589,7.227980,4.848435,6.346721
2023-11-30,13.782816,7.225477,4.846757,6.344523
2023-12-01,13.861575,7.266766,4.874452,6.380778
2023-12-04,13.720764,7.192947,4.824936,6.315959
2023-12-05,13.794749,7.231733,4.850953,6.350017
2023-12-06,13.675418,7.169175,4.808990,6.295086
2023-12-07,13.823389,7.246747,4.861024,6.363200
2023-12-08,13.947494,7.311808,4.904666,6.420328
2023-12-11,14.042959,7.361854,4.938237,6.464273
2023-12-12,14.126492,7.405645,4.967611,6.502725
2023-12-13,14.288783,7.490724,5.024681,6.577431
2023-12-14,14.317422,7.505738,5.034752,6.590614
2023-12-15,14.386635,7.542022,5.059091,6.622474
2023-12-18,14.420048,7.559538,5.070840,6.637855
2023-12-19,14.470167,7.585813,5.088465,6.660926
2023-12-20,14.236277,7.463199,5.006217,6.553261
2023-12-21,14.412888,7.555785,5.068323,6.634559
2023-12-22,14.427208,7.563292,5.073358,6.641150
2023-12-26,14.498807,7.600827,5.098536,6.674109
2023-12-27,14.513126,7.608334,5.103572,6.680701
2023-12-28,14.522673,7.613338,5.106929,6.685095
2023-12-29,14.439141,7.569548,5.077555,6.646644
2024-01-02,14.059666,7.370613,4.944111,6.471963
2024-01-03,13.871122,7.271770,4.877809,6.385172
2024-01-04,13.787589,7.227980,4.848435,6.346721
2024-01-05,13.792363,7.230482,4.850114,6.344535
2024-01-08,14.143198,7.414403,4.973486,6.345522
2024-01-09,14.167064,7.426915,4.981878,6.353052
2024-01-10,14.288783,7.490724,5.024681,6.407635
2024-01-11,14.338902,7.516999,5.042305,6.430111
2024-01-12,14.369928,7.533264,5.053216,6.444024
2024-01-16,14.391408,7.544524,5.060769,6.453656
2024-01-17,14.312649,7.503236,5.033074,6.418338
2024-01-18,14.589499,7.648371,5.130428,6.542488
2024-01-19,14.906921,7.814776,5.242051,6.684832
2024-01-22,15.004773,7.866074,5.276460,6.728713
2024-01-23,15.066826,7.898604,5.298281,6.756539
2024-01-24,15.138425,7.936139,5.323459,6.788647
2024-01-25,15.176611,7.956158,5.336888,6.805771
2024-01-26,15.016706,7.872330,5.280657,6.734064
2024-01-29,15.193317,7.964916,5.342762,6.813263
2024-01-30,15.047733,7.888595,5.291567,6.747977
2024-01-31,14.735084,7.724692,5.181623,6.607773
2024-02-01,14.923628,7.823534,5.247925,6.692324
2024-02-02,15.071599,7.901106,5.299960,6.758680
2024-02-05,15.076372,7.903609,5.301638,6.760820
2024-02-06,15.052506,7.891097,5.293246,6.750118
2024-02-07,15.245823,7.992441,5.361226,6.836809
2024-02-08,15.324582,8.033730,5.388922,6.872127
2024-02-09,15.556086,8.155093,5.470331,6.975942
2024-02-12,15.458234,8.103795,5.435921,6.932062
2024-02-13,15.157518,7.946148,5.330173,6.797209
2024-02-14,15.360382,8.052497,5.401511,6.888181
2024-02-15,15.348449,8.046242,5.397315,6.882830
2024-02-16,15.186158,7.961162,5.340245,6.810052
2024-02-20,15.004773,7.866074,5.276460,6.728713
2024-02-21,14.878282,7.799762,5.231979,6.671989
2024-02-22,15.360382,8.052497,5.401511,6.888181
2024-02-23,15.310263,8.026223,5.383886,6.865706
2024-02-26,15.348449,8.046242,5.397315,6.882830
2024-02-27,15.372315,8.058753,5.405707,6.893532
2024-02-28,15.300716,8.021218,5.380529,6.861425
2024-02-29,15.446301,8.097539,5.431725,6.926710
2024-03-01,15.732697,8.247679,5.532436,7.055141
2024-03-04,15.763723,8.263944,5.543347,7.069055
2024-03-05,15.384248,8.065009,5.409904,6.898884
2024-03-06,15.553699,8.153842,5.469491,6.974872
2024-03-07,15.816229,8.291470,5.561811,7.092600
2024-03-08,15.558473,8.156344,5.471170,6.977012
2024-03-11,15.491647,8.121311,5.447671,6.947045
2024-03-12,15.811456,8.288968,5.560132,7.090460
2024-03-13,15.644391,8.201386,5.501384,7.015542
2024-03-14,15.584726,8.170107,5.480402,6.988785
2024-03-15,15.379475,8.062507,5.408225,6.896743
2024-03-18,15.453461,8.101293,5.434242,6.929921
2024-03-19,15.517900,8.135074,5.456902,6.958818
2024-03-20,15.727924,8.245177,5.530758,7.053001
2024-03-21,15.773270,8.268949,5.546704,7.073336
2024-03-22,15.758950,8.261442,5.541668,7.066914
2024-03-25,15.696897,8.228912,5.519847,7.039087
2024-03-26,15.627685,8.192628,5.495509,7.008050
2024-03-27,15.665871,8.212646,5.508937,7.025174
2024-03-28,15.642005,8.200135,5.500544,7.014472
2024-04-01,15.675418,8.217651,5.512294,7.029455
2024-04-02,15.498807,8.125065,5.450188,6.950256
2024-04-03,15.529833,8.141330,5.461099,6.964169
2024-04-04,15.279236,8.009958,5.372976,6.851792
2024-04-05,15.465394,8.107549,5.438439,6.849432
2024-04-08,15.441527,8.095037,5.430046,6.850498
2024-04-09,15.477327,8.113804,5.442635,6.851565
2024-04-10,15.336516,8.039986,5.393118,6.852631
2024-04-11,15.632458,8.195130,5.497187,6.853698
2024-04-12,15.353222,8.048744,5.398993,6.727907
2024-04-15,15.062053,7.896102,5.296603,6.725590
2024-04-16,15.071599,7.901106,5.299960,6.726637
2024-04-17,14.847255,7.783497,5.221069,6.727684
2024-04-18,14.706444,7.709678,5.171552,6.728731
2024-04-19,14.317422,7.505738,5.034752,6.729778
2024-04-22,14.513126,7.608334,5.103572,6.730826
2024-04-23,14.751790,7.733450,5.187498,6.731873
2024-04-24,14.775656,7.745962,5.195891,6.732921
2024-04-25,14.780430,7.748464,5.197570,6.733969
2024-04-26,15.033413,7.881088,5.286532,6.735017
2024-04-29,15.093079,7.912367,5.307513,6.736066
2024-04-30,14.758950,7.737204,5.190016,6.737114
2024-05-01,14.599045,7.653376,5.133785,6.738163
2024-05-02,14.799523,7.758474,5.204284,6.739212
2024-05-03,15.198091,7.967418,5.344441,6.740261
2024-05-06,15.417661,8.082525,5.421653,6.741310
2024-05-07,15.353222,8.048744,5.398993,6.709777
2024-05-08,15.377088,8.061256,5.407386,6.720208
2024-05-09,15.360382,8.052497,5.401511,6.712906
2024-05-10,15.400955,8.073767,5.415778,6.730638
2024-05-13,15.477327,8.113804,5.442635,6.764015
2024-05-14,15.637232,8.197633,5.498866,6.833897
2024-05-15,15.995227,8.385307,5.624756,6.990351
2024-05-16,15.926014,8.349023,5.600417,6.960103
2024-05-17,15.887828,8.329005,5.586989,6.943415
2024-05-20,16.088305,8.434103,5.657487,7.031029
2024-05-21,16.105012,8.442861,5.663362,7.038330
2024-05-22,16.107399,8.444112,5.664201,7.039373
2024-05-23,16.109785,8.445363,5.665040,7.040416
2024-05-24,16.264916,8.526689,5.719593,7.108213
2024-05-28,16.405728,8.600508,5.769109,7.169751
2024-05-29,16.348449,8.570480,5.748967,7.144719
2024-05-30,15.964200,8.369042,5.613845,6.976792
2024-05-31,15.949881,8.361535,5.608809,6.970534
2024-06-03,16.033413,8.405326,5.638184,7.007039
2024-06-04,16.042959,8.410331,5.641541,7.011212
2024-06-05,16.451074,8.624280,5.785055,7.189569
2024-06-06,16.405728,8.600508,5.769109,7.169751
2024-06-07,16.403341,8.599256,5.768270,7.168708
2024-06-10,16.460621,8.629284,5.788412,7.193741
2024-06-11,16.692124,8.750647,5.869821,7.294914
2024-06-12,17.050119,8.938322,5.995711,7.451368
2024-06-13,17.219570,9.027155,6.055299,7.525423
2024-06-14,17.286396,9.062187,6.078798,7.554627
2024-06-17,17.496420,9.172290,6.152653,7.646413
2024-06-18,17.565632,9.208574,6.176992,7.676661
2024-06-20,17.324582,9.082206,6.092226,7.571316
2024-06-21,17.236277,9.035913,6.061173,7.532724
2024-06-24,16.918854,8.869508,5.949551,7.394002
2024-06-25,17.162291,8.997127,6.035156,7.500390
2024-06-26,17.195704,9.014643,6.046906,7.514992
2024-06-27,17.229117,9.032160,6.058656,7.529595
2024-06-28,17.200477,9.017146,6.048584,7.517078
2024-07-01,17.369928,9.105978,6.108172,7.591133
2024-07-02,17.486874,9.167285,6.149296,7.642241
2024-07-03,17.687351,9.272383,6.219795,7.729855
2024-07-05,17.778043,9.319927,6.251687,7.769490
2024-07-08,17.897375,9.382486,6.293650,7.821642
2024-07-09,17.859189,9.362467,6.280222,7.804953
2024-07-10,18.105012,9.491337,6.366666,7.912385
2024-07-11,17.754177,9.307416,6.243294,7.759060
2024-07-12,17.921241,9.394997,6.302043,7.832072
2024-07-15,18.011933,9.442542,6.333935,7.871707
2024-07-16,18.033413,9.453802,6.341488,7.881094
2024-07-17,17.384248,9.113485,6.113208,7.597391
2024-07-18,17.293556,9.065941,6.081316,7.557756
2024-07-19,17.088305,8.958341,6.009139,7.468056
2024-07-22,17.429594,9.137257,6.129154,7.617209
2024-07-23,17.396181,9.119741,6.117404,7.602606
2024-07-24,16.713604,8.761908,5.877374,7.304301
2024-07-25,16.556086,8.679331,5.821983,7.301786
2024-07-26,16.751790,8.781927,5.890803,7.302922
2024-07-29,16.692124,8.750647,5.869821,7.304059
2024-07-30,16.372315,8.582991,5.757359,7.305196
2024-07-31,16.945107,8.883271,5.958783,7.306333
2024-08-01,16.334129,8.562973,5.743931,7.307470
2024-08-02,15.933174,8.352777,5.602935,7.308607
2024-08-05,15.374702,8.060004,5.406547,7.309745
2024-08-06,15.527446,8.140079,5.460260,7.310883
2024-08-07,15.346062,8.044990,5.396475,7.312021
2024-08-08,15.878282,8.324000,5.583632,7.313159
2024-08-09,15.978520,8.376549,5.618881,7.314297
2024-08-12,16.062053,8.420340,5.648255,7.315436
2024-08-13,16.527446,8.664317,5.811912,7.316574
2024-08-14,16.599045,8.701852,5.837090,7.317713
2024-08-15,17.045346,8.935820,5.994032,7.318852
2024-08-16,17.085919,8.957090,6.008300,7.319991
2024-08-19,17.324582,9.082206,6.092226,7.418529
2024-08-20,17.264916,9.050927,6.071245,7.392979
2024-08-21,17.362768,9.102225,6.105655,7.434881
2024-08-22,17.000000,8.912048,5.978086,7.279540
2024-08-23,17.303103,9.070946,6.084673,7.409331
2024-08-26,17.138425,8.984615,6.026764,7.338815
2024-08-27,17.219570,9.027155,6.055299,7.373562
2024-08-28,16.992840,8.908294,5.975568,7.276474
2024-08-29,16.947494,8.884522,5.959622,7.257057
2024-08-30,17.124105,8.977108,6.021728,7.332683
2024-09-03,16.369928,8.581740,5.756520,7.009738
2024-09-04,16.334129,8.562973,5.743931,7.007324
2024-09-05,16.298329,8.544205,5.731342,7.008415
2024-09-06,15.906921,8.339014,5.593703,7.009505
2024-09-09,16.121718,8.451619,5.669237,7.010596
2024-09-10,16.284010,8.536698,5.726307,7.011688
2024-09-11,16.754177,8.783178,5.891642,7.012779
2024-09-12,16.883055,8.850741,5.936962,7.013871
2024-09-13,16.983294,8.903290,5.972211,7.051986
2024-09-16,16.883055,8.850741,5.936962,7.010364
2024-09-17,16.873508,8.845736,5.933605,7.006400
2024-09-18,16.797136,8.805699,5.906749,6.974687
2024-09-19,17.293556,9.065941,6.081316,7.180816
2024-09-20,17.231504,9.033411,6.059495,7.155050
2024-09-23,17.226730,9.030908,6.057816,7.153068
2024-09-24,17.381862,9.112234,6.112369,7.217483
2024-09-25,17.393795,9.118490,6.116565,7.222438
2024-09-26,17.608592,9.231095,6.192099,7.311629
2024-09-27,17.451074,9.148518,6.136707,7.246223
2024-09-30,17.496420,9.172290,6.152653,7.265052
2024-10-01,17.057279,8.942076,5.998229,7.082707
2024-10-02,17.164678,8.998378,6.035995,7.127302
2024-10-03,17.231504,9.033411,6.059495,7.155050
2024-10-04,17.453461,9.149769,6.137547,7.247214
2024-10-07,17.329356,9.084708,6.093905,7.195681
2024-10-08,17.644391,9.249862,6.204688,7.326494
2024-10-09,17.842482,9.353709,6.274347,7.408747
2024-10-10,17.856802,9.361216,6.279382,7.414693
2024-10-11,17.914081,9.391244,6.299525,7.438477
2024-10-14,18.133652,9.506351,6.376737,7.529650
2024-10-15,17.806683,9.334941,6.261758,7.393882
2024-10-16,17.873508,9.369974,6.285257,7.421630
2024-10-17,17.945107,9.407509,6.310435,7.451360
2024-10-18,18.004773,9.438788,6.331417,7.476136
2024-10-21,18.107399,9.492588,6.367505,7.518749
2024-10-22,18.093079,9.485081,6.362470,7.512803
2024-10-23,17.813842,9.338695,6.264276,7.396855
2024-10-24,17.873508,9.369974,6.285257,7.421630
2024-10-25,17.959427,9.415016,6.315471,7.457306
2024-10-28,17.995227,9.433783,6.328060,7.472172
2024-10-29,18.207637,9.545137,6.402754,7.560371
2024-10-30,17.968974,9.420021,6.318828,7.461271
2024-10-31,17.372315,9.107229,6.109012,7.213519
2024-11-01,17.496420,9.172290,6.152653,7.265052
2024-11-04,17.479714,9.163532,6.146778,7.258115
2024-11-05,17.732697,9.296155,6.235741,7.363161
2024-11-06,18.288783,9.587677,6.431289,7.594065
2024-11-07,18.663484,9.784110,6.563054,7.749653
2024-11-08,18.630072,9.766593,6.551304,7.735779
2024-11-11,18.553699,9.726556,6.524448,7.704067
2024-11-12,18.587112,9.744072,6.536198,7.717941
2024-11-13,18.510740,9.704035,6.509341,7.686228
2024-11-14,18.436754,9.665249,6.483324,7.655507
2024-11-15,17.988067,9.430030,6.325542,7.469199
2024-11-18,18.040573,9.457556,6.344006,7.491001
2024-11-19,18.262530,9.573914,6.422057,7.583164
2024-11-20,18.281623,9.583923,6.428772,7.591092
2024-11-21,18.474940,9.685268,6.496752,7.671363
2024-11-22,18.544153,9.721551,6.521091,7.700103
2024-11-25,18.534606,9.716547,6.517734,7.696138
2024-11-26,18.591885,9.746575,6.537876,7.719923
2024-11-27,18.398568,9.645230,6.469896,7.639651
2024-11-29,18.563246,9.731561,6.527805,7.708031
2024-12-02,18.747017,9.827900,6.592428,7.784338
2024-12-03,18.842482,9.877947,6.625999,7.823978
2024-12-04,19.224344,10.078133,6.760281,7.982539
2024-12-05,19.128878,10.028087,6.726711,7.942899
2024-12-06,19.229117,10.080636,6.761960,7.984521
2024-12-09,19.085919,10.005566,6.711604,7.925060
2024-12-10,18.811456,9.861682,6.615088,7.811095
2024-12-11,19.100239,10.013073,6.716640,7.931006
2024-12-12,19.016706,9.969282,6.687265,7.896321
2024-12-13,19.105012,10.015575,6.718318,7.932988
2024-12-16,19.331742,10.134436,6.798048,8.027134
2024-12-17,19.212411,10.071878,6.756085,7.977584
2024-12-18,18.534606,9.716547,6.517734,7.696138
2024-12-19,18.548926,9.724054,6.522769,7.702085
2024-12-20,18.842482,9.877947,6.625999,7.823978
2024-12-23,19.016706,9.969282,6.687265,7.896321
2024-12-24,19.226730,10.079385,6.761121,7.983530
2024-12-26,19.260143,10.096901,6.772870,7.997404
2024-12-27,18.959427,9.939254,6.667123,7.872537
2024-12-30,18.723150,9.815389,6.584036,7.774428
2024-12-31,18.548926,9.724054,6.522769,7.702085
2025-01-02,18.536993,9.717798,6.518573,7.699432
2025-01-03,18.880668,9.897966,6.639427,7.700630
2025-01-06,19.140811,10.034343,6.730907,7.802828
2025-01-07,18.718377,9.812886,6.582357,7.630621
2025-01-08,18.699284,9.802877,6.575643,7.622838
2025-01-10,18.300716,9.593933,6.435486,7.620212
2025-01-13,18.150358,9.515109,6.382612,7.621398
2025-01-14,18.193317,9.537630,6.397719,7.622585
2025-01-15,18.596659,9.749077,6.539555,7.623771
2025-01-16,18.441527,9.667751,6.485002,7.624958
2025-01-17,18.718377,9.812886,6.582357,7.626145
2025-01-21,18.873508,9.894212,6.636909,7.627332
2025-01-22,19.250597,10.091896,6.769513,7.775834
2025-01-23,19.281623,10.108161,6.780424,7.788366
2025-01-24,19.097852,10.011822,6.715800,7.714136
2025-01-27,18.102625,9.490086,6.365827,7.312137
2025-01-28,18.665871,9.785361,6.563893,7.309619
2025-01-29,18.491647,9.694026,6.502627,7.310757
2025-01-30,18.494033,9.695277,6.503466,7.311895
2025-01-31,18.396181,9.643979,6.469056,7.313033
2025-02-03,18.133652,9.506351,6.376737,7.314171
2025-02-04,18.377088,9.633970,6.462342,7.315309
2025-02-05,18.637232,9.770347,6.553822,7.316448
2025-02-06,18.706444,9.806631,6.578161,7.317587
2025-02-07,18.527446,9.712793,6.515216,7.318726
2025-02-10,18.761337,9.835407,6.597464,7.319865
2025-02-11,18.735084,9.821645,6.588232,7.305967
2025-02-12,18.711217,9.809133,6.579839,7.296660
2025-02-13,19.002387,9.961775,6.682230,7.294147
2025-02-14,19.088305,10.006817,6.712443,7.323464
2025-02-18,19.214797,10.073129,6.756924,7.371994
2025-02-19,19.202864,10.066873,6.752728,7.367416
2025-02-20,19.138425,10.033091,6.730068,7.342693
2025-02-21,18.620525,9.761589,6.547947,7.143994
2025-02-24,18.348449,9.618956,6.452271,7.039609
2025-02-25,18.076372,9.476323,6.356595,7.037184
2025-02-26,18.212411,9.547639,6.404433,7.038280
2025-02-27,17.570406,9.211076,6.178671,7.039375
2025-02-28,17.854415,9.359965,6.278543,7.153160
2025-03-03,17.255370,9.045922,6.067888,6.913160
2025-03-04,17.250597,9.043420,6.066209,6.911247
2025-03-05,17.508353,9.178546,6.156850,7.014514
2025-03-06,16.971360,8.897034,5.968015,6.799375
2025-03-07,17.178998,9.005885,5.965959,6.882562
2025-03-10,16.410501,8.603010,5.966888,6.574673
2025-03-11,16.360382,8.576735,5.967817,6.554593
2025-03-12,16.601432,8.703103,5.968746,6.651167
2025-03-13,16.303103,8.546708,5.969675,6.531645
2025-03-14,16.797136,8.805699,5.970604,6.729574
2025-03-17,16.894988,8.856996,5.971533,6.768777
2025-03-18,16.656325,8.731880,5.972463,6.673159
2025-03-19,16.880668,8.849489,5.973392,6.763040
2025-03-20,16.787589,8.800694,5.974322,6.725749
2025-03-21,16.844869,8.830722,5.975252,6.748697
2025-03-24,17.164678,8.998378,5.976182,6.876825
2025-03-25,17.217184,9.025904,5.977112,6.897861
2025-03-26,16.801909,8.808201,5.978043,6.731486
2025-03-27,16.625298,8.715615,5.978973,6.660729
2025-03-28,16.207637,8.496661,5.979904,6.493398
2025-03-31,16.181384,8.482898,5.980834,6.482880
2025-04-01,16.317422,8.554215,5.981765,6.537382
2025-04-02,16.451074,8.624280,5.982696,6.590928
2025-04-03,15.260143,7.999948,5.983628,6.113796
2025-04-04,14.279236,7.997193,5.984559,5.720807
2025-04-07,14.317422,7.998438,5.985490,5.736106
2025-04-08,14.033413,7.999683,5.986422,5.734130
2025-04-09,15.923628,8.000928,5.987354,5.735023
2025-04-10,15.207637,8.002173,5.988286,5.735915
2025-04-11,15.517900,8.003419,5.989218,5.736808
2025-04-14,15.627685,8.004665,5.990150,5.737701
2025-04-15,15.684964,8.005910,5.991082,5.738594
2025-04-16,15.147971,8.007157,5.992015,5.739487
2025-04-17,15.081146,8.008403,5.992948,5.740381
2025-04-21,14.670644,8.009649,5.993880,5.741274
2025-04-22,15.031026,8.010896,5.994813,5.742168
2025-04-23,15.479714,8.012143,5.995746,5.743062
2025-04-24,16.062053,8.013390,5.996680,5.743955
2025-04-25,16.305489,8.014637,5.997613,5.744850
2025-04-28,16.274463,8.015885,5.998547,5.745744
2025-04-29,16.353222,8.017133,5.999480,5.746638
2025-04-30,16.391408,8.018380,6.000414,5.747532
2025-05-01,16.680191,8.019628,6.001348,5.748427
2025-05-02,16.930788,8.020877,6.002282,5.749322
2025-05-05,16.816229,8.022125,6.003216,5.750217
2025-05-06,16.675418,8.023374,6.004151,5.751112
2025-05-07,16.840095,8.024623,6.005085,5.752007
2025-05-08,17.040573,8.025872,6.006020,5.752902
2025-05-09,17.040573,8.027121,6.006955,5.753798
2025-05-12,17.844869,8.028370,6.007890,5.754693
2025-05-13,18.243437,8.029620,6.139006,5.880284
2025-05-14,18.372315,8.030870,6.182374,5.921824
2025-05-15,18.362768,8.032120,6.179162,5.918747
2025-05-16,18.398568,8.033370,6.191208,5.930286
2025-05-19,18.350835,8.034620,6.175146,5.914901
2025-05-20,18.284010,8.035871,6.152659,5.893361
2025-05-21,17.935561,8.037122,6.035404,5.781048
2025-05-22,17.964200,8.038373,6.045042,5.790279
2025-05-23,17.754177,8.039624,5.974368,5.722584
2025-05-27,18.188544,8.040875,6.120534,5.862590
2025-05-28,18.107399,8.042127,6.093229,5.836435
2025-05-29,18.171838,8.043379,6.114913,5.857206
2025-05-30,18.090692,8.044630,6.087607,5.831050
2025-06-02,18.252983,8.045883,6.142219,5.883361
2025-06-03,18.544153,8.047135,6.240198,5.977211
2025-06-04,18.594272,8.048387,6.257064,5.993366
2025-06-05,18.510740,8.049640,6.228955,5.966442
2025-06-06,18.687351,8.050893,6.288385,6.023367
2025-06-09,18.768496,8.052146,6.315691,6.049523
2025-06-10,18.847255,8.053400,6.342194,6.074908
2025-06-11,18.773270,8.054653,6.317297,6.051061
2025-06-12,18.906921,8.055907,6.362272,6.094140
2025-06-13,18.594272,8.057161,6.257064,5.993366
2025-06-16,18.909308,8.058415,6.363075,6.094909
2025-06-17,18.770883,8.059669,6.316494,6.050292
2025-06-18,18.830549,8.060924,6.336572,6.069523
2025-06-20,18.749403,8.062178,6.309266,6.043368
2025-06-23,18.947494,8.063433,6.375925,6.107218
2025-06-24,19.288783,8.064688,6.490770,6.217223
2025-06-25,19.451074,8.065943,6.545382,6.269533
2025-06-26,19.599045,8.067199,6.595175,6.317228
2025-06-27,19.587112,8.068455,6.591159,6.313381
2025-06-30,19.787589,8.069710,6.658621,6.378000
2025-07-01,19.584726,7.982986,6.590356,6.312612
2025-07-02,19.832936,8.084159,6.673880,6.392616
2025-07-03,20.107399,8.196034,6.766238,6.481082
2025-07-07,19.930788,8.124045,6.706808,6.424156
2025-07-08,20.023866,8.161985,6.738129,6.454157
2025-07-09,20.193317,8.231055,6.795150,6.508775
2025-07-10,20.124105,8.202844,6.771860,6.486467
2025-07-11,19.997613,8.151284,6.729295,6.445695
2025-07-14,20.000000,8.152257,6.730098,6.446465
2025-07-15,20.169451,8.221327,6.787119,6.501083
2025-07-16,20.257757,8.257322,6.816835,6.529546
2025-07-17,20.463007,8.340984,6.885902,6.595703
2025-07-18,20.451074,8.336120,6.881887,6.591856
2025-07-21,20.479714,8.347794,6.891524,6.601088
2025-07-22,20.279236,8.266077,6.824063,6.536469
2025-07-23,20.441527,8.332229,6.878674,6.588779
2025-07-24,20.498807,8.355577,6.897949,6.607242
2025-07-25,20.546539,8.375033,6.914011,6.622627
2025-07-28,20.708831,8.441185,6.968623,6.674937
2025-07-29,20.673031,8.426593,6.956576,6.663398
2025-07-30,20.718377,8.445077,6.971836,6.678014
2025-07-31,20.599045,8.396435,6.931680,6.639551
2025-08-01,20.119332,8.200898,6.770254,6.484928
2025-08-04,20.577566,8.387680,6.924452,6.632628
2025-08-05,20.391408,8.311800,6.861809,6.572625
2025-08-06,20.639618,8.412973,6.945333,6.652629
2025-08-07,20.680191,8.429511,6.958986,6.665706
2025-08-08,20.863962,8.504419,7.020826,6.724940
2025-08-11,20.742243,8.454805,6.979867,6.685707
2025-08-12,21.064439,8.586136,7.088287,6.789558
2025-08-13,21.100239,8.600728,7.100334,6.801097
2025-08-14,21.016706,8.566679,7.072225,6.774173
2025-08-15,20.885442,8.513174,7.028054,6.731863
2025-08-18,20.945107,8.537495,7.048131,6.751095
2025-08-19,20.548926,8.376006,6.914815,6.623396
2025-08-20,20.403341,8.316664,6.865825,6.576471
2025-08-21,20.348449,8.294289,6.847353,6.558778
2025-08-22,20.708831,8.441185,6.968623,6.674937
2025-08-25,20.658711,8.420756,6.951758,6.658783
2025-08-26,20.763723,8.463560,6.987095,6.692630
2025-08-27,20.909308,8.522902,7.036085,6.739556
2025-08-28,21.116945,8.607538,7.105956,6.806482
2025-08-29,20.794749,8.476207,6.997535,6.702631
2025-09-02,20.579952,8.388653,6.925255,6.633397
2025-09-03,20.670644,8.425620,6.955773,6.662629
2025-09-04,20.809069,8.482044,7.002354,6.707247
2025-09-05,20.847255,8.497609,7.015204,6.719555
2025-09-08,21.028640,8.571544,7.076240,6.778019
2025-09-09,21.054893,8.582245,7.085075,6.786481
2025-09-10,21.329356,8.694119,7.177433,6.874947
2025-09-11,21.443914,8.740815,7.215982,6.911872
2025-09-12,21.467780,8.750543,7.224014,6.919564
2025-09-15,21.677804,8.836151,7.294688,6.987260
2025-09-16,21.603819,8.805994,7.269791,6.963413
2025-09-17,21.525060,8.773891,7.243288,6.938027
2025-09-18,21.906921,8.929542,7.371787,7.061110
2025-09-19,22.112172,9.013205,7.440854,7.127267
2025-09-22,22.467780,9.158156,7.560518,7.241888
2025-09-23,22.238663,9.064765,7.483419,7.168038
2025-09-24,22.047733,8.986939,7.419170,7.106497
2025-09-25,21.980907,8.959700,7.396683,7.084957
2025-09-26,22.038186,8.983048,7.415958,7.103419
2025-09-29,22.169451,9.036553,7.460129,7.145729
2025-09-30,22.274463,9.079357,7.495466,7.179577
2025-10-01,22.448687,9.150373,7.554094,7.235734
2025-10-02,22.613365,9.217498,7.609508,7.288813
2025-10-03,22.544153,9.189286,7.586218,7.266504
2025-10-06,22.737470,9.268085,7.651270,7.328815
2025-10-07,22.529833,9.183449,7.581399,7.261889
2025-10-08,22.911695,9.339101,7.709898,7.384972
2025-10-09,22.899761,9.334237,7.705882,7.381125
2025-10-10,21.966587,8.953863,7.391864,7.080341
2025-10-13,22.539379,9.187341,7.584612,7.264966
2025-10-14,22.250597,9.069629,7.487435,7.171884
2025-10-15,22.458234,9.154265,7.557306,7.238811
2025-10-16,22.384248,9.124107,7.532409,7.214963
2025-10-17,22.439141,9.146482,7.550881,7.232656
2025-10-20,22.737470,9.268085,7.651270,7.328815
2025-10-21,22.715990,9.259329,7.644042,7.321892
2025-10-22,22.446301,9.149400,7.553290,7.234964
2025-10-23,22.739857,9.269058,7.652073,7.329584
2025-10-24,23.095465,9.414008,7.771738,7.444205
2025-10-27,23.508353,9.582307,7.910676,7.577289
2025-10-28,23.751790,9.681535,7.992594,7.655754
2025-10-29,23.911695,9.746714,8.046403,7.707295
2025-10-30,23.596659,9.618301,7.940392,7.605751
2025-10-31,23.663484,9.645540,7.962879,7.627291
2025-11-03,23.744630,9.678616,7.990185,7.653446
2025-11-04,23.105012,9.417900,7.774950,7.447282
2025-11-05,23.200477,9.456812,7.807075,7.478053
2025-11-06,22.744630,9.271003,7.653680,7.331123
2025-11-07,22.713604,9.258357,7.643239,7.321122
2025-11-10,23.281623,9.489888,7.834380,7.504208
2025-11-11,23.069212,9.403307,7.762903,7.435743
2025-11-12,23.095465,9.414008,7.771738,7.444205
2025-11-13,22.446301,9.149400,7.553290,7.234964
2025-11-14,22.560859,9.196096,7.591840,7.271889
2025-11-17,22.186158,9.043363,7.465751,7.151114
2025-11-18,21.854415,8.908140,7.354118,7.044186
2025-11-19,22.004773,8.969428,7.404714,7.092650
2025-11-20,21.350835,8.702875,7.184661,6.881870
2025-11-21,21.446301,8.741788,7.216786,6.912641
2025-11-24,21.985680,8.961646,7.398289,7.086496
2025-11-25,22.052506,8.988885,7.420777,7.108035
2025-11-26,22.284010,9.083248,7.498679,7.182654
2025-11-28,22.441527,9.147455,7.551684,7.233426
2025-12-01,22.431981,9.143563,7.548472,7.230349
2025-12-02,22.663484,9.237927,7.626374,7.304968
2025-12-03,22.706444,9.255438,7.640830,7.318814
2025-12-04,22.811456,9.298242,7.676167,7.352662
2025-12-05,22.911695,9.339101,7.709898,7.384972
2025-12-08,23.109785,9.419845,7.776556,7.448821
2025-12-09,23.162291,9.441247,7.794225,7.465745
2025-12-10,23.243437,9.474323,7.821531,7.491900
2025-12-11,23.159905,9.440275,7.793422,7.464975
2025-12-12,22.491647,9.167884,7.568550,7.249580
2025-12-15,22.241050,9.065738,7.484223,7.168807
2025-12-16,22.274463,9.079357,7.495466,7.179577
2025-12-17,21.789976,8.881874,7.332434,7.023416
2025-12-18,22.095465,9.006395,7.435233,7.121882
2025-12-19,22.539379,9.187341,7.584612,7.264966
2025-12-22,22.696897,9.251547,7.637617,7.315737
2025-12-23,22.823389,9.303106,7.680182,7.356509
2025-12-24,22.861575,9.318672,7.693032,7.368817
2025-12-26,22.887828,9.329373,7.701867,7.377279
2025-12-29,22.766110,9.279759,7.660908,7.338046
2025-12-30,22.699284,9.252520,7.638421,7.316507
2025-12-31,22.486874,9.165938,7.566943,7.248042
2026-01-02,22.553699,9.193177,7.589431,7.269581
2026-01-05,22.596659,9.210688,7.603887,7.283428
2026-01-06,22.866348,9.320617,7.694639,7.370355
2026-01-07,22.854415,9.315753,7.690623,7.366509
2026-01-08,22.517900,9.178585,7.577384,7.258042
2026-01-09,22.732697,9.266139,7.649664,7.327276
2026-01-12,22.837709,9.308943,7.685001,7.361124
2026-01-13,22.804296,9.295324,7.673758,7.350354
2026-01-14,22.532220,9.184422,7.582203,7.262658
2026-01-15,22.653938,9.234036,7.623161,7.301891
2026-01-16,22.642005,9.229172,7.619146,7.298044
2026-01-20,22.038186,8.983048,7.415958,7.103419
2026-01-21,22.334129,9.103678,7.515544,7.198809
2026-01-22,22.501193,9.171775,7.571762,7.252657
2026-01-23,22.522673,9.180531,7.578990,7.259581
2026-01-26,22.684964,9.246683,7.633602,7.311891
2026-01-27,22.968974,9.362449,7.729172,7.403434
2026-01-28,23.126492,9.426655,7.782178,7.454206
2026-01-29,22.696897,9.251547,7.637617,7.315737
2026-01-30,22.312649,9.094922,7.508316,7.191885
2026-02-02,22.465394,9.157183,7.559715,7.241118
2026-02-03,21.971360,8.955809,7.393471,7.081880
2026-02-04,21.532220,8.776809,7.245698,6.940335
2026-02-05,21.138425,8.616293,7.113184,6.813406
2026-02-06,22.062053,8.992776,7.423989,7.111112
2026-02-09,22.417661,9.137727,7.543653,7.225733
2026-02-10,22.322196,9.098814,7.511528,7.194962
2026-02-11,22.338902,9.105623,7.517150,7.200347
2026-02-12,21.766110,8.872146,7.324403,7.015723
2026-02-13,21.801909,8.886738,7.336450,7.027262
2026-02-17,21.811456,8.890629,7.339662,7.030339
2026-02-18,22.011933,8.972347,7.407124,7.094958
2026-02-19,21.916468,8.933434,7.374999,7.064187
2026-02-20,22.004773,8.969428,7.404714,7.092650
2026-02-23,21.684964,8.839070,7.297097,6.989568
2026-02-24,21.995227,8.965537,7.401502,7.089573
2026-02-25,22.412888,9.135781,7.542047,7.224195
2026-02-26,22.081146,9.000559,7.430414,7.117266
2026-02-27,21.680191,8.837124,7.295491,6.988029
2026-03-02,21.894988,8.924678,7.367771,7.057263
2026-03-03,21.589499,8.800157,7.264972,6.958797
2026-03-04,21.871122,8.914950,7.359740,7.049571
2026-03-05,21.875895,8.916896,7.361346,7.051109
2026-03-06,21.451074,8.743733,7.218392,6.914180
2026-03-09,21.832936,8.899385,7.346890,7.037262
2026-03-10,21.837709,8.901331,7.348496,7.038801
2026-03-11,21.928401,8.938298,7.379015,7.068033
2026-03-12,21.498807,8.763190,7.234454,6.929565
2026-03-13,21.315036,8.688282,7.172614,6.870331
2026-03-16,21.627685,8.815722,7.277822,6.971105
2026-03-17,21.699284,8.844907,7.301916,6.994183
2026-03-18,21.474940,8.753461,7.226423,6.991774
2026-03-19,21.532220,8.776809,7.245698,6.992863
2026-03-20,21.035800,8.574462,7.078650,6.993951
2026-03-23,21.372315,8.711630,7.191889,6.995040
2026-03-24,21.238663,8.657152,7.146915,6.996129
2026-03-25,21.374702,8.712603,7.192692,6.997218
2026-03-26,20.763723,8.463560,6.987095,6.998307
2026-03-27,20.317422,8.281642,6.836912,6.999396
2026-03-30,19.949881,8.131828,6.834558,7.000485
2026-03-31,20.816229,8.484962,6.835621,7.001575
2026-04-01,21.081146,8.592946,6.919153,7.002665
2026-04-02,21.260143,8.665907,6.977903,7.003755
2026-04-06,21.367542,8.709684,7.013153,7.004845
2026-04-07,21.434368,8.736923,7.035086,7.005935
2026-04-08,22.050119,8.733914,7.237185,7.007026
2026-04-09,22.081146,8.735274,7.247368,7.008116
2026-04-10,22.174224,8.736633,7.277918,7.009207
2026-04-13,22.620525,8.737993,7.424401,7.010298
2026-04-14,22.971360,8.739353,7.539551,7.011389
2026-04-15,23.389021,8.740714,7.676633,7.012481
2026-04-16,23.625298,8.742074,7.754183,7.013572
2026-04-17,24.033413,8.743435,7.888132,7.014664
2026-04-20,24.138425,8.744796,7.922599,7.015756
2026-04-21,24.109785,8.746157,7.913199,7.016848
2026-04-22,24.589499,8.747518,8.070648,7.017940
2026-04-23,24.241050,8.619248,7.956282,7.019032
2026-04-24,24.859189,8.839036,8.159164,7.020125
2026-04-27,24.897375,8.852614,8.171698,7.021217
2026-04-28,24.503580,8.712595,8.042448,7.022310
2026-04-29,24.613365,8.751630,8.078481,7.023403
2026-04-30,24.625298,8.755873,8.082398,7.024496
2026-05-01,25.023866,8.897590,8.213214,7.025590
2026-05-04,25.047733,8.906076,8.221048,7.026683
2026-05-05,25.491647,9.063916,8.366747,7.027777
2026-05-06,26.147971,9.297281,8.582163,7.028871
2026-05-07,26.133652,9.292190,8.577463,7.029965
2026-05-08,26.835322,9.541679,8.807762,7.215105
2026-05-11,27.140811,9.650300,8.908028,7.297241
2026-05-12,26.801909,9.529798,8.796795,7.206122
2026-05-13,27.076372,9.627387,8.886878,7.279915
2026-05-14,27.491647,9.775044,9.023177,7.391569
2026-05-15,27.042959,9.615507,8.875911,7.270932
2026-05-18,26.761337,9.515372,8.783478,7.195213
2026-05-19,26.615752,9.463607,8.735695,7.156070
2026-05-20,27.167064,9.659634,8.916645,7.304299
2026-05-21,27.324582,9.715642,8.968344,7.346651
2026-05-22,27.625298,9.822566,9.067044,7.427503
2026-05-26,28.174224,10.017744,9.247210,7.575090
2026-05-27,28.014320,9.960888,9.194727,7.532098
2026-05-28,28.389021,10.094118,9.317709,7.632842
2026-05-29,28.892601,10.273173,9.482992,7.768238
