date,bh,fixed_50_200,wf_anchored_calmar,wf_rolling5y_calmar
2006-07-20,0.975744,1.000156,1.000156,1.000156
2006-07-21,0.935502,1.000311,1.000311,1.000311
2006-07-24,0.963065,1.000467,1.000467,1.000467
2006-07-25,0.979603,1.000623,1.000623,1.000623
2006-07-26,0.982359,1.000778,1.000778,1.000778
2006-07-27,0.986770,1.000934,1.000934,1.000934
2006-07-28,1.015987,1.001090,1.001090,1.001090
2006-07-31,1.019294,1.001246,1.001246,1.001246
2006-08-01,0.998346,1.001402,1.001402,1.001402
2006-08-02,1.009372,1.001558,1.001558,1.001558
2006-08-03,1.025910,1.001713,1.001713,1.001713
2006-08-04,1.017089,1.001869,1.001869,1.001869
2006-08-07,1.011577,1.002025,1.002025,1.002025
2006-08-08,1.006064,1.002181,1.002181,1.002181
2006-08-09,1.010474,1.002337,1.002337,1.002337
2006-08-10,1.023153,1.002493,1.002493,1.002493
2006-08-11,0.996692,1.002649,1.002649,1.002649
2006-08-14,1.010474,1.002805,1.002805,1.002805
2006-08-15,1.047960,1.002961,1.002961,1.002961
2006-08-16,1.082139,1.003118,1.003118,1.003118
2006-08-17,1.084344,1.003274,1.003274,1.003274
2006-08-18,1.084895,1.003430,1.003430,1.003430
2006-08-21,1.067255,1.003586,1.003586,1.003586
2006-08-22,1.065050,1.003742,1.003742,1.003742
2006-08-23,1.057883,1.003899,1.003899,1.003899
2006-08-24,1.065050,1.004055,1.004055,1.004055
2006-08-25,1.065601,1.004211,1.004211,1.004211
2006-08-28,1.081036,1.004367,1.004367,1.004367
2006-08-29,1.100882,1.004524,1.004524,1.004524
2006-08-30,1.122381,1.004680,1.004680,1.004680
2006-08-31,1.110805,1.004836,1.004836,1.004836
2006-09-01,1.100882,1.004993,1.004993,1.004993
2006-09-05,1.114112,1.005149,1.005149,1.005149
2006-09-06,1.078280,1.005306,1.005306,1.005306
2006-09-07,1.074421,1.005462,1.005462,1.005462
2006-09-08,1.084895,1.005619,1.005619,1.005619
2006-09-11,1.104190,1.005775,1.005775,1.005775
2006-09-12,1.141676,1.005932,1.005932,1.005932
2006-09-13,1.136163,1.006088,1.006088,1.006088
2006-09-14,1.140022,1.006245,1.006245,1.006245
2006-09-15,1.138368,1.006402,1.006402,1.006402
2006-09-18,1.152701,1.006558,1.006558,1.006558
2006-09-19,1.133958,1.006715,1.006715,1.006715
2006-09-20,1.142778,1.006872,1.006872,1.006872
2006-09-21,1.120728,1.007028,1.007028,1.007028
2006-09-22,1.107497,1.007185,1.007185,1.007185
2006-09-25,1.134509,1.007342,1.007342,1.007342
2006-09-26,1.133958,1.007499,1.007499,1.007499
2006-09-27,1.129548,1.007655,1.007655,1.007655
2006-09-28,1.141676,1.007812,1.007812,1.007812
2006-09-29,1.129548,1.007969,1.007969,1.007969
2006-10-02,1.119074,1.008126,1.008126,1.008126
2006-10-03,1.112459,1.008283,1.001666,1.001666
2006-10-04,1.136714,1.008440,1.023506,1.023506
2006-10-05,1.133958,1.008597,1.021024,1.021024
2006-10-06,1.125138,1.008754,1.013082,1.013082
2006-10-09,1.136163,1.008911,1.023009,1.023009
2006-10-10,1.132856,1.009068,1.020031,1.020031
2006-10-11,1.144432,1.009225,1.030455,1.030455
2006-10-12,1.158214,1.009382,1.042864,1.042864
2006-10-13,1.174201,1.009539,1.057258,1.057258
2006-10-16,1.181918,1.009696,1.064208,1.064208
2006-10-17,1.152150,1.009853,1.037404,1.037404
2006-10-18,1.122933,1.010011,1.011096,1.011096
2006-10-19,1.117420,1.010168,1.006133,1.006133
2006-10-20,1.104190,1.010325,0.994220,0.994220
2006-10-23,1.105292,1.010482,0.995213,0.995213
2006-10-24,1.095369,1.010640,0.986278,0.986278
2006-10-25,1.116869,1.010797,1.005636,1.005636
2006-10-26,1.128445,1.010954,1.016060,1.016060
2006-10-27,1.103087,1.011112,0.993227,0.993227
2006-10-30,1.112459,1.011269,1.001666,1.001666
2006-10-31,1.118523,1.011426,1.007126,1.007126
2006-11-01,1.099228,1.011584,0.989753,0.989753
2006-11-02,1.093164,1.011741,0.984293,0.984293
2006-11-03,1.098126,1.011899,0.988760,0.988760
2006-11-06,1.115766,1.012056,1.004644,1.004644
2006-11-07,1.123484,1.012214,1.011593,1.011593
2006-11-08,1.122381,1.012371,1.010600,1.010600
2006-11-09,1.102536,1.012529,0.992731,0.992731
2006-11-10,1.111907,1.012686,1.001169,1.001169
2006-11-13,1.130650,1.012844,1.018046,1.018046
2006-11-14,1.160970,1.013002,1.045346,1.045346
2006-11-15,1.170342,1.013159,1.053784,1.053784
2006-11-16,1.173649,1.013317,1.056762,1.056762
2006-11-17,1.167034,1.007102,1.050806,1.050806
2006-11-20,1.182470,1.020422,1.064704,1.064704
2006-11-21,1.161521,1.002345,1.045842,1.045842
2006-11-22,1.178060,1.016616,1.060733,1.060733
2006-11-24,1.174201,1.013286,1.057258,1.057258
2006-11-27,1.143881,0.987121,1.029958,1.029958
2006-11-28,1.145535,0.988549,1.031447,1.031447
2006-11-29,1.144432,0.987597,1.030455,1.030455
2006-11-30,1.155458,0.997112,1.040382,1.040382
2006-12-01,1.138920,0.982840,1.025491,1.025491
2006-12-04,1.160419,1.001393,1.044849,1.044849
2006-12-05,1.164278,1.004723,1.048324,1.048324
2006-12-06,1.169239,1.009005,1.052791,1.052791
2006-12-07,1.152701,0.994733,1.037900,1.037900
2006-12-08,1.147189,0.989976,1.032937,1.032937
2006-12-11,1.144432,0.987597,1.030455,1.030455
2006-12-12,1.137817,0.981889,1.024498,1.024498
2006-12-13,1.128997,0.974277,1.016557,1.016557
2006-12-14,1.146086,0.989024,1.031944,1.031944
2006-12-15,1.146086,0.989024,1.031944,1.031944
2006-12-18,1.142778,0.986170,1.028966,1.028966
2006-12-19,1.130099,0.975228,1.017549,1.017549
2006-12-20,1.135061,0.979510,1.022017,1.022017
2006-12-21,1.119074,0.965714,1.007622,1.007622
2006-12-22,1.112459,0.960005,1.001666,1.001666
2006-12-26,1.120728,0.967141,1.009111,1.009111
2006-12-27,1.127343,0.972850,1.015067,1.015067
2006-12-28,1.127343,0.972850,1.015067,1.015067
2006-12-29,1.121279,0.967617,1.009607,1.009607
2007-01-03,1.117971,0.964763,1.006629,1.006629
2007-01-04,1.139471,0.983316,1.025987,1.025987
2007-01-05,1.117971,0.964763,1.006629,1.006629
2007-01-08,1.122381,0.968568,1.010600,1.010600
2007-01-09,1.126240,0.971898,1.014075,1.014075
2007-01-10,1.145535,0.988549,1.031447,1.031447
2007-01-11,1.149394,0.991879,1.034922,1.034922
2007-01-12,1.152150,0.994257,1.037404,1.037404
2007-01-16,1.142778,0.986170,1.028966,1.028966
2007-01-17,1.134509,0.979034,1.021520,1.021520
2007-01-18,1.093164,0.943355,0.984293,0.984293
2007-01-19,1.103638,0.952394,0.993724,0.993724
2007-01-22,1.091510,0.941928,0.982804,0.982804
2007-01-23,1.090408,0.940977,0.981811,0.981811
2007-01-24,1.107497,0.955724,0.997198,0.997198
2007-01-25,1.102536,0.951442,0.992731,0.992731
2007-01-26,1.117420,0.964287,1.006133,1.006133
2007-01-29,1.111356,0.959054,1.000673,1.000673
2007-01-30,1.116318,0.963335,1.005140,1.005140
2007-01-31,1.117420,0.964287,1.006133,1.006133
2007-02-01,1.126792,0.972374,1.014571,1.014571
2007-02-02,1.133958,0.978559,1.021024,1.021024
2007-02-05,1.138368,0.982364,1.024995,1.024995
2007-02-06,1.133958,0.978559,1.021024,1.021024
2007-02-07,1.149394,0.991879,1.034922,1.034922
2007-02-08,1.144983,0.988073,1.034566,1.034566
2007-02-09,1.127894,0.973326,1.034727,1.034727
2007-02-12,1.114664,0.961908,1.034888,1.034888
2007-02-13,1.120728,0.967141,1.035049,1.035049
2007-02-14,1.142778,0.986170,1.035210,1.035210
2007-02-15,1.148842,0.991403,1.035371,1.035371
2007-02-16,1.148291,0.990927,1.035532,1.035532
2007-02-20,1.148291,0.990927,1.035693,1.035693
2007-02-21,1.147189,0.989976,1.035855,1.035855
2007-02-22,1.171444,1.010908,1.036016,1.036016
2007-02-23,1.178060,1.016616,1.036177,1.036177
2007-02-26,1.176406,1.015189,1.036338,1.036338
2007-02-27,1.134509,0.979034,1.036500,1.036500
2007-02-28,1.137266,0.981413,1.036661,1.036661
2007-03-01,1.128997,0.974277,1.036822,1.036822
2007-03-02,1.106395,0.954772,1.036984,1.036984
2007-03-05,1.094267,0.944307,1.037145,1.037145
2007-03-06,1.120728,0.967141,1.037307,1.037307
2007-03-07,1.115766,0.962860,1.037468,1.037468
2007-03-08,1.127343,0.972850,1.037629,1.037629
2007-03-09,1.133958,0.978559,1.037791,1.037791
2007-03-12,1.143330,0.986646,1.037952,1.037952
2007-03-13,1.119625,0.966190,1.038114,1.038114
2007-03-14,1.126792,0.972374,1.038276,1.038276
2007-03-15,1.126240,0.971898,1.038437,1.038437
2007-03-16,1.118523,0.965238,1.038599,1.038599
2007-03-19,1.113010,0.960481,1.038761,1.038761
2007-03-20,1.124035,0.969996,1.038922,1.038922
2007-03-21,1.144432,0.987597,1.039084,1.039084
2007-03-22,1.128445,0.973801,1.039246,1.039246
2007-03-23,1.135612,0.979986,1.039407,1.039407
2007-03-26,1.133407,0.978083,1.039569,1.039569
2007-03-27,1.128997,0.974277,1.039731,1.039731
2007-03-28,1.115215,0.962384,1.039893,1.039893
2007-03-29,1.104741,0.953345,1.040055,1.040055
2007-03-30,1.108049,0.956200,1.040217,1.040217
2007-04-02,1.106395,0.954772,1.040378,1.040378
2007-04-03,1.114112,0.961433,1.040540,1.040540
2007-04-04,1.123484,0.969520,1.040702,1.040702
2007-04-05,1.132304,0.977131,1.040864,1.040864
2007-04-09,1.130099,0.975228,1.041026,1.041026
2007-04-10,1.139471,0.983316,1.041188,1.041188
2007-04-11,1.127894,0.973326,1.041350,1.041350
2007-04-12,1.139471,0.983316,1.041513,1.041513
2007-04-13,1.137266,0.981413,1.041675,1.041675
2007-04-16,1.145535,0.988549,1.041837,1.041837
2007-04-17,1.144432,0.987597,1.041999,1.041999
2007-04-18,1.168137,1.008053,1.042161,1.042161
2007-04-19,1.175303,1.014238,1.042323,1.042323
2007-04-20,1.179713,1.018043,1.045711,1.045711
2007-04-23,1.170893,1.010432,1.037893,1.037893
2007-04-24,1.199559,1.035169,1.063303,1.063303
2007-04-25,1.211136,1.045159,1.073564,1.073564
2007-04-26,1.210584,1.044684,1.073076,1.073076
2007-04-27,1.192393,1.028985,1.056950,1.056950
2007-04-30,1.175303,1.014238,1.041802,1.041802
2007-05-01,1.178611,1.017092,1.044734,1.044734
2007-05-02,1.187982,1.025179,1.053041,1.053041
2007-05-03,1.195149,1.031364,1.059394,1.059394
2007-05-04,1.206174,1.040878,1.069167,1.069167
2007-05-07,1.201213,1.036597,1.064769,1.064769
2007-05-08,1.198456,1.034218,1.062326,1.062326
2007-05-09,1.220507,1.053247,1.081872,1.081872
2007-05-10,1.197905,1.033742,1.061837,1.061837
2007-05-11,1.214443,1.048014,1.076496,1.076496
2007-05-14,1.212789,1.046587,1.075030,1.075030
2007-05-15,1.196803,1.032791,1.060860,1.060860
2007-05-16,1.196803,1.032791,1.060860,1.060860
2007-05-17,1.191290,1.028034,1.055973,1.055973
2007-05-18,1.193495,1.029936,1.057928,1.057928
2007-05-21,1.194598,1.030888,1.058905,1.058905
2007-05-22,1.200110,1.035645,1.063791,1.063791
2007-05-23,1.182470,1.020422,1.048155,1.048155
2007-05-24,1.162073,1.002820,1.030075,1.030075
2007-05-25,1.168137,1.008053,1.035450,1.035450
2007-05-29,1.175303,1.014238,1.041802,1.041802
2007-05-30,1.167585,1.007578,1.034961,1.034961
2007-05-31,1.185226,1.022801,1.050598,1.050598
2007-06-01,1.196251,1.032315,1.060371,1.060371
2007-06-04,1.192944,1.029461,1.057439,1.057439
2007-06-05,1.187431,1.024703,1.052553,1.052553
2007-06-06,1.171996,1.011383,1.038870,1.038870
2007-06-07,1.150496,0.992830,1.019813,1.019813
2007-06-08,1.182470,1.020422,1.048155,1.048155
2007-06-11,1.178060,1.016616,1.044245,1.044245
2007-06-12,1.168688,1.008529,1.035938,1.035938
2007-06-13,1.187431,1.024703,1.052553,1.052553
2007-06-14,1.202867,1.038024,1.066235,1.066235
2007-06-15,1.223264,1.055625,1.084315,1.084315
2007-06-18,1.222712,1.055150,1.083826,1.083826
2007-06-19,1.212789,1.046587,1.075030,1.075030
2007-06-20,1.204520,1.039451,1.067701,1.067701
2007-06-21,1.240353,1.070373,1.099463,1.099463
2007-06-22,1.225469,1.057528,1.086269,1.086269
2007-06-25,1.210033,1.044208,1.072587,1.072587
2007-06-26,1.203969,1.038975,1.067212,1.067212
2007-06-27,1.230981,1.062285,1.091156,1.091156
2007-06-28,1.219405,1.052295,1.080894,1.080894
2007-06-29,1.209482,1.043732,1.072099,1.072099
2007-07-02,1.225469,1.057528,1.086269,1.086269
2007-07-03,1.228776,1.060383,1.089201,1.089201
2007-07-05,1.236494,1.067043,1.096042,1.096042
2007-07-06,1.246968,1.076081,1.105327,1.105327
2007-07-09,1.255788,1.083693,1.113145,1.113145
2007-07-10,1.245865,1.075130,1.104349,1.104349
2007-07-11,1.244763,1.074178,1.103372,1.103372
2007-07-12,1.277839,1.102722,1.132691,1.132691
2007-07-13,1.275634,1.100819,1.130737,1.130737
2007-07-16,1.282800,1.107003,1.137089,1.137089
2007-07-17,1.302646,1.124129,1.154680,1.154680
2007-07-18,1.279493,1.104149,1.134157,1.134157
2007-07-19,1.288313,1.111760,1.141975,1.141975
2007-07-20,1.272878,1.098440,1.128293,1.128293
2007-07-23,1.272878,1.098440,1.128293,1.128293
2007-07-24,1.246968,1.076081,1.105327,1.105327
2007-07-25,1.249724,1.078460,1.107770,1.107770
2007-07-26,1.228225,1.059907,1.088713,1.088713
2007-07-27,1.208379,1.042781,1.071121,1.071121
2007-07-30,1.229879,1.061334,1.090179,1.090179
2007-07-31,1.210033,1.044208,1.072587,1.072587
2007-08-01,1.216648,1.049917,1.078451,1.078451
2007-08-02,1.217200,1.050392,1.078940,1.078940
2007-08-03,1.181367,1.019471,1.047177,1.047177
2007-08-06,1.196803,1.032791,1.060860,1.060860
2007-08-07,1.195700,1.031839,1.059882,1.059882
2007-08-08,1.222712,1.055150,1.083826,1.083826
2007-08-09,1.213892,1.047538,1.076008,1.076008
2007-08-10,1.206725,1.041354,1.069655,1.069655
2007-08-13,1.202867,1.038024,1.066235,1.066235
2007-08-14,1.187431,1.024703,1.052553,1.052553
2007-08-15,1.154906,0.996636,1.023722,1.023722
2007-08-16,1.153804,0.995684,1.022745,1.022745
2007-08-17,1.173649,1.012810,1.040336,1.040336
2007-08-20,1.187431,1.024703,1.052553,1.052553
2007-08-21,1.196803,1.032791,1.060860,1.060860
2007-08-22,1.205072,1.039927,1.068189,1.068189
2007-08-23,1.194046,1.030412,1.058416,1.058416
2007-08-24,1.211136,1.045159,1.073564,1.073564
2007-08-27,1.200662,1.036121,1.064280,1.064280
2007-08-28,1.169239,1.009005,1.036427,1.036427
2007-08-29,1.202867,1.038024,1.066235,1.066235
2007-08-30,1.204520,1.039451,1.067701,1.067701
2007-08-31,1.226571,1.058480,1.087247,1.087247
2007-09-04,1.248071,1.077033,1.106304,1.106304
2007-09-05,1.235391,1.066091,1.095065,1.095065
2007-09-06,1.245865,1.075130,1.104349,1.104349
2007-09-07,1.213892,1.047538,1.076008,1.076008
2007-09-10,1.216648,1.049917,1.078451,1.078451
2007-09-11,1.231533,1.062761,1.091645,1.091645
2007-09-12,1.212789,1.046587,1.075030,1.075030
2007-09-13,1.208379,1.042781,1.071121,1.071121
2007-09-14,1.200662,1.036121,1.064280,1.064280
2007-09-17,1.196803,1.032791,1.060860,1.060860
2007-09-18,1.232635,1.063713,1.092622,1.092622
2007-09-19,1.238148,1.068470,1.097508,1.097508
2007-09-20,1.238699,1.068946,1.097997,1.097997
2007-09-21,1.244212,1.073703,1.102883,1.102883
2007-09-24,1.240904,1.070848,1.099952,1.099952
2007-09-25,1.248071,1.077033,1.106304,1.106304
2007-09-26,1.242007,1.071800,1.100929,1.100929
2007-09-27,1.246417,1.075606,1.104838,1.104838
2007-09-28,1.239802,1.069897,1.098974,1.098974
2007-10-01,1.265711,1.092256,1.121941,1.121941
2007-10-02,1.268467,1.094634,1.124384,1.124384
2007-10-03,1.240904,1.070848,1.099952,1.099952
2007-10-04,1.238699,1.068946,1.099573,1.099573
2007-10-05,1.259647,1.087023,1.099744,1.099744
2007-10-08,1.261301,1.088450,1.099915,1.099915
2007-10-09,1.251929,1.080363,1.100086,1.100086
2007-10-10,1.249173,1.077984,1.100257,1.100257
2007-10-11,1.222161,1.054674,1.100429,1.100429
2007-10-12,1.237045,1.067518,1.100600,1.100600
2007-10-15,1.237045,1.067518,1.100771,1.100771
2007-10-16,1.235391,1.066091,1.098750,1.098750
2007-10-17,1.257993,1.085596,1.118852,1.118852
2007-10-18,1.258545,1.086072,1.119342,1.119342
2007-10-19,1.221610,1.054198,1.086493,1.086493
2007-10-22,1.232635,1.063713,1.096299,1.096299
2007-10-23,1.235391,1.066091,1.098750,1.098750
2007-10-24,1.197354,1.033266,1.064920,1.064920
2007-10-25,1.157663,0.999015,1.029619,1.029619
2007-10-26,1.161521,1.002345,1.033051,1.033051
2007-10-29,1.172547,1.011859,1.042856,1.042856
2007-10-30,1.176957,1.015665,1.046779,1.046779
2007-10-31,1.187982,1.025179,1.056585,1.056585
2007-11-01,1.168137,1.008053,1.038934,1.038934
2007-11-02,1.176406,1.015189,1.038576,1.038576
2007-11-05,1.170893,1.010432,1.038738,1.038738
2007-11-06,1.187431,1.024703,1.038900,1.038900
2007-11-07,1.156009,0.997587,1.039061,1.039061
2007-11-08,1.139471,0.983316,1.039223,1.039223
2007-11-09,1.129548,0.974753,1.039385,1.039385
2007-11-12,1.100331,0.949540,1.039547,1.039547
2007-11-13,1.125138,0.970947,1.039708,1.039708
2007-11-14,1.116869,0.963811,1.039870,1.039870
2007-11-15,1.110254,0.958103,1.040032,1.040032
2007-11-16,1.102536,0.951442,1.040194,1.040194
2007-11-19,1.082690,0.934316,1.040356,1.040356
2007-11-20,1.069460,0.922899,1.040518,1.040518
2007-11-21,1.047960,0.904346,1.040680,1.040680
2007-11-23,1.063396,0.917666,1.040842,1.040842
2007-11-26,1.036384,0.894356,1.041004,1.041004
2007-11-27,1.058434,0.913385,1.041166,1.041166
2007-11-28,1.103087,0.951918,1.041328,1.041328
2007-11-29,1.102536,0.951590,1.041490,1.041490
2007-11-30,1.086549,0.951738,1.041652,1.041652
2007-12-03,1.085447,0.951887,1.041814,1.041814
2007-12-04,1.077178,0.952035,1.041976,1.041976
2007-12-05,1.108049,0.952183,1.042138,1.042138
2007-12-06,1.126792,0.952331,1.042301,1.042301
2007-12-07,1.125138,0.952479,1.042463,1.042463
2007-12-10,1.134509,0.952628,1.042625,1.042625
2007-12-11,1.112459,0.952776,1.042787,1.042787
2007-12-12,1.126240,0.952924,1.042950,1.042950
2007-12-13,1.115766,0.953072,1.043112,1.043112
2007-12-14,1.103638,0.953221,1.043274,1.043274
2007-12-17,1.079383,0.953369,1.043437,1.043437
2007-12-18,1.084344,0.953518,1.043599,1.043599
2007-12-19,1.087100,0.953666,1.043762,1.043762
2007-12-20,1.101433,0.953814,1.043924,1.043924
2007-12-21,1.115766,0.953963,1.044087,1.044087
2007-12-24,1.127343,0.954111,1.044249,1.044249
2007-12-26,1.129548,0.954260,1.044412,1.044412
2007-12-27,1.104741,0.954408,1.044574,1.044574
2007-12-28,1.100882,0.954557,1.044737,1.044737
2007-12-31,1.091510,0.954706,1.044899,1.044899
2008-01-02,1.062293,0.954854,1.045062,1.045062
2008-01-03,1.049614,0.955003,1.045225,1.045225
2008-01-04,0.999449,0.955151,1.045387,1.045387
2008-01-07,0.975193,0.955300,1.045550,1.045550
2008-01-08,0.952591,0.955449,1.045713,1.045713
2008-01-09,0.958655,0.955597,1.045876,1.045876
2008-01-10,0.962514,0.955746,1.046038,1.046038
2008-01-11,0.932194,0.955895,1.046201,1.046201
2008-01-14,0.960860,0.956044,1.046364,1.046364
2008-01-15,0.924476,0.956193,1.046527,1.046527
2008-01-16,0.912900,0.956341,1.046690,1.046690
2008-01-17,0.895810,0.956490,1.046853,1.046853
2008-01-18,0.919515,0.956639,1.047016,1.047016
2008-01-22,0.902426,0.956788,1.047179,1.047179
2008-01-23,0.923374,0.956937,1.047342,1.047342
2008-01-24,0.949835,0.957086,1.047505,1.047505
2008-01-25,0.930540,0.957235,1.047668,1.047668
2008-01-28,0.942668,0.957384,1.047831,1.047831
2008-01-29,0.944322,0.957533,1.047994,1.047994
2008-01-30,0.943771,0.957682,1.048157,1.048157
2008-01-31,0.941014,0.957831,1.048320,1.048320
2008-02-01,0.991180,0.957980,1.048483,1.048483
2008-02-04,0.973539,0.958129,1.048647,1.048647
2008-02-05,0.931092,0.958278,1.048810,1.048810
2008-02-06,0.907387,0.958427,1.048973,1.048973
2008-02-07,0.916207,0.958577,1.049136,1.049136
2008-02-08,0.926681,0.958726,1.049300,1.049300
2008-02-11,0.948181,0.958875,1.049463,1.049463
2008-02-12,0.943771,0.959024,1.049626,1.049626
2008-02-13,0.978501,0.959174,1.049790,1.049790
2008-02-14,0.945424,0.959323,1.049953,1.049953
2008-02-15,0.928335,0.959472,1.050116,1.050116
2008-02-19,0.921169,0.959622,1.050280,1.050280
2008-02-20,0.939361,0.959771,1.050443,1.050443
2008-02-21,0.936604,0.959920,1.050607,1.050607
2008-02-22,0.939912,0.960070,1.050770,1.050770
2008-02-25,0.948732,0.960219,1.050934,1.050934
2008-02-26,0.964168,0.960369,1.051098,1.051098
2008-02-27,0.972437,0.960518,1.051261,1.051261
2008-02-28,0.949835,0.960668,1.051425,1.051425
2008-02-29,0.922271,0.960817,1.051588,1.051588
2008-03-03,0.916759,0.960967,1.051752,1.051752
2008-03-04,0.921720,0.961116,1.051916,1.051916
2008-03-05,0.931092,0.961266,1.052080,1.052080
2008-03-06,0.904079,0.961415,1.052243,1.052243
2008-03-07,0.905182,0.961565,1.052407,1.052407
2008-03-10,0.890849,0.961715,1.052571,1.052571
2008-03-11,0.922271,0.961864,1.052735,1.052735
2008-03-12,0.915656,0.962014,1.052899,1.052899
2008-03-13,0.931643,0.962164,1.053062,1.053062
2008-03-14,0.905182,0.962314,1.053226,1.053226
2008-03-17,0.901323,0.962463,1.053390,1.053390
2008-03-18,0.937707,0.962613,1.053554,1.053554
2008-03-19,0.899118,0.962763,1.053718,1.053718
2008-03-20,0.916759,0.962913,1.053882,1.053882
2008-03-24,0.945976,0.963063,1.054046,1.054046
2008-03-25,0.948732,0.963213,1.054210,1.054210
2008-03-26,0.938258,0.963363,1.054374,1.054374
2008-03-27,0.914002,0.963513,1.054539,1.054539
2008-03-28,0.900772,0.963663,1.054703,1.054703
2008-03-31,0.910695,0.963813,1.054867,1.054867
2008-04-01,0.948732,0.963963,1.055031,1.055031
2008-04-02,0.955347,0.964113,1.055195,1.055195
2008-04-03,0.969129,0.964263,1.055360,1.055360
2008-04-04,0.970232,0.964413,1.055524,1.055524
2008-04-07,0.963065,0.964563,1.055688,1.055688
2008-04-08,0.942668,0.964713,1.055852,1.055852
2008-04-09,0.952040,0.964863,1.056017,1.056017
2008-04-10,0.974642,0.965013,1.056181,1.056181
2008-04-11,0.938809,0.965164,1.056346,1.056346
2008-04-14,0.921720,0.965314,1.056510,1.056510
2008-04-15,0.924476,0.965464,1.056674,1.056674
2008-04-16,0.961963,0.965614,1.056839,1.056839
2008-04-17,0.955347,0.965765,1.057003,1.057003
2008-04-18,0.975744,0.965915,1.057168,1.057168
2008-04-21,0.986218,0.966065,1.057332,1.057332
2008-04-22,0.960309,0.966216,1.057497,1.057497
2008-04-23,0.988423,0.966366,1.057662,1.057662
2008-04-24,1.006064,0.966516,1.057826,1.057826
2008-04-25,1.002205,0.966667,1.057991,1.057991
2008-04-28,0.995039,0.966817,1.058156,1.058156
2008-04-29,1.000000,0.966968,1.058320,1.058320
2008-04-30,0.981257,0.967118,1.058485,1.058485
2008-05-01,1.017641,0.967269,1.058650,1.058650
2008-05-02,1.018192,0.967419,1.058815,1.058815
2008-05-05,1.011025,0.967570,1.058979,1.058979
2008-05-06,1.028115,0.967721,1.059144,1.059144
2008-05-07,1.015436,0.967871,1.059309,1.059309
2008-05-08,1.019846,0.968022,1.059474,1.059474
2008-05-09,1.019846,0.968173,1.059639,1.059639
2008-05-12,1.031974,0.968323,1.059804,1.059804
2008-05-13,1.036384,0.968474,1.059969,1.059969
2008-05-14,1.049614,0.968625,1.060134,1.060134
2008-05-15,1.074421,0.968775,1.060299,1.060299
2008-05-16,1.079934,0.968926,1.060464,1.060464
2008-05-19,1.074972,0.969077,1.055064,1.055064
2008-05-20,1.048512,0.969228,1.029093,1.029093
2008-05-21,1.031974,0.969379,1.012861,1.012861
2008-05-22,1.037486,0.969530,1.018272,1.018272
2008-05-23,1.029768,0.969681,1.010697,1.010697
2008-05-27,1.048512,0.969832,1.029093,1.029093
2008-05-28,1.052370,0.969982,1.032881,1.032881
2008-05-29,1.049063,0.970133,1.029634,1.029634
2008-05-30,1.064498,0.970284,1.044784,1.044784
2008-06-02,1.053473,0.970435,1.033963,1.033963
2008-06-03,1.038589,0.970587,1.019354,1.019354
2008-06-04,1.055127,0.970738,1.035586,1.035586
2008-06-05,1.068908,0.970889,1.049112,1.049112
2008-06-06,1.054024,0.971040,1.034504,1.034504
2008-06-09,1.031974,0.971191,1.012861,1.012861
2008-06-10,1.011577,0.971342,0.992842,0.992842
2008-06-11,0.979052,0.971493,0.960920,0.960920
2008-06-12,0.982911,0.971645,0.964707,0.964707
2008-06-13,1.008269,0.971796,0.989596,0.989596
2008-06-16,1.028666,0.971947,1.009615,1.009615
2008-06-17,1.014884,0.972098,0.996089,0.996089
2008-06-18,0.992282,0.972250,0.973905,0.973905
2008-06-19,1.018192,0.972401,0.999335,0.999335
2008-06-20,0.995039,0.972552,0.976610,0.976610
2008-06-23,0.979603,0.972704,0.961461,0.961461
2008-06-24,0.984564,0.972855,0.966330,0.966330
2008-06-25,1.001654,0.973006,0.983103,0.983103
2008-06-26,0.956450,0.973158,0.938736,0.938736
2008-06-27,0.950386,0.973309,0.932785,0.932785
2008-06-30,0.941014,0.973461,0.923587,0.923587
2008-07-01,0.937707,0.973612,0.920340,0.920340
2008-07-02,0.915105,0.973764,0.898157,0.898157
2008-07-03,0.888644,0.973916,0.872186,0.872186
2008-07-07,0.894157,0.974067,0.877597,0.877597
2008-07-08,0.899118,0.974219,0.882466,0.882466
2008-07-09,0.862734,0.974370,0.846756,0.846756
2008-07-10,0.875413,0.974522,0.859201,0.859201
2008-07-11,0.872657,0.974674,0.856496,0.856496
2008-07-14,0.861632,0.974825,0.845674,0.845674
2008-07-15,0.870452,0.974977,0.854331,0.854331
2008-07-16,0.898567,0.975129,0.881925,0.881925
2008-07-17,0.917861,0.975281,0.900862,0.900862
2008-07-18,0.913451,0.975432,0.896534,0.896534
2008-07-21,0.905733,0.975584,0.888959,0.888959
2008-07-22,0.877619,0.975736,0.861365,0.889097
2008-07-23,0.885888,0.975888,0.869481,0.889236
2008-07-24,0.843440,0.976040,0.827819,0.889374
2008-07-25,0.851709,0.976192,0.835935,0.889513
2008-07-28,0.837927,0.976344,0.822409,0.889651
2008-07-29,0.859427,0.976496,0.843510,0.889790
2008-07-30,0.866593,0.976648,0.843220,0.889928
2008-07-31,0.863286,0.976800,0.843351,0.890067
2008-08-01,0.855568,0.976952,0.843482,0.890205
2008-08-04,0.857222,0.977104,0.843613,0.890344
2008-08-05,0.878721,0.977256,0.843745,0.890482
2008-08-06,0.889746,0.977408,0.843876,0.890621
2008-08-07,0.898015,0.977560,0.844007,0.890759
2008-08-08,0.916759,0.977712,0.844139,0.890898
2008-08-11,0.936053,0.977865,0.844270,0.891037
2008-08-12,0.934399,0.978017,0.844402,0.891175
2008-08-13,0.938809,0.978169,0.844533,0.891314
2008-08-14,0.948732,0.978321,0.844664,0.891453
2008-08-15,0.953142,0.978473,0.844796,0.891592
2008-08-18,0.941014,0.978626,0.844927,0.891730
2008-08-19,0.923374,0.978778,0.845059,0.891869
2008-08-20,0.920617,0.978930,0.845190,0.892008
2008-08-21,0.915656,0.979083,0.845322,0.892147
2008-08-22,0.926681,0.979235,0.845454,0.892286
2008-08-25,0.912348,0.979388,0.845585,0.892425
2008-08-26,0.904631,0.979540,0.845717,0.892564
2008-08-27,0.913451,0.979693,0.845848,0.892702
2008-08-28,0.922271,0.979845,0.845980,0.892841
2008-08-29,0.901323,0.979998,0.846112,0.892980
2008-09-02,0.887541,0.980150,0.846243,0.893119
2008-09-03,0.847299,0.980303,0.846375,0.893258
2008-09-04,0.820838,0.980455,0.846507,0.893397
2008-09-05,0.831863,0.980608,0.846639,0.893536
2008-09-08,0.826902,0.980760,0.846770,0.893676
2008-09-09,0.794928,0.980913,0.846902,0.893815
2008-09-10,0.799890,0.981066,0.847034,0.893954
2008-09-11,0.799890,0.981219,0.847166,0.894093
2008-09-12,0.800992,0.981371,0.847298,0.894232
2008-09-15,0.769570,0.981524,0.847430,0.894371
2008-09-16,0.777839,0.981677,0.847562,0.894510
2008-09-17,0.751929,0.981830,0.847693,0.894650
2008-09-18,0.789416,0.981982,0.847825,0.894789
2008-09-19,0.808710,0.982135,0.847957,0.894928
2008-09-22,0.771775,0.982288,0.848089,0.895068
2008-09-23,0.760198,0.982441,0.848221,0.895207
2008-09-24,0.767916,0.982594,0.848353,0.895346
2008-09-25,0.778942,0.982747,0.848485,0.895486
2008-09-26,0.783352,0.982900,0.848617,0.895625
2008-09-29,0.716648,0.983053,0.848750,0.895764
2008-09-30,0.744763,0.983206,0.848882,0.895904
2008-10-01,0.740904,0.983359,0.849014,0.896043
2008-10-02,0.696251,0.983512,0.849146,0.896183
2008-10-03,0.687982,0.983665,0.849278,0.896322
2008-10-06,0.664829,0.983818,0.849410,0.896462
2008-10-07,0.621279,0.983971,0.849543,0.896601
2008-10-08,0.620176,0.984124,0.849675,0.896741
2008-10-09,0.609151,0.984278,0.849807,0.896880
2008-10-10,0.601433,0.984431,0.849939,0.897020
2008-10-13,0.656560,0.984584,0.850072,0.897160
2008-10-14,0.629548,0.984737,0.850204,0.897299
2008-10-15,0.571114,0.984891,0.850336,0.897439
2008-10-16,0.599228,0.985044,0.850469,0.897579
2008-10-17,0.589857,0.985197,0.850601,0.897718
2008-10-20,0.607497,0.985350,0.850733,0.897858
2008-10-21,0.578280,0.985504,0.850866,0.897998
2008-10-22,0.555127,0.985657,0.850998,0.898138
2008-10-23,0.543550,0.985811,0.851131,0.898277
2008-10-24,0.542999,0.985964,0.851263,0.898417
2008-10-27,0.541896,0.986118,0.851396,0.898557
2008-10-28,0.590408,0.986271,0.851528,0.898697
2008-10-29,0.580485,0.986425,0.851661,0.898837
2008-10-30,0.605843,0.986578,0.851793,0.898977
2008-10-31,0.613561,0.986732,0.851926,0.899117
2008-11-03,0.611907,0.986885,0.852058,0.899257
2008-11-04,0.635061,0.987039,0.852191,0.899396
2008-11-05,0.601985,0.987192,0.852324,0.899536
2008-11-06,0.556229,0.987346,0.852456,0.899676
2008-11-07,0.568357,0.987500,0.852589,0.899817
2008-11-10,0.551819,0.987654,0.852722,0.899957
2008-11-11,0.540243,0.987807,0.852854,0.900097
2008-11-12,0.513230,0.987961,0.852987,0.900237
2008-11-13,0.546858,0.988115,0.853120,0.900377
2008-11-14,0.508820,0.988269,0.853253,0.900517
2008-11-17,0.495590,0.988422,0.853386,0.900657
2008-11-18,0.484564,0.988576,0.853518,0.900797
2008-11-19,0.448181,0.988730,0.853651,0.900938
2008-11-20,0.429438,0.988884,0.853784,0.901078
2008-11-21,0.449283,0.989038,0.853917,0.901218
2008-11-24,0.476847,0.989192,0.854050,0.901358
2008-11-25,0.471885,0.989346,0.854183,0.901499
2008-11-26,0.503308,0.989500,0.854316,0.901639
2008-11-28,0.497244,0.989654,0.854449,0.901779
2008-12-01,0.459757,0.989808,0.854582,0.901920
2008-12-02,0.467475,0.989962,0.854715,0.902060
2008-12-03,0.490077,0.990116,0.854848,0.902200
2008-12-04,0.462514,0.990270,0.854981,0.902341
2008-12-05,0.479052,0.990424,0.855114,0.902481
2008-12-08,0.486770,0.990578,0.855247,0.902622
2008-12-09,0.508820,0.990733,0.855380,0.902762
2008-12-10,0.518192,0.990887,0.855513,0.902903
2008-12-11,0.506064,0.991041,0.855647,0.903043
2008-12-12,0.531422,0.991195,0.855780,0.903184
2008-12-15,0.523705,0.991350,0.855913,0.903324
2008-12-16,0.551268,0.991504,0.856046,0.903465
2008-12-17,0.556781,0.991658,0.856179,0.903606
2008-12-18,0.522602,0.991813,0.856313,0.903746
2008-12-19,0.534179,0.991967,0.856446,0.903887
2008-12-22,0.509372,0.992121,0.856579,0.904028
2008-12-23,0.494487,0.992276,0.856713,0.904168
2008-12-24,0.500000,0.992430,0.856846,0.904309
2008-12-26,0.496692,0.992585,0.856979,0.904450
2008-12-29,0.494487,0.992739,0.857113,0.904591
2008-12-30,0.516538,0.992894,0.857246,0.904731
2008-12-31,0.521499,0.993048,0.857379,0.904872
2009-01-02,0.545755,0.993203,0.857513,0.905013
2009-01-05,0.545204,0.993357,0.857646,0.905154
2009-01-06,0.574972,0.993512,0.857780,0.905295
2009-01-07,0.547960,0.993667,0.857913,0.905436
2009-01-08,0.547409,0.993821,0.858047,0.905577
2009-01-09,0.528115,0.993976,0.858181,0.905718
2009-01-12,0.511577,0.994131,0.858314,0.905859
2009-01-13,0.512679,0.994286,0.858448,0.906000
2009-01-14,0.491731,0.994440,0.858581,0.906141
2009-01-15,0.500551,0.994595,0.858715,0.906282
2009-01-16,0.521499,0.994750,0.858849,0.906423
2009-01-20,0.486218,0.994905,0.858982,0.906564
2009-01-21,0.498346,0.995060,0.859116,0.906705
2009-01-22,0.485667,0.995214,0.859250,0.906846
2009-01-23,0.506615,0.995369,0.859383,0.906987
2009-01-26,0.511025,0.995524,0.859517,0.907128
2009-01-27,0.527012,0.995679,0.859651,0.907270
2009-01-28,0.545755,0.995834,0.859785,0.907411
2009-01-29,0.518192,0.995989,0.859919,0.907552
2009-01-30,0.507718,0.996144,0.860052,0.907693
2009-02-02,0.513782,0.996299,0.860186,0.907835
2009-02-03,0.522051,0.996454,0.860320,0.907976
2009-02-04,0.528666,0.996609,0.860454,0.908117
2009-02-05,0.550165,0.996765,0.860588,0.908259
2009-02-06,0.570562,0.996920,0.860722,0.908400
2009-02-09,0.567806,0.997075,0.860856,0.903560
2009-02-10,0.541345,0.997230,0.860990,0.861452
2009-02-11,0.531422,0.997385,0.861124,0.861155
2009-02-12,0.538589,0.997541,0.861258,0.861289
2009-02-13,0.547409,0.997696,0.861392,0.861423
2009-02-17,0.509923,0.997851,0.861526,0.861557
2009-02-18,0.510474,0.998006,0.861660,0.861691
2009-02-19,0.486770,0.998162,0.861794,0.861826
2009-02-20,0.489526,0.998317,0.861928,0.861960
2009-02-23,0.469129,0.998472,0.862063,0.862094
2009-02-24,0.492834,0.998628,0.862197,0.862228
2009-02-25,0.506615,0.998783,0.862331,0.862362
2009-02-26,0.502205,0.998939,0.862465,0.862497
2009-02-27,0.499449,0.999094,0.862599,0.862631
2009-03-02,0.472988,0.999250,0.862734,0.862765
2009-03-03,0.480154,0.999405,0.862868,0.862899
2009-03-04,0.501103,0.999561,0.863002,0.863034
2009-03-05,0.494487,0.999716,0.863137,0.863168
2009-03-06,0.488423,0.999872,0.863271,0.863302
2009-03-09,0.479052,1.000028,0.863405,0.863437
2009-03-10,0.515987,1.000183,0.863540,0.863571
2009-03-11,0.529217,1.000339,0.863674,0.863706
2009-03-12,0.551819,1.000495,0.863809,0.900143
2009-03-13,0.557332,1.000650,0.863943,0.909135
2009-03-16,0.540794,1.000806,0.864078,0.882158
2009-03-17,0.561742,1.000962,0.864212,0.916329
2009-03-18,0.579934,1.001118,0.864347,0.946004
2009-03-19,0.578831,1.001274,0.864481,0.944206
2009-03-20,0.555678,1.001429,0.864616,0.906437
2009-03-23,0.591510,1.001585,0.864750,0.964888
2009-03-24,0.575524,1.001741,0.864885,0.938810
2009-03-25,0.578280,1.001897,0.865019,0.943306
2009-03-26,0.606395,1.002053,0.906621,0.989168
2009-03-27,0.595921,1.002209,0.890961,0.972082
2009-03-30,0.570562,1.002365,0.853048,0.930717
2009-03-31,0.572216,1.002521,0.855521,0.933415
2009-04-01,0.582139,1.002677,0.870356,0.949601
2009-04-02,0.605843,1.002833,0.905797,0.988269
2009-04-03,0.624035,1.002989,0.932996,1.017944
2009-04-06,0.613010,1.003145,0.916512,0.999959
2009-04-07,0.590408,1.003302,0.882719,0.963090
2009-04-08,0.604190,1.003458,0.903324,0.985571
2009-04-09,0.629548,1.003614,0.941238,1.026936
2009-04-13,0.622933,1.003770,0.931347,1.016145
2009-04-14,0.624587,1.003926,0.933820,1.018843
2009-04-15,0.613010,1.004083,0.916512,0.999959
2009-04-16,0.638368,1.004239,0.954425,1.041324
2009-04-17,0.638920,1.004395,0.955249,1.042223
2009-04-20,0.609151,1.004552,0.910742,0.993664
2009-04-21,0.608049,1.004708,0.909094,0.993322
2009-04-22,0.626240,1.004864,0.936292,0.993476
2009-04-23,0.621830,1.005021,0.929699,0.993631
2009-04-24,0.630650,1.005177,0.942886,0.993786
2009-04-27,0.626792,1.005334,0.937117,0.993940
2009-04-28,0.616869,1.005490,0.922281,0.994095
2009-04-29,0.627343,1.005647,0.937941,0.994250
2009-04-30,0.643330,1.005803,0.961843,0.994404
2009-05-01,0.644983,1.005960,0.964315,0.996462
2009-05-04,0.675303,1.006116,1.009646,1.043305
2009-05-05,0.669239,1.006273,1.000580,1.033936
2009-05-06,0.673649,1.006429,1.007174,1.040750
2009-05-07,0.637266,1.006586,0.952776,0.984539
2009-05-08,0.617971,1.006743,0.923929,0.954730
2009-05-11,0.620176,1.006899,0.927226,0.954401
2009-05-12,0.604741,1.007056,0.904149,0.954550
2009-05-13,0.588203,1.007213,0.879423,0.954698
2009-05-14,0.603087,1.007370,0.901676,0.954847
2009-05-15,0.595921,1.007527,0.890961,0.954996
2009-05-18,0.616318,1.007683,0.921457,0.955144
2009-05-19,0.630099,1.007840,0.942062,0.955293
2009-05-20,0.636714,1.007997,0.951952,0.964840
2009-05-21,0.624035,1.008154,0.932996,0.945626
2009-05-22,0.624587,1.008311,0.933820,0.946462
2009-05-26,0.645535,1.008468,0.965139,0.978205
2009-05-27,0.654355,1.008625,0.978327,0.991571
2009-05-28,0.666483,1.026805,0.996459,1.009949
2009-05-29,0.669239,1.031052,1.000580,1.014126
2009-06-01,0.704520,1.085407,1.053329,1.067589
2009-06-02,0.685777,1.056531,1.025306,1.039187
2009-06-03,0.674201,1.038695,1.007998,1.021644
2009-06-04,0.688534,1.060777,1.029427,1.043363
2009-06-05,0.677508,1.043791,1.012943,1.026656
2009-06-08,0.677508,1.043791,1.012943,1.026656
2009-06-09,0.708379,1.091352,1.059098,1.073436
2009-06-10,0.711136,1.095598,1.063219,1.077613
2009-06-11,0.706725,1.088804,1.056626,1.070930
2009-06-12,0.696803,1.073517,1.041790,1.055894
2009-06-15,0.689636,1.062476,1.031076,1.045034
2009-06-16,0.675303,1.040394,1.009646,1.023315
2009-06-17,0.684123,1.053983,1.022834,1.036681
2009-06-18,0.671444,1.034449,1.003877,1.017467
2009-06-19,0.679162,1.046339,1.015416,1.029162
2009-06-22,0.652150,1.004723,0.975030,0.988230
2009-06-23,0.646637,0.996230,0.966788,0.979876
2009-06-24,0.660970,1.018312,0.988217,1.001595
2009-06-25,0.674752,1.039545,1.008822,1.022479
2009-06-26,0.673649,1.037846,1.007174,1.020809
2009-06-29,0.673098,1.036997,1.006350,1.019973
2009-06-30,0.673649,1.037846,1.007174,1.020809
2009-07-01,0.684675,1.054832,1.023658,1.037516
2009-07-02,0.678060,1.044640,1.013767,1.027492
2009-07-06,0.667585,1.028504,0.998108,1.011620
2009-07-07,0.649945,1.001326,0.971733,0.984888
2009-07-08,0.643881,0.991984,0.962667,0.975699
2009-07-09,0.657663,1.013216,0.983272,0.996583
2009-07-10,0.660970,1.018312,0.988217,1.001595
2009-07-13,0.677508,1.043791,1.012943,1.026656
2009-07-14,0.688534,1.060777,1.029427,1.043363
2009-07-15,0.719405,1.108338,1.075582,1.090143
2009-07-16,0.733738,1.130420,1.097012,1.111863
2009-07-17,0.742558,1.144009,1.110199,1.125229
2009-07-20,0.750276,1.155899,1.121738,1.136924
2009-07-21,0.748071,1.152502,1.118441,1.133582
2009-07-22,0.765711,1.179679,1.144815,1.160314
2009-07-23,0.781147,1.203460,1.167893,1.183704
2009-07-24,0.772326,1.189871,1.154706,1.170338
2009-07-27,0.775083,1.194117,1.158827,1.174515
2009-07-28,0.776185,1.195816,1.160475,1.176185
2009-07-29,0.775083,1.194117,1.158827,1.174515
2009-07-30,0.772878,1.190720,1.155530,1.171173
2009-07-31,0.777839,1.198364,1.162948,1.178692
2009-08-03,0.788864,1.215350,1.179432,1.195399
2009-08-04,0.787762,1.213651,1.177783,1.193728
2009-08-05,0.780595,1.202610,1.167069,1.182868
2009-08-06,0.767916,1.183076,1.148112,1.163655
2009-08-07,0.769019,1.184775,1.149761,1.165326
2009-08-10,0.762955,1.175433,1.140694,1.156137
2009-08-11,0.754686,1.162693,1.128331,1.143606
2009-08-12,0.769570,1.185624,1.150585,1.166161
2009-08-13,0.785557,1.210254,1.174487,1.190387
2009-08-14,0.770121,1.186474,1.151409,1.166997
2009-08-17,0.748071,1.152502,1.118441,1.133582
2009-08-18,0.764057,1.177131,1.142343,1.157808
2009-08-19,0.767365,1.182227,1.147288,1.162820
2009-08-20,0.773429,1.191569,1.156354,1.172009
2009-08-21,0.788313,1.214501,1.178608,1.194563
2009-08-24,0.780595,1.202610,1.167069,1.182868
2009-08-25,0.784454,1.208556,1.172838,1.188716
2009-08-26,0.791621,1.219596,1.183553,1.199576
2009-08-27,0.793275,1.222144,1.186025,1.202082
2009-08-28,0.809813,1.247623,1.210751,1.227142
2009-08-31,0.798236,1.229788,1.193443,1.209600
2009-09-01,0.777839,1.198364,1.162948,1.178692
2009-09-02,0.776185,1.195816,1.160475,1.176185
2009-09-03,0.787762,1.213651,1.177783,1.193728
2009-09-04,0.808159,1.245075,1.208279,1.224636
2009-09-08,0.824697,1.270555,1.233005,1.249697
2009-09-09,0.834068,1.284993,1.247016,1.263898
2009-09-10,0.846748,1.304527,1.265973,1.283111
2009-09-11,0.831312,1.280746,1.242895,1.259721
2009-09-14,0.831312,1.280746,1.242895,1.259721
2009-09-15,0.837927,1.290938,1.252786,1.269746
2009-09-16,0.835171,1.286691,1.248665,1.265569
2009-09-17,0.818633,1.261212,1.223939,1.240508
2009-09-18,0.824697,1.270555,1.233005,1.249697
2009-09-21,0.824146,1.269705,1.232181,1.248862
2009-09-22,0.831312,1.280746,1.242895,1.259721
2009-09-23,0.834068,1.284993,1.247016,1.263898
2009-09-24,0.814223,1.254418,1.217345,1.233825
2009-09-25,0.812018,1.251021,1.214048,1.230484
2009-09-28,0.828004,1.275650,1.237950,1.254709
2009-09-29,0.816428,1.257815,1.220642,1.237167
2009-09-30,0.823043,1.268007,1.230532,1.247191
2009-10-01,0.783903,1.207706,1.172014,1.187880
2009-10-02,0.774531,1.193268,1.158003,1.173679
2009-10-05,0.789416,1.216199,1.180256,1.196234
2009-10-06,0.804851,1.239980,1.203334,1.219624
2009-10-07,0.803197,1.237432,1.200861,1.217118
2009-10-08,0.797685,1.228939,1.192619,1.208764
2009-10-09,0.824697,1.270555,1.233005,1.249697
2009-10-12,0.837376,1.290088,1.251961,1.268910
2009-10-13,0.834068,1.284993,1.247016,1.263898
2009-10-14,0.847299,1.305376,1.266797,1.283947
2009-10-15,0.832415,1.282445,1.244544,1.261392
2009-10-16,0.814223,1.254418,1.217345,1.233825
2009-10-19,0.826902,1.273952,1.236302,1.253038
2009-10-20,0.823594,1.268856,1.231356,1.248026
2009-10-21,0.809261,1.246774,1.209927,1.226307
2009-10-22,0.818082,1.260363,1.223114,1.239673
2009-10-23,0.796582,1.227240,1.190971,1.207094
2009-10-26,0.793826,1.222994,1.186850,1.202917
2009-10-27,0.775083,1.194117,1.158827,1.174515
2009-10-28,0.753032,1.160145,1.125859,1.141100
2009-10-29,0.771775,1.189022,1.153882,1.169503
2009-10-30,0.745865,1.149104,1.115144,1.130241
2009-11-02,0.746417,1.149954,1.115968,1.131076
2009-11-03,0.738699,1.138064,1.104429,1.119381
2009-11-04,0.744763,1.147406,1.113496,1.128570
2009-11-05,0.767365,1.182227,1.147288,1.162820
2009-11-06,0.769019,1.184775,1.149761,1.165326
2009-11-09,0.792172,1.220446,1.184377,1.200411
2009-11-10,0.793826,1.222994,1.186850,1.202917
2009-11-11,0.805402,1.240829,1.204158,1.220459
2009-11-12,0.801544,1.234884,1.198388,1.214612
2009-11-13,0.807607,1.244226,1.207455,1.223801
2009-11-16,0.826902,1.273952,1.236302,1.253038
2009-11-17,0.828556,1.276500,1.238774,1.255545
2009-11-18,0.821940,1.266308,1.228884,1.245520
2009-11-19,0.794928,1.224692,1.188498,1.204588
2009-11-20,0.788864,1.215350,1.179432,1.195399
2009-11-23,0.797133,1.228089,1.191795,1.207929
2009-11-24,0.803197,1.237432,1.200861,1.217118
2009-11-25,0.806505,1.242528,1.205806,1.222130
2009-11-27,0.795480,1.225542,1.189322,1.205423
2009-11-30,0.796582,1.227240,1.190971,1.207094
2009-12-01,0.822492,1.267157,1.229708,1.246356
2009-12-02,0.834620,1.285842,1.247840,1.264734
2009-12-03,0.845094,1.301979,1.263500,1.280605
2009-12-04,0.858324,1.322362,1.283281,1.300654
2009-12-07,0.865491,1.333403,1.293996,1.311514
2009-12-08,0.860529,1.325759,1.286578,1.303995
2009-12-09,0.864939,1.332553,1.293171,1.310678
2009-12-10,0.862183,1.328307,1.289050,1.306501
2009-12-11,0.855568,1.318115,1.279160,1.296477
2009-12-14,0.868798,1.338499,1.298941,1.316526
2009-12-15,0.864388,1.331704,1.292347,1.309843
2009-12-16,0.877067,1.351238,1.311304,1.329056
2009-12-17,0.863837,1.330855,1.291523,1.309008
2009-12-18,0.874311,1.346992,1.307183,1.324879
2009-12-21,0.890849,1.372471,1.331909,1.349940
2009-12-22,0.895810,1.380114,1.339327,1.357458
2009-12-23,0.896913,1.381813,1.340975,1.359129
2009-12-24,0.907938,1.398799,1.357459,1.375836
2009-12-28,0.899118,1.385210,1.344272,1.362471
2009-12-29,0.897464,1.382662,1.341799,1.359964
2009-12-30,0.910143,1.402196,1.360756,1.379178
2009-12-31,0.904631,1.393703,1.352514,1.370824
2010-01-04,0.915656,1.410689,1.368998,1.387531
2010-01-05,0.914002,1.408141,1.366525,1.385025
2010-01-06,0.911246,1.403895,1.362404,1.380848
2010-01-07,0.904079,1.392854,1.351690,1.369989
2010-01-08,0.917861,1.414086,1.372295,1.390873
2010-01-11,0.915105,1.409840,1.368174,1.386696
2010-01-12,0.883131,1.360580,1.320370,1.338245
2010-01-13,0.893605,1.376717,1.336030,1.354117
2010-01-14,0.891951,1.374169,1.333557,1.351611
2010-01-15,0.862734,1.329156,1.289875,1.307337
2010-01-19,0.872657,1.344444,1.304710,1.322373
2010-01-20,0.872657,1.344444,1.304710,1.322373
2010-01-21,0.867144,1.335951,1.296468,1.314020
2010-01-22,0.826351,1.273102,1.235477,1.252203
2010-01-25,0.837927,1.290938,1.252786,1.269746
2010-01-26,0.830209,1.279048,1.241247,1.258051
2010-01-27,0.841786,1.296883,1.258555,1.275593
2010-01-28,0.816979,1.258664,1.221466,1.238002
2010-01-29,0.789967,1.217049,1.181080,1.197069
2010-02-01,0.816428,1.257815,1.220642,1.237167
2010-02-02,0.825248,1.271404,1.233829,1.250532
2010-02-03,0.824697,1.270555,1.233005,1.249697
2010-02-04,0.789416,1.216199,1.180256,1.196234
2010-02-05,0.807056,1.243377,1.206630,1.222966
2010-02-08,0.803749,1.238281,1.201685,1.217953
2010-02-09,0.813671,1.253568,1.216521,1.232990
2010-02-10,0.818633,1.261212,1.223939,1.240508
2010-02-11,0.835171,1.286691,1.248665,1.265569
2010-02-12,0.842889,1.298581,1.260203,1.277264
2010-02-16,0.861080,1.326608,1.287402,1.304831
2010-02-17,0.860529,1.325759,1.286578,1.303995
2010-02-18,0.863286,1.330006,1.290699,1.308172
2010-02-19,0.866042,1.334252,1.294820,1.312349
2010-02-22,0.864388,1.331704,1.292347,1.309843
2010-02-23,0.841786,1.296883,1.258555,1.275593
2010-02-24,0.857773,1.321513,1.282457,1.299819
2010-02-25,0.854465,1.316417,1.277512,1.294806
2010-02-26,0.852811,1.313869,1.275039,1.292300
2010-03-01,0.873208,1.345293,1.305535,1.323209
2010-03-02,0.873208,1.345293,1.305535,1.323209
2010-03-03,0.868798,1.338499,1.298941,1.316526
2010-03-04,0.868247,1.337649,1.298117,1.315690
2010-03-05,0.877619,1.352087,1.312128,1.329892
2010-03-08,0.877619,1.352087,1.312128,1.329892
2010-03-09,0.874862,1.347841,1.308007,1.325715
2010-03-10,0.891951,1.374169,1.333557,1.351611
2010-03-11,0.886439,1.365676,1.325315,1.343257
2010-03-12,0.884785,1.363128,1.322843,1.340751
2010-03-15,0.875413,1.348690,1.308831,1.326550
2010-03-16,0.899669,1.386059,1.345096,1.363306
2010-03-17,0.914002,1.408141,1.366525,1.385025
2010-03-18,0.905733,1.395402,1.354162,1.372495
2010-03-19,0.893054,1.375868,1.335206,1.353282
2010-03-22,0.910695,1.403045,1.361580,1.380013
2010-03-23,0.928886,1.431072,1.388779,1.407580
2010-03-24,0.907387,1.397950,1.356635,1.375001
2010-03-25,0.906836,1.397100,1.355811,1.374166
2010-03-26,0.902977,1.391155,1.350041,1.368318
2010-03-29,0.909041,1.400498,1.359108,1.377507
2010-03-30,0.914553,1.408991,1.367350,1.385861
2010-03-31,0.907938,1.398799,1.357459,1.375836
2010-04-01,0.907938,1.398799,1.357459,1.375836
2010-04-05,0.933848,1.438716,1.396197,1.415098
2010-04-06,0.927784,1.429374,1.387130,1.405909
2010-04-07,0.931643,1.435319,1.392900,1.411757
2010-04-08,0.918964,1.415785,1.373943,1.392543
2010-04-09,0.928886,1.431072,1.388779,1.407580
2010-04-12,0.936604,1.442963,1.400318,1.419275
2010-04-13,0.945424,1.456551,1.413505,1.432641
2010-04-14,0.984013,1.516003,1.471199,1.491116
2010-04-15,0.988423,1.522797,1.477793,1.497799
2010-04-16,0.974090,1.500715,1.456363,1.476079
2010-04-19,0.965270,1.487126,1.443176,1.462714
2010-04-20,0.977949,1.506660,1.462133,1.481927
2010-04-21,0.965270,1.487126,1.443176,1.462714
2010-04-22,0.978501,1.507510,1.462957,1.482762
2010-04-23,0.979052,1.508359,1.463781,1.483598
2010-04-26,0.983462,1.515153,1.470375,1.490280
2010-04-27,0.952040,1.466743,1.423395,1.442665
2010-04-28,0.956450,1.473537,1.429989,1.449348
2010-04-29,0.968578,1.492222,1.448121,1.467726
2010-04-30,0.926681,1.427675,1.385482,1.404238
2010-05-03,0.945976,1.457401,1.414329,1.433476
2010-05-04,0.909592,1.401347,1.359932,1.378342
2010-05-05,0.900221,1.386909,1.345920,1.364141
2010-05-06,0.867696,1.336800,1.297292,1.314855
2010-05-07,0.856670,1.319814,1.280808,1.298148
2010-05-10,0.901323,1.388607,1.347569,1.365812
2010-05-11,0.896362,1.380964,1.340151,1.358294
2010-05-12,0.920617,1.418333,1.376416,1.395050
2010-05-13,0.899118,1.385210,1.344272,1.362471
2010-05-14,0.871555,1.342745,1.303062,1.320703
2010-05-17,0.883131,1.360580,1.320370,1.338245
2010-05-18,0.858875,1.323211,1.284105,1.301489
2010-05-19,0.863837,1.330855,1.291523,1.309008
2010-05-20,0.837927,1.290938,1.252786,1.269746
2010-05-21,0.850606,1.310472,1.271742,1.269308
2010-05-24,0.837927,1.290938,1.252786,1.269506
2010-05-25,0.840684,1.295184,1.256907,1.269703
2010-05-26,0.842337,1.297732,1.259379,1.269901
2010-05-27,0.879824,1.355485,1.315425,1.270099
2010-05-28,0.866042,1.334252,1.294820,1.249579
2010-06-01,0.847299,1.305376,1.266797,1.222535
2010-06-02,0.874862,1.347841,1.308007,1.222114
2010-06-03,0.885336,1.363978,1.323667,1.236127
2010-06-04,0.845645,1.302828,1.264324,1.180709
2010-06-07,0.814774,1.255267,1.218169,1.180302
2010-06-08,0.814774,1.255267,1.218169,1.180486
2010-06-09,0.805402,1.240829,1.204158,1.180670
2010-06-10,0.833517,1.284143,1.246192,1.180854
2010-06-11,0.845645,1.302828,1.264324,1.181037
2010-06-14,0.847850,1.306225,1.267621,1.181221
2010-06-15,0.889746,1.370772,1.330261,1.181405
2010-06-16,0.893054,1.375868,1.335206,1.185204
2010-06-17,0.894157,1.377566,1.336854,1.186667
2010-06-18,0.892503,1.375019,1.334382,1.184472
2010-06-21,0.881477,1.358033,1.317898,1.169840
2010-06-22,0.864388,1.331704,1.292347,1.147160
2010-06-23,0.867696,1.336800,1.297292,1.151550
2010-06-24,0.845094,1.301979,1.263500,1.121554
2010-06-25,0.847299,1.305376,1.266797,1.121168
2010-06-28,0.853363,1.314718,1.275863,1.121342
2010-06-29,0.816979,1.258664,1.275424,1.121517
2010-06-30,0.803197,1.237432,1.275622,1.121692
2010-07-01,0.801544,1.234884,1.275821,1.121866
2010-07-02,0.797685,1.228939,1.276019,1.122041
2010-07-06,0.795480,1.225542,1.276218,1.122215
2010-07-07,0.837927,1.290938,1.276417,1.122390
2010-07-08,0.836825,1.289239,1.276615,1.122565
2010-07-09,0.848401,1.307074,1.276814,1.122739
2010-07-12,0.853914,1.315567,1.277013,1.122914
2010-07-13,0.872657,1.344444,1.277212,1.123089
2010-07-14,0.871555,1.343981,1.277410,1.121109
2010-07-15,0.869901,1.344190,1.277609,1.118982
2010-07-16,0.844542,1.344399,1.277808,1.086363
2010-07-19,0.867144,1.344608,1.278007,1.085988
2010-07-20,0.866042,1.344818,1.278206,1.084065
2010-07-21,0.848401,1.345027,1.278405,1.061984
2010-07-22,0.877067,1.345236,1.278604,1.062149
2010-07-23,0.883682,1.345446,1.278803,1.062314
2010-07-26,0.898015,1.345655,1.279002,1.062480
2010-07-27,0.890298,1.345865,1.279201,1.062645
2010-07-28,0.875413,1.346074,1.279400,1.062811
2010-07-29,0.853914,1.346284,1.279599,1.062976
2010-07-30,0.845094,1.346493,1.279798,1.063141
2010-08-02,0.857773,1.346703,1.279998,1.063307
2010-08-03,0.850055,1.346912,1.280197,1.063472
2010-08-04,0.858324,1.347122,1.280396,1.063638
2010-08-05,0.856119,1.347332,1.280595,1.063804
2010-08-06,0.856119,1.347541,1.280795,1.063969
2010-08-09,0.861632,1.347751,1.280994,1.064135
2010-08-10,0.840684,1.347961,1.281193,1.064300
2010-08-11,0.807607,1.348171,1.281393,1.064466
2010-08-12,0.795480,1.348380,1.281592,1.064632
2010-08-13,0.789967,1.348590,1.281792,1.064797
2010-08-16,0.792172,1.348800,1.281991,1.064963
2010-08-17,0.803197,1.349010,1.282191,1.065129
2010-08-18,0.812569,1.349220,1.282390,1.065295
2010-08-19,0.800992,1.349430,1.282590,1.065461
2010-08-20,0.800992,1.349640,1.282790,1.065626
2010-08-23,0.792723,1.349850,1.282989,1.065792
2010-08-24,0.780595,1.350060,1.283189,1.065958
2010-08-25,0.786659,1.350271,1.283389,1.066124
2010-08-26,0.775083,1.350481,1.283589,1.066290
2010-08-27,0.792172,1.350691,1.283788,1.066456
2010-08-30,0.770673,1.350901,1.283988,1.066622
2010-08-31,0.756340,1.351111,1.284188,1.066788
2010-09-01,0.778390,1.351322,1.284388,1.066954
2010-09-02,0.793826,1.351532,1.284588,1.067120
2010-09-03,0.809261,1.351742,1.284788,1.067286
2010-09-07,0.790518,1.351953,1.284988,1.067452
2010-09-08,0.786659,1.352163,1.285188,1.067618
2010-09-09,0.788313,1.352374,1.285388,1.067785
2010-09-10,0.778390,1.352584,1.285588,1.067951
2010-09-13,0.803197,1.352795,1.285788,1.068117
2010-09-14,0.818082,1.353005,1.285988,1.068283
2010-09-15,0.816979,1.353216,1.286188,1.068450
2010-09-16,0.823594,1.353427,1.286388,1.068616
2010-09-17,0.824146,1.353637,1.286589,1.068782
2010-09-20,0.831312,1.353848,1.286789,1.068949
2010-09-21,0.832966,1.354059,1.286989,1.069115
2010-09-22,0.819735,1.354269,1.287190,1.069281
2010-09-23,0.824697,1.354480,1.287390,1.069448
2010-09-24,0.861632,1.354691,1.287590,1.069614
2010-09-27,0.857222,1.354902,1.287791,1.069781
2010-09-28,0.872106,1.355113,1.287991,1.069947
2010-09-29,0.874311,1.355324,1.288192,1.070114
2010-09-30,0.869350,1.355535,1.288392,1.070280
2010-10-01,0.868247,1.355746,1.288593,1.070447
2010-10-04,0.856670,1.355957,1.288793,1.070614
2010-10-05,0.878170,1.356168,1.288994,1.070780
2010-10-06,0.864939,1.356379,1.289194,1.070947
2010-10-07,0.868247,1.356590,1.289395,1.071114
2010-10-08,0.876516,1.356801,1.289596,1.071280
2010-10-11,0.883131,1.357012,1.289796,1.071447
2010-10-12,0.889746,1.357223,1.289997,1.071614
2010-10-13,0.888093,1.357435,1.290198,1.071781
2010-10-14,0.885888,1.357646,1.290399,1.071947
2010-10-15,0.889195,1.357857,1.290600,1.072114
2010-10-18,0.883131,1.358069,1.290801,1.072281
2010-10-19,0.871003,1.358280,1.291002,1.072448
2010-10-20,0.877067,1.358491,1.291202,1.072615
2010-10-21,0.871555,1.358703,1.291403,1.072782
2010-10-22,0.888644,1.358914,1.291604,1.072949
2010-10-25,0.899118,1.359126,1.291805,1.073116
2010-10-26,0.895259,1.359337,1.292007,1.073283
2010-10-27,0.923374,1.359549,1.292208,1.073450
2010-10-28,0.923925,1.359761,1.292409,1.073617
2010-10-29,0.929438,1.359972,1.292610,1.073784
2010-11-01,0.926681,1.360184,1.292811,1.073951
2010-11-02,0.932745,1.360396,1.293012,1.074118
2010-11-03,0.942117,1.360607,1.305351,1.084368
2010-11-04,0.971885,1.360819,1.346596,1.118631
2010-11-05,0.977949,1.361031,1.354998,1.125611
2010-11-08,0.977949,1.361243,1.354998,1.125611
2010-11-09,0.967475,1.361455,1.340486,1.113555
2010-11-10,0.966373,1.361667,1.338958,1.112286
2010-11-11,0.955899,1.346235,1.324446,1.100231
2010-11-12,0.955347,1.345458,1.323682,1.099596
2010-11-15,0.948181,1.335365,1.313753,1.091348
2010-11-16,0.934399,1.315956,1.294657,1.075485
2010-11-17,0.933848,1.315180,1.293893,1.074850
2010-11-18,0.950937,1.339247,1.317572,1.094520
2010-11-19,0.965270,1.359433,1.337431,1.111017
2010-11-22,0.977949,1.377290,1.354998,1.125611
2010-11-23,0.970783,1.367197,1.345069,1.117362
2010-11-24,0.995039,1.401357,1.378676,1.145280
2010-11-26,0.988975,1.392817,1.370274,1.138301
2010-11-29,0.987321,1.390488,1.367983,1.136397
2010-11-30,0.974642,1.372631,1.350415,1.121804
2010-12-01,1.004410,1.414556,1.391661,1.156067
2010-12-02,1.024256,1.442505,1.419158,1.178909
2010-12-03,1.029217,1.449493,1.426033,1.184620
2010-12-06,1.028666,1.448716,1.425269,1.183985
2010-12-07,1.027563,1.447163,1.423741,1.182716
2010-12-08,1.036384,1.459585,1.435962,1.192868
2010-12-09,1.039691,1.464244,1.440545,1.196675
2010-12-10,1.039691,1.464244,1.440545,1.196675
2010-12-13,1.032525,1.454151,1.430615,1.188427
2010-12-14,1.025910,1.444834,1.421450,1.180813
2010-12-15,1.014884,1.429307,1.406173,1.168123
2010-12-16,1.020397,1.437071,1.413812,1.174468
2010-12-17,1.027012,1.446387,1.422977,1.182082
2010-12-20,1.018192,1.433965,1.410756,1.171930
2010-12-21,1.024807,1.443282,1.419922,1.179544
2010-12-22,1.025910,1.444834,1.421450,1.180813
2010-12-23,1.023153,1.440952,1.417631,1.177640
2010-12-27,1.024256,1.442505,1.419158,1.178909
2010-12-28,1.019846,1.436294,1.413048,1.173833
2010-12-29,1.020397,1.437071,1.413812,1.174468
2010-12-30,1.023153,1.440952,1.417631,1.177640
2010-12-31,1.023705,1.441729,1.418394,1.178275
2011-01-03,1.029217,1.449493,1.426033,1.184620
2011-01-04,1.031422,1.452598,1.429088,1.187158
2011-01-05,1.034730,1.457256,1.433671,1.190965
2011-01-06,1.053473,1.483653,1.459640,1.212538
2011-01-07,1.056229,1.487535,1.463459,1.215710
2011-01-10,1.067806,1.503839,1.479499,1.229035
2011-01-11,1.070562,1.507721,1.483318,1.232207
2011-01-12,1.091510,1.537223,1.512343,1.256319
2011-01-13,1.092062,1.537999,1.513107,1.256953
2011-01-14,1.121279,1.579147,1.553589,1.290582
2011-01-18,1.117971,1.574489,1.549006,1.286775
2011-01-19,1.090959,1.536447,1.511579,1.255684
2011-01-20,1.079934,1.520919,1.496303,1.242994
2011-01-21,1.072216,1.510050,1.485610,1.234111
2011-01-24,1.097023,1.544987,1.519981,1.262664
2011-01-25,1.089305,1.534117,1.509288,1.253781
2011-01-26,1.098126,1.546539,1.521509,1.263933
2011-01-27,1.119625,1.576818,1.551297,1.288678
2011-01-28,1.088754,1.533341,1.508524,1.253146
2011-01-31,1.093164,1.539552,1.514634,1.258222
2011-02-01,1.120176,1.577594,1.552061,1.289313
2011-02-02,1.126240,1.586135,1.560463,1.296292
2011-02-03,1.127343,1.587687,1.561991,1.297561
2011-02-04,1.151047,1.621071,1.594834,1.324845
2011-02-07,1.146086,1.614084,1.587960,1.319135
2011-02-08,1.146086,1.614084,1.587960,1.319135
2011-02-09,1.138368,1.603215,1.577267,1.310252
2011-02-10,1.139471,1.604768,1.578794,1.311521
2011-02-11,1.148842,1.617966,1.591779,1.322307
2011-02-14,1.158214,1.631164,1.604764,1.333094
2011-02-15,1.146637,1.614860,1.588724,1.319769
2011-02-16,1.158214,1.631164,1.604764,1.333094
2011-02-17,1.175854,1.656008,1.629206,1.353398
2011-02-18,1.173098,1.652127,1.625387,1.350225
2011-02-22,1.127343,1.587687,1.561991,1.297561
2011-02-23,1.105292,1.556632,1.531438,1.272181
2011-02-24,1.122933,1.581476,1.555880,1.292485
2011-02-25,1.151599,1.621848,1.595598,1.325480
2011-02-28,1.140573,1.606320,1.580322,1.312790
2011-03-01,1.118523,1.575265,1.549770,1.287409
2011-03-02,1.132856,1.595451,1.569629,1.303906
2011-03-03,1.154355,1.625730,1.599417,1.328652
2011-03-04,1.144983,1.612531,1.586433,1.317866
2011-03-07,1.113561,1.568278,1.542895,1.281699
2011-03-08,1.114664,1.569831,1.544423,1.282968
2011-03-09,1.079934,1.520919,1.496303,1.242994
2011-03-10,1.052922,1.482877,1.458876,1.211903
2011-03-11,1.064498,1.499181,1.474916,1.225228
2011-03-14,1.062293,1.496075,1.471861,1.222690
2011-03-15,1.048512,1.476666,1.452766,1.206827
2011-03-16,1.026461,1.445611,1.422213,1.181447
2011-03-17,1.038589,1.462691,1.439017,1.195406
2011-03-18,1.042999,1.468902,1.445128,1.200482
2011-03-21,1.061742,1.495299,1.471097,1.222055
2011-03-22,1.051819,1.481324,1.457349,1.210634
2011-03-23,1.061742,1.495299,1.471097,1.222055
2011-03-24,1.087652,1.531788,1.506996,1.251877
2011-03-25,1.083793,1.526354,1.501650,1.247436
2011-03-28,1.083793,1.526354,1.501650,1.247436
2011-03-29,1.094818,1.541881,1.516926,1.260126
2011-03-30,1.095921,1.543434,1.518453,1.261395
2011-03-31,1.085998,1.529459,1.504705,1.249974
2011-04-01,1.073870,1.512379,1.487901,1.236015
2011-04-04,1.064498,1.499181,1.474916,1.225228
2011-04-05,1.088203,1.532565,1.507760,1.252512
2011-04-06,1.104741,1.555856,1.530674,1.271547
2011-04-07,1.101433,1.551198,1.526092,1.267740
2011-04-08,1.092062,1.537999,1.513107,1.256953
2011-04-11,1.082690,1.524801,1.500122,1.246167
2011-04-12,1.060088,1.492970,1.468806,1.220152
2011-04-13,1.062293,1.496075,1.471861,1.222690
2011-04-14,1.063947,1.498404,1.474153,1.224593
2011-04-15,1.069460,1.506168,1.481791,1.230938
2011-04-18,1.050717,1.479771,1.455821,1.209365
2011-04-19,1.055127,1.485982,1.461932,1.214441
2011-04-20,1.099779,1.548869,1.523800,1.265836
2011-04-21,1.100882,1.550421,1.525328,1.267105
2011-04-25,1.101433,1.551198,1.526092,1.267740
2011-04-26,1.119625,1.576818,1.551297,1.288678
2011-04-27,1.118523,1.575265,1.549770,1.287409
2011-04-28,1.113010,1.567502,1.542132,1.281064
2011-04-29,1.116869,1.572936,1.547478,1.285506
2011-05-02,1.106946,1.558961,1.533730,1.274085
2011-05-03,1.093164,1.539552,1.514634,1.258222
2011-05-04,1.092613,1.538776,1.513871,1.257588
2011-05-05,1.095921,1.543434,1.518453,1.261395
2011-05-06,1.104190,1.555080,1.529911,1.270912
2011-05-09,1.099779,1.548869,1.523800,1.265836
2011-05-10,1.105292,1.556632,1.523275,1.265400
2011-05-11,1.097023,1.544987,1.523512,1.265597
2011-05-12,1.111356,1.565172,1.523750,1.265794
2011-05-13,1.097574,1.545763,1.523987,1.265991
2011-05-16,1.082139,1.524025,1.524224,1.266188
2011-05-17,1.068908,1.505392,1.524461,1.266385
2011-05-18,1.088203,1.532565,1.524698,1.266582
2011-05-19,1.079383,1.520143,1.524936,1.266780
2011-05-20,1.077178,1.517037,1.525173,1.266977
2011-05-23,1.055127,1.485982,1.525411,1.267174
2011-05-24,1.045755,1.472784,1.525648,1.267371
2011-05-25,1.055127,1.485982,1.525885,1.267568
2011-05-26,1.065050,1.499957,1.526123,1.267766
2011-05-27,1.077729,1.517814,1.526360,1.267963
2011-05-31,1.094267,1.541105,1.526598,1.268160
2011-06-01,1.062293,1.496075,1.526836,1.268358
2011-06-02,1.061191,1.494522,1.527073,1.268555
2011-06-03,1.042448,1.468126,1.527311,1.268753
2011-06-06,1.034730,1.457256,1.527549,1.268950
2011-06-07,1.039140,1.463467,1.527786,1.269148
2011-06-08,1.018743,1.434741,1.528024,1.269345
2011-06-09,1.019846,1.436294,1.528262,1.269543
2011-06-10,1.003308,1.413003,1.528500,1.269740
2011-06-13,0.994487,1.400581,1.528738,1.269938
2011-06-14,1.012128,1.425425,1.528976,1.270136
2011-06-15,0.993385,1.399028,1.529214,1.270333
2011-06-16,0.981808,1.382724,1.529452,1.270531
2011-06-17,0.967475,1.362539,1.529690,1.270729
2011-06-20,0.968578,1.364091,1.529928,1.270927
2011-06-21,0.991731,1.396699,1.530166,1.271125
2011-06-22,0.987872,1.391264,1.530404,1.271322
2011-06-23,1.000000,1.408345,1.530643,1.271520
2011-06-24,0.976847,1.375737,1.530881,1.271718
2011-06-27,0.981808,1.382724,1.531119,1.271916
2011-06-28,0.995039,1.401357,1.531357,1.272114
2011-06-29,0.996692,1.403686,1.531596,1.272312
2011-06-30,1.019846,1.436294,1.531834,1.272510
2011-07-01,1.041896,1.467349,1.532073,1.272708
2011-07-05,1.033627,1.455704,1.532311,1.272906
2011-07-06,1.025358,1.444058,1.532550,1.273104
2011-07-07,1.044653,1.471231,1.532788,1.273303
2011-07-08,1.030320,1.451045,1.533027,1.273501
2011-07-11,1.012679,1.426201,1.533265,1.273699
2011-07-12,0.983462,1.385053,1.533504,1.273897
2011-07-13,0.980154,1.380395,1.533743,1.274095
2011-07-14,0.965821,1.360209,1.533981,1.274294
2011-07-15,0.969680,1.365644,1.534220,1.274492
2011-07-18,0.958104,1.365174,1.534459,1.274691
2011-07-19,0.987872,1.365386,1.534698,1.274889
2011-07-20,0.984013,1.365599,1.534937,1.275087
2011-07-21,0.991180,1.365811,1.535176,1.275286
2011-07-22,1.015436,1.366024,1.535414,1.275484
2011-07-25,1.003308,1.366236,1.535653,1.275683
2011-07-26,1.010474,1.366449,1.535892,1.275881
2011-07-27,0.974090,1.366662,1.536132,1.276080
2011-07-28,0.972437,1.366875,1.536371,1.276279
2011-07-29,0.964168,1.367087,1.536610,1.276477
2011-08-01,0.963065,1.367300,1.536849,1.276676
2011-08-02,0.934950,1.367513,1.537088,1.276875
2011-08-03,0.945976,1.367726,1.537327,1.277073
2011-08-04,0.891400,1.367939,1.537567,1.277272
2011-08-05,0.873760,1.368152,1.537806,1.277471
2011-08-08,0.826902,1.368364,1.538045,1.277670
2011-08-09,0.863837,1.368577,1.538285,1.277869
2011-08-10,0.847299,1.368790,1.538524,1.278068
2011-08-11,0.889195,1.369004,1.538764,1.278267
2011-08-12,0.885336,1.369217,1.539003,1.278466
2011-08-15,0.902426,1.369430,1.539243,1.278665
2011-08-16,0.886439,1.369643,1.539482,1.278864
2011-08-17,0.880375,1.369856,1.539722,1.279063
2011-08-18,0.829658,1.370069,1.539962,1.279262
2011-08-19,0.814223,1.370283,1.540201,1.279461
2011-08-22,0.819184,1.370496,1.540441,1.279660
2011-08-23,0.861632,1.370709,1.540681,1.279859
2011-08-24,0.862183,1.370923,1.540921,1.280058
2011-08-25,0.839581,1.371136,1.541160,1.280258
2011-08-26,0.862734,1.371349,1.541400,1.280457
2011-08-29,0.893054,1.371563,1.541640,1.280656
2011-08-30,0.893054,1.371776,1.541880,1.280855
2011-08-31,0.888093,1.371990,1.542120,1.281055
2011-09-01,0.873760,1.372203,1.542360,1.281254
2011-09-02,0.852811,1.372417,1.542600,1.281454
2011-09-06,0.847299,1.372631,1.542840,1.281653
2011-09-07,0.883131,1.372844,1.543081,1.281853
2011-09-08,0.879272,1.373058,1.543321,1.282052
2011-09-09,0.869901,1.373272,1.543561,1.282252
2011-09-12,0.895259,1.373485,1.543801,1.282451
2011-09-13,0.912900,1.373699,1.544041,1.282651
2011-09-14,0.936604,1.373913,1.544282,1.282851
2011-09-15,0.951488,1.374127,1.544522,1.283050
2011-09-16,0.952591,1.374341,1.544763,1.283250
2011-09-19,0.942668,1.374555,1.545003,1.283450
2011-09-20,0.930540,1.374769,1.545244,1.283649
2011-09-21,0.911797,1.374982,1.545484,1.283849
2011-09-22,0.880926,1.375197,1.545725,1.284049
2011-09-23,0.896913,1.375411,1.545965,1.284249
2011-09-26,0.894157,1.375625,1.546206,1.284449
2011-09-27,0.910695,1.375839,1.546446,1.284649
2011-09-28,0.885336,1.376053,1.546687,1.284849
2011-09-29,0.873760,1.376267,1.546928,1.285049
2011-09-30,0.843991,1.376481,1.547169,1.285249
2011-10-03,0.812569,1.376696,1.547410,1.285449
2011-10-04,0.845094,1.376910,1.547650,1.285649
2011-10-05,0.871555,1.377124,1.547891,1.285849
2011-10-06,0.882580,1.377338,1.548132,1.286049
2011-10-07,0.886439,1.377553,1.548373,1.286249
2011-10-10,0.911246,1.377767,1.548614,1.286449
2011-10-11,0.910695,1.377982,1.548855,1.286650
2011-10-12,0.917310,1.378196,1.549096,1.286850
2011-10-13,0.936053,1.378411,1.549337,1.287050
2011-10-14,0.946527,1.378625,1.549579,1.287251
2011-10-17,0.921720,1.378840,1.549820,1.287451
2011-10-18,0.940463,1.379054,1.550061,1.287651
2011-10-19,0.921720,1.379269,1.550302,1.287852
2011-10-20,0.905733,1.379484,1.550544,1.288052
2011-10-21,0.925028,1.379699,1.550785,1.288253
2011-10-24,0.955899,1.379913,1.551026,1.288453
2011-10-25,0.939912,1.380128,1.551268,1.288654
2011-10-26,0.943219,1.380343,1.551509,1.288854
2011-10-27,0.982911,1.380558,1.551751,1.289055
2011-10-28,0.986770,1.380773,1.551992,1.289256
2011-10-31,0.963065,1.380988,1.552234,1.289456
2011-11-01,0.932194,1.381202,1.552475,1.289657
2011-11-02,0.935502,1.381417,1.552717,1.289858
2011-11-03,0.963616,1.381632,1.552959,1.290058
2011-11-04,0.974642,1.381848,1.553200,1.290259
2011-11-07,0.974090,1.382063,1.553442,1.290460
2011-11-08,0.978501,1.382278,1.553684,1.290661
2011-11-09,0.935502,1.382493,1.553926,1.290862
2011-11-10,0.941566,1.382708,1.554168,1.291063
2011-11-11,0.974642,1.382923,1.554410,1.291264
2011-11-14,0.964168,1.383139,1.554651,1.291465
2011-11-15,0.976295,1.383354,1.554893,1.291666
2011-11-16,0.972988,1.383569,1.555135,1.291867
2011-11-17,0.934950,1.383785,1.555378,1.292068
2011-11-18,0.926130,1.384000,1.555620,1.292269
2011-11-21,0.909041,1.384215,1.555862,1.292470
2011-11-22,0.897464,1.384431,1.535280,1.292671
2011-11-23,0.869350,1.384646,1.487184,1.292872
2011-11-25,0.858324,1.384862,1.468324,1.293074
2011-11-28,0.884785,1.385077,1.513590,1.293275
2011-11-29,0.879272,1.385293,1.504159,1.293476
2011-11-30,0.928335,1.385509,1.588090,1.293678
2011-12-01,0.934950,1.385724,1.599407,1.293879
2011-12-02,0.934950,1.385940,1.599407,1.294080
2011-12-05,0.942668,1.386156,1.612610,1.294282
2011-12-06,0.940463,1.386371,1.608837,1.294483
2011-12-07,0.952591,1.386587,1.629584,1.294685
2011-12-08,0.924476,1.386803,1.581489,1.294886
2011-12-09,0.937155,1.387019,1.603179,1.295088
2011-12-12,0.911797,1.387235,1.559799,1.295289
2011-12-13,0.890298,1.387451,1.523020,1.295491
2011-12-14,0.876516,1.387667,1.499444,1.295693
2011-12-15,0.874311,1.387883,1.495672,1.295894
2011-12-16,0.882580,1.388099,1.509818,1.296096
2011-12-19,0.857222,1.388315,1.466437,1.296298
2011-12-20,0.895259,1.388531,1.531508,1.296500
2011-12-21,0.885888,1.388747,1.515476,1.296701
2011-12-22,0.914002,1.388963,1.563571,1.296903
2011-12-23,0.917861,1.389179,1.570173,1.297105
2011-12-27,0.916759,1.389395,1.568286,1.297307
2011-12-28,0.902977,1.389612,1.544710,1.297509
2011-12-29,0.911246,1.389828,1.558856,1.297711
2011-12-30,0.907938,1.390044,1.553198,1.297913
2012-01-03,0.918964,1.390261,1.572059,1.298115
2012-01-04,0.918964,1.390477,1.572059,1.298317
2012-01-05,0.931643,1.390694,1.593749,1.298519
2012-01-06,0.933848,1.390910,1.597521,1.298721
2012-01-09,0.953142,1.391126,1.630528,1.298923
2012-01-10,0.962514,1.391343,1.646559,1.299125
2012-01-11,0.965821,1.391560,1.652218,1.299328
2012-01-12,0.976295,1.391776,1.670135,1.299530
2012-01-13,0.956450,1.391993,1.636186,1.299732
2012-01-17,0.959206,1.392209,1.640901,1.299934
2012-01-18,1.007718,1.392426,1.723889,1.300137
2012-01-19,1.027563,1.392643,1.757839,1.300339
2012-01-20,1.032525,1.392860,1.766326,1.300541
2012-01-23,1.029217,1.393076,1.760668,1.300744
2012-01-24,1.033076,1.393293,1.767269,1.300946
2012-01-25,1.037486,1.393510,1.774814,1.301149
2012-01-26,1.026461,1.393727,1.755953,1.301351
2012-01-27,1.029768,1.393944,1.761611,1.301554
2012-01-30,1.019294,1.394161,1.743693,1.301757
2012-01-31,1.019846,1.394378,1.744636,1.301959
2012-02-01,1.042999,1.394595,1.784244,1.302162
2012-02-02,1.048512,1.394812,1.793675,1.302364
2012-02-03,1.065050,1.395029,1.821966,1.302567
2012-02-06,1.052922,1.395246,1.801219,1.302770
2012-02-07,1.053473,1.395463,1.802162,1.302973
2012-02-08,1.066152,1.395681,1.823852,1.303176
2012-02-09,1.069460,1.395898,1.829510,1.303378
2012-02-10,1.048512,1.396115,1.793675,1.303581
2012-02-13,1.051819,1.399819,1.799333,1.307040
2012-02-14,1.055678,1.404955,1.805934,1.311835
2012-02-15,1.061191,1.412291,1.815365,1.318685
2012-02-16,1.087652,1.447507,1.860631,1.351567
2012-02-17,1.077729,1.434301,1.843656,1.339236
2012-02-21,1.062845,1.414492,1.818194,1.320740
2012-02-22,1.058986,1.409357,1.811592,1.315945
2012-02-23,1.061191,1.412291,1.815365,1.318685
2012-02-24,1.057883,1.407889,1.809706,1.314575
2012-02-27,1.058986,1.409357,1.811592,1.315945
2012-02-28,1.076075,1.432100,1.840827,1.337181
2012-02-29,1.060088,1.410824,1.813479,1.317315
2012-03-01,1.060639,1.411558,1.814422,1.318000
2012-03-02,1.048512,1.395417,1.793675,1.302929
2012-03-05,1.023705,1.362403,1.751237,1.272103
2012-03-06,1.014333,1.349930,1.735206,1.260457
2012-03-07,1.029217,1.369739,1.760668,1.278953
2012-03-08,1.044101,1.389548,1.786130,1.297449
2012-03-09,1.055678,1.404955,1.805934,1.311835
2012-03-12,1.045755,1.391749,1.788959,1.299504
2012-03-13,1.068357,1.421829,1.827624,1.327591
2012-03-14,1.065050,1.417427,1.821966,1.323480
2012-03-15,1.085998,1.445306,1.857802,1.349512
2012-03-16,1.087652,1.447507,1.860631,1.351567
2012-03-19,1.095369,1.457778,1.873834,1.361157
2012-03-20,1.087100,1.446773,1.859688,1.350882
2012-03-21,1.091510,1.452642,1.867232,1.356362
2012-03-22,1.085447,1.444572,1.856859,1.348827
2012-03-23,1.087652,1.447507,1.860631,1.351567
2012-03-26,1.100882,1.465115,1.883264,1.368007
2012-03-27,1.100331,1.464381,1.882321,1.367322
2012-03-28,1.087652,1.447507,1.860631,1.351567
2012-03-29,1.087652,1.447507,1.860631,1.351567
2012-03-30,1.092613,1.454110,1.869118,1.357732
2012-04-02,1.093164,1.454843,1.870061,1.358417
2012-04-03,1.076075,1.432100,1.840827,1.337181
2012-04-04,1.052370,1.400553,1.800276,1.307725
2012-04-05,1.054024,1.402754,1.803105,1.309780
2012-04-09,1.039691,1.383679,1.778586,1.291969
2012-04-10,1.020397,1.358001,1.745579,1.267993
2012-04-11,1.037486,1.380744,1.774814,1.289229
2012-04-12,1.056781,1.406422,1.807820,1.313205
2012-04-13,1.038037,1.381478,1.775757,1.289914
2012-04-16,1.038037,1.381478,1.775757,1.289914
2012-04-17,1.054024,1.402754,1.803105,1.309780
2012-04-18,1.046307,1.392482,1.789902,1.300189
2012-04-19,1.033627,1.375608,1.768212,1.284434
2012-04-20,1.009372,1.343327,1.726718,1.254292
2012-04-23,0.997244,1.327187,1.705971,1.239222
2012-04-24,0.990077,1.317649,1.693712,1.230316
2012-04-25,1.012128,1.346996,1.731434,1.257717
2012-04-26,1.035281,1.377809,1.771041,1.286489
2012-04-27,1.035281,1.377809,1.771041,1.286489
2012-04-30,1.030871,1.371940,1.763497,1.281008
2012-05-01,1.034179,1.376342,1.769155,1.285119
2012-05-02,1.039140,1.382945,1.777643,1.291284
2012-05-03,1.013230,1.348463,1.733320,1.259087
2012-05-04,0.992834,1.321318,1.698427,1.233741
2012-05-07,0.990077,1.317649,1.693712,1.230316
2012-05-08,0.984013,1.309579,1.683338,1.222781
2012-05-09,0.980706,1.305177,1.677680,1.218671
2012-05-10,0.976847,1.300042,1.671079,1.213875
2012-05-11,0.984013,1.309579,1.683338,1.222781
2012-05-14,0.974090,1.296373,1.666363,1.210450
2012-05-15,0.964168,1.283167,1.649388,1.198120
2012-05-16,0.949283,1.263359,1.623926,1.179624
2012-05-17,0.928335,1.235480,1.588090,1.153593
2012-05-18,0.910143,1.211269,1.556970,1.130987
2012-05-21,0.933297,1.242083,1.596578,1.159758
2012-05-22,0.926130,1.232545,1.584318,1.150852
2012-05-23,0.929989,1.237681,1.590920,1.155648
2012-05-24,0.916759,1.220073,1.568286,1.139207
2012-05-25,0.926130,1.232545,1.567746,1.150852
2012-05-29,0.945976,1.258957,1.567990,1.175514
2012-05-30,0.932745,1.241349,1.568234,1.159073
2012-05-31,0.922822,1.228143,1.568478,1.146742
2012-06-01,0.883131,1.175320,1.568723,1.097420
2012-06-04,0.882029,1.173852,1.568967,1.096050
2012-06-05,0.898567,1.195862,1.569211,1.116601
2012-06-06,0.927233,1.234012,1.569455,1.152223
2012-06-07,0.918964,1.223008,1.569700,1.141947
2012-06-08,0.928335,1.235480,1.569944,1.153593
2012-06-11,0.915105,1.217872,1.570188,1.137152
2012-06-12,0.931643,1.239882,1.570433,1.157703
2012-06-13,0.924476,1.230344,1.570677,1.148797
2012-06-14,0.922271,1.227409,1.570922,1.146057
2012-06-15,0.936604,1.246485,1.571166,1.163868
2012-06-18,0.949835,1.264092,1.571411,1.180309
2012-06-19,0.960309,1.278032,1.571655,1.193324
2012-06-20,0.968578,1.277592,1.571900,1.192913
2012-06-21,0.928886,1.277791,1.572144,1.193099
2012-06-22,0.942668,1.277989,1.572389,1.193285
2012-06-25,0.911797,1.278188,1.572634,1.193471
2012-06-26,0.915656,1.278387,1.572879,1.193656
2012-06-27,0.927233,1.278586,1.573124,1.193842
2012-06-28,0.921169,1.278785,1.573368,1.194028
2012-06-29,0.961411,1.278984,1.573613,1.194214
2012-07-02,0.959757,1.279183,1.573858,1.194400
2012-07-03,0.971885,1.279382,1.574103,1.194586
2012-07-05,0.964168,1.279582,1.574348,1.194771
2012-07-06,0.939912,1.279781,1.574593,1.194957
2012-07-09,0.927784,1.279980,1.574838,1.195143
2012-07-10,0.908490,1.280179,1.575083,1.195329
2012-07-11,0.898567,1.280378,1.575329,1.195516
2012-07-12,0.884234,1.280578,1.575574,1.195702
2012-07-13,0.890298,1.280777,1.575819,1.195888
2012-07-16,0.882029,1.280976,1.576064,1.196074
2012-07-17,0.878721,1.281176,1.576310,1.196260
2012-07-18,0.908490,1.281375,1.576555,1.196446
2012-07-19,0.926681,1.281575,1.576800,1.196632
2012-07-20,0.911246,1.281774,1.577046,1.196819
2012-07-23,0.903528,1.281974,1.577291,1.197005
2012-07-24,0.899669,1.282173,1.577537,1.197191
2012-07-25,0.917310,1.282373,1.577782,1.197378
2012-07-26,0.937707,1.282572,1.578028,1.197564
2012-07-27,0.960860,1.282772,1.578274,1.197750
2012-07-30,0.952040,1.282972,1.578519,1.197937
2012-07-31,0.959206,1.283171,1.578765,1.198123
2012-08-01,0.958655,1.283371,1.579011,1.198310
2012-08-02,0.953142,1.283571,1.579256,1.198496
2012-08-03,0.974642,1.283771,1.579502,1.198683
2012-08-06,0.977949,1.283970,1.579748,1.198869
2012-08-07,1.000551,1.284170,1.579994,1.199056
2012-08-08,1.002756,1.284370,1.580240,1.199243
2012-08-09,1.010474,1.284570,1.580486,1.199429
2012-08-10,1.015987,1.284770,1.580732,1.199616
2012-08-13,1.007166,1.284970,1.580978,1.199803
2012-08-14,0.999449,1.285170,1.581224,1.199989
2012-08-15,1.004961,1.285370,1.581470,1.200176
2012-08-16,1.020948,1.285570,1.581716,1.200363
2012-08-17,1.013230,1.285770,1.581962,1.200550
2012-08-20,1.006615,1.285970,1.582209,1.192115
2012-08-21,1.007166,1.286171,1.582455,1.192768
2012-08-22,1.000000,1.286371,1.582701,1.184281
2012-08-23,0.993936,1.286571,1.582948,1.177100
2012-08-24,0.998897,1.286771,1.583194,1.182975
2012-08-27,0.995039,1.286971,1.583440,1.178405
2012-08-28,0.993936,1.287172,1.583687,1.177100
2012-08-29,0.995039,1.287372,1.583933,1.178405
2012-08-30,0.979603,1.287573,1.584180,1.160125
2012-08-31,0.991180,1.287773,1.584426,1.173835
2012-09-04,0.983462,1.287973,1.584673,1.164695
2012-09-05,0.978501,1.288174,1.584920,1.158820
2012-09-06,1.008269,1.288374,1.585166,1.194074
2012-09-07,1.005513,1.288575,1.580043,1.190810
2012-09-10,0.987872,1.288775,1.552323,1.169918
2012-09-11,0.994487,1.288976,1.562718,1.177753
2012-09-12,0.996692,1.289177,1.566183,1.180364
2012-09-13,1.005513,1.289377,1.580043,1.190810
2012-09-14,1.018743,1.289578,1.600833,1.206478
2012-09-17,1.008269,1.289779,1.584374,1.194074
2012-09-18,1.003859,1.289980,1.577444,1.188851
2012-09-19,0.997795,1.290180,1.567915,1.181670
2012-09-20,0.987872,1.290381,1.552323,1.169918
2012-09-21,0.988975,1.290582,1.554055,1.171224
2012-09-24,0.975193,1.290783,1.532399,1.154903
2012-09-25,0.946527,1.290984,1.487354,1.120954
2012-09-26,0.939912,1.291185,1.476959,1.113120
2012-09-27,0.960860,1.291386,1.509876,1.137928
2012-09-28,0.953142,1.291587,1.497749,1.128788
2012-10-01,0.949835,1.291788,1.492551,1.124871
2012-10-02,0.954245,1.291989,1.499481,1.130094
2012-10-03,0.951488,1.292190,1.495150,1.126830
2012-10-04,0.956450,1.292391,1.502946,1.132705
2012-10-05,0.955347,1.292592,1.501214,1.131400
2012-10-08,0.944873,1.292793,1.484755,1.118995
2012-10-09,0.929989,1.292995,1.461366,1.101368
2012-10-10,0.917310,1.293196,1.441442,1.086353
2012-10-11,0.920066,1.293397,1.445774,1.089617
2012-10-12,0.914553,1.293598,1.437111,1.083088
2012-10-15,0.927233,1.293800,1.457035,1.098104
2012-10-16,0.948181,1.294001,1.489952,1.097726
2012-10-17,0.946527,1.294203,1.487354,1.097897
2012-10-18,0.937155,1.294404,1.472627,1.098068
2012-10-19,0.909041,1.294605,1.428449,1.098239
2012-10-22,0.911246,1.294807,1.431914,1.098409
2012-10-23,0.913451,1.295009,1.435379,1.098580
2012-10-24,0.899118,1.295210,1.412856,1.098751
2012-10-25,0.912348,1.295412,1.433646,1.098922
2012-10-26,0.915105,1.295613,1.437977,1.099093
2012-10-31,0.916759,1.295815,1.440576,1.099265
2012-11-01,0.945424,1.296017,1.485621,1.099436
2012-11-02,0.927784,1.296218,1.457901,1.099607
2012-11-05,0.944322,1.296420,1.483889,1.099778
2012-11-06,0.958104,1.296622,1.505545,1.099949
2012-11-07,0.932194,1.296824,1.464831,1.100120
2012-11-08,0.921720,1.297026,1.448372,1.100292
2012-11-09,0.922822,1.297227,1.450105,1.100463
2012-11-12,0.923374,1.297429,1.450971,1.100634
2012-11-13,0.916207,1.297631,1.450471,1.100805
2012-11-14,0.901323,1.297833,1.450697,1.100977
2012-11-15,0.890298,1.298035,1.450923,1.101148
2012-11-16,0.890298,1.298237,1.451149,1.101320
2012-11-19,0.908490,1.298439,1.451375,1.101491
2012-11-20,0.904631,1.298642,1.451601,1.101662
2012-11-21,0.907938,1.298844,1.451826,1.101834
2012-11-23,0.922822,1.299046,1.452052,1.102005
2012-11-26,0.926681,1.299248,1.452278,1.102177
2012-11-27,0.924476,1.299450,1.452505,1.102348
2012-11-28,0.934399,1.299653,1.452731,1.102520
2012-11-29,0.937155,1.299855,1.452957,1.102692
2012-11-30,0.936053,1.300057,1.453183,1.102863
2012-12-03,0.931643,1.300260,1.453409,1.103035
2012-12-04,0.937155,1.300462,1.453635,1.103207
2012-12-05,0.937155,1.300664,1.453862,1.103378
2012-12-06,0.946527,1.300867,1.454088,1.103550
2012-12-07,0.948732,1.301069,1.454314,1.103722
2012-12-10,0.954796,1.301272,1.454541,1.103894
2012-12-11,0.972988,1.301474,1.454767,1.104065
2012-12-12,0.969129,1.301677,1.454993,1.104237
2012-12-13,0.960309,1.301879,1.455220,1.104409
2012-12-14,0.952591,1.302082,1.455446,1.104581
2012-12-17,0.957001,1.302285,1.455673,1.104753
2012-12-18,0.974642,1.302487,1.455899,1.104925
2012-12-19,0.972437,1.302690,1.456126,1.105097
2012-12-20,0.970783,1.302893,1.456353,1.105269
2012-12-21,0.961963,1.303096,1.456579,1.105441
2012-12-24,0.957552,1.303299,1.456806,1.105613
2012-12-26,0.950937,1.303501,1.457033,1.105785
2012-12-27,0.945976,1.303704,1.457260,1.105957
2012-12-28,0.939912,1.303907,1.457486,1.106129
2012-12-31,0.956450,1.304110,1.457713,1.106302
2013-01-02,0.997795,1.304313,1.457940,1.106474
2013-01-03,0.991180,1.304516,1.458167,1.098588
2013-01-04,0.990628,1.304719,1.458394,1.097977
2013-01-07,0.987321,1.304922,1.458621,1.094311
2013-01-08,0.975744,1.305125,1.458848,1.081480
2013-01-09,0.985116,1.305329,1.459075,1.091867
2013-01-10,0.999449,1.305532,1.459302,1.107754
2013-01-11,1.004410,1.305735,1.459529,1.113253
2013-01-14,1.002756,1.305938,1.459757,1.111420
2013-01-15,0.997244,1.306141,1.459984,1.105310
2013-01-16,1.008820,1.306345,1.460211,1.118141
2013-01-17,1.028115,1.306548,1.460438,1.139526
2013-01-18,1.023705,1.306751,1.460666,1.134638
2013-01-22,1.020397,1.306955,1.460893,1.130972
2013-01-23,1.031422,1.307158,1.461120,1.143192
2013-01-24,1.022051,1.307362,1.447121,1.132805
2013-01-25,1.034730,1.307565,1.465073,1.146858
2013-01-28,1.037486,1.310393,1.468976,1.149913
2013-01-29,1.030871,1.302038,1.459609,1.142581
2013-01-30,1.031974,1.303430,1.461170,1.143803
2013-01-31,1.029217,1.299949,1.457268,1.140748
2013-02-01,1.049614,1.325711,1.486148,1.163355
2013-02-04,1.033076,1.304823,1.462731,1.145025
2013-02-05,1.049614,1.325711,1.486148,1.163355
2013-02-06,1.051819,1.328496,1.489270,1.165799
2013-02-07,1.046307,1.321533,1.481464,1.159689
2013-02-08,1.058986,1.337548,1.499417,1.173742
2013-02-11,1.061742,1.341029,1.503320,1.176797
2013-02-12,1.063396,1.343118,1.505661,1.178630
2013-02-13,1.065601,1.345903,1.508783,1.181074
2013-02-14,1.076626,1.359828,1.524394,1.193294
2013-02-15,1.071114,1.352866,1.516589,1.187184
2013-02-19,1.083241,1.368184,1.533761,1.200626
2013-02-20,1.060088,1.338940,1.500978,1.174964
2013-02-21,1.040243,1.313874,1.472878,1.152968
2013-02-22,1.062293,1.341725,1.504100,1.177408
2013-02-25,1.041896,1.315963,1.475220,1.154801
2013-02-26,1.049063,1.325015,1.485367,1.162744
2013-02-27,1.066152,1.346599,1.509564,1.181685
2013-02-28,1.066703,1.347296,1.510344,1.182296
2013-03-01,1.062293,1.341725,1.504100,1.177408
2013-03-04,1.059537,1.338244,1.500197,1.174353
2013-03-05,1.080485,1.364702,1.529858,1.197571
2013-03-06,1.081588,1.366095,1.531419,1.198793
2013-03-07,1.086549,1.372361,1.538444,1.204292
2013-03-08,1.088203,1.374450,1.540785,1.206125
2013-03-11,1.089305,1.375843,1.542347,1.207347
2013-03-12,1.093716,1.381413,1.548591,1.212236
2013-03-13,1.097023,1.385591,1.553274,1.215902
2013-03-14,1.102536,1.392554,1.561079,1.222012
2013-03-15,1.084895,1.370273,1.536102,1.202459
2013-03-18,1.071114,1.352866,1.516589,1.187184
2013-03-19,1.066703,1.347296,1.510344,1.182296
2013-03-20,1.080485,1.364702,1.529858,1.197571
2013-03-21,1.063396,1.343118,1.505661,1.178630
2013-03-22,1.074972,1.357740,1.522052,1.191461
2013-03-25,1.070011,1.351473,1.515028,1.185962
2013-03-26,1.078280,1.361917,1.526736,1.195127
2013-03-27,1.080485,1.364702,1.529858,1.197571
2013-03-28,1.088203,1.374450,1.540785,1.206125
2013-04-01,1.065601,1.345903,1.508783,1.181074
2013-04-02,1.056229,1.334066,1.495514,1.170687
2013-04-03,1.035281,1.307608,1.465854,1.147469
2013-04-04,1.048512,1.324318,1.484587,1.162133
2013-04-05,1.042999,1.317356,1.476781,1.156023
2013-04-08,1.055678,1.333370,1.494734,1.170076
2013-04-09,1.066152,1.346599,1.509564,1.181685
2013-04-10,1.089857,1.376539,1.543127,1.207958
2013-04-11,1.084895,1.370273,1.536102,1.202459
2013-04-12,1.080485,1.364702,1.529858,1.197571
2013-04-15,1.054024,1.331281,1.492392,1.168243
2013-04-16,1.075524,1.358436,1.522833,1.192072
2013-04-17,1.039691,1.313178,1.472098,1.152357
2013-04-18,1.030871,1.302038,1.459609,1.142581
2013-04-19,1.038589,1.311785,1.470537,1.151135
2013-04-22,1.049614,1.325711,1.486148,1.163355
2013-04-23,1.071665,1.353562,1.517369,1.187795
2013-04-24,1.085447,1.370969,1.536883,1.203070
2013-04-25,1.095921,1.384198,1.551713,1.214680
2013-04-26,1.085447,1.370969,1.536883,1.203070
2013-04-29,1.098677,1.387680,1.555616,1.217735
2013-04-30,1.106946,1.398124,1.567324,1.226900
2013-05-01,1.098677,1.387680,1.555616,1.217735
2013-05-02,1.113010,1.405783,1.575910,1.233621
2013-05-03,1.121830,1.416923,1.588398,1.243397
2013-05-06,1.130650,1.428064,1.600887,1.253173
2013-05-07,1.131202,1.428760,1.601668,1.253784
2013-05-08,1.143330,1.444078,1.618839,1.267226
2013-05-09,1.152150,1.455218,1.631328,1.277002
2013-05-10,1.162073,1.467751,1.645378,1.288000
2013-05-13,1.151047,1.453826,1.629767,1.275780
2013-05-14,1.156009,1.460092,1.636792,1.281279
2013-05-15,1.167585,1.474714,1.653183,1.294110
2013-05-16,1.159316,1.464270,1.641475,1.284945
2013-05-17,1.174201,1.483069,1.662550,1.301442
2013-05-20,1.171996,1.480284,1.659427,1.298998
2013-05-21,1.171444,1.479588,1.658647,1.298387
2013-05-22,1.153252,1.456611,1.632889,1.278224
2013-05-23,1.153252,1.456611,1.632889,1.278224
2013-05-24,1.152701,1.455915,1.632109,1.277613
2013-05-28,1.163175,1.469144,1.646939,1.289222
2013-05-29,1.167585,1.474714,1.653183,1.294110
2013-05-30,1.185777,1.497691,1.678941,1.314274
2013-05-31,1.170342,1.478196,1.657086,1.297165
2013-06-03,1.174201,1.483069,1.662550,1.301442
2013-06-04,1.179713,1.490032,1.670355,1.307552
2013-06-05,1.161521,1.467055,1.644597,1.287389
2013-06-06,1.159868,1.464966,1.642256,1.285556
2013-06-07,1.177508,1.487247,1.667233,1.305108
2013-06-10,1.184675,1.496299,1.677380,1.313051
2013-06-11,1.157663,1.462181,1.639133,1.283112
2013-06-12,1.144432,1.445471,1.620401,1.268448
2013-06-13,1.167585,1.474714,1.653183,1.294110
2013-06-14,1.163175,1.469144,1.646939,1.289222
2013-06-17,1.179713,1.490032,1.670355,1.307552
2013-06-18,1.199559,1.515098,1.698454,1.329549
2013-06-19,1.185226,1.496995,1.678160,1.313662
2013-06-20,1.147740,1.449648,1.625084,1.272114
2013-06-21,1.152701,1.455915,1.632109,1.277613
2013-06-24,1.127894,1.424582,1.596984,1.250118
2013-06-25,1.155458,1.459396,1.636011,1.280668
2013-06-26,1.159316,1.464270,1.641475,1.284945
2013-06-27,1.163175,1.469144,1.646939,1.289222
2013-06-28,1.167034,1.474018,1.652403,1.293499
2013-07-01,1.165932,1.472625,1.650842,1.292277
2013-07-02,1.167585,1.474714,1.653183,1.294110
2013-07-03,1.172547,1.480981,1.660208,1.299609
2013-07-05,1.187982,1.500476,1.682063,1.316718
2013-07-08,1.164278,1.470537,1.648500,1.290444
2013-07-09,1.176957,1.486551,1.666452,1.304497
2013-07-10,1.189085,1.501869,1.683624,1.317940
2013-07-11,1.214994,1.534594,1.720310,1.346657
2013-07-12,1.221610,1.542949,1.729676,1.353989
2013-07-15,1.221610,1.542949,1.729676,1.353989
2013-07-16,1.226020,1.548519,1.735920,1.358877
2013-07-17,1.226571,1.549216,1.736701,1.359488
2013-07-18,1.216097,1.535987,1.721871,1.347879
2013-07-19,1.213341,1.532505,1.717968,1.344824
2013-07-22,1.210584,1.529024,1.714065,1.341769
2013-07-23,1.207277,1.524846,1.709382,1.338103
2013-07-24,1.184675,1.496299,1.677380,1.313051
2013-07-25,1.190739,1.503958,1.685966,1.319773
2013-07-26,1.181367,1.492121,1.672697,1.309385
2013-07-29,1.173649,1.482373,1.661769,1.300831
2013-07-30,1.187982,1.500476,1.682063,1.316718
2013-07-31,1.194046,1.508135,1.690649,1.323439
2013-08-01,1.214443,1.533898,1.719529,1.346046
2013-08-02,1.207828,1.525542,1.710163,1.338714
2013-08-05,1.205623,1.522757,1.707040,1.336270
2013-08-06,1.197905,1.513009,1.696113,1.327716
2013-08-07,1.185226,1.496995,1.678160,1.313662
2013-08-08,1.185777,1.497691,1.678941,1.314274
2013-08-09,1.179713,1.490032,1.670355,1.307552
2013-08-12,1.184123,1.495602,1.676599,1.312440
2013-08-13,1.197905,1.513009,1.696113,1.327716
2013-08-14,1.179713,1.490032,1.670355,1.307552
2013-08-15,1.153252,1.456611,1.632889,1.278224
2013-08-16,1.157111,1.461485,1.638353,1.282501
2013-08-19,1.148842,1.451041,1.626645,1.273336
2013-08-20,1.157111,1.461485,1.638353,1.282501
2013-08-21,1.148291,1.450344,1.625864,1.272725
2013-08-22,1.160970,1.466359,1.643817,1.286778
2013-08-23,1.160970,1.466359,1.643817,1.286778
2013-08-26,1.158765,1.463574,1.640695,1.284334
2013-08-27,1.130099,1.427367,1.600106,1.252562
2013-08-28,1.144983,1.446167,1.621181,1.269059
2013-08-29,1.156560,1.460789,1.637572,1.281890
2013-08-30,1.146637,1.448256,1.623523,1.270892
2013-09-03,1.156560,1.460789,1.637572,1.281890
2013-09-04,1.185777,1.497691,1.678941,1.314274
2013-09-05,1.194598,1.508832,1.691430,1.324050
2013-09-06,1.189085,1.501869,1.683624,1.317940
2013-09-09,1.205072,1.522061,1.706260,1.335659
2013-09-10,1.228225,1.551305,1.739043,1.361321
2013-09-11,1.224917,1.547127,1.734359,1.357655
2013-09-12,1.217200,1.537379,1.723432,1.349101
2013-09-13,1.222712,1.544342,1.731237,1.355211
2013-09-16,1.226571,1.549216,1.736701,1.359488
2013-09-17,1.235391,1.560356,1.749190,1.369264
2013-09-18,1.246417,1.574282,1.764800,1.381484
2013-09-19,1.242558,1.569408,1.759337,1.377207
2013-09-20,1.235943,1.561052,1.749970,1.369875
2013-09-23,1.230430,1.554090,1.742165,1.363765
2013-09-24,1.232635,1.556875,1.745287,1.366209
2013-09-25,1.234289,1.558964,1.747628,1.368042
2013-09-26,1.233186,1.557571,1.746067,1.366820
2013-09-27,1.223264,1.545038,1.732018,1.355822
2013-09-30,1.224917,1.547127,1.734359,1.357655
2013-10-01,1.236494,1.561749,1.750751,1.370486
2013-10-02,1.234289,1.558964,1.747628,1.368042
2013-10-03,1.230981,1.554786,1.742945,1.364376
2013-10-04,1.240353,1.566623,1.756214,1.374763
2013-10-07,1.234289,1.558964,1.747628,1.368042
2013-10-08,1.214443,1.533898,1.719529,1.346046
2013-10-09,1.210033,1.528327,1.713285,1.341158
2013-10-10,1.237045,1.562445,1.751531,1.371097
2013-10-11,1.239802,1.565926,1.755434,1.374152
2013-10-14,1.249173,1.577763,1.768703,1.384539
2013-10-15,1.238148,1.563838,1.753092,1.372319
2013-10-16,1.249724,1.578459,1.769484,1.385150
2013-10-17,1.259096,1.590296,1.782753,1.395537
2013-10-18,1.262404,1.594474,1.787436,1.399203
2013-10-21,1.265711,1.598651,1.792119,1.402869
2013-10-22,1.262955,1.595170,1.788217,1.399814
2013-10-23,1.221058,1.542253,1.728896,1.353378
2013-10-24,1.232084,1.556179,1.744506,1.365598
2013-10-25,1.235943,1.561052,1.749970,1.369875
2013-10-28,1.244212,1.571497,1.761678,1.379040
2013-10-29,1.264057,1.596563,1.789778,1.401036
2013-10-30,1.257442,1.588207,1.780411,1.393704
2013-10-31,1.265711,1.598651,1.792119,1.402869
2013-11-01,1.260198,1.591689,1.784314,1.396759
2013-11-04,1.259096,1.590296,1.782753,1.395537
2013-11-05,1.256340,1.586815,1.778850,1.392482
2013-11-06,1.258545,1.589600,1.781972,1.394926
2013-11-07,1.236494,1.561749,1.750751,1.370486
2013-11-08,1.249724,1.578459,1.769484,1.385150
2013-11-11,1.249724,1.578459,1.769484,1.385150
2013-11-12,1.257442,1.588207,1.780411,1.393704
2013-11-13,1.267916,1.601437,1.795241,1.405313
2013-11-14,1.262404,1.594474,1.787436,1.399203
2013-11-15,1.270673,1.604918,1.799144,1.408368
2013-11-18,1.259096,1.590296,1.782753,1.395537
2013-11-19,1.244763,1.572193,1.762459,1.379651
2013-11-20,1.238148,1.563838,1.753092,1.372319
2013-11-21,1.260198,1.591689,1.784314,1.396759
2013-11-22,1.261852,1.593777,1.786655,1.398592
2013-11-25,1.260198,1.591689,1.784314,1.396759
2013-11-26,1.271224,1.605614,1.799925,1.408979
2013-11-27,1.274531,1.609792,1.804608,1.412645
2013-11-29,1.276736,1.612577,1.807730,1.415089
2013-12-02,1.273429,1.608399,1.803047,1.411423
2013-12-03,1.277839,1.613970,1.809291,1.416311
2013-12-04,1.271775,1.606310,1.800705,1.409590
2013-12-05,1.274531,1.609792,1.804608,1.412645
2013-12-06,1.289416,1.628591,1.825682,1.429143
2013-12-09,1.292172,1.632073,1.829585,1.432198
2013-12-10,1.288864,1.627895,1.824902,1.428532
2013-12-11,1.277839,1.613970,1.809291,1.416311
2013-12-12,1.267365,1.600740,1.794461,1.404702
2013-12-13,1.264609,1.597259,1.790558,1.401647
2013-12-16,1.280044,1.616755,1.812413,1.418755
2013-12-17,1.293826,1.634162,1.831927,1.434031
2013-12-18,1.300441,1.642517,1.841293,1.441363
2013-12-19,1.294928,1.635554,1.833488,1.435253
2013-12-20,1.306505,1.650176,1.849879,1.448084
2013-12-23,1.312018,1.657139,1.857685,1.454194
2013-12-24,1.315325,1.661316,1.862368,1.457860
2013-12-26,1.320287,1.667583,1.869393,1.463359
2013-12-27,1.321389,1.668975,1.870954,1.464581
2013-12-30,1.323594,1.671760,1.874076,1.467025
2013-12-31,1.336273,1.687775,1.892028,1.481078
2014-01-02,1.317530,1.664101,1.865490,1.460304
2014-01-03,1.313671,1.659228,1.860026,1.456027
2014-01-06,1.307607,1.651568,1.851440,1.449306
2014-01-07,1.316428,1.662709,1.863929,1.459082
2014-01-08,1.336273,1.687775,1.892028,1.481078
2014-01-09,1.326351,1.675242,1.877979,1.470080
2014-01-10,1.332415,1.682901,1.886565,1.476801
2014-01-13,1.316979,1.663405,1.864709,1.459693
2014-01-14,1.345645,1.699612,1.905298,1.491465
2014-01-15,1.357222,1.714233,1.921689,1.504296
2014-01-16,1.350606,1.705878,1.912322,1.496964
2014-01-17,1.342889,1.696130,1.901395,1.488410
2014-01-21,1.350606,1.705878,1.912322,1.496964
2014-01-22,1.364939,1.723981,1.932616,1.512850
2014-01-23,1.351158,1.706574,1.913103,1.497575
2014-01-24,1.319735,1.666887,1.868612,1.462748
2014-01-27,1.310915,1.655746,1.856124,1.452972
2014-01-28,1.315877,1.662013,1.863148,1.458471
2014-01-29,1.310915,1.655746,1.856124,1.452972
2014-01-30,1.327453,1.676634,1.879540,1.471302
2014-01-31,1.321389,1.668975,1.870954,1.464581
2014-02-03,1.292172,1.632073,1.829585,1.432198
2014-02-04,1.294377,1.634858,1.832707,1.434642
2014-02-05,1.296031,1.636947,1.835049,1.436475
2014-02-06,1.316428,1.662709,1.863929,1.459082
2014-02-07,1.337376,1.689167,1.893589,1.482300
2014-02-10,1.343991,1.697523,1.902956,1.489632
2014-02-11,1.361632,1.719804,1.927933,1.509184
2014-02-12,1.373760,1.735122,1.945105,1.522626
2014-02-13,1.389195,1.754617,1.966960,1.539735
2014-02-14,1.398015,1.765758,1.979449,1.549511
2014-02-18,1.401874,1.770632,1.984913,1.553788
2014-02-19,1.400772,1.769239,1.983351,1.552566
2014-02-20,1.410143,1.781076,1.996621,1.562953
2014-02-21,1.404079,1.773417,1.988035,1.556232
2014-02-24,1.409592,1.780380,1.995840,1.562342
2014-02-25,1.401874,1.770632,1.984913,1.553788
2014-02-26,1.411797,1.783165,1.998962,1.564786
2014-02-27,1.411246,1.782468,1.998182,1.564175
2014-02-28,1.410143,1.781076,1.996621,1.562953
2014-03-03,1.401323,1.769936,1.984132,1.553177
2014-03-04,1.426130,1.801268,2.019256,1.580672
2014-03-05,1.428886,1.804749,2.023159,1.583727
2014-03-06,1.438809,1.817282,2.037209,1.594725
2014-03-07,1.437155,1.815193,2.034867,1.592892
2014-03-10,1.434950,1.812408,2.031745,1.590448
2014-03-11,1.427233,1.802661,2.020817,1.581894
2014-03-12,1.438258,1.816586,2.036428,1.594114
2014-03-13,1.415105,1.787342,2.003646,1.568452
2014-03-14,1.406836,1.776898,1.991937,1.559287
2014-03-17,1.424476,1.799179,2.016915,1.578839
2014-03-18,1.444873,1.824941,2.045795,1.601446
2014-03-19,1.443771,1.823549,2.044234,1.600224
2014-03-20,1.470232,1.856970,2.081699,1.629553
2014-03-21,1.457552,1.840956,2.063747,1.615499
2014-03-24,1.451488,1.833297,2.055161,1.608778
2014-03-25,1.458655,1.842348,2.065308,1.616721
2014-03-26,1.442117,1.821460,2.041892,1.598391
2014-03-27,1.431643,1.808231,2.027062,1.586782
2014-03-28,1.441014,1.820067,2.040331,1.597169
2014-03-31,1.464168,1.849311,2.073114,1.622831
2014-04-01,1.487872,1.879251,2.106677,1.649105
2014-04-02,1.485667,1.876466,2.103555,1.646661
2014-04-03,1.487872,1.879251,2.106677,1.649105
2014-04-04,1.445424,1.825638,2.046575,1.602057
2014-04-07,1.432745,1.809623,2.028623,1.588004
2014-04-08,1.451488,1.833297,2.055161,1.608778
2014-04-09,1.466373,1.852096,2.076236,1.625275
2014-04-10,1.421169,1.795001,2.012231,1.575173
2014-04-11,1.399118,1.767150,1.981010,1.550733
2014-04-14,1.410143,1.781076,1.996621,1.562953
2014-04-15,1.419515,1.792913,2.009890,1.573340
2014-04-16,1.416759,1.789431,2.005987,1.570285
2014-04-17,1.443771,1.823549,2.044234,1.600224
2014-04-21,1.456450,1.839563,2.062186,1.614277
2014-04-22,1.469680,1.856274,2.080919,1.628941
2014-04-23,1.468578,1.854881,2.079358,1.627719
2014-04-24,1.476847,1.865325,2.091066,1.636885
2014-04-25,1.428335,1.804053,2.022378,1.583116
2014-04-28,1.420066,1.793609,2.010670,1.573951
2014-04-29,1.429989,1.806142,2.024720,1.584949
2014-04-30,1.437155,1.815193,2.034867,1.592892
2014-05-01,1.432745,1.809623,2.028623,1.588004
2014-05-02,1.437707,1.815890,2.035648,1.593503
2014-05-05,1.438809,1.817282,2.037209,1.594725
2014-05-06,1.433297,1.810320,2.029403,1.588615
2014-05-07,1.433848,1.811016,2.030184,1.589226
2014-05-08,1.443771,1.823549,2.044234,1.600224
2014-05-09,1.439361,1.817979,2.037989,1.595336
2014-05-12,1.465270,1.850704,2.074675,1.624053
2014-05-13,1.453693,1.836082,2.058283,1.611222
2014-05-14,1.441566,1.820764,2.041111,1.597780
2014-05-15,1.425028,1.799875,2.017695,1.579450
2014-05-16,1.440463,1.819371,2.039550,1.596558
2014-05-19,1.455347,1.838171,2.060625,1.613055
2014-05-20,1.448181,1.829119,2.050478,1.605112
2014-05-21,1.455347,1.838171,2.060625,1.613055
2014-05-22,1.461963,1.846526,2.069991,1.620387
2014-05-23,1.475744,1.863933,2.089505,1.635663
2014-05-27,1.493936,1.886910,2.115263,1.655826
2014-05-28,1.496141,1.889695,2.118385,1.658270
2014-05-29,1.498897,1.893176,2.122288,1.661325
2014-05-30,1.500551,1.895265,2.124629,1.663158
2014-06-02,1.508820,1.905709,2.136337,1.672323
2014-06-03,1.523153,1.923813,2.156631,1.688209
2014-06-04,1.529768,1.932168,2.165998,1.695541
2014-06-05,1.537486,1.941916,2.176925,1.704095
2014-06-06,1.546307,1.953056,2.189414,1.713871
2014-06-09,1.547960,1.955145,2.191756,1.715704
2014-06-10,1.552370,1.960715,2.198000,1.720592
2014-06-11,1.560639,1.971159,2.209708,1.729757
2014-06-12,1.555127,1.964197,2.201903,1.723647
2014-06-13,1.570562,1.983692,2.223758,1.740756
2014-06-16,1.579934,1.995529,2.237027,1.751143
2014-06-17,1.591510,2.010151,2.253418,1.763974
2014-06-18,1.584895,2.001796,2.244052,1.756642
2014-06-19,1.587100,2.004581,2.247174,1.759086
2014-06-20,1.592062,2.010847,2.254199,1.764585
2014-06-23,1.585998,2.003188,2.245613,1.757864
2014-06-24,1.568908,1.981604,2.221416,1.738923
2014-06-25,1.575524,1.989959,2.230783,1.746255
2014-06-26,1.568357,1.980907,2.220636,1.738312
2014-06-27,1.570562,1.983692,2.223758,1.740756
2014-06-30,1.587652,2.005277,2.247954,1.759697
2014-07-01,1.609151,2.032432,2.278396,1.783526
2014-07-02,1.613561,2.038002,2.284640,1.788414
2014-07-03,1.623484,2.050535,2.298690,1.799412
2014-07-07,1.613010,2.037306,2.283859,1.787803
2014-07-08,1.604190,2.026165,2.271371,1.778027
2014-07-09,1.614112,2.038698,2.285420,1.789025
2014-07-10,1.606395,2.028950,2.274493,1.780471
2014-07-11,1.606395,2.028950,2.274493,1.780471
2014-07-14,1.614112,2.038698,2.285420,1.789025
2014-07-15,1.609702,2.033128,2.279176,1.784137
2014-07-16,1.628445,2.056802,2.305714,1.804911
2014-07-17,1.585998,2.003188,2.245613,1.757864
2014-07-18,1.606946,2.029647,2.275273,1.781082
2014-07-21,1.611907,2.035913,2.282298,1.786581
2014-07-22,1.622381,2.049142,2.297128,1.798190
2014-07-23,1.584895,2.001796,2.244052,1.756642
2014-07-24,1.570562,1.983692,2.223758,1.740756
2014-07-25,1.539140,1.944005,2.179267,1.705928
2014-07-28,1.538037,1.942612,2.177706,1.704706
2014-07-29,1.535281,1.939131,2.173803,1.701651
2014-07-30,1.550165,1.957930,2.194878,1.718148
2014-07-31,1.518743,1.918242,2.150387,1.683321
2014-08-01,1.523705,1.924509,2.157412,1.688820
2014-08-04,1.530320,1.932864,2.166778,1.696152
2014-08-05,1.513782,1.911976,2.143362,1.677822
2014-08-06,1.518743,1.918242,2.150387,1.683321
2014-08-07,1.498346,1.892480,2.121507,1.660714
2014-08-08,1.517089,1.916154,2.148045,1.681488
2014-08-11,1.530871,1.933561,2.167559,1.696763
2014-08-12,1.529768,1.932168,2.165998,1.695541
2014-08-13,1.544101,1.950271,2.186292,1.711427
2014-08-14,1.547409,1.954449,2.190975,1.715093
2014-08-15,1.563396,1.974641,2.213611,1.732812
2014-08-18,1.569460,1.982300,2.222197,1.739534
2014-08-19,1.581036,1.996922,2.238588,1.752365
2014-08-20,1.594267,2.013632,2.257321,1.767029
2014-08-21,1.600331,2.021291,2.265907,1.773750
2014-08-22,1.601433,2.022684,2.267468,1.774972
2014-08-25,1.595369,2.015025,2.258882,1.768251
2014-08-26,1.595921,2.015721,2.259663,1.768862
2014-08-27,1.598677,2.019203,2.263565,1.771917
2014-08-28,1.603638,2.025469,2.270590,1.777416
2014-08-29,1.615766,2.040787,2.287762,1.790858
2014-09-02,1.608600,2.031736,2.277615,1.782915
2014-09-03,1.613010,2.037306,2.283859,1.787803
2014-09-04,1.617420,2.042876,2.290104,1.792691
2014-09-05,1.631202,2.060283,2.309617,1.807966
2014-09-08,1.635061,2.065157,2.315081,1.812243
2014-09-09,1.620176,2.046357,2.294006,1.795746
2014-09-10,1.619625,2.045661,2.293226,1.795135
2014-09-11,1.623484,2.050535,2.298690,1.799412
2014-09-12,1.603638,2.025469,2.270590,1.777416
2014-09-15,1.583793,2.000403,2.242491,1.755420
2014-09-16,1.611356,2.035217,2.281518,1.785970
2014-09-17,1.622933,2.049839,2.297909,1.798801
2014-09-18,1.647740,2.081171,2.333033,1.826296
2014-09-19,1.627343,2.055409,2.304153,1.803689
2014-09-22,1.607497,2.030343,2.276054,1.781693
2014-09-23,1.602536,2.024077,2.269029,1.776194
2014-09-24,1.617971,2.043572,2.290884,1.793302
2014-09-25,1.588203,2.005973,2.248735,1.760308
2014-09-26,1.606946,2.029647,2.275273,1.781082
2014-09-29,1.609151,2.032432,2.278396,1.783526
2014-09-30,1.595921,2.015721,2.259663,1.768862
2014-10-01,1.556781,1.966286,2.204244,1.725480
2014-10-02,1.547409,1.954449,2.190975,1.715093
2014-10-03,1.557332,1.966982,2.205025,1.726091
2014-10-06,1.543550,1.949575,2.185511,1.710816
2014-10-07,1.514333,1.912672,2.144143,1.678433
2014-10-08,1.548512,1.955841,2.192536,1.716315
2014-10-09,1.506615,1.902924,2.133215,1.669879
2014-10-10,1.402426,1.771328,1.985693,1.554399
2014-10-13,1.372657,1.733729,1.943544,1.521404
2014-10-14,1.397464,1.765062,1.978668,1.520880
2014-10-15,1.404079,1.773417,1.988035,1.521117
2014-10-16,1.426130,1.801268,2.019256,1.521354
2014-10-17,1.436604,1.814497,2.018561,1.521591
2014-10-20,1.459206,1.843045,2.018875,1.521828
2014-10-21,1.513230,1.911280,2.019189,1.522064
2014-10-22,1.491180,1.883429,2.019504,1.522301
2014-10-23,1.512679,1.910583,2.019818,1.522538
2014-10-24,1.528115,1.930079,2.020132,1.522775
2014-10-27,1.535281,1.939131,2.020447,1.523012
2014-10-28,1.556781,1.966286,2.020761,1.523249
2014-10-29,1.560088,1.970463,2.021076,1.523486
2014-10-30,1.541345,1.946790,2.021390,1.523724
2014-10-31,1.601433,2.022684,2.021705,1.523961
2014-11-03,1.612459,2.036610,2.022020,1.524198
2014-11-04,1.606395,2.028950,2.022334,1.524435
2014-11-05,1.622933,2.049839,2.022649,1.524672
2014-11-06,1.608600,2.031736,2.022964,1.524910
2014-11-07,1.594267,2.013632,2.023279,1.525147
2014-11-10,1.605843,2.028254,2.023594,1.525385
2014-11-11,1.603087,2.024773,2.023909,1.525622
2014-11-12,1.600331,2.021291,2.024224,1.525859
2014-11-13,1.600882,2.021988,2.024539,1.526097
2014-11-14,1.614664,2.039395,2.024854,1.526334
2014-11-17,1.607497,2.030343,2.025169,1.526572
2014-11-18,1.638920,2.070031,2.025484,1.555634
2014-11-19,1.627343,2.055409,2.025800,1.544646
2014-11-20,1.642227,2.074208,2.026115,1.558774
2014-11-21,1.660419,2.097186,2.026430,1.576041
2014-11-24,1.676406,2.117378,2.026746,1.591216
2014-11-25,1.676957,2.118074,2.027061,1.591739
2014-11-26,1.712238,2.162636,2.027377,1.625227
2014-11-28,1.717200,2.168902,2.027692,1.629936
2014-12-01,1.695149,2.141051,2.028008,1.609006
2014-12-02,1.706174,2.154977,2.028323,1.619471
2014-12-03,1.742007,2.200235,2.028639,1.653483
2014-12-04,1.743109,2.201627,2.028955,1.654529
2014-12-05,1.760750,2.223908,2.029271,1.671273
2014-12-08,1.735943,2.192575,2.029587,1.647727
2014-12-09,1.735943,2.192575,2.029902,1.647727
2014-12-10,1.702867,2.150799,1.990230,1.616332
2014-12-11,1.710584,2.160547,1.999250,1.623657
2014-12-12,1.682470,2.125037,1.966391,1.596971
2014-12-15,1.667034,2.105541,1.948351,1.582320
2014-12-16,1.655458,2.090919,1.934820,1.571332
2014-12-17,1.691290,2.136177,1.976700,1.605343
2014-12-18,1.723264,2.176561,2.014069,1.635692
2014-12-19,1.723264,2.176561,2.014069,1.635692
2014-12-22,1.744763,2.203716,2.039196,1.656099
2014-12-23,1.740904,2.198842,2.034686,1.652436
2014-12-24,1.729327,2.184220,2.021156,1.641448
2014-12-26,1.731533,2.187005,2.023733,1.643541
2014-12-29,1.726571,2.180739,2.017934,1.638832
2014-12-30,1.715546,2.166813,2.005049,1.628367
2014-12-31,1.706725,2.155673,1.994740,1.619994
2015-01-02,1.705623,2.154280,1.993451,1.618948
2015-01-05,1.673098,2.113200,1.955438,1.588076
2015-01-06,1.636163,2.066549,1.912270,1.553018
2015-01-07,1.652150,2.086741,1.930955,1.568192
2015-01-08,1.701213,2.148710,1.988297,1.614762
2015-01-09,1.702315,2.150103,1.989585,1.615808
2015-01-12,1.669239,2.108326,1.950928,1.584413
2015-01-13,1.653252,2.088134,1.932243,1.569239
2015-01-14,1.643881,2.076297,1.921290,1.560344
2015-01-15,1.630650,2.059587,1.905827,1.547785
2015-01-16,1.648291,2.081867,1.926444,1.564530
2015-01-20,1.665380,2.103452,1.946418,1.580750
2015-01-21,1.684675,2.127822,1.968968,1.599064
2015-01-22,1.694598,2.140355,1.980565,1.608483
2015-01-23,1.690187,2.134785,1.975411,1.604297
2015-01-26,1.693495,2.138962,1.979277,1.607436
2015-01-27,1.663175,2.100667,1.943840,1.578657
2015-01-28,1.655458,2.090919,1.934820,1.571332
2015-01-29,1.656560,2.092312,1.936109,1.572378
2015-01-30,1.624035,2.051231,1.898095,1.541506
2015-02-02,1.627894,2.056105,1.902606,1.545169
2015-02-03,1.657111,2.093008,1.936753,1.572902
2015-02-04,1.663175,2.100667,1.943840,1.578657
2015-02-05,1.679162,2.120859,1.962525,1.593832
2015-02-06,1.670342,2.109719,1.952216,1.585460
2015-02-09,1.652701,2.087438,1.931599,1.568716
2015-02-10,1.708379,2.157762,1.996673,1.621564
2015-02-11,1.713892,2.164724,2.003116,1.626797
2015-02-12,1.741455,2.199538,2.035330,1.652959
2015-02-13,1.753583,2.214856,2.049505,1.664471
2015-02-17,1.759096,2.221819,2.055948,1.669704
2015-02-18,1.754686,2.216249,2.050794,1.665518
2015-02-19,1.759096,2.221819,2.055948,1.669704
2015-02-20,1.769570,2.235048,2.068190,1.679645
2015-02-23,1.758545,2.221123,2.055304,1.669180
2015-02-24,1.782249,2.251063,2.083008,1.691680
2015-02-25,1.772878,2.239226,2.072055,1.682785
2015-02-26,1.785006,2.254544,2.086230,1.694297
2015-02-27,1.780044,2.248278,2.080431,1.689587
2015-03-02,1.828556,2.309550,2.137129,1.735634
2015-03-03,1.794928,2.267077,2.097827,1.703715
2015-03-04,1.792723,2.264292,2.095250,1.701622
2015-03-05,1.793826,2.265685,2.096539,1.702669
2015-03-06,1.775083,2.242011,2.074633,1.684878
2015-03-09,1.780595,2.248974,2.081075,1.690111
2015-03-10,1.747519,2.207197,2.042418,1.658715
2015-03-11,1.751378,2.212071,2.046928,1.662378
2015-03-12,1.750827,2.211375,2.046284,1.661855
2015-03-13,1.762955,2.226693,2.060458,1.673366
2015-03-16,1.789416,2.260114,2.091384,1.698483
2015-03-17,1.776736,2.244100,2.076565,1.686448
2015-03-18,1.789967,2.260811,2.092029,1.699006
2015-03-19,1.793826,2.265685,2.096539,1.702669
2015-03-20,1.819184,2.297713,2.126176,1.726738
2015-03-23,1.804300,2.278914,2.108780,1.712610
2015-03-24,1.788864,2.259418,2.090740,1.697959
2015-03-25,1.701213,2.148710,1.988297,1.614762
2015-03-26,1.677508,2.118770,1.960592,1.592262
2015-03-27,1.725469,2.179346,2.016646,1.637785
2015-03-30,1.747519,2.207197,2.042418,1.658715
2015-03-31,1.727674,2.182131,2.019223,1.639878
2015-04-01,1.716648,2.168206,2.006337,1.629413
2015-04-02,1.712789,2.163332,2.001827,1.625750
2015-04-06,1.719956,2.172383,2.010203,1.632553
2015-04-07,1.721058,2.173776,2.011492,1.633599
2015-04-08,1.730981,2.186309,2.023089,1.643018
2015-04-09,1.753583,2.214856,2.049505,1.664471
2015-04-10,1.760750,2.223908,2.057881,1.671273
2015-04-13,1.750276,2.210679,2.045639,1.661332
2015-04-14,1.732635,2.188398,2.025022,1.644587
2015-04-15,1.761301,2.224604,2.058525,1.671797
2015-04-16,1.753583,2.214856,2.049505,1.664471
2015-04-17,1.728776,2.183524,2.020512,1.640925
2015-04-20,1.743660,2.202323,2.037908,1.655052
2015-04-21,1.755237,2.216945,2.051438,1.666041
2015-04-22,1.780044,2.248278,2.080431,1.689587
2015-04-23,1.752481,2.213464,2.048216,1.663425
2015-04-24,1.723815,2.177257,2.014713,1.636215
2015-04-27,1.728225,2.182828,2.019867,1.640401
2015-04-28,1.729879,2.184916,2.021800,1.641971
2015-04-29,1.720507,2.173080,2.010847,1.633076
2015-04-30,1.705623,2.154280,1.993451,1.618948
2015-05-01,1.753032,2.214160,2.048861,1.663948
2015-05-04,1.749173,2.209286,2.044351,1.660285
2015-05-05,1.711136,2.161243,1.999894,1.624181
2015-05-06,1.709482,2.159154,1.997961,1.622611
2015-05-07,1.728225,2.182828,2.019867,1.640401
2015-05-08,1.745314,2.204412,2.039841,1.656622
2015-05-11,1.746417,2.205805,2.041129,1.657669
2015-05-12,1.730430,2.185613,2.022445,1.642494
2015-05-13,1.741455,2.199538,2.035330,1.652959
2015-05-14,1.761852,2.225301,2.059169,1.672320
2015-05-15,1.765160,2.229478,2.063035,1.675459
2015-05-18,1.782249,2.251063,2.083008,1.691680
2015-05-19,1.775634,2.242707,2.075277,1.685401
2015-05-20,1.779493,2.247581,2.079787,1.689064
2015-05-21,1.788864,2.259418,2.090740,1.697959
2015-05-22,1.792172,2.263596,2.094606,1.701099
2015-05-26,1.778390,2.246189,2.078498,1.688018
2015-05-27,1.848401,2.334616,2.160324,1.754471
2015-05-28,1.850055,2.336705,2.162257,1.756041
2015-05-29,1.857222,2.345756,2.170633,1.762843
2015-06-01,1.858324,2.347149,2.171921,1.763889
2015-06-02,1.837376,2.320690,2.147438,1.744006
2015-06-03,1.825248,2.305372,2.133263,1.732494
2015-06-04,1.808710,2.284484,2.113935,1.716796
2015-06-05,1.808710,2.284484,2.113935,1.716796
2015-06-08,1.774531,2.241315,2.073988,1.684355
2015-06-09,1.773429,2.239922,2.072700,1.683308
2015-06-10,1.795480,2.267773,2.098471,1.704238
2015-06-11,1.794928,2.267077,2.097827,1.703715
2015-06-12,1.778942,2.246885,2.079143,1.688541
2015-06-15,1.775083,2.242011,2.074633,1.684878
2015-06-16,1.780044,2.248278,2.080431,1.689587
2015-06-17,1.781698,2.250366,2.082364,1.691157
2015-06-18,1.807056,2.282395,2.112002,1.715227
2015-06-19,1.797685,2.270558,2.101049,1.706331
2015-06-22,1.813120,2.290054,2.119089,1.720983
2015-06-23,1.804300,2.278914,2.108780,1.712610
2015-06-24,1.780595,2.248974,2.081075,1.690111
2015-06-25,1.778942,2.246885,2.079143,1.688541
2015-06-26,1.734840,2.191183,2.027599,1.646680
2015-06-29,1.686329,2.129911,1.970901,1.600634
2015-06-30,1.692393,2.137570,1.977988,1.606390
2015-07-01,1.696251,2.142444,1.982498,1.610053
2015-07-02,1.703969,2.152191,1.991518,1.617378
2015-07-06,1.679162,2.120859,1.962525,1.593832
2015-07-07,1.674201,2.114593,1.956726,1.593283
2015-07-08,1.628997,2.057498,1.903894,1.593531
2015-07-09,1.608049,2.031039,1.879411,1.593779
2015-07-10,1.637817,2.068638,1.914203,1.594027
2015-07-13,1.651599,2.086045,1.930310,1.594275
2015-07-14,1.668688,2.107630,1.950283,1.594523
2015-07-15,1.658765,2.095097,1.938686,1.594771
2015-07-16,1.662073,2.099274,1.942552,1.595020
2015-07-17,1.658765,2.095097,1.938686,1.595268
2015-07-20,1.647189,2.080475,1.925156,1.595516
2015-07-21,1.647740,2.081171,1.924493,1.595764
2015-07-22,1.606395,2.028950,1.924792,1.596013
2015-07-23,1.630650,2.059587,1.925092,1.596261
2015-07-24,1.597574,2.017810,1.925392,1.596510
2015-07-27,1.585998,2.003188,1.925691,1.596758
2015-07-28,1.619074,2.044965,1.925991,1.597007
2015-07-29,1.621279,2.047750,1.926291,1.597255
2015-07-30,1.627343,2.055409,1.926591,1.597504
2015-07-31,1.608600,2.031736,1.926891,1.597753
2015-08-03,1.603638,2.025469,1.927190,1.598001
2015-08-04,1.585447,2.002492,1.927490,1.598250
2015-08-05,1.605843,2.028254,1.927790,1.598499
2015-08-06,1.577178,1.992048,1.928090,1.598748
2015-08-07,1.585998,2.003188,1.928391,1.598996
2015-08-10,1.625138,2.002498,1.928691,1.599245
2015-08-11,1.588754,2.002810,1.928991,1.599494
2015-08-12,1.598126,2.003122,1.929291,1.599743
2015-08-13,1.584895,2.003433,1.929591,1.599992
2015-08-14,1.572216,2.003745,1.929892,1.600241
2015-08-17,1.585447,2.004057,1.930192,1.600490
2015-08-18,1.555678,2.004369,1.930493,1.600739
2015-08-19,1.541345,2.004681,1.930793,1.600989
2015-08-20,1.483462,2.004993,1.931094,1.601238
2015-08-21,1.443219,2.005305,1.931394,1.601487
2015-08-24,1.410695,2.005617,1.931695,1.601736
2015-08-25,1.396913,2.005930,1.931996,1.601986
2015-08-26,1.466373,2.006242,1.932296,1.602235
2015-08-27,1.520948,2.006554,1.932597,1.602484
2015-08-28,1.529768,2.006866,1.932898,1.602734
2015-08-31,1.525358,2.007179,1.933199,1.602983
2015-09-01,1.471885,2.007491,1.933500,1.603233
2015-09-02,1.506615,2.007804,1.933800,1.603482
2015-09-03,1.518743,2.008116,1.934101,1.603732
2015-09-04,1.492282,2.008429,1.934403,1.603981
2015-09-08,1.558434,2.008741,1.934704,1.604231
2015-09-09,1.529768,2.009054,1.935005,1.604481
2015-09-10,1.536384,2.009367,1.935306,1.604731
2015-09-11,1.537486,2.009679,1.935607,1.604980
2015-09-14,1.540794,2.009992,1.935908,1.605230
2015-09-15,1.560639,2.010305,1.936210,1.605480
2015-09-16,1.563947,2.010618,1.936511,1.605730
2015-09-17,1.551268,2.010931,1.936813,1.605980
2015-09-18,1.524256,2.011244,1.937114,1.606230
2015-09-21,1.519846,2.011557,1.937416,1.606480
2015-09-22,1.486218,2.011870,1.937717,1.606730
2015-09-23,1.475193,2.012183,1.938019,1.606980
2015-09-24,1.472437,2.012496,1.938320,1.607230
2015-09-25,1.472437,2.012810,1.938622,1.607480
2015-09-28,1.431643,2.013123,1.938924,1.607730
2015-09-29,1.441014,2.013436,1.939226,1.607981
2015-09-30,1.496692,2.013750,1.939527,1.608231
2015-10-01,1.479052,2.014063,1.939829,1.608481
2015-10-02,1.509923,2.014377,1.940131,1.608732
2015-10-05,1.539140,2.014690,1.940433,1.608982
2015-10-06,1.544101,2.015004,1.940735,1.609233
2015-10-07,1.564498,2.015317,1.941037,1.609483
2015-10-08,1.574972,2.015631,1.941339,1.609734
2015-10-09,1.565050,2.015945,1.941642,1.609984
2015-10-12,1.565050,2.016259,1.941944,1.610235
2015-10-13,1.545755,2.016572,1.942246,1.610485
2015-10-14,1.601985,2.016886,1.942548,1.610736
2015-10-15,1.617420,2.017200,1.942851,1.610987
2015-10-16,1.620728,2.017514,1.943153,1.611237
2015-10-19,1.620176,2.017828,1.943456,1.611488
2015-10-20,1.619074,2.018142,1.943758,1.611739
2015-10-21,1.621279,2.018456,1.944061,1.611990
2015-10-22,1.677508,2.018771,1.944363,1.612241
2015-10-23,1.697905,2.019085,1.944666,1.631028
2015-10-26,1.667585,2.019399,1.944969,1.601903
2015-10-27,1.652701,2.019713,1.945271,1.587605
2015-10-28,1.677508,2.020028,1.945574,1.587058
2015-10-29,1.632304,2.020342,1.945877,1.543519
2015-10-30,1.645535,2.020657,1.946180,1.542988
2015-11-02,1.659868,2.020971,1.946483,1.543228
2015-11-03,1.668688,2.021286,1.946786,1.550652
2015-11-04,1.673098,2.021600,1.947089,1.554751
2015-11-05,1.638368,2.021915,1.947392,1.522477
2015-11-06,1.681367,2.022230,1.947695,1.521953
2015-11-09,1.665380,2.022544,1.947998,1.506728
2015-11-10,1.635061,2.022859,1.948301,1.479297
2015-11-11,1.636163,2.023174,1.948605,1.478787
2015-11-12,1.615215,2.023489,1.948908,1.479018
2015-11-13,1.600331,2.023804,1.949211,1.479248
2015-11-16,1.620176,2.024119,1.949515,1.479478
2015-11-17,1.631202,2.024434,1.949818,1.479708
2015-11-18,1.647189,2.024749,1.950121,1.479939
2015-11-19,1.651047,2.025064,1.950425,1.480169
2015-11-20,1.656560,2.025379,1.955959,1.484369
2015-11-23,1.636714,2.025695,1.932526,1.466586
2015-11-24,1.656009,2.026010,1.955308,1.466081
2015-11-25,1.658214,2.026325,1.957912,1.467299
2015-11-27,1.665380,2.026641,1.966373,1.473640
2015-11-30,1.683572,2.026956,1.987853,1.489738
2015-12-01,1.709482,2.027272,2.018445,1.512664
2015-12-02,1.701213,2.027587,2.008682,1.505347
2015-12-03,1.691290,2.027903,1.996966,1.496567
2015-12-04,1.720507,2.028219,2.031463,1.522420
2015-12-07,1.706174,2.028534,2.014540,1.509737
2015-12-08,1.691841,2.028850,1.997617,1.497055
2015-12-09,1.669791,2.029166,1.971580,1.477543
2015-12-10,1.678060,2.029482,1.981344,1.484860
2015-12-11,1.646637,2.029797,1.944243,1.457055
2015-12-14,1.635612,2.030113,1.931225,1.447299
2015-12-15,1.660419,2.030429,1.960515,1.446801
2015-12-16,1.673098,2.030745,1.975486,1.457120
2015-12-17,1.649945,2.031062,1.948148,1.436955
2015-12-18,1.630650,2.031378,1.925366,1.420151
2015-12-21,1.658765,2.031694,1.958562,1.419662
2015-12-22,1.661521,2.032010,1.961817,1.421310
2015-12-23,1.673098,2.032326,1.975486,1.431213
2015-12-24,1.675854,2.032643,1.978740,1.433571
2015-12-28,1.669239,2.032959,1.970930,1.427912
2015-12-29,1.689085,2.033275,1.994362,1.444889
2015-12-30,1.673649,2.033592,1.976137,1.431685
2015-12-31,1.651047,2.033908,1.949450,1.412351
2016-01-04,1.631753,2.009135,1.926668,1.395846
2016-01-05,1.616318,1.990130,1.908443,1.382642
2016-01-06,1.560639,1.921575,1.842702,1.382165
2016-01-07,1.516538,1.920913,1.790630,1.382381
2016-01-08,1.495039,1.921212,1.765245,1.382596
2016-01-11,1.500000,1.921511,1.771103,1.382811
2016-01-12,1.512679,1.921810,1.786074,1.383026
2016-01-13,1.464168,1.922109,1.728794,1.383241
2016-01-14,1.494487,1.922408,1.764594,1.383457
2016-01-15,1.427233,1.922707,1.685184,1.383672
2016-01-19,1.429438,1.923007,1.687787,1.383887
2016-01-20,1.438809,1.923306,1.698853,1.384103
2016-01-21,1.460309,1.923605,1.724238,1.384318
2016-01-22,1.486770,1.923905,1.755481,1.384534
2016-01-25,1.466373,1.924204,1.731398,1.384749
2016-01-26,1.479603,1.924504,1.747019,1.384965
2016-01-27,1.463065,1.924803,1.727492,1.385180
2016-01-28,1.459757,1.925103,1.723587,1.385396
2016-01-29,1.525910,1.925403,1.801695,1.385612
2016-02-01,1.532525,1.925702,1.809506,1.385827
2016-02-02,1.481808,1.926002,1.749623,1.386043
2016-02-03,1.485667,1.926302,1.754179,1.386259
2016-02-04,1.511025,1.926602,1.784121,1.386474
2016-02-05,1.459206,1.926901,1.722936,1.386690
2016-02-08,1.422822,1.927201,1.722343,1.386906
2016-02-09,1.414553,1.927501,1.722611,1.387122
2016-02-10,1.403528,1.927801,1.722879,1.387338
2016-02-11,1.392503,1.928101,1.723147,1.387554
2016-02-12,1.423374,1.928401,1.723415,1.387770
2016-02-16,1.472988,1.928702,1.723684,1.387986
2016-02-17,1.508269,1.929002,1.723952,1.388202
2016-02-18,1.501103,1.929302,1.724220,1.388418
2016-02-19,1.507718,1.929602,1.724489,1.388634
2016-02-22,1.531422,1.929903,1.724757,1.388850
2016-02-23,1.507166,1.930203,1.725025,1.389066
2016-02-24,1.527563,1.930504,1.725294,1.389283
2016-02-25,1.545755,1.930804,1.725562,1.389499
2016-02-26,1.555678,1.931105,1.725831,1.389715
2016-02-29,1.552370,1.931405,1.726100,1.389931
2016-03-01,1.594267,1.931706,1.726368,1.390148
2016-03-02,1.604190,1.932006,1.726637,1.398101
2016-03-03,1.605843,1.932307,1.726906,1.399542
2016-03-04,1.622381,1.932608,1.727175,1.413955
2016-03-07,1.629548,1.932909,1.727443,1.420201
2016-03-08,1.592613,1.933210,1.727712,1.388011
2016-03-09,1.604190,1.933510,1.727981,1.398101
2016-03-10,1.611907,1.933811,1.728250,1.404827
2016-03-11,1.642778,1.934112,1.728519,1.431732
2016-03-14,1.638920,1.934413,1.728788,1.428369
2016-03-15,1.634509,1.934715,1.729057,1.424525
2016-03-16,1.649394,1.935016,1.729326,1.437497
2016-03-17,1.660970,1.935317,1.729596,1.447587
2016-03-18,1.682470,1.935618,1.729865,1.466324
2016-03-21,1.684675,1.935919,1.730134,1.468246
2016-03-22,1.684675,1.936221,1.730403,1.468246
2016-03-23,1.657663,1.936522,1.730673,1.444704
2016-03-24,1.656560,1.936824,1.730942,1.443743
2016-03-28,1.655458,1.937125,1.731211,1.442782
2016-03-29,1.678060,1.937427,1.731481,1.462481
2016-03-30,1.692944,1.937728,1.731750,1.475453
2016-03-31,1.683572,1.938030,1.732020,1.467285
2016-04-01,1.695149,1.938331,1.732290,1.477374
2016-04-04,1.680265,1.938633,1.732559,1.464402
2016-04-05,1.670893,1.938935,1.732829,1.456235
2016-04-06,1.686880,1.939237,1.733099,1.470168
2016-04-07,1.660970,1.939538,1.733368,1.447587
2016-04-08,1.668688,1.939840,1.733638,1.454313
2016-04-11,1.668137,1.940142,1.733908,1.453833
2016-04-12,1.665932,1.940444,1.734178,1.451911
2016-04-13,1.703418,1.940746,1.734448,1.484581
2016-04-14,1.690187,1.941048,1.734718,1.473050
2016-04-15,1.675854,1.923626,1.734988,1.460559
2016-04-18,1.675854,1.923626,1.734120,1.460559
2016-04-19,1.655458,1.900213,1.713014,1.442782
2016-04-20,1.671444,1.918564,1.729557,1.456715
2016-04-21,1.661521,1.907174,1.719289,1.448067
2016-04-22,1.664278,1.910338,1.722141,1.450469
2016-04-25,1.654355,1.898948,1.711873,1.441821
2016-04-26,1.676406,1.924259,1.734691,1.461039
2016-04-27,1.693495,1.943874,1.752374,1.475933
2016-04-28,1.649394,1.893253,1.706739,1.437497
2016-04-29,1.605843,1.843264,1.661675,1.399542
2016-05-02,1.617971,1.857185,1.674225,1.410112
2016-05-03,1.599228,1.835670,1.654830,1.393777
2016-05-04,1.581036,1.814789,1.636006,1.393297
2016-05-05,1.584895,1.819218,1.639999,1.393514
2016-05-06,1.587100,1.821750,1.642280,1.393730
2016-05-09,1.585447,1.819851,1.640569,1.393947
2016-05-10,1.604190,1.841365,1.659964,1.394164
2016-05-11,1.600331,1.836936,1.655971,1.394381
2016-05-12,1.571665,1.804032,1.626308,1.394598
2016-05-13,1.577178,1.810360,1.632013,1.394815
2016-05-16,1.602536,1.839467,1.658253,1.395033
2016-05-17,1.592062,1.827444,1.647414,1.395250
2016-05-18,1.616869,1.855919,1.673084,1.395467
2016-05-19,1.608049,1.845795,1.663957,1.387160
2016-05-20,1.656560,1.901479,1.714155,1.386683
2016-05-23,1.668137,1.914767,1.726134,1.395675
2016-05-24,1.708379,1.960959,1.767776,1.429345
2016-05-25,1.718302,1.972349,1.778044,1.437647
2016-05-26,1.724366,1.979310,1.784318,1.442720
2016-05-27,1.734840,1.991332,1.795157,1.451484
2016-05-31,1.745314,2.003355,1.805995,1.460247
2016-06-01,1.754135,2.013479,1.815122,1.467627
2016-06-02,1.754686,2.014112,1.815692,1.468088
2016-06-03,1.759647,2.019807,1.820826,1.472239
2016-06-06,1.755788,2.015378,1.816833,1.469010
2016-06-07,1.772326,2.034361,1.833946,1.482847
2016-06-08,1.771775,2.033728,1.833376,1.482386
2016-06-09,1.773980,2.036259,1.835658,1.484231
2016-06-10,1.744763,2.002722,1.805425,1.459786
2016-06-13,1.735943,1.992598,1.796298,1.452406
2016-06-14,1.735391,1.991965,1.795727,1.451945
2016-06-15,1.734840,1.991332,1.795157,1.451484
2016-06-16,1.734840,1.991332,1.795157,1.451484
2016-06-17,1.719956,1.974247,1.779755,1.439030
2016-06-20,1.739250,1.996394,1.799720,1.455173
2016-06-21,1.739250,1.996394,1.799720,1.455173
2016-06-22,1.737596,1.994496,1.798009,1.453790
2016-06-23,1.781147,2.044485,1.843073,1.490227
2016-06-24,1.684123,1.933117,1.742677,1.409051
2016-06-27,1.615766,1.854654,1.671943,1.351858
2016-06-28,1.658214,1.903377,1.715866,1.351393
2016-06-29,1.691841,1.941976,1.750663,1.378109
2016-06-30,1.720507,1.974880,1.780325,1.401459
2016-07-01,1.706725,1.959061,1.766065,1.390233
2016-07-05,1.675303,1.922993,1.733550,1.364637
2016-07-06,1.677508,1.925524,1.735832,1.366434
2016-07-07,1.697905,1.948937,1.756938,1.383048
2016-07-08,1.745314,2.003355,1.805995,1.421666
2016-07-11,1.764609,2.025502,1.825960,1.437382
2016-07-12,1.787762,2.052078,1.849918,1.456242
2016-07-13,1.789967,2.054609,1.852200,1.458038
2016-07-14,1.803197,2.069796,1.865891,1.468815
2016-07-15,1.802646,2.069163,1.865320,1.468366
2016-07-18,1.829107,2.099536,1.892701,1.489920
2016-07-19,1.822492,2.091943,1.885856,1.484532
2016-07-20,1.851709,2.125480,1.916089,1.508331
2016-07-21,1.838479,2.110293,1.902398,1.497554
2016-07-22,1.847850,2.121050,1.912096,1.505187
2016-07-25,1.858324,2.133073,1.922934,1.513719
2016-07-26,1.930540,2.215966,1.997661,1.572544
2016-07-27,1.929989,2.215333,1.997090,1.572095
2016-07-28,1.919515,2.203311,1.986252,1.563563
2016-07-29,1.911246,2.193819,1.977696,1.556827
2016-08-01,1.912348,2.195085,1.978837,1.557725
2016-08-02,1.883131,2.161548,1.948604,1.533926
2016-08-03,1.885336,2.164079,1.950885,1.535722
2016-08-04,1.902977,2.184328,1.969139,1.550092
2016-08-05,1.927233,2.212170,1.994238,1.569849
2016-08-08,1.925028,2.209639,1.991957,1.568053
2016-08-09,1.941014,2.227989,2.008499,1.581075
2016-08-10,1.927784,2.212802,1.994809,1.570298
2016-08-11,1.934950,2.221028,2.002224,1.576136
2016-08-12,1.943771,2.231153,2.011351,1.583321
2016-08-15,1.970232,2.261526,2.038732,1.604875
2016-08-16,1.956450,2.245706,2.024471,1.593649
2016-08-17,1.956450,2.245706,2.024471,1.593649
2016-08-18,1.970232,2.261526,2.038732,1.604875
2016-08-19,1.987321,2.281142,2.056416,1.618795
2016-08-22,1.988423,2.282407,2.057557,1.619693
2016-08-23,1.997795,2.293164,2.067254,1.627327
2016-08-24,1.981257,2.274181,2.050141,1.613855
2016-08-25,1.989526,2.283673,2.058697,1.620591
2016-08-26,1.998346,2.293797,2.067824,1.627776
2016-08-29,2.006064,2.302656,2.075810,1.634062
2016-08-30,2.002205,2.298227,2.071817,1.630919
2016-08-31,2.001103,2.296961,2.070677,1.630021
2016-09-01,2.017089,2.315311,2.087219,1.643043
2016-09-02,2.014884,2.312780,2.084937,1.641247
2016-09-06,2.010474,2.307718,2.080374,1.637655
2016-09-07,1.995039,2.290001,2.064402,1.625082
2016-09-08,1.991731,2.286204,2.060979,1.622387
2016-09-09,1.920617,2.204576,1.987393,1.564461
2016-09-12,1.956450,2.245706,2.024471,1.593649
2016-09-13,1.939361,2.226091,2.006788,1.579728
2016-09-14,1.956450,2.245706,2.024471,1.593649
2016-09-15,2.001654,2.297594,2.071247,1.630470
2016-09-16,2.002205,2.298227,2.071817,1.630919
2016-09-19,2.004410,2.300758,2.074099,1.632715
2016-09-20,1.995590,2.290633,2.064972,1.625531
2016-09-21,2.023153,2.322272,2.093494,1.647983
2016-09-22,2.029768,2.329865,2.100339,1.653371
2016-09-23,2.008820,2.305820,2.078663,1.636308
2016-09-26,1.980706,2.273548,2.049570,1.613406
2016-09-27,2.014884,2.312780,2.084937,1.641247
2016-09-28,2.019294,2.317842,2.089501,1.644839
2016-09-29,2.044101,2.346317,2.115170,1.665046
2016-09-30,2.076075,2.383018,2.148256,1.691091
2016-10-03,2.062293,2.367199,2.133995,1.679865
2016-10-04,2.056781,2.360871,2.128290,1.675374
2016-10-05,2.072216,2.378589,2.144263,1.687947
2016-10-06,2.084344,2.392510,2.156812,1.697826
2016-10-07,2.081036,2.388713,2.153389,1.695132
2016-10-10,2.070562,2.376690,2.142551,1.686600
2016-10-11,2.027012,2.326701,2.097487,1.651126
2016-10-12,2.020397,2.319108,2.090642,1.645737
2016-10-13,1.996692,2.291899,2.066113,1.626429
2016-10-14,2.011577,2.308984,2.081515,1.638553
2016-10-17,2.001103,2.296961,2.070677,1.630021
2016-10-18,2.024256,2.323537,2.094635,1.648881
2016-10-19,2.015987,2.314046,2.086078,1.642145
2016-10-20,2.029768,2.329865,2.100339,1.653371
2016-10-21,2.024807,2.324170,2.095205,1.649330
2016-10-24,2.061742,2.366566,2.133424,1.679416
2016-10-25,2.060088,2.364668,2.131713,1.678068
2016-10-26,2.057332,2.361504,2.128861,1.675823
2016-10-27,2.047409,2.350114,2.118593,1.667740
2016-10-28,2.035281,2.336193,2.106043,1.657862
2016-10-31,2.046307,2.348848,2.117452,1.666842
2016-11-01,2.028115,2.327967,2.098628,1.652024
2016-11-02,2.014884,2.312780,2.084937,1.641247
2016-11-03,2.011025,2.308351,2.080944,1.638104
2016-11-04,1.998346,2.293797,2.067824,1.627776
2016-11-07,2.054576,2.358340,2.126009,1.673578
2016-11-08,2.058986,2.363402,2.130572,1.677170
2016-11-09,2.049063,2.352012,2.120304,1.669088
2016-11-10,2.004961,2.301390,2.074670,1.633164
2016-11-11,2.081588,2.389346,2.153960,1.695581
2016-11-14,2.071114,2.377323,2.143122,1.687049
2016-11-15,2.109702,2.421617,2.183052,1.718482
2016-11-16,2.133958,2.449459,2.208151,1.738240
2016-11-17,2.157111,2.476035,2.232109,1.757100
2016-11-18,2.172547,2.493753,2.248082,1.769673
2016-11-21,2.186880,2.510205,2.262913,1.781348
2016-11-22,2.210584,2.537414,2.287442,1.800657
2016-11-23,2.213341,2.540578,2.290294,1.802902
2016-11-25,2.217200,2.545007,2.294287,1.806045
2016-11-28,2.210584,2.537414,2.287442,1.800657
2016-11-29,2.206174,2.532352,2.282878,1.797064
2016-11-30,2.193495,2.517798,2.269758,1.786736
2016-12-01,2.086549,2.395041,2.159094,1.699622
2016-12-02,2.112459,2.424781,2.185904,1.720727
2016-12-05,2.137817,2.453888,2.212144,1.741383
2016-12-06,2.167585,2.488058,2.242948,1.765632
2016-12-07,2.212238,2.539313,2.289153,1.802004
2016-12-08,2.231533,2.561460,2.309118,1.817720
2016-12-09,2.223815,2.552601,2.301132,1.811434
2016-12-12,2.206725,2.532985,2.283449,1.797513
2016-12-13,2.232084,2.562092,2.309688,1.818169
2016-12-14,2.230430,2.560194,2.307977,1.816822
2016-12-15,2.268467,2.603855,2.347337,1.847806
2016-12-16,2.245314,2.577279,2.323379,1.828946
2016-12-19,2.267365,2.602590,2.346196,1.846908
2016-12-20,2.289416,2.627901,2.369014,1.864870
2016-12-21,2.283903,2.621573,2.363309,1.860379
2016-12-22,2.294928,2.634228,2.374718,1.869360
2016-12-23,2.306505,2.647516,2.386697,1.878790
2016-12-27,2.335171,2.680421,2.416360,1.902140
2016-12-28,2.291069,2.629799,2.370725,1.866217
2016-12-29,2.290518,2.629166,2.370155,1.865768
2016-12-30,2.255237,2.588669,2.333647,1.837029
2017-01-03,2.255237,2.588669,2.333647,1.837029
2017-01-04,2.261301,2.595629,2.339922,1.841969
2017-01-05,2.242007,2.573482,2.319956,1.826252
2017-01-06,2.259647,2.593731,2.338210,1.840621
2017-01-09,2.283903,2.621573,2.363309,1.860379
2017-01-10,2.294928,2.634228,2.374718,1.869360
2017-01-11,2.302646,2.643087,2.382704,1.875647
2017-01-12,2.283352,2.620940,2.362739,1.859930
2017-01-13,2.298236,2.638025,2.378141,1.872054
2017-01-17,2.261301,2.595629,2.339922,1.841969
2017-01-18,2.292172,2.631064,2.371866,1.867115
2017-01-19,2.281698,2.619042,2.361028,1.858583
2017-01-20,2.311466,2.653211,2.391831,1.882831
2017-01-23,2.297133,2.636759,2.377000,1.871156
2017-01-24,2.341786,2.688014,2.423205,1.907529
2017-01-25,2.376516,2.727878,2.459142,1.935818
2017-01-26,2.362734,2.712059,2.444881,1.924592
2017-01-27,2.392503,2.746229,2.475685,1.948841
2017-01-30,2.380375,2.732308,2.463135,1.938962
2017-01-31,2.349504,2.696873,2.431191,1.913815
2017-02-01,2.386990,2.739901,2.469981,1.944350
2017-02-02,2.385888,2.738636,2.468840,1.943452
2017-02-03,2.398015,2.752557,2.481389,1.953331
2017-02-06,2.406284,2.762048,2.489946,1.960067
2017-02-07,2.415105,2.772172,2.499073,1.967251
2017-02-08,2.420066,2.777867,2.504207,1.971293
2017-02-09,2.398567,2.753189,2.481960,1.953780
2017-02-10,2.397464,2.751924,2.480819,1.952882
2017-02-13,2.402426,2.757619,2.485953,1.956923
2017-02-14,2.395810,2.750025,2.479107,1.951535
2017-02-15,2.414002,2.770907,2.497932,1.966353
2017-02-16,2.417861,2.775336,2.501925,1.969496
2017-02-17,2.430540,2.789890,2.515045,1.979824
2017-02-21,2.464719,2.829122,2.550412,2.007665
2017-02-22,2.465270,2.829755,2.550982,2.008114
2017-02-23,2.425579,2.784195,2.509911,1.975783
2017-02-24,2.423925,2.782297,2.508200,1.974436
2017-02-27,2.447078,2.808873,2.532158,1.993296
2017-02-28,2.415656,2.772805,2.499643,1.967700
2017-03-01,2.453142,2.815834,2.538433,1.998235
2017-03-02,2.428335,2.787359,2.512763,1.978028
2017-03-03,2.426681,2.785461,2.511052,1.976681
2017-03-06,2.428335,2.787359,2.512763,1.978028
2017-03-07,2.433297,2.793054,2.517897,1.982070
2017-03-08,2.439361,2.800014,2.524172,1.987009
2017-03-09,2.443771,2.805077,2.528735,1.990601
2017-03-10,2.471885,2.837348,2.557827,2.013502
2017-03-13,2.490628,2.858862,2.577222,2.028770
2017-03-14,2.482911,2.850003,2.569236,2.022483
2017-03-15,2.502756,2.872783,2.589772,2.038649
2017-03-16,2.500000,2.869619,2.586920,2.036404
2017-03-17,2.505513,2.875947,2.592624,2.040894
2017-03-20,2.523705,2.896828,2.611448,2.055712
2017-03-21,2.464719,2.829122,2.550412,2.007665
2017-03-22,2.490628,2.858862,2.577222,2.028770
2017-03-23,2.485116,2.852534,2.571518,2.024279
2017-03-24,2.496692,2.865823,2.583497,2.033709
2017-03-27,2.500551,2.870252,2.587490,2.036853
2017-03-28,2.508269,2.879111,2.595476,2.043139
2017-03-29,2.502205,2.872150,2.589201,2.038200
2017-03-30,2.515436,2.887337,2.602892,2.048977
2017-03-31,2.515436,2.887337,2.602892,2.048977
2017-04-03,2.499449,2.868987,2.586349,2.035955
2017-04-04,2.486770,2.854433,2.573229,2.025627
2017-04-05,2.469680,2.834817,2.555546,2.011706
2017-04-06,2.473539,2.839246,2.559539,2.014850
2017-04-07,2.484013,2.851269,2.570377,2.023381
2017-04-10,2.465270,2.829755,2.550982,2.008114
2017-04-11,2.445424,2.806975,2.530447,1.991949
2017-04-12,2.402977,2.758252,2.486523,1.957372
2017-04-13,2.386990,2.739901,2.469981,1.944350
2017-04-17,2.416759,2.774071,2.500784,1.968598
2017-04-18,2.428335,2.787359,2.512763,1.978028
2017-04-19,2.441014,2.801913,2.525883,1.988356
2017-04-20,2.479603,2.846207,2.565813,2.019789
2017-04-21,2.469129,2.834184,2.554975,2.011257
2017-04-24,2.504410,2.874681,2.591483,2.039996
2017-04-25,2.529768,2.903789,2.617723,2.060652
2017-04-26,2.509372,2.880376,2.596617,2.044037
2017-04-27,2.544653,2.920874,2.633125,2.072776
2017-04-28,2.501103,2.870885,2.588060,2.037302
2017-05-01,2.525910,2.899360,2.613730,2.057509
2017-05-02,2.499449,2.868987,2.586349,2.035955
2017-05-03,2.507718,2.878478,2.594906,2.042690
2017-05-04,2.506064,2.876580,2.593194,2.041343
2017-05-05,2.515987,2.887970,2.603462,2.049426
2017-05-08,2.506064,2.876580,2.593194,2.041343
2017-05-09,2.530871,2.905055,2.618864,2.061550
2017-05-10,2.584344,2.966433,2.674196,2.105107
2017-05-11,2.593716,2.977190,2.683893,2.112741
2017-05-12,2.601433,2.986049,2.691879,2.119027
2017-05-15,2.641676,3.032242,2.733521,2.151807
2017-05-16,2.679162,3.075270,2.772311,2.182342
2017-05-17,2.563947,2.943021,2.653090,2.088492
2017-05-18,2.611356,2.997439,2.702147,2.127110
2017-05-19,2.640573,3.030976,2.732380,2.150909
2017-05-22,2.669239,3.063880,2.762043,2.174259
2017-05-23,2.658765,3.051858,2.751205,2.165728
2017-05-24,2.675854,3.071473,2.768888,2.179648
2017-05-25,2.689636,3.087293,2.783149,2.190874
2017-05-26,2.701764,3.101214,2.795699,2.200753
2017-05-30,2.719956,3.122095,2.814523,2.215571
2017-05-31,2.719405,3.121462,2.813952,2.215122
2017-06-01,2.722161,3.124626,2.816805,2.217367
2017-06-02,2.749724,3.156265,2.845326,2.239819
2017-06-05,2.756340,3.163858,2.852172,2.245208
2017-06-06,2.765711,3.174615,2.861869,2.252842
2017-06-07,2.786108,3.198028,2.882975,2.269456
2017-06-08,2.836825,3.256243,2.935455,2.310768
2017-06-09,2.717751,3.119564,2.812241,2.213775
2017-06-12,2.702315,3.101847,2.796269,2.201202
2017-06-13,2.720507,3.122728,2.815093,2.216020
2017-06-14,2.691841,3.089824,2.785431,2.192670
2017-06-15,2.670893,3.065779,2.763754,2.175607
2017-06-16,2.659868,3.053123,2.752346,2.166626
2017-06-19,2.710584,3.111338,2.804825,2.207938
2017-06-20,2.680265,3.076536,2.773452,2.183240
2017-06-21,2.711136,3.111971,2.805396,2.208387
2017-06-22,2.705072,3.105010,2.799121,2.203447
2017-06-23,2.712789,3.113869,2.807107,2.209734
2017-06-26,2.689636,3.087293,2.783149,2.190874
2017-06-27,2.611356,2.997439,2.702147,2.127110
2017-06-28,2.656560,3.049326,2.748923,2.163931
2017-06-29,2.590408,2.973394,2.680471,2.110046
2017-06-30,2.576075,2.956942,2.665639,2.098371
2017-07-03,2.540794,2.916444,2.629132,2.069633
2017-07-05,2.593164,2.976558,2.683323,2.112292
2017-07-06,2.581588,2.963270,2.671344,2.102862
2017-07-07,2.625138,3.013258,2.716408,2.138336
2017-07-10,2.655458,3.048061,2.747782,2.163033
2017-07-11,2.677508,3.073372,2.770599,2.180995
2017-07-12,2.720507,3.122728,2.815093,2.216020
2017-07-13,2.711687,3.112604,2.805966,2.208836
2017-07-14,2.748071,3.154367,2.843615,2.238472
2017-07-17,2.737045,3.141711,2.832206,2.229492
2017-07-18,2.745314,3.151203,2.840763,2.236227
2017-07-19,2.770673,3.180310,2.867003,2.256883
2017-07-20,2.778942,3.189802,2.875559,2.263619
2017-07-21,2.755237,3.162593,2.851031,2.244310
2017-07-24,2.746968,3.153101,2.842474,2.237574
2017-07-25,2.744763,3.150570,2.840192,2.235778
2017-07-26,2.774531,3.184740,2.870996,2.260026
2017-07-27,2.732635,3.136649,2.827643,2.225899
2017-07-28,2.722161,3.124626,2.816805,2.217367
2017-07-31,2.700662,3.099948,2.794558,2.199855
2017-08-01,2.717751,3.119564,2.812241,2.213775
2017-08-02,2.697905,3.096784,2.791705,2.197610
2017-08-03,2.687982,3.085394,2.781438,2.189527
2017-08-04,2.689085,3.086660,2.782579,2.188773
2017-08-07,2.735391,3.139813,2.830495,2.225350
2017-08-08,2.727122,3.130321,2.821938,2.218623
2017-08-09,2.718302,3.120197,2.812812,2.211448
2017-08-10,2.642227,3.032874,2.734092,2.149558
2017-08-11,2.657111,3.049959,2.749493,2.148817
2017-08-14,2.724917,3.127790,2.819657,2.149152
2017-08-15,2.731533,3.135383,2.826502,2.153292
2017-08-16,2.735943,3.140446,2.831065,2.156769
2017-08-17,2.667034,3.061349,2.759761,2.102447
2017-08-18,2.670893,3.065779,2.763754,2.101723
2017-08-21,2.651047,3.042999,2.743219,2.102050
2017-08-22,2.694598,3.092988,2.788283,2.102378
2017-08-23,2.706174,3.106276,2.800262,2.102705
2017-08-24,2.706725,3.106909,2.800832,2.102082
2017-08-25,2.693495,3.091722,2.787142,2.091807
2017-08-28,2.701764,3.101214,2.795699,2.098228
2017-08-29,2.705623,3.105643,2.799692,2.097506
2017-08-30,2.751929,3.158796,2.847608,2.097832
2017-08-31,2.779493,3.190435,2.876130,2.117785
2017-09-01,2.791621,3.204356,2.888679,2.127025
2017-09-05,2.753583,3.160694,2.849319,2.098043
2017-09-06,2.757442,3.165124,2.853312,2.100984
2017-09-07,2.762404,3.170819,2.858446,2.104764
2017-09-08,2.729879,3.133485,2.824791,2.079982
2017-09-11,2.781698,3.192966,2.878411,2.119465
2017-09-12,2.794377,3.207519,2.891531,2.129125
2017-09-13,2.799890,3.213847,2.897236,2.133326
2017-09-14,2.810915,3.226503,2.908645,2.141726
2017-09-15,2.859978,3.282819,2.959413,2.179109
2017-09-18,2.897464,3.325848,2.998203,2.207671
2017-09-19,2.906836,3.336605,3.007900,2.214811
2017-09-20,2.866593,3.290412,2.966258,2.184149
2017-09-21,2.854465,3.276491,2.953709,2.174909
2017-09-22,2.868798,3.292944,2.968540,2.185829
2017-09-25,2.813671,3.229666,2.911497,2.143826
2017-09-26,2.799890,3.213847,2.897236,2.133326
2017-09-27,2.867696,3.291678,2.967399,2.184989
2017-09-28,2.888644,3.315723,2.989076,2.200950
2017-09-29,2.914002,3.344831,3.015316,2.220272
2017-10-02,2.933297,3.366978,3.035281,2.234973
2017-10-03,2.941566,3.376469,3.043837,2.241273
2017-10-04,2.948181,3.384063,3.050683,2.246313
2017-10-05,2.950937,3.387227,3.053535,2.248414
2017-10-06,2.962514,3.400515,3.065514,2.257234
2017-10-09,2.985116,3.426458,3.088902,2.274455
2017-10-10,3.001654,3.445441,3.106015,2.287056
2017-10-11,3.022051,3.468854,3.127121,2.302597
2017-10-12,3.012679,3.458097,3.117423,2.295457
2017-10-13,3.031974,3.480244,3.137389,2.310158
2017-10-16,3.046307,3.496696,3.152220,2.321079
2017-10-17,3.043550,3.493532,3.149368,2.318978
2017-10-18,3.054024,3.505555,3.160206,2.326959
2017-10-19,3.046307,3.496696,3.152220,2.321079
2017-10-20,3.061742,3.514414,3.168192,2.332839
2017-10-23,3.077178,3.532131,3.184164,2.344600
2017-10-24,3.098677,3.556809,3.206411,2.360981
2017-10-25,3.057883,3.509984,3.164199,2.329899
2017-10-26,3.076075,3.530866,3.183023,2.343760
2017-10-27,3.140022,3.604267,3.249194,2.392483
2017-10-30,3.148842,3.614392,3.258321,2.399204
2017-10-31,3.173649,3.642866,3.283990,2.418105
2017-11-01,3.162073,3.629578,3.272011,2.409285
2017-11-02,3.178060,3.647928,3.288554,2.421465
2017-11-03,3.234289,3.712471,3.346738,2.464308
2017-11-06,3.280044,3.764991,3.394084,2.499171
2017-11-07,3.276736,3.761195,3.390661,2.496651
2017-11-08,3.287211,3.773217,3.401500,2.504631
2017-11-09,3.221610,3.697917,3.333618,2.454648
2017-11-10,3.243109,3.722595,3.355865,2.471029
2017-11-13,3.252481,3.733353,3.365562,2.478169
2017-11-14,3.249173,3.729556,3.362140,2.475649
2017-11-15,3.219956,3.696019,3.331907,2.453388
2017-11-16,3.267916,3.751070,3.381535,2.489930
2017-11-17,3.253583,3.734618,3.366703,2.479009
2017-11-20,3.292723,3.779545,3.407204,2.508831
2017-11-21,3.330209,3.822573,3.445994,2.537393
2017-11-22,3.309813,3.799161,3.424888,2.521852
2017-11-24,3.339581,3.833331,3.455691,2.544534
2017-11-27,3.297685,3.785240,3.412338,2.512612
2017-11-28,3.299338,3.787138,3.414049,2.513872
2017-11-29,3.153804,3.620086,3.263455,2.402984
2017-11-30,3.170893,3.639702,3.281138,2.416005
2017-12-01,3.136714,3.600471,3.245771,2.389963
2017-12-04,3.061191,3.513781,3.167622,2.389140
2017-12-05,3.063396,3.516312,3.169903,2.389512
2017-12-06,3.073319,3.527702,3.180171,2.389884
2017-12-07,3.103638,3.562504,3.211545,2.390256
2017-12-08,3.087652,3.544154,3.195003,2.390628
2017-12-11,3.105843,3.565035,3.213827,2.391000
2017-12-12,3.075524,3.530233,3.182453,2.391372
2017-12-13,3.074972,3.529600,3.181883,2.391744
2017-12-14,3.072216,3.526436,3.179030,2.392117
2017-12-15,3.120176,3.581487,3.228658,2.392489
2017-12-18,3.186880,3.658053,3.297681,2.392861
2017-12-19,3.178060,3.647928,3.288554,2.393234
2017-12-20,3.201213,3.674505,3.312512,2.393606
2017-12-21,3.167034,3.635273,3.277145,2.366866
2017-12-22,3.165380,3.633375,3.275434,2.366051
2017-12-26,3.133958,3.597307,3.242919,2.366419
2017-12-27,3.143881,3.608697,3.253187,2.366788
2017-12-28,3.152701,3.618821,3.262314,2.367156
2017-12-29,3.120176,3.581487,3.228658,2.367525
2018-01-02,3.205072,3.678934,3.316505,2.367893
2018-01-03,3.261301,3.743477,3.374689,2.368262
2018-01-04,3.279493,3.764358,3.393514,2.380281
2018-01-05,3.298236,3.785873,3.412908,2.393885
2018-01-08,3.324146,3.815613,3.439719,2.412691
2018-01-09,3.291621,3.778279,3.406063,2.389084
2018-01-10,3.251929,3.732720,3.364992,2.360276
2018-01-11,3.271224,3.754867,3.384957,2.374280
2018-01-12,3.288864,3.775116,3.403211,2.387083
2018-01-16,3.299890,3.787771,3.414620,2.395086
2018-01-17,3.395810,3.897873,3.513875,2.464705
2018-01-18,3.410695,3.914958,3.529277,2.475509
2018-01-19,3.414553,3.919387,3.533270,2.478309
2018-01-22,3.439912,3.948495,3.559510,2.496715
2018-01-23,3.467475,3.980134,3.588032,2.516720
2018-01-24,3.388093,3.889014,3.505889,2.459104
2018-01-25,3.329107,3.821308,3.444853,2.416292
2018-01-26,3.435502,3.943433,3.554947,2.493514
2018-01-29,3.430540,3.937738,3.549813,2.489913
2018-01-30,3.362183,3.859274,3.479079,2.440299
2018-01-31,3.389746,3.890913,3.507601,2.460304
2018-02-01,3.373208,3.871930,3.490487,2.448301
2018-02-02,3.282249,3.767522,3.396366,2.382282
2018-02-05,3.127894,3.590346,3.236644,2.270250
2018-02-06,3.240904,3.720064,3.353583,2.269468
2018-02-07,3.171444,3.640335,3.281709,2.269821
2018-02-08,3.038037,3.487204,3.143663,2.270174
2018-02-09,3.125689,3.587815,3.234362,2.270528
2018-02-12,3.185777,3.656787,3.296540,2.270881
2018-02-13,3.181918,3.652358,3.292547,2.271235
2018-02-14,3.256891,3.738415,3.370126,2.271588
2018-02-15,3.295480,3.782709,3.410056,2.271942
2018-02-16,3.283903,3.769421,3.398077,2.262829
2018-02-20,3.341786,3.835862,3.457973,2.302714
2018-02-21,3.303197,3.791568,3.418042,2.276124
2018-02-22,3.296031,3.783342,3.410627,2.271186
2018-02-23,3.366593,3.864336,3.483642,2.319808
2018-02-26,3.439361,3.947862,3.558940,2.369949
2018-02-27,3.427784,3.934574,3.546960,2.361972
2018-02-28,3.397464,3.899772,3.515587,2.341080
2018-03-01,3.343440,3.837760,3.459684,2.303854
2018-03-02,3.400221,3.902935,3.518439,2.342979
2018-03-05,3.431092,3.938371,3.550383,2.364251
2018-03-06,3.482359,3.997218,3.603433,2.399578
2018-03-07,3.493936,4.010507,3.615413,2.407556
2018-03-08,3.496692,4.013670,3.618265,2.409455
2018-03-09,3.569460,4.097196,3.693562,2.459596
2018-03-12,3.607497,4.140858,3.732922,2.485807
2018-03-13,3.551819,4.076948,3.675308,2.447441
2018-03-14,3.551268,4.076315,3.674738,2.447061
2018-03-15,3.548512,4.073151,3.671886,2.445162
2018-03-16,3.546858,4.071253,3.670174,2.444022
2018-03-19,3.479603,3.994054,3.600581,2.397679
2018-03-20,3.504961,4.023162,3.626821,2.415153
2018-03-21,3.511577,4.030755,3.633667,2.419711
2018-03-22,3.412348,3.916856,3.530988,2.351336
2018-03-23,3.298787,3.786505,3.413479,2.273085
2018-03-26,3.436604,3.944698,3.556087,2.272302
2018-03-27,3.309813,3.799161,3.424888,2.187372
2018-03-28,3.238148,3.716901,3.350731,2.186619
2018-03-29,3.308710,3.797895,3.423747,2.186959
2018-04-02,3.181918,3.652358,3.292547,2.187300
2018-04-03,3.242558,3.721963,3.355295,2.187640
2018-04-04,3.283903,3.769421,3.398077,2.187981
2018-04-05,3.250276,3.730821,3.363281,2.188321
2018-04-06,3.152150,3.618188,3.261743,2.188662
2018-04-09,3.171996,3.640968,3.282279,2.189003
2018-04-10,3.273429,3.757398,3.387239,2.189343
2018-04-11,3.274531,3.758663,3.388380,2.189684
2018-04-12,3.336273,3.829534,3.452268,2.190025
2018-04-13,3.312018,3.801692,3.427169,2.190366
2018-04-16,3.317530,3.808020,3.432874,2.190707
2018-04-17,3.380375,3.880156,3.497903,2.191048
2018-04-18,3.347299,3.842189,3.463677,2.191389
2018-04-19,3.202315,3.675770,3.313653,2.191730
2018-04-20,3.164829,3.632742,3.274863,2.192071
2018-04-23,3.122381,3.584018,3.230940,2.192412
2018-04-24,3.097574,3.555544,3.205270,2.192753
2018-04-25,3.093716,3.551114,3.201277,2.193095
2018-04-26,3.156560,3.623250,3.266307,2.193436
2018-04-27,3.134509,3.597939,3.243489,2.193777
2018-04-30,3.100331,3.558708,3.208123,2.194119
2018-05-01,3.151047,3.616923,3.260602,2.194460
2018-05-02,3.137266,3.601103,3.246342,2.194802
2018-05-03,3.156009,3.622618,3.265736,2.195144
2018-05-04,3.229879,3.707409,3.342175,2.195485
2018-05-07,3.261301,3.743477,3.374689,2.195827
2018-05-08,3.280595,3.765624,3.394655,2.196169
2018-05-09,3.330761,3.823206,3.446564,2.196511
2018-05-10,3.391400,3.892811,3.509312,2.235382
2018-05-11,3.366593,3.864336,3.483642,2.219031
2018-05-14,3.407387,3.911161,3.525854,2.245919
2018-05-15,3.370452,3.868766,3.487635,2.221574
2018-05-16,3.414002,3.918755,3.532700,2.250280
2018-05-17,3.404079,3.907365,3.522432,2.243739
2018-05-18,3.355568,3.851681,3.472234,2.211764
2018-05-21,3.389195,3.890280,3.507030,2.233928
2018-05-22,3.407938,3.911794,3.505822,2.246283
2018-05-23,3.426130,3.932676,3.506368,2.258273
2018-05-24,3.439912,3.948495,3.506914,2.267357
2018-05-25,3.468026,3.980766,3.507459,2.285889
2018-05-29,3.447078,3.956721,3.508005,2.272081
2018-05-30,3.469129,3.982032,3.508551,2.286615
2018-05-31,3.444322,3.953557,3.509098,2.270264
2018-06-01,3.522602,4.043411,3.509644,2.321861
2018-06-04,3.550717,4.075682,3.510190,2.340392
2018-06-05,3.567255,4.094665,3.510736,2.351293
2018-06-06,3.589857,4.120609,3.511283,2.366191
2018-06-07,3.557883,4.083908,3.511829,2.345116
2018-06-08,3.526461,4.047840,3.512376,2.324405
2018-06-11,3.519294,4.039614,3.512923,2.319681
2018-06-12,3.537486,4.060496,3.513469,2.331672
2018-06-13,3.532525,4.054801,3.514016,2.328402
2018-06-14,3.553473,4.078846,3.514563,2.342209
2018-06-15,3.550165,4.075049,3.515110,2.340029
2018-06-18,3.515987,4.035817,3.515657,2.317501
2018-06-19,3.477398,3.991523,3.475334,2.292066
2018-06-20,3.494487,4.011139,3.492413,2.303330
2018-06-21,3.450937,3.961150,3.448889,2.274625
2018-06-22,3.423374,3.929512,3.421342,2.256457
2018-06-25,3.323043,3.814347,3.321070,2.190325
2018-06-26,3.323043,3.814347,3.321070,2.189571
2018-06-27,3.243660,3.723228,3.241735,2.189912
2018-06-28,3.268467,3.751703,3.266527,2.190253
2018-06-29,3.275083,3.759296,3.273139,2.190594
2018-07-02,3.296031,3.783342,3.294074,2.190935
2018-07-03,3.235943,3.714369,3.234022,2.191276
2018-07-05,3.322492,3.813715,3.320519,2.191617
2018-07-06,3.363286,3.860540,3.361289,2.191958
2018-07-09,3.384785,3.885218,3.382776,2.192299
2018-07-10,3.420617,3.926348,3.418587,2.192640
2018-07-11,3.332415,3.825104,3.330436,2.192981
2018-07-12,3.355017,3.851048,3.353025,2.193323
2018-07-13,3.342889,3.837127,3.340904,2.193664
2018-07-16,3.338479,3.832065,3.336497,2.194006
2018-07-17,3.386439,3.887116,3.384429,2.194347
2018-07-18,3.412348,3.916856,3.410323,2.194689
2018-07-19,3.404631,3.907998,3.402610,2.195030
2018-07-20,3.388644,3.889647,3.386632,2.195372
2018-07-23,3.393605,3.895342,3.391591,2.195714
2018-07-24,3.356670,3.852946,3.354678,2.196055
2018-07-25,3.369350,3.867500,3.367349,2.204351
2018-07-26,3.434950,3.942800,3.432911,2.247269
2018-07-27,3.419515,3.925082,3.417485,2.237171
2018-07-30,3.386439,3.887116,3.384429,2.215531
2018-07-31,3.408490,3.912427,3.406466,2.229957
2018-08-01,3.403528,3.906732,3.401508,2.226711
2018-08-02,3.437155,3.945331,3.435115,2.248712
2018-08-03,3.444322,3.953557,3.442277,2.253400
2018-08-06,3.465270,3.977602,3.463213,2.267105
2018-08-07,3.492834,4.009241,3.490760,2.285138
2018-08-08,3.500551,4.018100,3.498473,2.290188
2018-08-09,3.466373,3.978868,3.464315,2.267827
2018-08-10,3.380375,3.880156,3.378368,2.211564
2018-08-13,3.385336,3.885851,3.383327,2.214810
2018-08-14,3.378170,3.877625,3.376164,2.210121
2018-08-15,3.331312,3.823839,3.329334,2.179465
2018-08-16,3.327453,3.819410,3.325478,2.176940
2018-08-17,3.302646,3.790935,3.300686,2.160711
2018-08-20,3.299338,3.787138,3.297380,2.159967
2018-08-21,3.363837,3.861172,3.361840,2.160303
2018-08-22,3.379824,3.879523,3.377817,2.169484
2018-08-23,3.383682,3.883952,3.381674,2.171961
2018-08-24,3.432745,3.940269,3.430708,2.203454
2018-08-27,3.487321,4.002913,3.485251,2.238486
2018-08-28,3.500551,4.018100,3.498473,2.246979
2018-08-29,3.509923,4.028857,3.507839,2.252994
2018-08-30,3.478501,3.992789,3.476436,2.232824
2018-08-31,3.497244,4.014303,3.495168,2.244855
2018-09-04,3.525358,4.046575,3.523266,2.262902
2018-09-05,3.508269,4.026959,3.506186,2.251933
2018-09-06,3.415105,3.920020,3.413077,2.192131
2018-09-07,3.401323,3.904201,3.399304,2.183285
2018-09-10,3.437155,3.945331,3.435115,2.206285
2018-09-11,3.404079,3.907365,3.402059,2.185054
2018-09-12,3.364388,3.861805,3.362391,2.159576
2018-09-13,3.402977,3.906099,3.400957,2.184346
2018-09-14,3.441014,3.949760,3.438972,2.208762
2018-09-17,3.393054,3.894709,3.391040,2.177977
2018-09-18,3.422271,3.928246,3.420240,2.196731
2018-09-19,3.427784,3.934574,3.425749,2.200270
2018-09-20,3.469129,3.982032,3.467070,2.226809
2018-09-21,3.459757,3.971275,3.457704,2.220793
2018-09-24,3.471885,3.985196,3.469824,2.228578
2018-09-25,3.416759,3.921919,3.414730,2.193193
2018-09-26,3.366593,3.864336,3.364595,2.160992
2018-09-27,3.379272,3.878890,3.377266,2.169131
2018-09-28,3.400221,3.902935,3.398202,2.182577
2018-10-01,3.412348,3.916856,3.397032,2.190362
2018-10-02,3.412348,3.916856,3.397560,2.190362
2018-10-03,3.415105,3.920020,3.398089,2.192131
2018-10-04,3.355017,3.851048,3.336631,2.153561
2018-10-05,3.275634,3.759929,3.257684,2.152819
2018-10-08,3.238699,3.717533,3.256562,2.153154
2018-10-09,3.235391,3.713737,3.257069,2.153489
2018-10-10,3.092613,3.549849,3.257575,2.153825
2018-10-11,3.061742,3.514414,3.258083,2.154160
2018-10-12,3.117420,3.578324,3.258590,2.154495
2018-10-15,3.091510,3.548583,3.259097,2.154830
2018-10-16,3.192393,3.664380,3.259604,2.155166
2018-10-17,3.179713,3.649827,3.260111,2.155501
2018-10-18,3.100331,3.558708,3.260619,2.155837
2018-10-19,3.053473,3.504922,3.261126,2.156172
2018-10-22,3.072216,3.503715,3.261634,2.156508
2018-10-23,3.056229,3.504260,3.262142,2.156844
2018-10-24,2.856119,3.504806,3.262649,2.157179
2018-10-25,2.919515,3.505351,3.263157,2.157515
2018-10-26,2.868798,3.505897,3.263665,2.157851
2018-10-29,2.839030,3.506442,3.264173,2.158187
2018-10-30,2.957001,3.506988,3.264681,2.158523
2018-10-31,2.994487,3.507534,3.265189,2.158859
2018-11-01,3.135061,3.508080,3.265698,2.159195
2018-11-02,3.087652,3.508626,3.266206,2.159531
2018-11-05,3.059537,3.509172,3.266714,2.159867
2018-11-06,3.095369,3.509718,3.267223,2.160203
2018-11-07,3.130650,3.510265,3.267731,2.160539
2018-11-08,3.121830,3.510811,3.268240,2.160876
2018-11-09,3.062293,3.511358,3.268749,2.161212
2018-11-12,2.925579,3.511904,3.269257,2.161548
2018-11-13,2.965821,3.512451,3.269766,2.161885
2018-11-14,2.979052,3.512997,3.270275,2.162221
2018-11-15,3.079934,3.513544,3.270784,2.162558
2018-11-16,3.042448,3.514091,3.271293,2.162894
2018-11-19,2.926130,3.514638,3.271802,2.163231
2018-11-20,2.929989,3.515185,3.272312,2.163568
2018-11-21,2.942117,3.515732,3.272821,2.163905
2018-11-23,2.943771,3.516279,3.273331,2.164241
2018-11-26,2.997244,3.516827,3.273840,2.164578
2018-11-27,3.001654,3.517374,3.274350,2.164915
2018-11-28,3.071665,3.517922,3.274859,2.165252
2018-11-29,3.049063,3.518469,3.275369,2.165589
2018-11-30,3.091510,3.519017,3.275879,2.165926
2018-12-03,3.173098,3.519565,3.276389,2.166263
2018-12-04,3.020948,3.520112,3.276899,2.166601
2018-12-06,3.005513,3.520660,3.277409,2.166938
2018-12-07,2.893605,3.521208,3.277919,2.167275
2018-12-10,2.930540,3.521756,3.278429,2.167612
2018-12-11,2.949283,3.522305,3.278939,2.167950
2018-12-12,2.991180,3.522853,3.279450,2.168287
2018-12-13,2.985116,3.523401,3.279960,2.168625
2018-12-14,2.942668,3.523950,3.280471,2.168962
2018-12-17,2.898567,3.524498,3.280981,2.169300
2018-12-18,2.936604,3.525047,3.281492,2.169638
2018-12-19,2.812018,3.525595,3.282003,2.169975
2018-12-20,2.792172,3.526144,3.282514,2.170313
2018-12-21,2.744763,3.526693,3.283024,2.170651
2018-12-24,2.664278,3.527242,3.283535,2.170989
2018-12-26,2.824146,3.527791,3.284047,2.171327
2018-12-27,2.842889,3.528340,3.284558,2.171665
2018-12-28,2.863286,3.528889,3.285069,2.172003
2018-12-31,2.883131,3.529438,3.285580,2.172341
2019-01-02,2.901874,3.529988,3.286092,2.172679
2019-01-03,2.732635,3.530537,3.286603,2.173017
2019-01-04,2.856119,3.531087,3.287115,2.173355
2019-01-07,2.908490,3.531636,3.287626,2.173693
2019-01-08,2.895810,3.532186,3.288138,2.174032
2019-01-09,2.970232,3.532736,3.288650,2.174370
2019-01-10,2.996692,3.533286,3.289162,2.174709
2019-01-11,3.028666,3.533836,3.289674,2.175047
2019-01-14,2.979603,3.534386,3.290186,2.175386
2019-01-15,2.988423,3.534936,3.290698,2.175724
2019-01-16,2.960860,3.535486,3.291210,2.176063
2019-01-17,2.988423,3.536036,3.291722,2.176402
2019-01-18,3.066152,3.536587,3.292235,2.176740
2019-01-22,2.977949,3.537137,3.292747,2.177079
2019-01-23,2.957001,3.537688,3.293260,2.177418
2019-01-24,3.128445,3.538238,3.293772,2.177757
2019-01-25,3.193495,3.538789,3.294285,2.221927
2019-01-28,3.130650,3.539340,3.294798,2.178202
2019-01-29,3.085447,3.539891,3.295310,2.146751
2019-01-30,3.174752,3.540442,3.295823,2.146011
2019-01-31,3.173098,3.540993,3.296336,2.143821
2019-02-01,3.211136,3.541544,3.296849,2.169520
2019-02-04,3.227674,3.542095,3.297363,2.180694
2019-02-05,3.242007,3.542647,3.297876,2.190377
2019-02-06,3.329658,3.543198,3.298389,2.249597
2019-02-07,3.257442,3.543749,3.298903,2.200806
2019-02-08,3.251378,3.544301,3.299416,2.196709
2019-02-11,3.267365,3.544853,3.299930,2.207510
2019-02-12,3.336825,3.545404,3.300443,2.254439
2019-02-13,3.347299,3.545956,3.300957,2.261515
2019-02-14,3.356119,3.546508,3.301471,2.267474
2019-02-15,3.373760,3.547060,3.301985,2.279393
2019-02-19,3.368798,3.547612,3.302499,2.276041
2019-02-20,3.397464,3.548165,3.303013,2.295408
2019-02-21,3.372657,3.548717,3.303527,2.278648
2019-02-22,3.408490,3.549269,3.304041,2.302857
2019-02-25,3.436604,3.549822,3.304555,2.321852
2019-02-26,3.415105,3.550374,3.282240,2.307327
2019-02-27,3.374311,3.550927,3.243033,2.279765
2019-02-28,3.376516,3.551479,3.245152,2.281255
2019-03-01,3.406284,3.552032,3.273763,2.301367
2019-03-04,3.406836,3.552585,3.274293,2.301740
2019-03-05,3.393605,3.553138,3.261577,2.292801
2019-03-06,3.337376,3.553691,3.207535,2.254811
2019-03-07,3.301544,3.554244,3.173097,2.230602
2019-03-08,3.298787,3.554797,3.170448,2.228740
2019-03-11,3.375413,3.555351,3.244093,2.280510
2019-03-12,3.388093,3.555904,3.256279,2.289077
2019-03-13,3.401874,3.556458,3.269524,2.298388
2019-03-14,3.383131,3.557011,3.251510,2.285724
2019-03-15,3.481257,3.557565,3.345818,2.352021
2019-03-18,3.475744,3.558119,3.340520,2.348296
2019-03-19,3.520948,3.558672,3.383965,2.378837
2019-03-20,3.478501,3.559226,3.343169,2.350158
2019-03-21,3.598677,3.680351,3.458670,2.431352
2019-03-22,3.497244,3.576615,3.361183,2.362822
2019-03-25,3.453693,3.532077,3.319327,2.333398
2019-03-26,3.486770,3.565903,3.351117,2.355745
2019-03-27,3.437707,3.515727,3.303963,2.322597
2019-03-28,3.432194,3.510089,3.298664,2.318873
2019-03-29,3.482911,3.561957,3.347408,2.353138
2019-04-01,3.570011,3.651034,3.431120,2.411985
2019-04-02,3.574972,3.656108,3.435888,2.415337
2019-04-03,3.654355,3.737292,3.512182,2.468970
2019-04-04,3.662073,3.745185,3.519600,2.474184
2019-04-05,3.688534,3.772247,3.545031,2.492062
2019-04-08,3.697354,3.781267,3.553508,2.498021
2019-04-09,3.658765,3.741803,3.516421,2.471949
2019-04-10,3.686880,3.770555,3.543442,2.490944
2019-04-11,3.684123,3.767736,3.540792,2.489082
2019-04-12,3.734840,3.819604,3.589536,2.523347
2019-04-15,3.707277,3.791415,3.563045,2.504725
2019-04-16,3.825799,3.912628,3.676956,2.584802
2019-04-17,3.889195,3.977462,3.737886,2.627633
2019-04-18,3.889746,3.978026,3.738416,2.628006
2019-04-22,3.886990,3.975207,3.735766,2.626144
2019-04-23,3.927233,4.016363,3.774443,2.653332
2019-04-24,3.963616,4.053572,3.809412,2.677914
2019-04-25,3.893605,3.981972,3.742124,2.630613
2019-04-26,3.861632,3.949273,3.711395,2.609011
2019-04-29,3.857222,3.944763,3.707156,2.606031
2019-04-30,3.887541,3.975771,3.736296,2.626516
2019-05-01,3.856670,3.944199,3.706626,2.605659
2019-05-02,3.893605,3.981972,3.742124,2.630613
2019-05-03,3.923925,4.012980,3.771264,2.651098
2019-05-06,3.859978,3.947582,3.709805,2.607894
2019-05-07,3.765160,3.850612,3.618676,2.543832
2019-05-08,3.733186,3.817913,3.587946,2.522230
2019-05-09,3.691841,3.775629,3.548210,2.494296
2019-05-10,3.697354,3.781267,3.553508,2.498021
2019-05-13,3.524256,3.604240,3.387144,2.381072
2019-05-14,3.605292,3.687116,3.465028,2.435822
2019-05-15,3.633407,3.715869,3.492049,2.454817
2019-05-16,3.576075,3.657236,3.436948,2.416082
2019-05-17,3.506064,3.585636,3.369660,2.368781
2019-05-20,3.366593,3.443000,3.235616,2.274551
2019-05-21,3.435502,3.513472,3.301843,2.321107
2019-05-22,3.362734,3.439053,3.231907,2.271944
2019-05-23,3.310364,3.385494,3.181574,2.236561
2019-05-24,3.281698,3.356178,3.154023,2.217194
2019-05-28,3.253583,3.327425,3.127002,2.216430
2019-05-29,3.265160,3.339264,3.138129,2.216775
2019-05-30,3.292723,3.367453,3.164620,2.217120
2019-05-31,3.243660,3.317277,3.117466,2.217465
2019-06-03,3.251378,3.325170,3.124883,2.217810
2019-06-04,3.393605,3.470625,3.261577,2.218156
2019-06-05,3.369350,3.445818,3.238265,2.201200
2019-06-06,3.415656,3.493176,3.282770,2.231452
2019-06-07,3.454245,3.532640,3.319857,2.256662
2019-06-10,3.538589,3.618899,3.400920,2.311764
2019-06-11,3.552922,3.633557,3.414695,2.321128
2019-06-12,3.470232,3.548990,3.335222,2.267106
2019-06-13,3.486770,3.565903,3.351117,2.277911
2019-06-14,3.399118,3.476263,3.266875,2.220648
2019-06-17,3.359978,3.436234,3.229258,2.195078
2019-06-18,3.505513,3.585072,3.369130,2.290156
2019-06-19,3.512679,3.592401,3.376018,2.294838
2019-06-20,3.541896,3.622281,3.404099,2.313925
2019-06-21,3.522051,3.601985,3.385025,2.300960
2019-06-24,3.525358,3.605368,3.388204,2.303121
2019-06-25,3.476847,3.555755,3.341580,2.271428
2019-06-26,3.589305,3.670766,3.449663,2.344898
2019-06-27,3.641125,3.723762,3.499466,2.378751
2019-06-28,3.646086,3.728836,3.504235,2.381992
2019-07-01,3.737596,3.822423,3.592185,2.441776
2019-07-02,3.691290,3.775065,3.547680,2.411524
2019-07-03,3.674201,3.757588,3.531256,2.400360
2019-07-05,3.653252,3.736165,3.511122,2.386674
2019-07-08,3.625138,3.707412,3.484102,2.368307
2019-07-09,3.647740,3.730527,3.505824,2.383073
2019-07-10,3.676957,3.760407,3.533905,2.402160
2019-07-11,3.687431,3.771119,3.532688,2.409003
2019-07-12,3.754135,3.839336,3.533237,2.452581
2019-07-15,3.787211,3.873163,3.533787,2.474189
2019-07-16,3.746968,3.832007,3.534337,2.447899
2019-07-17,3.757993,3.843283,3.534888,2.455102
2019-07-18,3.812569,3.899097,3.535438,2.490756
2019-07-19,3.808159,3.894587,3.535988,2.487875
2019-07-22,3.880926,3.969006,3.536538,2.535414
2019-07-23,3.930540,4.019746,3.537089,2.567827
2019-07-24,4.050717,4.142650,3.537639,2.646338
2019-07-25,3.982359,4.072741,3.538190,2.601680
2019-07-26,3.981257,4.071613,3.538741,2.600960
2019-07-29,3.992282,4.082889,3.539292,2.608163
2019-07-30,3.983462,4.073868,3.539842,2.602401
2019-07-31,3.851158,3.938561,3.540393,2.515966
2019-08-01,3.775083,3.860760,3.540945,2.466266
2019-08-02,3.719405,3.803818,3.541496,2.441737
2019-08-05,3.558986,3.639758,3.542047,2.371655
2019-08-06,3.604190,3.685988,3.542598,2.391861
2019-08-07,3.626792,3.709103,3.543150,2.401984
2019-08-08,3.727674,3.812275,3.543701,2.446651
2019-08-09,3.662624,3.745749,3.544253,2.418315
2019-08-12,3.614664,3.696700,3.496093,2.397329
2019-08-13,3.721058,3.805510,3.598998,2.444496
2019-08-14,3.606946,3.688807,3.488629,2.394646
2019-08-15,3.600331,3.682042,3.482231,2.391842
2019-08-16,3.696251,3.780140,3.575005,2.434449
2019-08-19,3.764057,3.849484,3.640587,2.464348
2019-08-20,3.750276,3.835390,3.627257,2.458460
2019-08-21,3.780595,3.866398,3.656582,2.471839
2019-08-22,3.783352,3.869217,3.659248,2.473228
2019-08-23,3.616318,3.698392,3.497693,2.364036
2019-08-26,3.647189,3.729963,3.527551,2.377216
2019-08-27,3.633407,3.715869,3.514222,2.374073
2019-08-28,3.656560,3.739547,3.536616,2.379362
2019-08-29,3.744212,3.829188,3.621392,2.398621
2019-08-30,3.761852,3.847229,3.638454,2.402637
2019-09-03,3.700110,3.784086,3.578737,2.376076
2019-09-04,3.799338,3.885566,3.674710,2.418680
2019-09-05,3.916207,4.005087,3.787746,2.468405
2019-09-06,3.926681,4.015799,3.797876,2.472934
2019-09-09,3.941014,4.030457,3.811739,2.479080
2019-09-10,3.958655,4.048498,3.828801,2.486607
2019-09-11,4.018192,4.109387,3.886385,2.511668
2019-09-12,4.027012,4.118407,3.894916,2.515474
2019-09-13,4.019294,4.110514,3.887451,2.510234
2019-09-16,3.993385,4.084016,3.862392,2.494052
2019-09-17,4.002205,4.093037,3.870922,2.499561
2019-09-18,4.009372,4.100366,3.877854,2.504037
2019-09-19,3.982911,4.073305,3.852261,2.487511
2019-09-20,3.909592,3.998322,3.781347,2.441720
2019-09-23,3.955899,4.045680,3.826135,2.470641
2019-09-24,3.873208,3.961113,3.746157,2.435934
2019-09-25,3.938258,4.027639,3.809073,2.463334
2019-09-26,3.943219,4.032713,3.813872,2.465531
2019-09-27,3.850606,3.937998,3.724297,2.427054
2019-09-30,3.884785,3.972952,3.757354,2.441542
2019-10-01,3.848401,3.935743,3.722164,2.426424
2019-10-02,3.792172,3.878237,3.667779,2.402915
2019-10-03,3.858875,3.946454,3.732294,2.431217
2019-10-04,3.922822,4.011853,3.794144,2.458202
2019-10-07,3.900221,3.988738,3.772283,2.448888
2019-10-08,3.779493,3.865270,3.655516,2.398479
2019-10-09,3.841235,3.928413,3.715232,2.424725
2019-10-10,3.878721,3.966750,3.751489,2.440626
2019-10-11,3.970232,4.060338,3.839998,2.479140
2019-10-14,3.969680,4.059774,3.839465,2.479039
2019-10-15,4.056781,4.148851,3.923708,2.533011
2019-10-16,3.999449,4.090218,3.868257,2.497213
2019-10-17,4.006064,4.096983,3.874655,2.501344
2019-10-18,3.963616,4.053572,3.833600,2.474840
2019-10-21,4.041896,4.133629,3.909312,2.523717
2019-10-22,4.006615,4.097547,3.875188,2.501688
2019-10-23,3.929438,4.018618,3.800542,2.453499
2019-10-24,4.026461,4.117843,3.894383,2.514079
2019-10-25,4.110805,4.204101,3.975960,2.566743
2019-10-28,4.185226,4.280212,4.047940,2.613211
2019-10-29,4.142227,4.236237,4.006351,2.586363
2019-10-30,4.143330,4.237364,4.007418,2.587051
2019-10-31,4.122381,4.215941,3.987157,2.573971
2019-11-01,4.217200,4.312911,4.078865,2.633175
2019-11-04,4.310915,4.408753,4.169506,2.691690
2019-11-05,4.313671,4.411572,4.172172,2.693411
2019-11-06,4.284454,4.381692,4.143913,2.675168
2019-11-07,4.310364,4.408190,4.168973,2.691345
2019-11-08,4.332415,4.430741,4.190300,2.705114
2019-11-11,4.314223,4.412136,4.172705,2.693755
2019-11-12,4.323043,4.421156,4.181236,2.699262
2019-11-13,4.328004,4.426230,4.186035,2.702360
2019-11-14,4.313671,4.411572,4.172172,2.693411
2019-11-15,4.352811,4.451601,4.210028,2.717849
2019-11-18,4.342889,4.441452,4.200431,2.711653
2019-11-19,4.321389,4.419465,4.179637,2.698229
2019-11-20,4.270673,4.367597,4.130584,2.676812
2019-11-21,4.224917,4.320804,4.086329,2.657832
2019-11-22,4.220507,4.316294,4.082064,2.656120
2019-11-25,4.321940,4.420029,4.180170,2.698815
2019-11-26,4.305402,4.403116,4.164174,2.692070
2019-11-27,4.336825,4.435251,4.194566,2.705308
2019-11-29,4.289967,4.387330,4.149245,2.685962
2019-12-02,4.224366,4.320240,4.085796,2.658719
2019-12-03,4.158765,4.253150,4.022347,2.631332
2019-12-04,4.224366,4.320240,4.085796,2.659140
2019-12-05,4.245865,4.342227,4.106590,2.668300
2019-12-06,4.307056,4.404807,4.165774,2.694076
2019-12-09,4.287211,4.384511,4.146579,2.685940
2019-12-10,4.305402,4.403116,4.164174,2.693677
2019-12-11,4.393605,4.493320,4.249484,2.730606
2019-12-12,4.512679,4.615096,4.364652,2.780084
2019-12-13,4.492834,4.594800,4.345457,2.767396
2019-12-16,4.519846,4.622426,4.371583,2.784035
2019-12-17,4.540243,4.643285,4.391311,2.796598
2019-12-18,4.538037,4.641030,4.389178,2.795240
2019-12-19,4.574421,4.678240,4.424368,2.817651
2019-12-20,4.617971,4.722778,4.466490,2.844476
2019-12-23,4.632856,4.738000,4.480886,2.853644
2019-12-24,4.640573,4.745893,4.488351,2.858398
2019-12-26,4.645535,4.750967,4.493149,2.861454
2019-12-27,4.636714,4.741947,4.484618,2.856021
2019-12-30,4.601433,4.705865,4.450494,2.834289
2019-12-31,4.614112,4.718832,4.462758,2.842099
2020-01-02,4.709482,4.816366,4.554999,2.900843
2020-01-03,4.621830,4.726725,4.470222,2.846853
2020-01-06,4.573319,4.677112,4.423302,2.816972
2020-01-07,4.657663,4.763370,4.504879,2.851278
2020-01-08,4.653252,4.758860,4.500614,2.849626
2020-01-09,4.683021,4.789304,4.529406,2.861927
2020-01-10,4.655458,4.761115,4.502747,2.850846
2020-01-13,4.710033,4.816929,4.555532,2.873274
2020-01-14,4.720507,4.827641,4.565662,2.877682
2020-01-15,4.670342,4.776337,4.517143,2.857444
2020-01-16,4.744212,4.851884,4.588589,2.887723
2020-01-17,4.780044,4.888529,4.623246,2.902413
2020-01-21,4.777288,4.885711,4.620580,2.901448
2020-01-22,4.809261,4.918410,4.651505,2.914544
2020-01-23,4.845645,4.955619,4.686695,2.936104
2020-01-24,4.794377,4.903188,4.637109,2.905040
2020-01-27,4.611356,4.716013,4.460092,2.794143
2020-01-28,4.718302,4.825386,4.563530,2.837016
2020-01-29,4.631202,4.736309,4.479286,2.802248
2020-01-30,4.631753,4.736873,4.479820,2.802616
2020-01-31,4.466373,4.567739,4.319864,2.736048
2020-02-03,4.516538,4.619043,4.368384,2.756678
2020-02-04,4.657663,4.763370,4.504879,2.814244
2020-02-05,4.764609,4.872744,4.608317,2.857469
2020-02-06,4.767365,4.875562,4.610983,2.858720
2020-02-07,4.654906,4.760552,4.502213,2.813911
2020-02-10,4.720507,4.827641,4.565662,2.840495
2020-02-11,4.815877,4.925175,4.657903,2.878900
2020-02-12,4.889746,5.000721,4.729350,2.922572
2020-02-13,4.895259,5.006359,4.734682,2.925867
2020-02-14,4.878721,4.989446,4.718686,2.915982
2020-02-18,4.815877,4.925175,4.657903,2.878420
2020-02-19,4.937707,5.049770,4.775737,2.951237
2020-02-20,4.866042,4.976479,4.706423,2.908404
2020-02-21,4.721058,4.828205,4.566196,2.821748
2020-02-24,4.495039,4.597056,4.347590,2.686657
2020-02-25,4.361080,4.460057,4.218026,2.632981
2020-02-26,4.367144,4.466259,4.223891,2.635558
2020-02-27,4.165380,4.259916,4.028745,2.554519
2020-02-28,4.259096,4.355758,4.119387,2.592967
2020-03-02,4.410143,4.510234,4.265479,2.623451
2020-03-03,4.254686,4.351248,4.115121,2.592898
2020-03-04,4.472437,4.573941,4.325729,2.637401
2020-03-05,4.337376,4.435815,4.195099,2.611126
2020-03-06,4.242558,4.338845,4.103391,2.592370
2020-03-09,3.880375,3.968442,3.753089,2.518870
2020-03-10,4.135061,4.228908,3.999420,2.518842
2020-03-11,3.903528,3.992120,3.775482,2.471679
2020-03-12,3.475193,3.554064,3.361198,2.471652
2020-03-13,3.848401,3.935743,3.722164,2.472037
2020-03-16,3.262404,3.336445,3.155388,2.472422
2020-03-17,3.549063,3.629610,3.432644,2.472806
2020-03-18,3.257442,3.331371,3.150590,2.473191
2020-03-19,3.341235,3.417066,3.231634,2.473576
2020-03-20,3.246417,3.320096,3.139926,2.473961
2020-03-23,3.362183,3.438489,3.251895,2.474346
2020-03-24,3.726020,3.810584,3.603797,2.474731
2020-03-25,3.664829,3.748004,3.602556,2.475117
2020-03-26,3.911246,4.000013,3.603116,2.530426
2020-03-27,3.717200,3.801563,3.603677,2.488842
2020-03-30,3.846196,3.933487,3.604238,2.517890
2020-03-31,3.770673,3.856250,3.604799,2.501671
2020-04-01,3.564498,3.645396,3.605360,2.456334
2020-04-02,3.670893,3.754206,3.605921,2.481028
2020-04-03,3.601433,3.683169,3.606483,2.465637
2020-04-06,3.968578,4.058646,3.607044,2.549679
2020-04-07,3.954245,4.043988,3.607605,2.546874
2020-04-08,4.086549,4.179295,3.608167,2.575543
2020-04-09,3.998346,4.089091,3.608728,2.557281
2020-04-13,4.043550,4.135320,3.609290,2.567183
2020-04-14,4.229879,4.325878,3.609852,2.606882
2020-04-15,4.104190,4.197336,3.610414,2.554950
2020-04-16,4.219405,4.315166,3.610976,2.578693
2020-04-17,4.251929,4.348429,3.611538,2.591647
2020-04-20,4.159868,4.346931,3.612100,2.554372
2020-04-21,3.955899,4.347608,3.612662,2.471006
2020-04-22,4.195149,4.348285,3.613225,2.520657
2020-04-23,4.153252,4.348961,3.613787,2.503588
2020-04-24,4.239802,4.349638,3.614349,2.538500
2020-04-27,4.296582,4.350315,3.614912,2.561296
2020-04-28,4.273980,4.350992,3.615475,2.552446
2020-04-29,4.476847,4.351670,3.616037,2.673154
2020-04-30,4.319184,4.352347,3.616600,2.579012
2020-05-01,4.108600,4.353024,3.617163,2.453271
2020-05-04,4.142778,4.353702,3.617726,2.466593
2020-05-05,4.212238,4.354380,3.618289,2.494291
2020-05-06,4.264057,4.355057,3.618852,2.514877
2020-05-07,4.302095,4.355735,3.619416,2.529964
2020-05-08,4.429438,4.356413,3.619979,2.580020
2020-05-11,4.425028,4.357091,3.620543,2.577022
2020-05-12,4.307607,4.357769,3.621106,2.508639
2020-05-13,4.224366,4.358448,3.621670,2.460161
2020-05-14,4.337376,4.359126,3.622233,2.503748
2020-05-15,4.248071,4.359805,3.622797,2.469510
2020-05-18,4.443219,4.360483,3.623361,2.545268
2020-05-19,4.428335,4.361162,3.623925,2.539716
2020-05-20,4.591510,4.361841,3.624489,2.632861
2020-05-21,4.476295,4.362520,3.625053,2.566794
2020-05-22,4.496141,4.363199,3.625618,2.578174
2020-05-26,4.542999,4.363878,3.626182,2.605043
2020-05-27,4.613010,4.364557,3.626746,2.645189
2020-05-28,4.512679,4.365236,3.627311,2.587657
2020-05-29,4.627894,4.365916,3.627875,2.653724
2020-06-01,4.603087,4.366595,3.628440,2.639499
2020-06-02,4.702315,4.367275,3.629005,2.696398
2020-06-03,4.838479,4.367955,3.629570,2.774477
2020-06-04,4.882580,4.368635,3.630135,2.799765
2020-06-05,5.002205,4.369315,3.630700,2.868361
2020-06-08,4.991731,4.357986,3.631265,2.862355
2020-06-09,4.995590,4.361355,3.631830,2.864567
2020-06-10,5.013230,4.376756,3.632395,2.874683
2020-06-11,4.694598,4.098576,3.399825,2.691973
2020-06-12,4.758545,4.154404,3.446136,2.728641
2020-06-15,4.812569,4.201570,3.485260,2.748977
2020-06-16,4.906284,4.283387,3.553129,2.784807
2020-06-17,4.944322,4.316596,3.580676,2.799345
2020-06-18,4.935502,4.308895,3.574288,2.796161
2020-06-19,4.911246,4.287719,3.556722,2.787145
2020-06-22,4.947630,4.319483,3.583071,2.801054
2020-06-23,4.965270,4.334884,3.595846,2.807858
2020-06-24,4.856119,4.239591,3.516799,2.766853
2020-06-25,4.890849,4.269912,3.541950,2.780189
2020-06-26,4.799338,4.190019,3.475679,2.745654
2020-06-29,4.851709,4.235741,3.513605,2.765770
2020-06-30,4.977398,4.345472,3.604629,2.813681
2020-07-01,4.913451,4.289644,3.558319,2.789727
2020-07-02,4.973539,4.342103,3.601835,2.812617
2020-07-06,5.105292,4.457129,3.697250,2.862435
2020-07-07,5.044653,4.404189,3.653335,2.839917
2020-07-08,5.113010,4.463867,3.702839,2.865719
2020-07-09,5.180816,4.523065,3.751944,2.903239
2020-07-10,5.163727,4.508145,3.739568,2.893662
2020-07-13,5.078831,4.434028,3.678087,2.846088
2020-07-14,5.162624,4.507182,3.738770,2.893044
2020-07-15,5.153804,4.499482,3.732382,2.888102
2020-07-16,5.134509,4.482637,3.718409,2.877289
2020-07-17,5.160419,4.505257,3.737173,2.886637
2020-07-20,5.262404,4.594294,3.811030,2.924819
2020-07-21,5.235391,4.570711,3.791468,2.909321
2020-07-22,5.252481,4.585631,3.803844,2.918817
2020-07-23,5.172547,4.515845,3.745956,2.874398
2020-07-24,5.090959,4.444616,3.686870,2.843847
2020-07-27,5.249724,4.583225,3.801848,2.903120
2020-07-28,5.148291,4.494669,3.728390,2.865875
2020-07-29,5.254135,4.587075,3.805042,2.905303
2020-07-30,5.357773,4.677555,3.880097,2.943659
2020-07-31,5.336273,4.658785,3.864527,2.935937
2020-08-03,5.432745,4.743009,3.934392,2.988516
2020-08-04,5.512679,4.812795,3.992280,3.032487
2020-08-05,5.507166,4.807982,3.988287,3.029455
2020-08-06,5.503859,4.805094,3.985892,3.027635
2020-08-07,5.442668,4.751672,3.941578,2.993975
2020-08-10,5.442668,4.751672,3.941578,2.993975
2020-08-11,5.385888,4.702101,3.900457,2.962740
2020-08-12,5.560088,4.854185,4.026613,3.026274
2020-08-13,5.504410,4.805576,3.986291,2.995470
2020-08-14,5.501103,4.802688,3.983896,2.993670
2020-08-17,5.563396,4.857073,4.029009,3.015922
2020-08-18,5.533627,4.831083,4.007450,2.999284
2020-08-19,5.502205,4.803651,3.984694,2.987588
2020-08-20,5.453693,4.761298,3.949562,2.970182
2020-08-21,5.490628,4.793544,3.976310,2.983747
2020-08-24,5.547409,4.843115,4.017431,3.004472
2020-08-25,5.601433,4.890281,4.056555,3.024135
2020-08-26,5.619625,4.906163,4.069730,3.030839
2020-08-27,5.555678,4.850335,4.023419,3.008004
2020-08-28,5.658214,4.939853,4.097676,3.045171
2020-08-31,5.645535,4.928783,4.088494,3.040779
2020-09-01,5.757442,5.026483,4.169537,3.081121
2020-09-02,5.924476,5.172311,4.290503,3.169981
2020-09-03,5.593716,4.883543,4.050966,2.993003
2020-09-04,5.535832,4.833009,4.009047,2.962031
2020-09-08,5.277288,4.607288,3.821809,2.869481
2020-09-09,5.420617,4.732421,3.925609,2.921586
2020-09-10,5.347299,4.668411,3.872511,2.895393
2020-09-11,5.345645,4.666967,3.871314,2.894946
2020-09-14,5.452591,4.760335,3.948764,2.933708
2020-09-15,5.546858,4.842634,4.017032,2.967673
2020-09-16,5.495039,4.797394,3.979504,2.949344
2020-09-17,5.492282,4.794987,3.977508,2.948511
2020-09-18,5.406284,4.719908,3.915229,2.917885
2020-09-21,5.396362,4.711245,3.908042,2.914466
2020-09-22,5.452040,4.759854,3.948364,2.934665
2020-09-23,5.307056,4.633278,3.843368,2.882790
2020-09-24,5.351709,4.672261,3.875705,2.899110
2020-09-25,5.425579,4.736753,3.929202,2.925938
2020-09-28,5.574972,4.867179,4.037392,2.979801
2020-09-29,5.587652,4.878249,4.046575,2.984473
2020-09-30,5.597574,4.886912,4.053761,2.989275
2020-10-01,5.717200,4.991350,4.140393,3.053158
2020-10-02,5.545755,4.841672,4.016233,2.991780
2020-10-05,5.718853,4.992793,4.141591,3.054190
2020-10-06,5.691841,4.969211,4.122029,3.044731
2020-10-07,5.800992,5.064504,4.201076,3.083814
2020-10-08,5.872657,5.127070,4.252975,3.109372
2020-10-09,5.975744,5.217070,4.327631,3.163426
2020-10-12,6.064498,5.294556,4.391907,3.210411
2020-10-13,6.054024,5.285411,4.384321,3.204866
2020-10-14,6.029217,5.263754,4.366356,3.191734
2020-10-15,6.013230,5.249797,4.354779,3.183271
2020-10-16,5.984564,5.224770,4.334019,3.168096
2020-10-19,5.954245,5.198300,4.312061,3.152045
2020-10-20,5.944873,5.190118,4.305274,3.147084
2020-10-21,5.904631,5.154985,4.276131,3.125780
2020-10-22,5.907387,5.157391,4.278127,3.127239
2020-10-23,5.886439,5.139102,4.262956,3.119489
2020-10-26,5.759096,5.027927,4.170734,3.074661
2020-10-27,5.736494,5.008194,4.154366,3.066776
2020-10-28,5.548512,4.844078,4.018229,2.999937
2020-10-29,5.689085,4.966804,4.120033,3.050762
2020-10-30,5.613561,4.900869,4.065338,3.023921
2020-11-02,5.633407,4.918195,4.079710,3.031205
2020-11-03,5.739802,5.011082,4.156761,3.069528
2020-11-04,5.940463,5.186268,4.302080,3.141227
2020-11-05,6.207277,5.419207,4.495307,3.235448
2020-11-06,6.308159,5.507281,4.568366,3.287483
2020-11-09,6.234840,5.443271,4.515268,3.249273
2020-11-10,6.047960,5.280117,4.379930,3.151881
2020-11-11,6.265711,5.470223,4.537625,3.265361
2020-11-12,6.188534,5.402843,4.481733,3.225141
2020-11-13,6.264057,5.468779,4.536427,3.264500
2020-11-16,6.420066,5.604981,4.649409,3.345803
2020-11-17,6.367144,5.558778,4.611083,3.318223
2020-11-18,6.319735,5.517388,4.576749,3.293516
2020-11-19,6.412900,5.598724,4.644219,3.342068
2020-11-20,6.383131,5.572735,4.622661,3.326555
2020-11-23,6.474090,5.652146,4.688533,3.373958
2020-11-24,6.509372,5.682948,4.714084,3.392344
2020-11-25,6.495039,5.670435,4.703704,3.384875
2020-11-27,6.572216,5.737814,4.759596,3.425096
2020-11-30,6.648291,5.804231,4.814689,3.464742
2020-12-01,6.757993,5.900005,4.894136,3.521913
2020-12-02,6.777839,5.917331,4.908508,3.532256
2020-12-03,6.786659,5.925032,4.914895,3.536852
2020-12-04,6.971885,6.086742,5.049036,3.633383
2020-12-07,7.007166,6.117544,5.074587,3.651769
2020-12-08,7.029768,6.137276,5.090955,3.663548
2020-12-09,6.831863,5.964497,4.947632,3.560410
2020-12-10,6.821940,5.955834,4.940446,3.555239
2020-12-11,6.755788,5.898080,4.892539,3.520764
2020-12-14,6.817530,5.951983,4.937252,3.541807
2020-12-15,6.912348,6.034763,5.005919,3.574831
2020-12-16,6.916207,6.038132,5.008714,3.576347
2020-12-17,6.928886,6.049202,5.017896,3.580903
2020-12-18,6.888093,6.013587,4.988353,3.567034
2020-12-21,6.857222,5.986635,4.965997,3.556561
2020-12-22,6.847299,5.977972,4.958810,3.553315
2020-12-23,6.795480,5.932732,4.921283,3.535572
2020-12-24,6.856119,5.985673,4.965198,3.556788
2020-12-28,6.848953,5.979416,4.960008,3.554494
2020-12-29,6.831312,5.964015,4.947233,3.548575
2020-12-30,6.945424,6.063640,5.029873,3.588277
2020-12-31,6.967475,6.082891,5.045842,3.596058
2021-01-04,6.938258,6.057384,5.024683,3.586192
2021-01-05,7.080485,6.181554,5.127684,3.635387
2021-01-06,7.057332,6.161340,5.110916,3.627650
2021-01-07,7.323594,6.393798,5.303743,3.719082
2021-01-08,7.327453,6.397167,5.306538,3.720421
2021-01-11,7.401874,6.462140,5.360434,3.758208
2021-01-12,7.446527,6.501123,5.392771,3.780880
2021-01-13,7.458655,6.511711,5.401554,3.787037
2021-01-14,7.616869,6.649839,5.516133,3.867369
2021-01-15,7.461963,6.514599,5.403950,3.788717
2021-01-19,7.717751,6.737913,5.589191,3.918590
2021-01-20,7.690187,6.713849,5.569230,3.904595
2021-01-21,7.801544,6.811067,5.649874,3.961135
2021-01-22,7.669239,6.695560,5.554059,3.893959
2021-01-25,7.680265,6.705186,5.562044,3.899557
2021-01-26,7.555127,6.595935,5.471419,3.836020
2021-01-27,7.163175,6.253746,5.187568,3.637011
2021-01-28,7.320287,6.390910,5.301348,3.689766
2021-01-29,7.192393,6.279253,5.208727,3.646981
2021-02-01,7.476847,6.527594,5.414729,3.743327
2021-02-02,7.598126,6.633475,5.502559,3.784001
2021-02-03,7.443771,6.498717,5.390775,3.732949
2021-02-04,7.504410,6.551658,5.434690,3.753416
2021-02-05,7.453142,6.506899,5.397562,3.736516
2021-02-08,7.676957,6.702298,5.559649,3.811514
2021-02-09,7.654355,6.682566,5.543280,3.804231
2021-02-10,7.669239,6.695560,5.554059,3.809360
2021-02-11,7.934950,6.927537,5.746487,3.897545
2021-02-12,8.033076,7.013205,5.817550,3.945085
2021-02-16,8.073319,7.048338,5.846693,3.964848
2021-02-17,7.934950,6.927537,5.746487,3.896895
2021-02-18,7.853363,6.856308,5.687401,3.856827
2021-02-19,8.042999,7.021868,5.824736,3.949958
2021-02-22,7.751378,6.767271,5.613544,3.806742
2021-02-23,7.692944,6.716255,5.571226,3.778044
2021-02-24,7.942668,6.934275,5.752076,3.859358
2021-02-25,7.490077,6.539144,5.424310,3.712948
2021-02-26,7.660970,6.688341,5.548071,3.769617
2021-03-01,7.905182,6.901548,5.724929,3.849923
2021-03-02,7.668137,6.694598,5.553261,3.773160
2021-03-03,7.433297,6.489573,5.383190,3.696319
2021-03-04,7.075524,6.177222,5.124091,3.577906
2021-03-05,7.287762,6.362515,5.277794,3.649640
2021-03-08,6.894708,6.019362,4.993144,3.518604
2021-03-09,7.323043,6.393317,5.303344,3.664516
2021-03-10,7.184675,6.272515,5.203138,3.618546
2021-03-11,7.487321,6.536738,5.422314,3.720352
2021-03-12,7.408490,6.467915,5.365225,3.694431
2021-03-15,7.564498,6.604117,5.478206,3.746488
2021-03-16,7.662073,6.689304,5.548869,3.778900
2021-03-17,7.758545,6.773527,5.618734,3.825841
2021-03-18,7.437707,6.493423,5.386384,3.667632
2021-03-19,7.529768,6.573796,5.453055,3.697470
2021-03-22,7.689085,6.712886,5.568432,3.749817
2021-03-23,7.486770,6.536257,5.421915,3.684235
2021-03-24,7.384234,6.446739,5.347658,3.650787
2021-03-25,7.378170,6.441445,5.343267,3.648978
2021-03-26,7.742007,6.759089,5.606757,3.708719
2021-03-29,7.623484,6.655614,5.520923,3.670448
2021-03-30,7.605292,6.639732,5.507749,3.664799
2021-03-31,7.791069,6.801923,5.642289,3.724670
2021-04-01,8.077729,7.052188,5.849887,3.816225
2021-04-05,8.240353,7.194166,5.967660,3.867643
2021-04-06,8.148291,7.113792,5.900988,3.839038
2021-04-07,8.143330,7.109461,5.897395,3.836061
2021-04-08,8.235943,7.190315,5.964466,3.879688
2021-04-09,8.210033,7.167695,5.945702,3.867482
2021-04-12,8.121830,7.090691,5.881825,3.825933
2021-04-13,8.109151,7.079621,5.872643,3.819960
2021-04-14,8.019846,7.001654,5.807968,3.777891
2021-04-15,8.154355,7.119086,5.905380,3.841254
2021-04-16,8.116318,7.085878,5.877833,3.823336
2021-04-19,7.902977,6.899623,5.723332,3.722838
2021-04-20,7.789967,6.800960,5.641490,3.686926
2021-04-21,7.994487,6.979515,5.789604,3.751650
2021-04-22,7.820287,6.827431,5.663448,3.697345
2021-04-23,7.963065,6.952082,5.766848,3.742540
2021-04-26,8.109151,7.079621,5.872643,3.788506
2021-04-27,8.047960,7.026199,5.828329,3.769644
2021-04-28,7.926130,6.919836,5.740100,3.731797
2021-04-29,7.977398,6.964595,5.777228,3.748082
2021-04-30,7.755237,6.770640,5.616339,3.678690
2021-05-03,7.674201,6.699892,5.557652,3.653255
2021-05-04,7.545204,6.587272,5.464233,3.612506
2021-05-05,7.592062,6.628181,5.498167,3.627649
2021-05-06,7.654355,6.682566,5.543280,3.647681
2021-05-07,7.759647,6.774490,5.619533,3.681322
2021-05-10,7.414553,6.473209,5.369616,3.572367
2021-05-11,7.424476,6.481872,5.376802,3.575739
2021-05-12,7.121830,6.217650,5.157626,3.478752
2021-05-13,7.212789,6.297061,5.223499,3.508553
2021-05-14,7.436053,6.491979,5.385186,3.581137
2021-05-17,7.371003,6.435188,5.338077,3.570471
2021-05-18,7.312018,6.383691,5.295360,3.561317
2021-05-19,7.454245,6.507861,5.398360,3.584777
2021-05-20,7.650496,6.679197,5.540486,3.616609
2021-05-21,7.608049,6.642138,5.509745,3.610295
2021-05-24,7.800441,6.810105,5.649076,3.670736
2021-05-25,7.823594,6.830318,5.665843,3.678190
2021-05-26,7.844542,6.848607,5.681014,3.684946
2021-05-27,7.877619,6.877484,5.704968,3.695496
2021-05-28,7.950937,6.941494,5.758065,3.718617
2021-06-01,7.928335,6.921762,5.741696,3.711763
2021-06-02,7.976847,6.964114,5.776829,3.727096
2021-06-03,7.839581,6.844276,5.677421,3.684533
2021-06-04,8.030320,7.010798,5.815554,3.744487
2021-06-07,7.967475,6.955932,5.770042,3.725146
2021-06-08,7.922271,6.916467,5.737305,3.711249
2021-06-09,7.883131,6.882297,5.708960,3.699218
2021-06-10,7.964168,6.953045,5.767646,3.724761
2021-06-11,8.004410,6.988178,5.796790,3.737502
2021-06-14,8.117971,7.087322,5.879031,3.773046
2021-06-15,8.051819,7.029568,5.831124,3.752744
2021-06-16,7.975744,6.963152,5.776030,3.716668
2021-06-17,8.061742,7.038231,5.838310,3.756743
2021-06-18,7.868798,6.869783,5.698580,3.666832
2021-06-21,7.898015,6.895291,5.719739,3.675486
2021-06-22,7.935502,6.928018,5.746886,3.687307
2021-06-23,7.968578,6.956895,5.770840,3.697744
2021-06-24,8.103638,7.074808,5.868651,3.739718
2021-06-25,8.081588,7.055557,5.852682,3.733128
2021-06-28,8.274531,7.224005,5.992412,3.821618
2021-06-29,8.339581,7.280796,6.039521,3.851661
2021-06-30,8.346748,7.287053,6.044711,3.854971
2021-07-01,8.227122,7.182615,5.958078,3.799722
2021-07-02,8.277288,7.226411,5.994408,3.822891
2021-07-06,8.262955,7.213898,5.984028,3.816271
2021-07-07,8.137817,7.104648,5.893403,3.758476
2021-07-08,8.033076,7.013205,5.817550,3.710101
2021-07-09,8.164278,7.127749,5.912566,3.750065
2021-07-12,8.269019,7.219192,5.988419,3.782334
2021-07-13,8.235943,7.190315,5.964466,3.772444
2021-07-14,8.197905,7.157107,5.936919,3.761024
2021-07-15,8.015987,6.998285,5.805174,3.705579
2021-07-16,7.841786,6.846201,5.679018,3.652086
2021-07-19,7.834068,6.839463,5.673429,3.649879
2021-07-20,7.940463,6.932350,5.750479,3.683114
2021-07-21,8.184675,7.145556,5.927337,3.758822
2021-07-22,8.136163,7.103204,5.892205,3.744165
2021-07-23,8.177508,7.139300,5.922148,3.757043
2021-07-26,8.180265,7.141706,5.924144,3.758082
2021-07-27,8.030320,7.010798,5.815554,3.712354
2021-07-28,8.161521,7.125343,5.910570,3.752982
2021-07-29,8.328004,7.270689,6.031137,3.804213
2021-07-30,8.395810,7.329887,6.080242,3.834548
2021-08-02,8.449283,7.376571,6.118967,3.858970
2021-08-03,8.513230,7.432399,6.165277,3.888176
2021-08-04,8.600331,7.508441,6.228355,3.927957
2021-08-05,8.601433,7.509404,6.229154,3.928460
2021-08-06,8.558986,7.472345,6.198413,3.909073
2021-08-09,8.529768,7.446837,6.177254,3.895729
2021-08-10,8.430540,7.360207,6.105393,3.850410
2021-08-11,8.401874,7.335181,6.084633,3.837317
2021-08-12,8.311466,7.256251,6.019160,3.796026
2021-08-13,8.363837,7.301972,6.057087,3.811533
2021-08-16,8.332966,7.275021,6.034730,3.802352
2021-08-17,8.171444,7.134006,5.917756,3.753414
2021-08-18,8.063396,7.039675,5.839507,3.720522
2021-08-19,8.129548,7.097429,5.887415,3.741064
2021-08-20,8.190739,7.150851,5.931729,3.760031
2021-08-23,8.421169,7.352025,6.098606,3.830747
2021-08-24,8.421169,7.352025,6.098606,3.830945
2021-08-25,8.485116,7.407854,6.144917,3.850538
2021-08-26,8.493385,7.415073,6.150905,3.853239
2021-08-27,8.655458,7.556569,6.268278,3.926113
2021-08-30,8.672547,7.571489,6.280654,3.933865
2021-08-31,8.603087,7.510848,6.230352,3.902358
2021-09-01,8.556229,7.469939,6.196417,3.881103
2021-09-02,8.588203,7.497853,6.219572,3.895607
2021-09-03,8.652701,7.554163,6.266282,3.924863
2021-09-07,8.620728,7.526249,6.243127,3.910360
2021-09-08,8.510474,7.429993,6.163281,3.860349
2021-09-09,8.540243,7.455982,6.184840,3.873852
2021-09-10,8.608049,7.515179,6.233945,3.893908
2021-09-13,8.690739,7.587371,6.293829,3.919047
2021-09-14,8.691290,7.587852,6.294228,3.918643
2021-09-15,8.740904,7.631167,6.330158,3.941012
2021-09-16,8.757993,7.646087,6.342535,3.948717
2021-09-17,8.617971,7.523842,6.241131,3.885585
2021-09-20,8.404631,7.337587,6.086629,3.789396
2021-09-21,8.429438,7.359245,6.104595,3.796417
2021-09-22,8.604741,7.512291,6.231549,3.849249
2021-09-23,8.719405,7.612398,6.314589,3.883644
2021-09-24,8.687982,7.584965,6.291833,3.874515
2021-09-27,8.667034,7.566676,6.276662,3.868488
2021-09-28,8.328004,7.270689,6.031137,3.767806
2021-09-29,8.196251,7.155663,5.935721,3.728262
2021-09-30,8.192944,7.152776,5.933326,3.727453
2021-10-01,8.198456,7.157588,5.937318,3.729318
2021-10-04,7.987321,6.973258,5.784414,3.665484
2021-10-05,8.108049,7.078659,5.871845,3.702610
2021-10-06,8.140022,7.106573,5.895000,3.712536
2021-10-07,8.234840,7.189353,5.963667,3.741559
2021-10-08,8.150496,7.115717,5.902585,3.728551
2021-10-11,8.095921,7.068070,5.863062,3.720616
2021-10-12,7.995039,6.979996,5.790003,3.705548
2021-10-13,8.041345,7.020424,5.823538,3.713087
2021-10-14,8.290518,7.237962,6.003989,3.751824
2021-10-15,8.346196,7.286571,6.044311,3.760612
2021-10-18,8.413451,7.345287,6.093017,3.780379
2021-10-19,8.516538,7.435287,6.167673,3.811455
2021-10-20,8.498897,7.419886,6.154897,3.806390
2021-10-21,8.584344,7.494484,6.216778,3.832100
2021-10-22,8.487872,7.410260,6.146913,3.803588
2021-10-25,8.546307,7.461276,6.189231,3.821243
2021-10-26,8.552922,7.467051,6.194022,3.823413
2021-10-27,8.491180,7.413148,6.149308,3.805211
2021-10-28,8.683021,7.580633,6.288240,3.862722
2021-10-29,8.721610,7.614323,6.316186,3.874367
2021-11-01,8.863837,7.738493,6.419186,3.916689
2021-11-02,8.974090,7.834749,6.499032,3.949371
2021-11-03,9.077729,7.925229,6.574087,3.979982
2021-11-04,9.383131,8.191858,6.795259,4.069455
2021-11-05,9.487321,8.282820,6.870713,4.113956
2021-11-08,9.615215,8.394477,6.963334,4.169414
2021-11-09,9.615215,8.394477,6.963334,4.169414
2021-11-10,9.331863,8.147099,6.758131,4.046545
2021-11-11,9.529217,8.319397,6.901054,4.132123
2021-11-12,9.622381,8.400733,6.968524,4.172522
2021-11-15,9.615215,8.394477,6.963334,4.169414
2021-11-16,9.759096,8.520091,7.067533,4.231805
2021-11-17,9.691290,8.460893,7.018427,4.202402
2021-11-18,9.853363,8.602389,7.135801,4.272681
2021-11-19,9.880926,8.626453,7.155762,4.284634
2021-11-22,9.737596,8.501321,7.051963,4.222482
2021-11-23,9.698456,8.467150,7.023617,4.205510
2021-11-24,9.804851,8.560037,7.100668,4.251645
2021-11-26,9.531974,8.321804,6.903051,4.172286
2021-11-29,9.898567,8.641854,7.168537,4.279478
2021-11-30,9.724917,8.490251,7.042780,4.229650
2021-12-01,9.647189,8.422391,6.986489,4.207332
2021-12-02,9.661521,8.434904,6.996869,4.211718
2021-12-03,9.636714,8.413247,6.978904,4.204727
2021-12-06,9.624587,8.402658,6.970121,4.201417
2021-12-07,10.110254,8.826666,7.321841,4.342974
2021-12-08,10.044653,8.769393,7.274333,4.324413
2021-12-09,9.813671,8.567737,7.107056,4.258343
2021-12-10,9.906284,8.648592,7.174126,4.285355
2021-12-13,9.626792,8.404584,6.971718,4.204973
2021-12-14,9.580485,8.364156,6.938183,4.191707
2021-12-15,9.932194,8.671212,7.192890,4.294512
2021-12-16,9.498897,8.292927,6.879097,4.169835
2021-12-17,9.476295,8.273194,6.862729,4.163437
2021-12-20,9.401874,8.208222,6.808833,4.141855
2021-12-21,9.741455,8.504690,7.054757,4.241801
2021-12-22,9.842337,8.592764,7.127816,4.271306
2021-12-23,9.937707,8.676025,7.196882,4.299120
2021-12-27,10.210033,8.913777,7.394101,4.377883
2021-12-28,10.097574,8.815596,7.312658,4.328941
2021-12-29,10.113010,8.829072,7.323837,4.335558
2021-12-30,9.995590,8.726560,7.238801,4.285219
2021-12-31,9.965270,8.700089,7.216844,4.272221
2022-01-03,10.163727,8.873350,7.360566,4.357301
2022-01-04,10.132304,8.845917,7.337810,4.343830
2022-01-05,9.788313,8.545598,7.088692,4.196357
2022-01-06,9.864388,8.612015,7.143785,4.217615
2022-01-07,9.578280,8.362231,6.936586,4.136281
2022-01-10,9.581588,8.365119,6.938981,4.137448
2022-01-11,9.761852,8.522497,7.069529,4.189557
2022-01-12,9.833517,8.585063,7.121428,4.210278
2022-01-13,9.604190,8.384851,6.955349,4.145038
2022-01-14,9.834068,8.585545,7.121828,4.211395
2022-01-18,9.394157,8.201484,6.803244,4.086020
2022-01-19,9.117971,7.960363,6.603230,4.006147
2022-01-20,8.831863,7.710579,6.396031,3.922550
2022-01-21,8.685226,7.582558,6.289836,3.879336
2022-01-24,8.784454,7.669189,6.361698,3.909085
2022-01-25,8.456450,7.382827,6.124157,3.860193
2022-01-26,8.586549,7.496409,6.218375,3.860150
2022-01-27,8.203969,7.162401,5.941310,3.860751
2022-01-28,8.361632,7.300047,6.055490,3.861352
2022-01-31,8.810364,7.691809,6.380461,3.861953
2022-02-01,8.883682,7.755819,6.433559,3.872421
2022-02-02,9.108049,7.951700,6.596044,3.905423
2022-02-03,8.711687,7.605660,6.308999,3.849177
2022-02-04,8.761852,7.649456,6.345329,3.856965
2022-02-07,8.756891,7.645125,6.341736,3.855066
2022-02-08,8.978501,7.838599,6.502226,3.920306
2022-02-09,9.272878,8.095602,6.715413,4.006199
2022-02-10,8.984013,7.843412,6.506218,3.923208
2022-02-11,8.526461,7.443950,6.174859,3.790206
2022-02-14,8.534730,7.451169,6.180847,3.791193
2022-02-15,9.005513,7.862182,6.521788,3.861295
2022-02-16,9.008820,7.865069,6.524183,3.861797
2022-02-17,8.670342,7.569564,6.279057,3.765267
2022-02-18,8.573319,7.484859,6.208793,3.737373
2022-02-22,8.521499,7.439618,6.171266,3.729609
2022-02-23,8.318082,7.262026,6.023951,3.700319
2022-02-24,8.622381,7.527692,6.244324,3.700279
2022-02-25,8.766262,7.653306,6.348523,3.700855
2022-02-28,8.712789,7.606622,6.309798,3.684768
2022-03-01,8.396913,7.330849,6.081040,3.595900
2022-03-02,8.664278,7.564270,6.078946,3.633833
2022-03-03,8.482359,7.405447,6.079892,3.608778
2022-03-04,8.257442,7.209085,6.080838,3.577255
2022-03-07,7.842889,6.847163,6.081785,3.577216
2022-03-08,7.993385,6.978552,6.082731,3.577773
2022-03-09,8.328556,7.271170,6.083678,3.578330
2022-03-10,8.157663,7.121974,6.084625,3.578886
2022-03-11,7.982359,6.968927,6.085572,3.579444
2022-03-14,7.723815,6.743207,6.086519,3.580001
2022-03-15,8.078831,7.053151,6.087467,3.580558
2022-03-16,8.495039,7.416517,6.088414,3.581115
2022-03-17,8.547409,7.462238,6.089362,3.588248
2022-03-18,8.714443,7.608066,6.090310,3.611994
2022-03-21,8.696803,7.592665,6.091258,3.609932
2022-03-22,8.745314,7.590050,6.092206,3.617018
2022-03-23,8.524807,7.591231,6.093154,3.586993
2022-03-24,8.938258,7.592413,6.094102,3.645355
2022-03-25,8.917861,7.593595,6.095051,3.639392
2022-03-28,8.987321,7.594777,6.096000,3.658478
2022-03-29,9.193495,7.595959,6.096949,3.714620
2022-03-30,8.899118,7.597141,6.097898,3.635517
2022-03-31,8.696803,7.598324,6.098847,3.580605
2022-04-01,8.528115,7.599506,6.099796,3.557233
2022-04-04,8.667034,7.600689,6.100745,3.576918
2022-04-05,8.267916,7.601872,6.101695,3.522383
2022-04-06,8.062293,7.603055,6.102645,3.522344
2022-04-07,8.079934,7.604239,6.103595,3.522893
2022-04-08,7.879272,7.605422,6.104545,3.523441
2022-04-11,7.717751,7.606606,6.105495,3.523989
2022-04-12,7.694046,7.607790,6.106445,3.524538
2022-04-13,7.859427,7.608974,6.107396,3.525086
2022-04-14,7.642227,7.610159,6.108346,3.525635
2022-04-18,7.774531,7.611343,6.109297,3.526184
2022-04-19,7.944873,7.612528,6.110248,3.526733
2022-04-20,7.927233,7.613713,6.111199,3.527282
2022-04-21,7.715546,7.614898,6.112150,3.527831
2022-04-22,7.544101,7.616083,6.113101,3.528380
2022-04-25,7.671444,7.617269,6.114053,3.528929
2022-04-26,7.331312,7.618454,6.115005,3.529478
2022-04-27,7.291621,7.619640,6.115956,3.530028
2022-04-28,7.693495,7.620826,6.116908,3.530577
2022-04-29,7.364388,7.622012,6.117860,3.531127
2022-05-02,7.610254,7.623199,6.118813,3.531676
2022-05-03,7.673649,7.624385,6.119765,3.532226
2022-05-04,7.971334,7.625572,6.120718,3.577671
2022-05-05,7.584895,7.626759,6.121670,3.520229
2022-05-06,7.517641,7.627946,6.122623,3.510190
2022-05-09,7.134509,7.629133,6.123576,3.450923
2022-05-10,7.297133,7.630321,6.124529,3.477501
2022-05-11,7.081588,7.631508,6.125483,3.477463
2022-05-12,7.124587,7.632696,6.126436,3.478004
2022-05-13,7.487872,7.633884,6.127390,3.478545
2022-05-16,7.374311,7.635072,6.128343,3.460744
2022-05-17,7.732084,7.636261,6.129297,3.517070
2022-05-18,7.342337,7.637449,6.130251,3.458341
2022-05-19,7.298236,7.638638,6.131205,3.451776
2022-05-20,7.294377,7.639827,6.132160,3.451526
2022-05-23,7.325799,7.641016,6.133114,3.456840
2022-05-24,7.147189,7.642205,6.134069,3.429105
2022-05-25,7.275634,7.643395,6.135024,3.450003
2022-05-26,7.560088,7.644585,6.135978,3.495322
2022-05-27,7.871003,7.645775,6.136934,3.543601
2022-05-31,7.830761,7.646965,6.137889,3.537929
2022-06-01,7.706174,7.648155,6.138844,3.519534
2022-06-02,7.974642,7.649345,6.139800,3.560770
2022-06-03,7.736494,7.650536,6.140755,3.525694
2022-06-06,7.749724,7.651727,6.141711,3.528070
2022-06-07,7.811466,7.652918,6.142667,3.537805
2022-06-08,7.645535,7.654109,6.143623,3.513122
2022-06-09,7.417310,7.655300,6.144579,3.478531
2022-06-10,7.153804,7.656492,6.145536,3.437699
2022-06-13,6.740904,7.657684,6.146492,3.437661
2022-06-14,6.778390,7.658875,6.147449,3.438196
2022-06-15,6.894708,7.660068,6.148406,3.438731
2022-06-16,6.479603,7.661260,6.149363,3.439266
2022-06-17,6.505513,7.662452,6.150320,3.439802
2022-06-21,6.675854,7.663645,6.151277,3.440337
2022-06-22,6.606395,7.664838,6.152235,3.440873
2022-06-23,6.561742,7.666031,6.153192,3.441408
2022-06-24,6.852260,7.667224,6.154150,3.441944
2022-06-27,6.833517,7.668417,6.155108,3.442480
2022-06-28,6.667034,7.669611,6.156066,3.443015
2022-06-29,6.509372,7.670805,6.157024,3.443551
2022-06-30,6.424476,7.671999,6.157983,3.444087
2022-07-01,6.196803,7.673193,6.158941,3.444623
2022-07-05,6.245865,7.674387,6.159900,3.445160
2022-07-06,6.276185,7.675582,6.160858,3.445696
2022-07-07,6.557332,7.676777,6.161817,3.446232
2022-07-08,6.588754,7.677971,6.162777,3.446769
2022-07-11,6.436604,7.679166,6.163736,3.420025
2022-07-12,6.454796,7.680362,6.164695,3.423602
2022-07-13,6.491180,7.681557,6.165655,3.430389
2022-07-14,6.628997,7.682753,6.166614,3.455023
2022-07-15,6.787211,7.683949,6.167574,3.482868
2022-07-18,6.765160,7.685145,6.168534,3.479458
2022-07-19,7.063396,7.686341,6.169494,3.530948
2022-07-20,7.243660,7.687537,6.170455,3.561353
2022-07-21,7.362183,7.688734,6.171415,3.581146
2022-07-22,7.180816,7.689931,6.172376,3.552111
2022-07-25,7.135061,7.691127,6.173336,3.544935
2022-07-26,7.016538,7.692325,6.174297,3.525674
2022-07-27,7.337376,7.693522,6.175258,3.526223
2022-07-28,7.427784,7.694719,6.176219,3.526771
2022-07-29,7.485116,7.695917,6.177181,3.527320
2022-08-01,7.513782,7.697115,6.178142,3.527869
2022-08-02,7.499449,7.698313,6.179104,3.528419
2022-08-03,7.707828,7.699511,6.180066,3.528968
2022-08-04,7.763506,7.700710,6.181028,3.529517
2022-08-05,7.702867,7.701908,6.181990,3.500198
2022-08-08,7.586549,7.703107,6.182952,3.447343
2022-08-09,7.238699,7.704306,6.183914,3.289279
2022-08-10,7.539140,7.705505,6.184877,3.425800
2022-08-11,7.529768,7.706705,6.185839,3.421541
2022-08-12,7.749724,7.707904,6.186802,3.521490
2022-08-15,7.778942,7.709104,6.187765,3.534766
2022-08-16,7.699008,7.710304,6.188728,3.498444
2022-08-17,7.513230,7.711504,6.189692,3.414026
2022-08-18,7.684675,7.712704,6.190655,3.491931
2022-08-19,7.476847,7.713905,6.191619,3.397494
2022-08-22,7.195700,7.715105,6.192582,3.269740
2022-08-23,7.231533,7.716306,6.193546,3.286022
2022-08-24,7.249724,7.717507,6.194510,3.294289
2022-08-25,7.515436,7.718708,6.195474,3.415028
2022-08-26,7.089305,7.719910,6.196439,3.221394
2022-08-29,6.945976,7.721111,6.197403,3.156265
2022-08-30,6.864939,7.722313,6.198368,3.119442
2022-08-31,6.793275,7.723515,6.199333,3.086877
2022-09-01,6.667034,7.724717,6.200298,3.029513
2022-09-02,6.594267,7.725920,6.201263,2.996448
2022-09-06,6.518192,7.727122,6.202228,2.961879
2022-09-07,6.628445,7.728325,6.203193,3.011978
2022-09-08,6.739802,7.729528,6.204159,3.062579
2022-09-09,6.901874,7.730731,6.205124,3.136225
2022-09-12,6.935502,7.731934,6.206090,3.151505
2022-09-13,6.504410,7.733138,6.207056,2.955617
2022-09-14,6.578280,7.734341,6.208022,2.954599
2022-09-15,6.469129,7.735545,6.208989,2.955058
2022-09-16,6.508269,7.736749,6.209955,2.955518
2022-09-19,6.542448,7.737954,6.210922,2.955978
2022-09-20,6.455347,7.739158,6.211888,2.956439
2022-09-21,6.390298,7.740363,6.212855,2.956899
2022-09-22,6.216097,7.741567,6.213822,2.957359
2022-09-23,6.132856,7.742772,6.214789,2.957819
2022-09-26,6.008269,7.743978,6.215757,2.958280
2022-09-27,6.064498,7.745183,6.270791,2.958740
2022-09-28,6.150496,7.746388,6.359714,2.959201
2022-09-29,5.959206,7.747594,6.161917,2.959661
2022-09-30,5.856670,7.748800,6.159795,2.960122
2022-10-03,6.059537,7.750006,6.160754,2.960583
2022-10-04,6.343440,7.751212,6.161712,2.961043
2022-10-05,6.395259,7.752419,6.162672,2.961504
2022-10-06,6.369901,7.753626,6.163631,2.961965
2022-10-07,5.987872,7.754832,6.164590,2.962426
2022-10-10,5.783903,7.756039,6.165550,2.962887
2022-10-11,5.621279,7.757247,6.166509,2.963349
2022-10-12,5.566703,7.758454,6.167469,2.963810
2022-10-13,5.727122,7.759662,6.168429,2.964271
2022-10-14,5.488423,7.760869,6.169389,2.964733
2022-10-17,5.604741,7.762077,6.170349,2.965194
2022-10-18,5.624035,7.763286,6.171310,2.965656
2022-10-19,5.659868,7.764494,6.172270,2.966117
2022-10-20,5.695149,7.765703,6.173231,2.966579
2022-10-21,5.906836,7.766911,6.174192,2.967041
2022-10-24,5.932194,7.768120,6.175153,2.967502
2022-10-25,6.067806,7.769329,6.176114,2.967964
2022-10-26,6.008269,7.770539,6.177076,2.968426
2022-10-27,5.901323,7.771748,6.178037,2.968888
2022-10-28,6.132856,7.772958,6.178999,2.969350
2022-10-31,5.999449,7.774168,6.179960,2.969813
2022-11-01,6.047409,7.775378,6.180922,2.970275
2022-11-02,5.856670,7.776588,6.181884,2.970737
2022-11-03,5.778390,7.777798,6.182847,2.971200
2022-11-04,6.045755,7.779009,6.183809,2.971662
2022-11-07,6.176406,7.780220,6.184771,2.972125
2022-11-08,6.312018,7.781431,6.185734,2.972587
2022-11-09,6.110254,7.782642,6.186697,2.973050
2022-11-10,6.742558,7.783853,6.187660,2.973513
2022-11-11,6.949283,7.785065,6.188623,2.973975
2022-11-14,6.873208,7.786277,6.189586,2.974438
2022-11-15,7.072216,7.787488,6.190550,2.974901
2022-11-16,6.780044,7.788701,6.191513,2.975364
2022-11-17,6.833517,7.789913,6.192477,2.997331
2022-11-18,6.848401,7.791125,6.193441,3.003860
2022-11-21,6.734840,7.792338,6.194405,2.954049
2022-11-22,6.935502,7.793551,6.195369,3.042064
2022-11-23,7.019294,7.794764,6.196333,3.078817
2022-11-25,6.926130,7.795977,6.197298,3.037953
2022-11-28,6.753032,7.797191,6.198262,2.962029
2022-11-29,6.726571,7.798404,6.199227,2.950422
2022-11-30,7.130099,7.799618,6.200192,3.127419
2022-12-01,7.078831,7.800832,6.201157,3.104931
2022-12-02,6.998897,7.802046,6.202122,3.069871
2022-12-05,6.910695,7.803261,6.203088,3.031183
2022-12-06,6.765160,7.804475,6.204053,2.967348
2022-12-07,6.750827,7.805690,6.205019,2.961061
2022-12-08,6.945976,7.806905,6.205985,3.046658
2022-12-09,6.881477,7.808120,6.206951,3.018368
2022-12-12,7.003308,7.809336,6.207917,3.071805
2022-12-13,7.103638,7.810551,6.208883,3.115812
2022-12-14,6.997244,7.811767,6.209849,3.069145
2022-12-15,6.701213,7.812983,6.210816,2.939300
2022-12-16,6.650496,7.814199,6.211783,2.917054
2022-12-19,6.568357,7.815415,6.212749,2.881026
2022-12-20,6.528115,7.816632,6.213716,2.863375
2022-12-21,6.675303,7.817848,6.214684,2.927935
2022-12-22,6.405182,7.819065,6.215651,2.809454
2022-12-23,6.410695,7.820282,6.216618,2.811872
2022-12-27,6.294928,7.821499,6.217586,2.761094
2022-12-28,6.202315,7.822717,6.218554,2.720472
2022-12-29,6.400221,7.823934,6.219522,2.807278
2022-12-30,6.394157,7.825152,6.220490,2.804618
2023-01-03,6.331863,7.826370,6.221458,2.777295
2023-01-04,6.495039,7.827588,6.378597,2.848867
2023-01-05,6.385336,7.828807,6.270862,2.800749
2023-01-06,6.682470,7.830025,6.562668,2.931078
2023-01-09,6.805954,7.831244,6.683938,2.985241
2023-01-10,6.893605,7.832463,6.770018,2.984213
2023-01-11,6.982911,7.833682,6.857723,2.984677
2023-01-12,7.067806,7.834901,6.941096,2.985142
2023-01-13,7.097023,7.836121,6.969790,2.985607
2023-01-17,7.104741,7.837340,6.977369,2.986071
2023-01-18,7.067806,7.838560,6.941096,2.986536
2023-01-19,6.869350,7.839780,6.746198,2.987001
2023-01-20,7.084344,7.841001,6.957338,2.987466
2023-01-23,7.439912,7.842221,7.306531,2.987931
2023-01-24,7.383682,7.843442,7.251310,2.988396
2023-01-25,7.404079,7.844663,7.271341,2.988861
2023-01-26,7.528666,7.845884,7.393694,2.989326
2023-01-27,7.480706,7.847105,7.346593,2.968798
2023-01-30,7.282249,7.848326,7.151695,2.890039
2023-01-31,7.417861,7.849548,7.284876,2.943858
2023-02-01,7.804851,7.850770,7.664928,3.097439
2023-02-02,7.985667,8.028633,7.842502,3.169197
2023-02-03,7.829658,7.871785,7.689290,3.107284
2023-02-06,7.702315,7.743757,7.564230,3.056746
2023-02-07,7.947630,7.990391,7.805146,3.154102
2023-02-08,7.776736,7.818578,7.637317,3.086281
2023-02-09,7.796582,7.838531,7.656807,3.094157
2023-02-10,7.672547,7.713828,7.534995,3.044932
2023-02-13,7.785006,7.826892,7.645438,3.089563
2023-02-14,7.926681,7.969330,7.784574,3.145788
2023-02-15,7.958655,8.001476,7.815974,3.158477
2023-02-16,7.763506,7.805277,7.624324,3.081031
2023-02-17,7.642778,7.683899,7.505761,3.033118
2023-02-21,7.395259,7.435048,7.262679,2.934888
2023-02-22,7.359978,7.399577,7.228030,2.920886
2023-02-23,7.601985,7.642886,7.465698,3.016929
2023-02-24,7.465821,7.505990,7.331976,2.962891
2023-02-27,7.504961,7.545341,7.370414,2.978424
2023-02-28,7.530871,7.571390,7.395859,2.988707
2023-03-01,7.533076,7.573607,7.398025,2.989582
2023-03-02,7.593164,7.634018,7.457036,3.013429
2023-03-03,7.710033,7.751516,7.571810,3.059809
2023-03-06,7.620728,7.661730,7.484105,3.024367
2023-03-07,7.540243,7.580812,7.405063,2.992426
2023-03-08,7.740904,7.782553,7.602127,3.072061
2023-03-09,7.587100,7.627922,7.451081,3.011022
2023-03-10,7.440463,7.480496,7.307072,2.952827
2023-03-13,7.442668,7.482713,7.309238,2.953703
2023-03-14,7.659868,7.701081,7.522544,3.039901
2023-03-15,7.570562,7.611295,7.434839,3.004459
2023-03-16,7.866593,7.908918,7.725563,3.121942
2023-03-17,7.817530,7.859592,7.677380,3.102471
2023-03-20,7.900221,7.942727,7.758587,3.135287
2023-03-21,7.916207,7.958800,7.774288,3.141632
2023-03-22,7.837376,7.879544,7.696869,3.110347
2023-03-23,8.030871,8.074080,7.886896,3.187137
2023-03-24,7.891400,7.933859,7.749925,3.131787
2023-03-27,7.798787,7.840748,7.658973,3.095032
2023-03-28,7.740353,7.781999,7.601586,3.071842
2023-03-29,7.988975,8.031958,7.845750,3.170510
2023-03-30,8.120728,8.164420,7.975141,3.222798
2023-03-31,8.170893,8.214856,8.024407,3.242706
2023-04-03,8.100331,8.143914,7.955110,3.214703
2023-04-04,7.949283,7.992054,7.806771,3.154758
2023-04-05,7.811466,7.853495,7.671424,3.100064
2023-04-06,7.771224,7.813036,7.631903,3.084093
2023-04-10,7.908490,7.951040,7.766708,3.138569
2023-04-11,7.867144,7.909473,7.726104,3.122161
2023-04-12,7.723264,7.764818,7.584803,3.065060
2023-04-13,7.786659,7.828555,7.647062,3.090219
2023-04-14,7.774531,7.816361,7.635152,3.085406
2023-04-17,7.774531,7.816361,7.635152,3.085406
2023-04-18,7.808159,7.850170,7.668176,3.098751
2023-04-19,7.722712,7.764263,7.584261,3.064841
2023-04-20,7.715546,7.757058,7.577223,3.061997
2023-04-21,7.659316,7.700526,7.522002,3.039682
2023-04-24,7.624587,7.665610,7.487895,3.025899
2023-04-25,7.368798,7.408445,7.236692,2.924387
2023-04-26,7.407938,7.447796,7.275131,2.939920
2023-04-27,7.439361,7.479387,7.305990,2.952390
2023-04-28,7.573319,7.614066,7.437546,3.005553
2023-05-01,7.641676,7.682791,7.504678,3.032681
2023-05-02,7.587100,7.627922,7.451081,3.011022
2023-05-03,7.500000,7.540353,7.365542,3.009985
2023-05-04,7.458104,7.498231,7.324397,3.010453
2023-05-05,7.624035,7.665056,7.487353,3.010922
2023-05-08,7.656009,7.697201,7.518754,3.011391
2023-05-09,7.525910,7.566402,7.390987,3.011859
2023-05-10,7.602536,7.643440,7.466239,3.012328
2023-05-11,7.552922,7.593559,7.417515,3.012797
2023-05-12,7.545755,7.586354,7.410477,3.013266
2023-05-15,7.750827,7.792529,7.611872,3.013735
2023-05-16,7.735943,7.777565,7.597255,3.014204
2023-05-17,7.927233,7.969884,7.785115,3.014673
2023-05-18,8.177508,8.221506,8.030904,3.015143
2023-05-19,8.135612,8.179385,7.989759,3.015612
2023-05-22,8.163727,8.207651,8.017369,3.016081
2023-05-23,8.062845,8.106226,7.918296,3.016551
2023-05-24,7.918412,7.961016,7.776453,3.017020
2023-05-25,8.445976,8.491418,8.294558,3.017490
2023-05-26,8.997795,9.046207,8.836485,3.017959
2023-05-30,8.990628,9.039001,8.829447,3.014048
2023-05-31,8.759647,8.806777,8.602606,2.936613
2023-06-01,8.910143,8.958083,8.750405,2.987066
2023-06-02,8.889195,8.937022,8.729832,2.980043
2023-06-05,8.751929,8.799018,8.595027,2.934026
2023-06-06,8.857222,8.904877,8.698432,2.969324
2023-06-07,8.832415,8.879936,8.674069,2.961008
2023-06-08,8.922822,8.970831,8.762856,2.991316
2023-06-09,8.946527,8.994663,8.786136,2.999263
2023-06-12,9.234289,9.283973,9.068739,3.095733
2023-06-13,9.358324,9.408676,9.190550,3.137315
2023-06-14,9.491180,9.542246,9.321024,3.181854
2023-06-15,9.412348,9.462990,9.243606,3.155427
2023-06-16,9.325799,9.375976,9.158609,3.126412
2023-06-20,9.250276,9.300046,9.084439,3.101093
2023-06-21,9.024807,9.073364,8.863013,3.025506
2023-06-22,9.066703,9.115486,8.904158,3.039552
2023-06-23,8.906836,8.954758,8.747156,2.985957
2023-06-26,8.936053,8.984132,8.775850,2.995752
2023-06-27,9.248071,9.297829,9.082273,3.100354
2023-06-28,9.176957,9.226333,9.012435,3.076513
2023-06-29,9.179162,9.228549,9.014600,3.077253
2023-06-30,9.321389,9.371542,9.154278,3.124933
2023-07-03,9.404079,9.454677,9.235485,3.152655
2023-07-05,9.196251,9.245731,9.031383,3.082982
2023-07-06,9.080485,9.129342,8.917692,3.044172
2023-07-07,9.084344,9.133221,8.921482,3.045465
2023-07-10,9.273429,9.323323,9.107177,3.108855
2023-07-11,9.273429,9.323323,9.107177,3.108855
2023-07-12,9.446527,9.497353,9.277172,3.166885
2023-07-13,9.641676,9.693552,9.468822,3.232307
2023-07-14,9.520948,9.572175,9.350259,3.191834
2023-07-17,9.748622,9.801073,9.573851,3.268160
2023-07-18,9.766814,9.819363,9.591717,3.274259
2023-07-19,9.651047,9.702974,9.478026,3.235449
2023-07-20,9.299890,9.349927,9.133164,3.117726
2023-07-21,9.383682,9.434170,9.215454,3.145817
2023-07-24,9.383682,9.434170,9.215454,3.145817
2023-07-25,9.541345,9.592681,9.370290,3.198672
2023-07-26,9.409592,9.460219,9.240899,3.154503
2023-07-27,9.586549,9.638128,9.414684,3.213826
2023-07-28,9.796031,9.848737,9.620410,3.284054
2023-07-31,9.836273,9.889196,9.659931,3.297545
2023-08-01,9.842889,9.895847,9.666428,3.299762
2023-08-02,9.465821,9.516751,9.296121,3.173353
2023-08-03,9.441566,9.492365,9.272300,3.165222
2023-08-04,9.426681,9.477401,9.257682,3.160232
2023-08-07,9.525910,9.577163,9.355131,3.193497
2023-08-08,9.374311,9.424748,9.206251,3.142675
2023-08-09,9.202315,9.251827,9.037339,3.085015
2023-08-10,9.165380,9.214694,9.001066,3.072632
2023-08-11,8.943219,8.991337,8.782888,2.998154
2023-08-14,9.201213,9.250719,9.036256,3.084645
2023-08-15,9.047409,9.096088,8.885209,3.033083
2023-08-16,8.872657,8.920395,8.713590,2.974499
2023-08-17,8.785557,8.832826,8.628052,2.945299
2023-08-18,8.832966,8.880491,8.674611,2.961193
2023-08-21,9.086549,9.135438,8.923648,3.046205
2023-08-22,9.006615,9.055074,8.845147,3.019407
2023-08-23,9.190739,9.240188,9.025969,3.081134
2023-08-24,8.886990,8.934805,8.727666,2.979304
2023-08-25,8.925028,8.973048,8.765022,2.992056
2023-08-28,9.038037,9.086666,8.876006,3.029942
2023-08-29,9.275634,9.325540,9.109343,3.109594
2023-08-30,9.319184,9.369325,9.152112,3.124194
2023-08-31,9.383682,9.434170,9.215454,3.145817
2023-09-01,9.408490,9.459111,9.239816,3.154133
2023-09-05,9.405182,9.455785,9.236568,3.153024
2023-09-06,9.337376,9.387615,9.169978,3.130293
2023-09-07,9.123484,9.172572,8.959920,3.058587
2023-09-08,9.076075,9.124908,8.913361,3.042693
2023-09-11,9.071114,9.119920,8.908489,3.041030
2023-09-12,8.993936,9.042327,8.832695,3.015157
2023-09-13,9.040243,9.088883,8.878171,3.030681
2023-09-14,9.104741,9.153728,8.941513,3.052303
2023-09-15,8.842337,8.889913,8.683814,2.964334
2023-09-18,8.872106,8.919841,8.713049,2.974314
2023-09-19,8.797685,8.845020,8.639962,2.949365
2023-09-20,8.653252,8.699810,8.498119,2.900945
2023-09-21,8.493385,8.539082,8.341118,2.847350
2023-09-22,8.563947,8.610024,8.410415,2.871006
2023-09-25,8.626792,8.673207,8.472133,2.892074
2023-09-26,8.439912,8.485322,8.288603,2.829424
2023-09-27,8.514333,8.560143,8.361690,2.854373
2023-09-28,8.671996,8.718654,8.516526,2.907228
2023-09-29,8.703418,8.750246,8.547385,2.917763
2023-10-02,8.747519,8.794584,8.590696,2.932547
2023-10-03,8.566703,8.612796,8.413122,2.871930
2023-10-04,8.680265,8.726968,8.524647,2.910001
2023-10-05,8.638368,8.684846,8.483502,2.895955
2023-10-06,8.823594,8.871069,8.665407,2.958051
2023-10-09,8.801544,8.848899,8.643752,2.950659
2023-10-10,8.914553,8.962517,8.640775,2.949642
2023-10-11,8.981808,9.030134,8.642119,2.950101
2023-10-12,9.004410,9.052857,8.643465,2.950561
2023-10-13,8.759647,8.806777,8.644810,2.951020
2023-10-16,8.883682,8.931480,8.646156,2.951479
2023-10-17,8.818633,8.866080,8.647501,2.951938
2023-10-18,8.659868,8.706461,8.648847,2.952398
2023-10-19,8.526461,8.572336,8.650193,2.952857
2023-10-20,8.402977,8.448188,8.651540,2.953317
2023-10-23,8.355017,8.399970,8.652887,2.953777
2023-10-24,8.468578,8.514142,8.654233,2.954237
2023-10-25,8.126240,8.169963,8.655580,2.954696
2023-10-26,8.077729,8.121190,8.656928,2.955156
2023-10-27,8.164829,8.208759,8.658275,2.955616
2023-10-30,8.055678,8.099021,8.659623,2.956076
2023-10-31,8.128997,8.172734,8.660971,2.956536
2023-11-01,8.320287,8.365053,8.662319,2.956997
2023-11-02,8.509372,8.555155,8.663667,2.957457
2023-11-03,8.733186,8.780174,8.665015,2.957917
2023-11-06,8.717200,8.764101,8.666364,2.958378
2023-11-07,8.772326,8.819525,8.667713,2.958838
2023-11-08,8.781147,8.828393,8.669062,2.959299
2023-11-09,8.739250,8.786271,8.670412,2.959759
2023-11-10,9.091510,9.140426,8.671761,2.960220
2023-11-13,9.003308,9.051749,8.673111,2.960681
2023-11-14,9.336273,9.386506,8.674461,2.961141
2023-11-15,9.404079,9.454677,8.675811,2.961602
2023-11-16,9.408490,9.459111,8.677161,2.962063
2023-11-17,9.474642,9.525619,8.678512,2.962524
2023-11-20,9.614112,9.665840,8.679863,2.962985
2023-11-21,9.434399,9.485160,8.681214,2.963447
2023-11-22,9.464719,9.515643,8.682565,2.963908
2023-11-24,9.471334,9.522293,8.683916,2.964369
2023-11-27,9.458104,9.508992,8.685268,2.964831
2023-11-28,9.402977,9.453568,8.686620,2.965292
2023-11-29,9.504961,9.556102,8.687972,2.965754
2023-11-30,9.438809,9.489594,8.689324,2.966215
2023-12-01,9.482911,9.533932,8.690677,2.966677
2023-12-04,9.376516,9.426965,8.692030,2.967139
2023-12-05,9.323594,9.373759,8.693382,2.967601
2023-12-06,9.265711,9.315564,8.694736,2.968063
2023-12-07,9.514333,9.565524,8.696089,2.968524
2023-12-08,9.589305,9.640900,8.697442,2.968987
2023-12-11,9.916759,9.970115,8.698796,2.969449
2023-12-12,9.987872,10.041611,8.700150,2.969911
2023-12-13,10.141676,10.196242,8.701504,2.970373
2023-12-14,10.422822,10.478901,8.702859,2.970835
2023-12-15,10.461963,10.518252,8.704213,2.971298
2023-12-18,10.432745,10.488877,8.675565,2.961518
2023-12-19,10.488423,10.544855,8.721865,2.977324
2023-12-20,10.157663,10.212315,8.446814,2.883431
2023-12-21,10.438809,10.494974,8.680608,2.963240
2023-12-22,10.471885,10.528228,8.708113,2.972629
2023-12-26,10.657111,10.714451,8.862141,3.025209
2023-12-27,10.684675,10.742162,8.885062,3.033033
2023-12-28,10.664278,10.721656,8.868101,3.027243
2023-12-29,10.585998,10.642955,8.803005,3.005022
2024-01-02,10.205072,10.259979,8.486238,2.896889
2024-01-03,9.985667,10.039394,8.303788,2.834607
2024-01-04,9.901874,9.955150,8.234108,2.810821
2024-01-05,9.956450,10.010019,8.279492,2.826314
2024-01-08,10.281147,10.336463,8.549500,2.918484
2024-01-09,10.284454,10.339789,8.552251,2.919423
2024-01-10,10.249724,10.304872,8.523370,2.909565
2024-01-11,10.287762,10.343114,8.555001,2.920362
2024-01-12,10.242558,10.297667,8.517411,2.907530
2024-01-16,10.387541,10.443430,8.637975,2.948686
2024-01-17,10.292172,10.347548,8.558668,2.921614
2024-01-18,10.632304,10.689510,8.841512,3.018167
2024-01-19,11.047960,11.107403,9.187160,3.136158
2024-01-22,11.084344,11.143982,9.217415,3.146486
2024-01-23,11.157663,11.217695,9.278385,3.167299
2024-01-24,11.320287,11.381194,9.413618,3.213463
2024-01-25,11.288864,11.349603,9.387489,3.204543
2024-01-26,10.984564,11.043666,9.134442,3.118162
2024-01-29,11.098677,11.158392,9.229334,3.150555
2024-01-30,10.927233,10.986025,9.086766,3.101887
2024-01-31,10.769019,10.826960,8.955200,3.056976
2024-02-01,10.822492,10.880721,8.999667,3.072155
2024-02-02,10.960309,11.019279,9.114271,3.111277
2024-02-05,11.110254,11.170031,9.238961,3.153841
2024-02-06,10.980706,11.039786,9.131233,3.117067
2024-02-07,11.148842,11.208827,9.271050,3.164795
2024-02-08,11.340132,11.401147,9.430121,3.219096
2024-02-09,11.566152,11.628382,9.618073,3.283256
2024-02-12,11.545204,11.607322,9.600653,3.277309
2024-02-13,11.308159,11.369001,9.403533,3.210020
2024-02-14,11.563396,11.625611,9.615781,3.282473
2024-02-15,11.552370,11.614527,9.606612,3.279344
2024-02-16,11.486770,11.548573,9.552061,3.260722
2024-02-20,11.293826,11.354591,9.391614,3.205951
2024-02-21,11.267916,11.328542,9.370069,3.198596
2024-02-22,11.823043,11.886656,9.831696,3.356179
2024-02-23,11.695700,11.758627,9.725801,3.320030
2024-02-26,11.810915,11.874462,9.821611,3.352736
2024-02-27,11.799338,11.862823,9.811984,3.349450
2024-02-28,11.666483,11.729253,9.701505,3.311737
2024-02-29,11.982359,12.046829,9.964179,3.401404
2024-03-01,12.492282,12.559496,10.388216,3.546154
2024-03-04,12.615215,12.683090,10.490443,3.581051
2024-03-05,12.367696,12.434239,10.284613,3.510788
2024-03-06,12.671996,12.740176,10.537660,3.597169
2024-03-07,13.106395,13.176912,10.898893,3.720481
2024-03-08,12.576075,12.643739,10.457895,3.569940
2024-03-11,12.409041,12.475806,10.318994,3.522525
2024-03-12,12.666483,12.734633,10.533076,3.595604
2024-03-13,12.357773,12.424262,10.276362,3.507971
2024-03-14,12.146637,12.211991,10.100787,3.448037
2024-03-15,12.059537,12.124422,10.028357,3.423312
2024-03-18,12.050165,12.115000,10.020564,3.420652
2024-03-19,11.949283,12.013575,9.936674,3.392014
2024-03-20,12.152701,12.218087,10.105830,3.449758
2024-03-21,12.413451,12.480240,10.322662,3.523777
2024-03-22,12.428335,12.495204,10.335039,3.528002
2024-03-25,12.379824,12.446432,10.294698,3.514231
2024-03-26,12.286659,12.352766,10.217226,3.487785
2024-03-27,12.441014,12.507952,10.345583,3.531601
2024-03-28,12.454245,12.521253,10.356585,3.535357
2024-04-01,12.585447,12.653161,10.465688,3.572601
2024-04-02,12.391400,12.458071,10.304325,3.517517
2024-04-03,12.426130,12.492987,10.333205,3.527376
2024-04-04,12.074421,12.139386,10.040735,3.427537
2024-04-05,12.217751,12.283487,10.159923,3.468224
2024-04-08,12.249173,12.315078,10.186053,3.477143
2024-04-09,12.380926,12.447540,10.295615,3.514544
2024-04-10,12.154906,12.220304,10.107664,3.450384
2024-04-11,12.429438,12.496313,10.335956,3.528315
2024-04-12,12.021499,12.086180,9.996726,3.412514
2024-04-15,11.869350,11.933211,9.870203,3.369324
2024-04-16,11.959206,12.023551,9.944925,3.394831
2024-04-17,11.596472,11.658865,9.643286,3.291863
2024-04-18,11.390849,11.452136,9.472296,3.233493
2024-04-19,10.936604,10.995447,9.094559,3.104548
2024-04-22,11.116869,11.176682,9.244462,3.155719
2024-04-23,11.348953,11.410014,9.437456,3.221600
2024-04-24,11.496141,11.557995,9.559854,3.263382
2024-04-25,11.709482,11.772483,9.737262,3.323943
2024-04-26,11.957001,12.021334,9.943091,3.394205
2024-04-29,12.047960,12.112783,10.018730,3.420026
2024-04-30,11.796582,11.860052,9.809692,3.348668
2024-05-01,11.398015,11.459341,9.478255,3.235527
2024-05-02,11.654355,11.717060,9.691420,3.308294
2024-05-03,11.916759,11.980875,9.909627,3.382782
2024-05-06,12.164278,12.229726,10.115457,3.453044
2024-05-07,12.056781,12.121651,10.026065,3.422529
2024-05-08,12.068357,12.133290,10.035692,3.425816
2024-05-09,12.023153,12.087842,9.998102,3.412984
2024-05-10,12.141125,12.206448,10.096203,3.446472
2024-05-13,12.166483,12.231943,10.117290,3.453670
2024-05-14,12.368798,12.435347,10.285530,3.511101
2024-05-15,12.716097,12.784515,10.574333,3.609688
2024-05-16,12.653804,12.721886,10.522532,3.592005
2024-05-17,12.582139,12.649836,10.462938,3.571662
2024-05-20,12.858875,12.928061,10.693064,3.650218
2024-05-21,12.817530,12.886494,10.658682,3.638482
2024-05-22,12.968026,13.037799,10.783831,3.681203
2024-05-23,12.895259,12.964641,10.723319,3.660546
2024-05-24,13.151047,13.221805,10.936025,3.733156
2024-05-28,13.373208,13.445161,11.120768,3.796221
2024-05-29,13.097023,13.167490,10.891100,3.717821
2024-05-30,13.006064,13.076042,10.815461,3.692000
2024-05-31,12.900221,12.969629,10.727445,3.661955
2024-06-03,12.921169,12.990690,10.744865,3.667901
2024-06-04,12.820287,12.889265,10.660974,3.639264
2024-06-05,13.380926,13.452921,11.127186,3.798411
2024-06-06,13.271224,13.342628,11.035961,3.767271
2024-06-07,13.231533,13.302723,11.002954,3.756003
2024-06-10,13.422271,13.494488,11.161567,3.810148
2024-06-11,13.416207,13.488392,11.156525,3.808427
2024-06-12,13.794377,13.868596,11.470999,3.915777
2024-06-13,13.944322,14.019348,11.595689,3.958341
2024-06-14,13.894157,13.968912,11.553973,3.944101
2024-06-17,14.113561,14.189498,11.736424,4.006383
2024-06-18,14.293275,14.370178,11.885868,4.057398
2024-06-20,13.905182,13.979997,11.563142,3.947231
2024-06-21,13.769570,13.843656,11.450371,3.908735
2024-06-24,13.376516,13.448487,11.123518,3.797160
2024-06-25,13.582139,13.655216,11.294508,3.855529
2024-06-26,13.529217,13.602010,11.250500,3.840506
2024-06-27,13.459757,13.532176,11.192740,3.820789
2024-06-28,13.595921,13.669072,11.305969,3.859441
2024-07-01,13.595369,13.668518,11.305510,3.859285
2024-07-02,13.786659,13.860837,11.464582,3.913586
2024-07-03,14.016538,14.091952,11.655742,3.978841
2024-07-05,14.044101,14.119664,11.678663,3.986665
2024-07-08,14.310364,14.387359,11.900079,4.062249
2024-07-09,14.303749,14.380708,11.894578,4.060371
2024-07-10,14.635612,14.714357,12.170546,4.154576
2024-07-11,14.154355,14.230511,11.770347,4.017963
2024-07-12,14.326902,14.403986,11.913831,4.066943
2024-07-15,14.342889,14.420059,11.927126,4.071481
2024-07-16,14.431643,14.509291,12.000931,4.096676
2024-07-17,13.405182,13.477307,11.147356,3.805297
2024-07-18,13.445424,13.517766,11.180821,3.816720
2024-07-19,13.034179,13.104307,10.838841,3.699981
2024-07-22,13.574421,13.647457,11.288091,3.853338
2024-07-23,13.372106,13.444053,11.119851,3.795908
2024-07-24,12.660970,12.729091,10.528492,3.594039
2024-07-25,12.378721,12.445323,10.293781,3.513918
2024-07-26,12.644432,12.712464,10.514739,3.589345
2024-07-29,12.617971,12.685861,10.492735,3.581833
2024-07-30,12.159868,12.225292,10.111789,3.451793
2024-07-31,12.975744,13.045559,10.790248,3.683393
2024-08-01,12.040794,12.105578,10.012771,3.417991
2024-08-02,11.400772,11.462112,9.480547,3.236310
2024-08-05,11.199559,11.259817,9.313225,3.179192
2024-08-06,11.300992,11.361796,9.397574,3.207986
2024-08-07,10.986218,11.045328,9.135817,3.118631
2024-08-08,11.744212,11.807400,9.766142,3.333801
2024-08-09,11.674752,11.737567,9.708381,3.314084
2024-08-12,11.742007,11.805183,9.764308,3.333175
2024-08-13,12.218853,12.284595,10.160840,3.468537
2024-08-14,12.187982,12.253558,10.135169,3.459773
2024-08-15,12.773980,12.842709,10.622467,3.626119
2024-08-16,12.746968,12.815552,10.600005,3.618451
2024-08-19,12.963616,13.033366,10.780163,3.679951
2024-08-20,12.792172,12.860999,10.637595,3.631283
2024-08-21,12.973539,13.043342,10.788415,3.682767
2024-08-22,12.530320,12.597738,10.419846,3.556952
2024-08-23,12.866042,12.935266,10.699023,3.652252
2024-08-26,12.542999,12.610485,10.430390,3.560551
2024-08-27,12.681918,12.750152,10.545911,3.599986
2024-08-28,12.453142,12.520145,10.355668,3.535044
2024-08-29,12.417310,12.484120,10.325871,3.524872
2024-08-30,12.742007,12.810563,10.595879,3.617043
2024-09-03,11.769570,11.832895,9.787229,3.341000
2024-09-04,11.808159,11.871691,9.819319,3.351954
2024-09-05,11.744763,11.807954,9.766600,3.333958
2024-09-06,11.242007,11.302493,9.348523,3.191241
2024-09-09,11.464168,11.525849,9.533266,3.254306
2024-09-10,11.584895,11.647226,9.633659,3.288576
2024-09-11,12.122933,12.188159,10.081075,3.441308
2024-09-12,12.069460,12.134398,10.077603,3.426129
2024-09-13,12.285006,12.351104,10.079172,3.487315
2024-09-16,12.121279,12.186496,10.080741,3.440838
2024-09-17,12.136163,12.201460,10.082310,3.445064
2024-09-18,12.002205,12.066782,10.083879,3.407037
2024-09-19,12.513230,12.580556,10.085448,3.552101
2024-09-20,12.330209,12.396551,10.087018,3.500147
2024-09-23,12.378170,12.444769,10.088588,3.513761
2024-09-24,12.528115,12.595521,10.090159,3.556326
2024-09-25,12.583793,12.651498,10.091729,3.572131
2024-09-26,13.033627,13.103753,10.093300,3.699825
2024-09-27,12.826902,12.895916,10.094871,3.641142
2024-09-30,12.711687,12.780081,10.096442,3.608436
2024-10-01,12.355568,12.422045,10.098014,3.507345
2024-10-02,12.522051,12.589424,10.099585,3.554605
2024-10-03,12.566703,12.634317,10.101157,3.567280
2024-10-04,12.738699,12.807238,10.102730,3.616104
2024-10-07,12.703969,12.772321,10.104302,3.606245
2024-10-08,12.829107,12.898132,10.105875,3.641768
2024-10-09,12.963065,13.032811,10.107448,3.679794
2024-10-10,12.872106,12.941363,10.109021,3.653974
2024-10-11,12.980154,13.049993,10.110595,3.684645
2024-10-14,13.219405,13.290530,10.112168,3.752561
2024-10-15,12.533627,12.601063,10.113742,3.557891
2024-10-16,12.533627,12.601063,10.115316,3.557891
2024-10-17,12.632304,12.700271,10.116891,3.585902
2024-10-18,12.643881,12.711910,10.118466,3.589188
2024-10-21,12.620176,12.688078,10.120041,3.582459
2024-10-22,12.573319,12.640968,10.121616,3.569158
2024-10-23,12.460860,12.527904,10.123191,3.537234
2024-10-24,12.530320,12.597738,10.124767,3.556952
2024-10-25,12.656009,12.724103,10.126343,3.592631
2024-10-28,12.663727,12.731862,10.127919,3.594822
2024-10-29,12.975193,13.045004,10.129495,3.683237
2024-10-30,12.517641,12.584990,10.131072,3.553353
2024-10-31,12.031974,12.096710,10.132649,3.415487
2024-11-01,12.159868,12.225292,10.134226,3.451793
2024-11-04,12.089857,12.154905,10.135803,3.431919
2024-11-05,12.230981,12.150718,10.137381,3.471979
2024-11-06,12.587652,12.152610,10.138959,3.573226
2024-11-07,12.850055,12.154501,10.140537,3.647714
2024-11-08,12.754135,12.156393,10.142115,3.620486
2024-11-11,12.434950,12.158285,10.143694,3.529880
2024-11-12,12.299338,12.160177,10.145273,3.491384
2024-11-13,12.038037,12.162070,10.146852,3.417209
2024-11-14,12.030871,12.163963,10.148431,3.415175
2024-11-15,11.643330,12.165857,10.150011,3.305164
2024-11-18,11.793826,12.167750,10.151591,3.347885
2024-11-19,11.816428,12.169644,10.153171,3.354301
2024-11-20,11.726020,12.171538,10.154751,3.328637
2024-11-21,11.911797,12.173433,10.156332,3.381373
2024-11-22,11.916759,12.175328,10.157913,3.382782
2024-11-25,12.033076,12.177223,10.159494,3.415800
2024-11-26,11.877067,12.179118,10.161075,3.371515
2024-11-27,11.717751,12.181014,10.162657,3.370353
2024-11-29,11.874311,12.182910,10.164238,3.370878
2024-12-02,12.186329,12.184806,10.165821,3.371403
2024-12-03,12.117420,12.186703,10.167403,3.371927
2024-12-04,12.277839,12.188599,10.296855,3.372452
2024-12-05,12.045755,12.190497,10.102217,3.372977
2024-12-06,12.118523,12.192394,10.163244,3.373502
2024-12-09,12.060088,12.194292,10.114238,3.374027
2024-12-10,11.773429,12.196190,9.873830,3.374552
2024-12-11,12.069460,12.198088,10.122097,3.375078
2024-12-12,11.975744,12.199987,10.043502,3.375603
2024-12-13,12.309813,12.201886,10.323670,3.376128
2024-12-16,12.538037,12.203785,10.515072,3.376654
2024-12-17,12.341235,12.205684,10.350022,3.377179
2024-12-18,11.884785,12.207584,9.967219,3.377705
2024-12-19,11.685226,12.209484,9.799858,3.378231
2024-12-20,11.842337,12.211385,9.796483,3.378757
2024-12-23,12.200662,12.213285,9.798007,3.379283
2024-12-24,12.326351,12.215186,9.799533,3.379809
2024-12-26,12.322492,12.217088,9.801058,3.380335
2024-12-27,12.218302,12.218989,9.802583,3.380861
2024-12-30,11.977949,12.220891,9.804109,3.381387
2024-12-31,11.879272,12.222793,9.805635,3.381913
2025-01-02,11.952591,12.224696,9.807161,3.382440
2025-01-03,12.264057,12.226599,9.808688,3.382966
2025-01-06,12.619074,12.228502,9.810215,3.383493
2025-01-07,12.447078,12.230405,9.811742,3.384019
2025-01-08,12.323043,12.232309,9.813269,3.384546
2025-01-10,12.028666,12.234213,9.814796,3.385073
2025-01-13,11.991731,12.236117,9.816324,3.385600
2025-01-14,12.070562,12.238021,9.817852,3.386127
2025-01-15,12.304851,12.239926,9.819380,3.386654
2025-01-16,12.323043,12.241831,9.820908,3.387181
2025-01-17,12.664829,12.243737,9.822437,3.387708
2025-01-21,12.814223,12.245643,9.823966,3.388235
2025-01-22,12.999449,12.247549,9.825495,3.388763
2025-01-23,12.975193,12.249455,9.827024,3.389290
2025-01-24,12.714443,12.251362,9.828554,3.389818
2025-01-27,11.717200,12.253269,9.830084,3.390345
2025-01-28,11.769570,12.255176,9.831614,3.390873
2025-01-29,11.818082,12.257083,9.833144,3.391401
2025-01-30,12.058434,12.258991,9.834674,3.391929
2025-01-31,12.024807,12.260899,9.836205,3.392457
2025-02-03,11.808159,12.262808,9.837736,3.392985
2025-02-04,11.929438,12.264716,9.839268,3.393513
2025-02-05,12.160419,12.266625,9.840799,3.394041
2025-02-06,12.144432,12.268535,9.842331,3.394569
2025-02-07,11.955347,12.270444,9.843863,3.395098
2025-02-10,12.111356,12.272354,9.845395,3.395626
2025-02-11,12.122381,12.274264,9.846927,3.396155
2025-02-12,12.135612,12.276175,9.848460,3.396683
2025-02-13,12.284454,12.278086,9.849993,3.397212
2025-02-14,12.297133,12.279997,9.851526,3.397741
2025-02-18,12.500551,12.281908,9.853059,3.398270
2025-02-19,12.708379,12.283820,9.854593,3.398799
2025-02-20,12.738148,12.285732,9.856127,3.399328
2025-02-21,12.347299,12.287644,9.857661,3.399857
2025-02-24,12.057332,12.289557,9.859195,3.400386
2025-02-25,11.808710,12.291469,9.860730,3.400915
2025-02-26,12.014333,12.293383,9.862265,3.401445
2025-02-27,11.314774,12.295296,9.863800,3.401974
2025-02-28,11.495039,12.297210,9.865335,3.402504
2025-03-03,11.088754,12.299124,9.866871,3.403033
2025-03-04,11.150496,12.301038,9.868406,3.403563
2025-03-05,11.390849,12.302953,9.869942,3.404093
2025-03-06,10.917310,12.304868,9.871479,3.404622
2025-03-07,11.237596,12.306783,9.873015,3.405152
2025-03-10,10.717751,12.308699,9.874552,3.405682
2025-03-11,10.590959,12.310614,9.876089,3.406212
2025-03-12,10.809261,12.312531,9.877626,3.406743
2025-03-13,10.755237,12.314447,9.879164,3.407273
2025-03-14,11.087100,12.316364,9.880701,3.407803
2025-03-17,11.270121,12.318281,9.882239,3.408334
2025-03-18,11.106395,12.320198,9.883777,3.408864
2025-03-19,11.196803,12.322116,9.885316,3.409395
2025-03-20,11.107497,12.324034,9.886854,3.409925
2025-03-21,10.991180,12.325952,9.888393,3.410456
2025-03-24,11.317530,12.327871,9.889932,3.410987
2025-03-25,11.256340,12.329789,9.891472,3.411518
2025-03-26,10.941014,12.331708,9.893011,3.412049
2025-03-27,10.725469,12.333628,9.894551,3.412580
2025-03-28,10.401323,12.335548,9.896091,3.413111
2025-03-31,10.373208,12.337468,9.897632,3.413642
2025-04-01,10.378721,12.339388,9.899172,3.414174
2025-04-02,10.445424,12.341309,9.900713,3.414705
2025-04-03,9.391400,12.343230,9.902254,3.415237
2025-04-04,8.689636,12.345151,9.903795,3.415768
2025-04-07,8.890298,12.347072,9.905337,3.416300
2025-04-08,8.536935,12.348994,9.906879,3.416832
2025-04-09,10.122381,12.350916,9.908421,3.417364
2025-04-10,9.294928,12.352839,9.909963,3.417895
2025-04-11,9.496141,12.354761,9.911505,3.418427
2025-04-14,9.558986,12.356684,9.913048,3.418960
2025-04-15,9.598126,12.358608,9.914591,3.419492
2025-04-16,9.227674,12.360531,9.916134,3.420024
2025-04-17,9.181367,12.362455,9.917678,3.420556
2025-04-21,9.020948,12.364379,9.919221,3.421089
2025-04-22,9.196251,12.366304,9.920765,3.421621
2025-04-23,9.540794,12.368229,9.922309,3.422154
2025-04-24,10.089857,12.370154,9.923854,3.422686
2025-04-25,10.187982,12.372079,9.925399,3.423219
2025-04-28,10.169791,12.374005,9.926943,3.423752
2025-04-29,10.061191,12.375931,9.928489,3.424285
2025-04-30,10.134509,12.377857,9.930034,3.424818
2025-05-01,10.120728,12.379784,9.931580,3.425351
2025-05-02,10.475744,12.381711,9.933125,3.425884
2025-05-05,10.395259,12.383638,9.934671,3.426417
2025-05-06,10.296031,12.385566,9.936218,3.426951
2025-05-07,10.476295,12.387493,9.937764,3.427484
2025-05-08,10.570011,12.389421,9.939311,3.428018
2025-05-09,10.691290,12.391350,9.940858,3.428551
2025-05-12,11.459206,12.393279,9.942406,3.429085
2025-05-13,11.783903,12.395208,9.943953,3.429618
2025-05-14,11.840684,12.397137,9.945501,3.430152
2025-05-15,11.764609,12.399067,9.947049,3.430686
2025-05-16,11.749173,12.400996,9.948597,3.431220
2025-05-19,11.678611,12.402927,9.950146,3.431754
2025-05-20,11.661521,12.404857,9.951694,3.432288
2025-05-21,11.448181,12.406788,9.953243,3.432823
2025-05-22,11.342337,12.408719,9.954793,3.433357
2025-05-23,11.166483,12.410651,9.956342,3.433891
2025-05-27,11.537486,12.412582,9.957892,3.434426
2025-05-28,11.479603,12.414514,9.959442,3.434960
2025-05-29,11.526461,12.416447,9.960992,3.435495
2025-05-30,11.297685,12.418379,9.962542,3.436030
2025-06-02,11.468026,12.420312,9.964093,3.436565
2025-06-03,11.776185,12.422245,9.965644,3.437100
2025-06-04,11.951488,12.424179,9.967195,3.437635
2025-06-05,11.901323,12.426113,9.968746,3.438170
2025-06-06,11.981257,12.428047,9.970298,3.438705
2025-06-09,12.263506,12.429981,9.971850,3.439240
2025-06-10,12.531422,12.431916,9.973402,3.439775
2025-06-11,12.489526,12.433851,9.974954,3.440311
2025-06-12,12.506615,12.435786,9.976507,3.440846
2025-06-13,12.180816,12.437722,9.978060,3.441382
2025-06-16,12.538037,12.439658,9.979613,3.441917
2025-06-17,12.438809,12.441594,9.981166,3.442453
2025-06-18,12.489526,12.443531,9.982720,3.442989
2025-06-20,12.409592,12.445467,9.984274,3.443525
2025-06-23,12.486770,12.447405,9.985828,3.444061
2025-06-24,12.960309,12.449342,9.987382,3.444597
2025-06-25,13.076626,12.451280,9.988936,3.445133
2025-06-26,13.179162,12.453218,10.062228,3.445669
2025-06-27,13.167585,12.455156,10.053389,3.446206
2025-06-30,13.158765,12.457095,10.046655,3.446742
2025-07-01,13.099228,12.459034,10.001199,3.447278
2025-07-02,13.348401,12.460973,10.191441,3.447815
2025-07-03,13.414553,12.462913,10.241948,3.448352
2025-07-07,13.163175,12.464852,10.050022,3.448888
2025-07-08,13.414553,12.466793,10.241948,3.449425
2025-07-09,13.457552,12.500500,10.274777,3.449962
2025-07-10,13.591510,12.624932,10.377054,3.450499
2025-07-11,13.570562,12.605473,10.361060,3.451036
2025-07-14,13.441566,12.485650,10.262571,3.451573
2025-07-15,13.575524,12.610082,10.364848,3.452111
2025-07-16,13.538589,12.575773,10.336648,3.452648
2025-07-17,13.590408,12.623907,10.376212,3.453185
2025-07-18,13.601433,12.634149,10.384630,3.453723
2025-07-21,13.613561,12.645414,10.393889,3.454260
2025-07-22,13.425579,12.470800,10.250366,3.454798
2025-07-23,13.343991,12.395015,10.188074,3.455336
2025-07-24,13.316428,12.369412,10.167029,3.455874
2025-07-25,13.315325,12.368388,10.166188,3.456412
2025-07-28,13.547409,12.583966,10.343382,3.456949
2025-07-29,13.571665,12.606497,10.361902,3.457488
2025-07-30,13.668688,12.696621,10.435978,3.458026
2025-07-31,13.232084,12.291066,10.102633,3.458564
2025-08-01,13.078280,12.148200,9.985205,3.418363
2025-08-04,13.252481,12.310012,10.118206,3.463895
2025-08-05,13.160419,12.224498,10.047917,3.439832
2025-08-06,13.061191,12.132326,9.972157,3.413896
2025-08-07,13.276736,12.332543,10.136725,3.470235
2025-08-08,13.388644,12.436492,10.222166,3.499485
2025-08-11,13.363286,12.412937,10.202805,3.492857
2025-08-12,13.790518,12.809787,10.528995,3.604526
2025-08-13,13.995590,13.000274,10.685566,3.658127
2025-08-14,14.009923,13.013588,10.696510,3.661873
2025-08-15,13.689085,12.715567,10.451551,3.578014
2025-08-18,13.729327,12.752948,10.482276,3.588532
2025-08-19,13.514333,12.553243,10.318129,3.532337
2025-08-20,13.436604,12.481042,10.258783,3.512021
2025-08-21,13.360529,12.410377,10.200701,3.492137
2025-08-22,13.731533,12.754996,10.483960,3.589108
2025-08-25,13.699559,12.725296,10.459548,3.580751
2025-08-26,13.828556,12.845119,10.558037,3.614468
2025-08-27,13.855568,12.870210,10.578660,3.621528
2025-08-28,13.922271,12.932170,10.629588,3.638963
2025-08-29,13.523705,12.561948,10.325284,3.534787
2025-09-02,13.386439,12.434444,10.220482,3.498909
2025-09-03,13.323043,12.375557,10.172080,3.482339
2025-09-04,13.460309,12.503060,10.276882,3.518217
2025-09-05,13.619074,12.650535,10.398098,3.559714
2025-09-08,13.718302,12.742706,10.473858,3.585650
2025-09-09,13.729879,12.753460,10.482697,3.588676
2025-09-10,13.971885,12.978256,10.667468,3.651931
2025-09-11,14.067806,13.067355,10.740703,3.677003
2025-09-12,14.092613,13.090398,10.759643,3.683487
2025-09-15,14.211687,13.201003,10.850555,3.714610
2025-09-16,14.254686,13.240944,10.883385,3.725849
2025-09-17,14.251929,13.238384,10.881280,3.725128
2025-09-18,14.750276,13.701290,11.261765,3.855385
2025-09-19,14.656009,13.613727,11.189793,3.830745
2025-09-22,14.874862,13.817016,11.356887,3.887949
2025-09-23,14.857222,13.800630,11.343418,3.883338
2025-09-24,14.834620,13.779635,11.326162,3.877430
2025-09-25,14.787211,13.735598,11.289965,3.865039
2025-09-26,14.819735,13.765810,11.314798,3.873540
2025-09-29,14.825248,13.770930,11.319006,3.874981
2025-09-30,14.945976,13.883072,11.411181,3.906536
2025-10-01,15.233738,14.150369,11.630886,3.981750
2025-10-02,15.528666,14.424324,11.856063,4.058838
2025-10-03,15.433297,14.335737,11.783249,4.033911
2025-10-06,15.896362,14.765870,12.136797,4.154945
2025-10-07,15.540794,14.435589,11.865322,4.062008
2025-10-08,16.071665,14.928706,12.270640,4.200765
2025-10-09,15.997244,14.859578,12.213820,4.181313
2025-10-10,14.993936,13.927622,11.447799,3.919072
2025-10-13,15.703969,14.587160,11.989906,4.104658
2025-10-14,15.382029,14.288115,11.744106,4.020510
2025-10-15,15.856670,14.729002,12.106492,4.144571
2025-10-16,15.930540,14.797618,12.162892,4.163879
2025-10-17,15.885888,14.756141,12.128800,4.152208
2025-10-20,16.150496,15.001931,12.330827,4.221370
2025-10-21,16.060088,14.917953,12.261801,4.197740
2025-10-22,15.663175,14.549267,11.958760,4.093996
2025-10-23,16.045204,14.904127,12.250437,4.193849
2025-10-24,16.309813,15.149918,12.452464,4.263012
2025-10-27,16.762955,15.570834,12.798436,4.381453
2025-10-28,16.783352,15.589781,12.814009,4.386784
2025-10-29,17.067255,15.853493,13.030768,4.460990
2025-10-30,16.836273,15.638939,12.854415,4.400617
2025-10-31,16.899118,15.697314,12.902396,4.417043
2025-11-03,17.000000,15.791022,12.979419,4.443411
2025-11-04,16.331863,15.170400,12.469300,4.268775
2025-11-05,16.839581,15.642011,12.856940,4.401481
2025-11-06,16.400221,15.233896,12.521490,4.286642
2025-11-07,16.228225,15.074132,12.390173,4.241687
2025-11-10,16.648291,15.464325,12.710891,4.351482
2025-11-11,16.270673,15.113561,12.422581,4.252782
2025-11-12,16.519846,15.345014,12.612824,4.317910
2025-11-13,15.952591,14.818101,12.179727,4.169642
2025-11-14,15.905182,14.774063,12.143531,4.157251
2025-11-17,15.631753,14.520080,11.934769,4.085783
2025-11-18,15.269019,14.183142,11.657823,3.990972
2025-11-19,15.524256,14.420227,11.852696,4.057685
2025-11-20,14.779493,13.728429,11.284073,3.863021
2025-11-21,14.929989,13.868222,11.398976,3.902358
2025-11-24,15.584344,14.476042,11.898573,4.073391
2025-11-25,15.632856,14.521104,11.935611,4.086071
2025-11-26,16.063396,14.921025,12.264326,4.198604
2025-11-28,16.358324,15.194980,12.489503,4.275692
2025-12-01,16.368247,15.204197,12.497079,4.278285
2025-12-02,16.694598,15.507338,12.746246,4.363586
2025-12-03,17.054024,15.841204,13.020667,4.457532
2025-12-04,16.884234,15.683488,12.891032,4.413152
2025-12-05,17.056229,15.843252,13.022350,4.458108
2025-12-08,17.241455,16.015306,13.163769,4.506522
2025-12-09,17.209482,15.985606,13.139358,4.498165
2025-12-10,17.438258,16.198112,13.314027,4.557962
2025-12-11,17.338479,16.105429,13.237846,4.531882
2025-12-12,16.509372,15.335285,12.604827,4.315172
2025-12-15,16.428335,15.260012,12.542956,4.293991
2025-12-16,16.328556,15.167328,12.466775,4.267911
2025-12-17,15.723815,14.605594,12.005058,4.109845
2025-12-18,16.099228,14.954310,12.291684,4.207970
2025-12-19,16.527563,15.352183,12.618716,4.319927
2025-12-22,16.749724,15.558545,12.788335,4.377995
2025-12-23,16.811466,15.615896,12.835475,4.394133
2025-12-24,16.876516,15.676319,12.885140,4.411135
2025-12-26,16.871003,15.671199,12.880931,4.409694
2025-12-29,16.831312,15.634330,12.850627,4.399320
2025-12-30,16.809261,15.613848,12.833791,4.393556
2025-12-31,16.601433,15.420800,12.675115,4.339235
2026-01-02,17.292723,16.062928,13.202912,4.519922
2026-01-05,17.533627,16.286699,13.386841,4.582889
2026-01-06,18.100882,16.813613,13.819937,4.731156
2026-01-07,17.910143,16.636439,13.674309,4.681302
2026-01-08,17.617420,16.364533,13.450817,4.604791
2026-01-09,18.124587,16.835632,13.838036,4.737352
2026-01-12,18.211136,16.916026,13.904116,4.759974
2026-01-13,18.373760,17.067085,14.028278,4.802480
2026-01-14,18.296582,16.995396,13.969354,4.782308
2026-01-15,18.589857,17.267814,14.193267,4.858963
2026-01-16,18.879272,17.536647,14.414235,4.934610
2026-01-20,18.597023,17.274470,14.198739,4.860836
2026-01-21,19.191841,17.826987,14.652880,5.016308
2026-01-22,19.221058,17.854127,14.675187,5.023945
2026-01-23,19.002756,17.651349,14.508514,4.966886
2026-01-26,18.912348,17.567371,14.439488,4.943255
2026-01-27,19.353914,17.977534,14.776621,5.058670
2026-01-28,19.871003,18.457850,15.171417,5.193826
2026-01-29,19.907938,18.492158,15.199616,5.203480
2026-01-30,19.090408,17.732767,14.575436,4.989796
2026-02-02,19.442668,18.059976,14.844385,5.081869
2026-02-03,19.054024,17.698971,14.547657,4.980286
2026-02-04,18.212789,16.917562,13.905378,4.760406
2026-02-05,18.237596,16.940605,13.924318,4.766890
2026-02-06,19.212238,17.845934,14.668453,5.021639
2026-02-09,19.447078,18.064073,14.847752,5.083021
2026-02-10,19.373208,17.995456,14.791353,5.063713
2026-02-11,19.856670,18.444536,15.160473,5.190079
2026-02-12,19.377067,17.999041,14.794299,5.064722
2026-02-13,19.551268,18.160853,14.927300,5.110254
2026-02-17,19.520397,18.132177,14.903730,5.102185
2026-02-18,19.730981,18.327786,15.064510,5.157227
2026-02-19,19.616318,18.221276,14.976965,5.127257
2026-02-20,19.814223,18.405107,15.128065,5.178984
2026-02-23,19.670342,18.271458,15.018213,5.141377
2026-02-24,19.958104,18.538756,15.237917,5.216592
2026-02-25,20.286659,18.843946,15.488768,5.302469
2026-02-26,19.669239,18.270434,15.017371,5.141089
2026-02-27,19.420617,18.039494,14.827549,5.076105
2026-03-02,19.407387,18.027204,14.817448,5.072647
2026-03-03,18.455347,17.142870,14.090570,4.823806
2026-03-04,18.828004,17.489025,14.375092,4.921210
2026-03-05,18.619625,17.295465,14.215995,4.866744
2026-03-06,17.834068,16.565774,13.616226,4.661417
2026-03-09,18.542999,17.224288,14.157492,4.846716
2026-03-10,18.677508,17.349232,14.260189,4.881873
2026-03-11,18.858324,17.517189,14.398241,4.929134
2026-03-12,18.202315,16.907833,13.897381,4.757669
2026-03-13,18.264609,16.965696,13.944942,4.773951
2026-03-16,18.623484,17.299049,14.218942,4.867753
2026-03-17,18.756891,17.422969,14.320797,4.902622
2026-03-18,18.648842,17.322604,14.238303,4.874381
2026-03-19,18.754135,17.420409,14.318693,4.901902
2026-03-20,18.330209,17.026632,13.995028,4.791097
2026-03-23,18.555127,17.235554,14.166751,4.849886
2026-03-24,18.799338,17.462398,14.353206,4.913717
2026-03-25,19.032525,17.679001,14.531242,4.974667
2026-03-26,18.128445,16.839216,13.840982,4.738361
2026-03-27,17.832415,16.564238,13.614964,4.660985
2026-03-30,17.077729,15.863223,13.038765,4.463728
2026-03-31,18.117971,16.829487,13.832985,4.735623
2026-04-01,18.662624,17.335406,14.248825,4.877983
2026-04-02,18.721610,17.390197,14.293860,4.893400
2026-04-06,18.969129,17.620113,14.482840,4.958096
2026-04-07,19.170893,17.807529,14.636886,5.010833
2026-04-08,20.418964,18.966841,15.589782,5.337050
2026-04-09,20.872657,19.388270,15.936175,5.455635
2026-04-10,21.312018,19.796384,16.271624,5.570474
2026-04-13,21.683572,20.141515,16.555304,5.667590
2026-04-14,22.119074,20.546046,16.887808,5.781420
2026-04-15,22.153252,20.577794,16.913903,5.790353
2026-04-16,22.378721,20.787228,17.086047,5.849286
2026-04-17,22.916759,21.287002,17.496836,5.989916
2026-04-20,23.018192,21.381222,17.574280,6.016429
2026-04-21,23.191841,21.542522,17.706861,6.061817
2026-04-22,23.802095,22.109376,18.172786,6.221323
2026-04-23,24.310915,22.582011,18.561268,6.354317
2026-04-24,25.446527,23.636862,19.428302,6.651140
2026-04-27,25.105292,23.319895,19.167771,6.561949
2026-04-28,24.184675,22.464748,18.464884,6.321321
2026-04-29,24.806505,23.042356,18.939649,6.483853
2026-04-30,25.437707,23.628669,19.421568,6.648835
2026-05-01,25.675303,23.849369,19.602972,6.710937
2026-05-04,25.471885,23.660417,19.447663,6.657768
2026-05-05,26.611356,24.718853,20.317644,6.955600
2026-05-06,27.942117,25.954975,21.333674,7.303430
2026-05-07,27.142227,25.211970,20.722961,7.094357
2026-05-08,28.682470,26.642677,21.898929,7.496941
2026-05-11,29.369350,27.280708,22.423359,7.676476
2026-05-12,28.444873,26.421977,21.717526,7.434839
2026-05-13,29.122933,27.051816,22.235221,7.612068
2026-05-14,29.218853,27.140915,22.308456,7.637140
2026-05-15,28.033076,26.039465,21.403120,7.327205
2026-05-18,27.335722,25.391705,20.870694,7.144932
2026-05-19,27.383682,25.436254,20.907311,7.157468
2026-05-20,28.683021,26.643189,21.899350,7.497085
2026-05-21,28.925579,26.868497,22.084542,7.560485
2026-05-22,29.621279,27.514721,22.615706,7.742325
2026-05-26,31.427233,29.192242,23.994543,8.214360
2026-05-27,31.090408,28.879371,23.737379,8.126321
2026-05-28,31.393054,29.160494,23.968448,8.205426
2026-05-29,31.371555,29.140524,23.952033,8.199807
