date,bh,fixed_50_200,wf_anchored_calmar,wf_rolling5y_calmar
2004-03-15,0.982540,0.982540,1.000156,1.000156
2004-03-16,0.984230,0.984230,1.000311,1.000311
2004-03-17,0.999718,0.999718,1.000467,1.000467
2004-03-18,0.995213,0.995213,1.000623,1.000623
2004-03-19,0.978598,0.978598,1.000778,1.000778
2004-03-22,0.966207,0.966207,1.000934,1.000934
2004-03-23,0.958322,0.958322,1.001090,1.001090
2004-03-24,0.969304,0.969304,1.001246,1.001246
2004-03-25,0.995213,0.995213,1.001402,1.001402
2004-03-26,0.991833,0.991833,1.001558,1.001558
2004-03-29,1.007885,1.007885,1.001713,1.001713
2004-03-30,1.011264,1.011264,1.001869,1.001869
2004-03-31,1.009293,1.009293,1.002025,1.002025
2004-04-01,1.018305,1.018305,1.010467,1.010467
2004-04-02,1.044776,1.044776,1.036734,1.036734
2004-04-05,1.054632,1.054632,1.046515,1.046515
2004-04-06,1.041397,1.041397,1.033381,1.033381
2004-04-07,1.040270,1.040270,1.032263,1.032263
2004-04-08,1.040270,1.040270,1.032263,1.032263
2004-04-12,1.046747,1.046747,1.038690,1.038690
2004-04-13,1.031540,1.031540,1.023600,1.023600
2004-04-14,1.036609,1.036609,1.028630,1.028630
2004-04-15,1.018023,1.018023,1.010187,1.010187
2004-04-16,1.016333,1.016333,1.009839,1.009839
2004-04-19,1.028724,1.028724,1.009996,1.009996
2004-04-20,1.004787,1.004787,1.010154,1.010154
2004-04-21,1.013517,1.013517,1.010311,1.010311
2004-04-22,1.039707,1.039707,1.010468,1.010468
2004-04-23,1.047874,1.047874,1.010625,1.010625
2004-04-26,1.040270,1.040270,1.010783,1.010783
2004-04-27,1.038299,1.038299,1.010940,1.010940
2004-04-28,1.019431,1.019431,1.011097,1.011097
2004-04-29,1.003661,1.003661,1.011255,1.011255
2004-04-30,0.979161,0.979161,1.011412,1.011412
2004-05-03,0.988454,0.988454,1.011569,1.011569
2004-05-04,0.992678,0.992678,1.011727,1.011727
2004-05-05,1.000563,1.000563,1.011884,1.011884
2004-05-06,0.992960,0.992960,1.012042,1.012042
2004-05-07,0.984793,0.984793,1.012199,1.012199
2004-05-10,0.976345,0.976345,1.012357,1.012357
2004-05-11,0.990988,0.990988,1.012515,1.012515
2004-05-12,0.992960,0.992960,1.012672,1.012672
2004-05-13,0.985919,0.985919,1.012830,1.012830
2004-05-14,0.978598,0.978598,1.012987,1.012987
2004-05-17,0.969304,0.969304,1.013145,1.013145
2004-05-18,0.978034,0.978034,1.013303,1.013303
2004-05-19,0.976908,0.976908,1.013460,1.013460
2004-05-20,0.981414,0.981414,1.013618,1.013618
2004-05-21,0.986201,0.986201,1.013776,1.013776
2004-05-24,0.992960,0.992960,1.013934,1.013934
2004-05-25,1.012672,1.012672,1.014092,1.014092
2004-05-26,1.019150,1.019150,1.020067,1.020067
2004-05-27,1.025627,1.025627,1.019716,1.019716
2004-05-28,1.029288,1.029288,1.019875,1.019875
2004-06-01,1.027879,1.027879,1.020034,1.020034
2004-06-02,1.025627,1.025627,1.020192,1.020192
2004-06-03,1.013236,1.013236,1.020351,1.020351
2004-06-04,1.019150,1.019150,1.020510,1.020510
2004-06-07,1.043368,1.043368,1.020669,1.020669
2004-06-08,1.044776,1.044776,1.020828,1.020828
2004-06-09,1.030132,1.030132,1.020987,1.020987
2004-06-10,1.037454,1.037454,1.021145,1.021145
2004-06-14,1.022810,1.022810,1.021304,1.021304
2004-06-15,1.036046,1.036046,1.021463,1.021463
2004-06-16,1.034357,1.034357,1.021622,1.021622
2004-06-17,1.024782,1.024782,1.021781,1.021781
2004-06-18,1.026190,1.026190,1.021940,1.021940
2004-06-21,1.018023,1.018023,1.022099,1.022099
2004-06-22,1.032948,1.032948,1.022259,1.022259
2004-06-23,1.045339,1.045339,1.022418,1.022418
2004-06-24,1.043368,1.043368,1.022577,1.022577
2004-06-25,1.051253,1.051253,1.022736,1.022736
2004-06-28,1.042523,1.042523,1.022895,1.022895
2004-06-29,1.052380,1.052380,1.023054,1.023054
2004-06-30,1.062799,1.062799,1.023214,1.023214
2004-07-01,1.043086,1.043086,1.023373,1.023373
2004-07-02,1.036891,1.036891,1.023532,1.023532
2004-07-06,1.014644,1.014644,1.023692,1.023692
2004-07-07,1.016615,1.016615,1.023851,1.023851
2004-07-08,1.005351,1.005351,1.024010,1.024010
2004-07-09,1.006759,1.006759,1.024170,1.024170
2004-07-12,1.002534,1.002534,1.024329,1.024329
2004-07-13,1.001126,1.001126,1.024488,1.024488
2004-07-14,0.990988,0.990988,1.024648,1.024648
2004-07-15,0.987609,0.987609,1.024807,1.024807
2004-07-16,0.976345,0.976345,1.024967,1.024967
2004-07-19,0.974373,0.974373,1.025126,1.025126
2004-07-20,0.997747,0.997747,1.025286,1.025286
2004-07-21,0.968741,0.968741,1.025446,1.025446
2004-07-22,0.981977,0.968408,1.025605,1.025605
2004-07-23,0.963391,0.968558,1.025765,1.025765
2004-07-26,0.959166,0.968709,1.025924,1.025924
2004-07-27,0.972402,0.968860,1.026084,1.026084
2004-07-28,0.968178,0.969011,1.026244,1.026244
2004-07-29,0.979442,0.969161,1.026404,1.026404
2004-07-30,0.982540,0.969312,1.026563,1.026563
2004-08-02,0.984511,0.969463,1.026723,1.026723
2004-08-03,0.963954,0.969614,1.026883,1.026883
2004-08-04,0.964235,0.969765,1.027043,1.027043
2004-08-05,0.946212,0.969916,1.027203,1.027203
2004-08-06,0.921431,0.970067,1.027363,1.027363
2004-08-09,0.923683,0.970218,1.027522,1.027522
2004-08-10,0.935230,0.970369,1.027682,1.027682
2004-08-11,0.927063,0.970520,1.027842,1.027842
2004-08-12,0.914390,0.970671,1.028002,1.028002
2004-08-13,0.915798,0.970822,1.028162,1.028162
2004-08-16,0.926218,0.970973,1.028322,1.028322
2004-08-17,0.936638,0.971124,1.028482,1.028482
2004-08-18,0.953253,0.971275,1.028643,1.028643
2004-08-19,0.948184,0.971427,1.028803,1.028803
2004-08-20,0.957758,0.971578,1.028963,1.028963
2004-08-23,0.960011,0.971729,1.029123,1.029123
2004-08-24,0.959730,0.971880,1.029283,1.029283
2004-08-25,0.972965,0.972032,1.029443,1.029443
2004-08-26,0.968741,0.972183,1.024461,1.024461
2004-08-27,0.973247,0.972334,1.029226,1.029226
2004-08-30,0.956914,0.972486,1.011953,1.011953
2004-08-31,0.958040,0.972637,1.011605,1.011605
2004-09-01,0.965080,0.972788,1.011762,1.011762
2004-09-02,0.979442,0.972940,1.011920,1.011920
2004-09-03,0.961419,0.973091,1.012077,1.012077
2004-09-07,0.969586,0.973243,1.012235,1.012235
2004-09-08,0.965925,0.973394,1.012392,1.012392
2004-09-09,0.974092,0.973546,1.012550,1.012550
2004-09-10,0.989017,0.973697,1.012708,1.012708
2004-09-13,1.001971,0.973849,1.012865,1.012865
2004-09-14,1.003379,0.974000,1.013023,1.013023
2004-09-15,0.992678,0.974152,1.013181,1.013181
2004-09-16,0.994649,0.974304,1.013338,1.013338
2004-09-17,0.997747,0.974455,1.013496,1.013496
2004-09-20,0.997747,0.974607,1.013654,1.013654
2004-09-21,1.001690,0.974759,1.013812,1.013812
2004-09-22,0.984230,0.974910,0.995642,0.995642
2004-09-23,0.983385,0.975062,0.995299,0.995299
2004-09-24,0.980006,0.975214,0.995454,0.995454
2004-09-27,0.971557,0.975366,0.995609,0.995609
2004-09-28,0.973529,0.975517,0.995764,0.995764
2004-09-29,0.987891,0.975669,0.995919,0.995919
2004-09-30,0.989580,0.975821,0.996074,0.996074
2004-10-01,1.016615,0.975973,0.996229,0.996229
2004-10-04,1.022529,0.976125,0.996384,0.996384
2004-10-05,1.023937,0.976277,0.996539,0.996539
2004-10-06,1.032104,0.976429,0.996695,0.996695
2004-10-07,1.020558,0.976581,0.985052,0.985052
2004-10-08,1.001971,0.976733,0.967112,0.967112
2004-10-11,1.006759,0.976885,0.971733,0.971733
2004-10-12,1.005069,0.977037,0.970102,0.970102
2004-10-13,1.002816,0.977189,0.967928,0.967928
2004-10-14,0.998310,0.977341,0.967594,0.967594
2004-10-15,1.003379,0.977493,0.967745,0.967745
2004-10-18,1.017741,0.977645,0.967895,0.967895
2004-10-19,1.010420,0.977797,0.968046,0.968046
2004-10-20,1.015207,0.977950,0.968197,0.968197
2004-10-21,1.030696,0.978102,0.968347,0.968347
2004-10-22,1.008167,0.978254,0.946708,0.946708
2004-10-25,1.003379,0.978406,0.942212,0.942212
2004-10-26,1.008730,0.978559,0.947237,0.947237
2004-10-27,1.034357,0.978711,0.946910,0.946910
2004-10-28,1.040834,0.978863,0.952364,0.952364
2004-10-29,1.039144,0.979016,0.950817,0.950817
2004-11-01,1.043086,0.979168,0.954425,0.954425
2004-11-02,1.046466,0.979320,0.957517,0.957517
2004-11-03,1.053506,0.979473,0.963959,0.963959
2004-11-04,1.059420,0.979625,0.969370,0.969370
2004-11-05,1.068995,0.979778,0.978131,0.978131
2004-11-08,1.070121,0.979930,0.979162,0.979162
2004-11-09,1.067868,0.980083,0.977100,0.977100
2004-11-10,1.064207,0.976235,0.973750,0.973750
2004-11-11,1.078288,0.989151,0.986634,0.986634
2004-11-12,1.088707,0.998709,0.996168,0.996168
2004-11-15,1.093495,1.003101,1.000549,1.000549
2004-11-16,1.086736,0.996901,0.994364,0.994364
2004-11-17,1.101380,1.010334,1.007763,1.007763
2004-11-18,1.106449,1.014984,1.012402,1.012402
2004-11-19,1.089271,0.999226,0.996683,0.996683
2004-11-22,1.099690,1.008784,1.006217,1.006217
2004-11-23,1.098001,1.007234,1.004671,1.004671
2004-11-24,1.107575,1.016018,1.013432,1.013432
2004-11-26,1.104196,1.012918,1.010340,1.010340
2004-11-29,1.103914,1.012659,1.010083,1.010083
2004-11-30,1.101662,1.010593,1.008021,1.008021
2004-12-01,1.124190,1.031259,1.028635,1.028635
2004-12-02,1.128415,1.035134,1.032500,1.032500
2004-12-03,1.130104,1.036684,1.034046,1.034046
2004-12-06,1.134047,1.040301,1.037654,1.037654
2004-12-07,1.114616,1.022476,1.019874,1.019874
2004-12-08,1.121093,1.028417,1.025801,1.025801
2004-12-09,1.127851,1.034617,1.031985,1.031985
2004-12-10,1.124472,1.031517,1.028893,1.028893
2004-12-13,1.134328,1.040559,1.037911,1.037911
2004-12-14,1.139961,1.045726,1.043065,1.043065
2004-12-15,1.135736,1.041851,1.039200,1.039200
2004-12-16,1.125035,1.032034,1.029408,1.029408
2004-12-17,1.111799,1.019893,1.017297,1.017297
2004-12-20,1.103914,1.012659,1.016947,1.016947
2004-12-21,1.117432,1.025059,1.017105,1.017105
2004-12-22,1.118840,1.026351,1.017264,1.017264
2004-12-23,1.119685,1.027126,1.017422,1.017422
2004-12-27,1.114897,1.022734,1.017580,1.017580
2004-12-28,1.125598,1.032551,1.017739,1.017739
2004-12-29,1.127006,1.033842,1.017897,1.017897
2004-12-30,1.126162,1.033067,1.018056,1.018056
2004-12-31,1.123909,1.031001,1.018214,1.018214
2005-01-03,1.112363,1.020409,1.018372,1.018372
2005-01-04,1.092087,1.001809,1.018531,1.018531
2005-01-05,1.085328,0.995609,1.018690,1.018690
2005-01-06,1.079977,0.990701,1.018848,1.018848
2005-01-07,1.085610,0.995868,1.019007,1.019007
2005-01-10,1.085046,0.995351,1.019165,1.019165
2005-01-11,1.077443,0.988376,1.019324,1.019324
2005-01-12,1.086455,0.996643,1.019483,1.019483
2005-01-13,1.072092,0.983468,1.019641,1.019641
2005-01-14,1.082230,0.992768,1.019800,1.019800
2005-01-18,1.090397,1.000259,1.019959,1.019959
2005-01-19,1.072374,0.983726,1.020117,1.020117
2005-01-20,1.051816,0.964868,1.020276,1.020276
2005-01-21,1.043368,0.957118,1.020435,1.020435
2005-01-24,1.028724,0.943685,1.020594,1.020594
2005-01-25,1.033793,0.948335,1.020753,1.020753
2005-01-26,1.046184,0.959701,1.020912,1.020912
2005-01-27,1.044776,0.958410,1.021070,1.021070
2005-01-28,1.039707,0.953760,1.021229,1.021229
2005-01-31,1.053224,0.966160,1.021388,1.021388
2005-02-01,1.056604,0.969260,1.021547,1.021547
2005-02-02,1.058293,0.970810,1.021706,1.021706
2005-02-03,1.046184,0.959701,1.021865,1.021865
2005-02-04,1.063081,0.975201,1.022024,1.022024
2005-02-07,1.060828,0.973135,1.022184,1.022184
2005-02-08,1.062799,0.974943,1.022343,1.022343
2005-02-09,1.045058,0.958668,1.022502,1.022502
2005-02-10,1.046184,0.959701,1.022661,1.022661
2005-02-11,1.061673,0.973910,1.022820,1.022820
2005-02-14,1.066460,0.978301,1.022979,1.022979
2005-02-15,1.073500,0.984759,1.023139,1.023139
2005-02-16,1.069558,0.981143,1.018871,1.018871
2005-02-17,1.055196,0.967968,1.005190,1.005190
2005-02-18,1.051816,0.964868,1.004843,1.004843
2005-02-22,1.038862,0.952985,1.005000,1.005000
2005-02-23,1.040270,0.954276,1.005156,1.005156
2005-02-24,1.053506,0.966418,1.005313,1.005313
2005-02-25,1.059420,0.971843,1.005469,1.005469
2005-02-28,1.048155,0.961510,1.005626,1.005626
2005-03-01,1.059701,0.972101,1.005782,1.005782
2005-03-02,1.059138,0.971585,1.005939,1.005939
2005-03-03,1.050408,0.963576,1.006095,1.006095
2005-03-04,1.056604,0.969260,1.006252,1.006252
2005-03-07,1.071811,0.983209,1.006409,1.006409
2005-03-08,1.061110,0.973393,1.006565,1.006565
2005-03-09,1.058012,0.970551,1.006722,1.006722
2005-03-10,1.056604,0.969260,1.006879,1.006879
2005-03-11,1.046747,0.960218,1.007035,1.007035
2005-03-14,1.051535,0.964610,1.007192,1.007192
2005-03-15,1.043086,0.956860,1.007349,1.007349
2005-03-16,1.031259,0.946010,1.007506,1.007506
2005-03-17,1.033793,0.948335,1.007662,1.007662
2005-03-18,1.028161,0.943168,1.007819,1.007819
2005-03-21,1.030132,0.944976,1.007976,1.007976
2005-03-22,1.017460,0.933351,1.008133,1.008133
2005-03-23,1.021121,0.936710,1.008290,1.008290
2005-03-24,1.021402,0.936968,1.008447,1.008447
2005-03-28,1.023374,0.938776,1.008604,1.008604
2005-03-29,1.015207,0.931285,1.008761,1.008761
2005-03-30,1.034357,0.948851,1.008918,1.008918
2005-03-31,1.029851,0.944718,1.009075,1.009075
2005-04-01,1.019431,0.935160,1.009232,1.009232
2005-04-04,1.026753,0.941876,1.009389,1.009389
2005-04-05,1.029569,0.944460,1.009546,1.009546
2005-04-06,1.027879,0.942910,1.009703,1.009703
2005-04-07,1.040270,0.954276,1.009861,1.009861
2005-04-08,1.031822,0.946526,1.010018,1.010018
2005-04-11,1.027316,0.942393,1.010175,1.010175
2005-04-12,1.032385,0.947043,1.010332,1.010332
2005-04-13,1.015489,0.931543,1.010489,1.010489
2005-04-14,1.001126,0.918368,1.010647,1.010647
2005-04-15,0.978316,0.897443,1.010804,1.010804
2005-04-18,0.978598,0.897702,1.010961,1.010961
2005-04-19,0.985356,0.903902,1.011119,1.011119
2005-04-20,0.977190,0.896410,1.011276,1.011276
2005-04-21,1.003098,0.920177,1.011433,1.011433
2005-04-22,0.988172,0.906485,1.011591,1.011591
2005-04-25,0.996339,0.913977,1.011748,1.011748
2005-04-26,0.987046,0.905452,1.011906,1.011906
2005-04-27,0.988454,0.905140,1.012063,1.012063
2005-04-28,0.978598,0.905281,1.012221,1.012221
2005-04-29,0.985075,0.905422,1.012378,1.012378
2005-05-02,0.989017,0.905563,1.012536,1.012536
2005-05-03,0.994086,0.905704,1.012694,1.012694
2005-05-04,1.006195,0.905844,1.012851,1.012851
2005-05-05,1.007040,0.905985,1.013009,1.013009
2005-05-06,1.009856,0.906126,1.013167,1.013167
2005-05-09,1.014644,0.906268,1.017461,1.017461
2005-05-10,1.007322,0.906409,1.017110,1.017110
2005-05-11,1.012391,0.906550,1.017268,1.017268
2005-05-12,1.009575,0.906691,1.017427,1.017427
2005-05-13,1.020558,0.906832,1.017585,1.017585
2005-05-16,1.027316,0.906973,1.017744,1.017744
2005-05-17,1.033512,0.907114,1.017902,1.017902
2005-05-18,1.047592,0.907255,1.018060,1.018060
2005-05-19,1.056322,0.907397,1.018219,1.018219
2005-05-20,1.060546,0.907538,1.018377,1.018377
2005-05-23,1.065897,0.907679,1.023003,1.023003
2005-05-24,1.069276,0.907820,1.026247,1.026247
2005-05-25,1.064770,0.907962,1.021922,1.021922
2005-05-26,1.075472,0.908103,1.032193,1.032193
2005-05-27,1.076035,0.908244,1.032733,1.032733
2005-05-31,1.072374,0.908386,1.029220,1.029220
2005-06-01,1.081667,0.908527,1.038139,1.038139
2005-06-02,1.088707,0.908669,1.044896,1.044896
2005-06-03,1.072937,0.908810,1.029760,1.029760
2005-06-06,1.073219,0.908951,1.030031,1.030031
2005-06-07,1.064207,0.909093,1.021382,1.021382
2005-06-08,1.061954,0.909234,1.019220,1.019220
2005-06-09,1.068713,0.909376,1.025706,1.025706
2005-06-10,1.057449,0.909517,1.014895,1.014895
2005-06-13,1.062518,0.909659,1.019760,1.019760
2005-06-14,1.058293,0.909801,1.015706,1.015706
2005-06-15,1.061673,0.909942,1.018949,1.018949
2005-06-16,1.067305,0.910084,1.024355,1.024355
2005-06-17,1.066460,0.910226,1.023544,1.023544
2005-06-20,1.066460,0.910367,1.023544,1.023544
2005-06-21,1.065897,0.910509,1.023003,1.023003
2005-06-22,1.064770,0.910651,1.021922,1.021922
2005-06-23,1.052943,0.910792,1.010571,1.010571
2005-06-24,1.041115,0.910934,0.999219,0.999219
2005-06-27,1.036328,0.911076,0.998875,0.998875
2005-06-28,1.046184,0.911218,0.999030,0.999030
2005-06-29,1.043931,0.911360,0.999186,0.999186
2005-06-30,1.035765,0.911501,0.999341,0.999341
2005-07-01,1.034357,0.911643,0.999497,0.999497
2005-07-05,1.045058,0.911785,0.999652,0.999652
2005-07-06,1.039989,0.911927,0.999808,0.999808
2005-07-07,1.043650,0.912069,0.999964,0.999964
2005-07-08,1.063644,0.912211,1.000119,1.000119
2005-07-11,1.073500,0.912353,1.000275,1.000275
2005-07-12,1.078569,0.912495,1.000431,1.000431
2005-07-13,1.081104,0.912637,1.000586,1.000586
2005-07-14,1.091805,0.912779,1.009985,1.009985
2005-07-15,1.095184,0.912921,1.013111,1.013111
2005-07-18,1.090679,0.913063,1.008943,1.008943
2005-07-19,1.103351,0.923210,1.020666,1.020666
2005-07-20,1.111236,0.929808,1.027960,1.027960
2005-07-21,1.111518,0.930044,1.028221,1.028221
2005-07-22,1.110110,0.928865,1.026918,1.026918
2005-07-25,1.105886,0.925331,1.023011,1.023011
2005-07-26,1.110110,0.928865,1.026918,1.026918
2005-07-27,1.118558,0.935934,1.034733,1.034733
2005-07-28,1.123909,0.940411,1.039683,1.039683
2005-07-29,1.114616,0.932636,1.031086,1.031086
2005-08-01,1.116587,0.934285,1.032910,1.032910
2005-08-02,1.128696,0.944417,1.044112,1.044112
2005-08-03,1.128133,0.943946,1.043591,1.043591
2005-08-04,1.117150,0.934756,1.033431,1.033431
2005-08-05,1.111799,0.930279,1.028481,1.028481
2005-08-08,1.103633,0.923446,1.020927,1.020927
2005-08-09,1.110955,0.929572,1.027700,1.027700
2005-08-10,1.101380,0.921561,1.018843,1.018843
2005-08-11,1.110391,0.929101,1.018492,1.018492
2005-08-12,1.104196,0.923917,1.018650,1.018650
2005-08-15,1.110955,0.929572,1.018809,1.018809
2005-08-16,1.092932,0.914492,1.001779,1.001779
2005-08-17,1.099409,0.919911,1.001434,1.001434
2005-08-18,1.093776,0.915199,1.001590,1.001590
2005-08-19,1.093213,0.914727,1.001746,1.001746
2005-08-22,1.093776,0.915199,1.001902,1.001902
2005-08-23,1.090679,0.912607,1.002058,1.002058
2005-08-24,1.084202,0.907187,1.002214,1.002214
2005-08-25,1.086736,0.909308,1.002370,1.002370
2005-08-26,1.083075,0.906245,1.002526,1.002526
2005-08-29,1.091524,0.913314,1.002682,1.002682
2005-08-30,1.087581,0.910015,1.002838,1.002838
2005-08-31,1.097719,0.918498,1.002994,1.002994
2005-09-01,1.096029,0.917084,1.003150,1.003150
2005-09-02,1.091805,0.913549,1.003306,1.003306
2005-09-06,1.107857,0.926980,1.003463,1.003463
2005-09-07,1.109828,0.928630,1.003619,1.003619
2005-09-08,1.109547,0.928394,1.003775,1.003775
2005-09-09,1.115742,0.933578,1.008875,1.008875
2005-09-12,1.118840,0.936170,1.011676,1.011676
2005-09-13,1.116024,0.933814,1.009130,1.009130
2005-09-14,1.103351,0.923210,0.997671,0.997671
2005-09-15,1.102788,0.922739,0.997162,0.997162
2005-09-16,1.109547,0.928394,1.003273,1.003273
2005-09-19,1.100817,0.921090,0.995379,0.995379
2005-09-20,1.096311,0.917319,0.991305,0.991305
2005-09-21,1.084202,0.907187,0.980356,0.980356
2005-09-22,1.088144,0.910486,0.983921,0.983921
2005-09-23,1.091242,0.913078,0.983582,0.983582
2005-09-26,1.091524,0.913314,0.983735,0.983735
2005-09-27,1.088989,0.911193,0.983888,0.983888
2005-09-28,1.089271,0.911429,0.984041,0.984041
2005-09-29,1.103914,0.923681,0.984194,0.984194
2005-09-30,1.111236,0.929808,0.984347,0.984347
2005-10-03,1.114052,0.932164,0.984501,0.984501
2005-10-04,1.106730,0.926038,0.984654,0.984654
2005-10-05,1.091524,0.913314,0.984807,0.984807
2005-10-06,1.077161,0.901296,0.984960,0.984960
2005-10-07,1.079696,0.903417,0.985114,0.985114
2005-10-10,1.073782,0.898469,0.985267,0.985267
2005-10-11,1.068431,0.893992,0.985420,0.985420
2005-10-12,1.055759,0.883388,0.985574,0.985574
2005-10-13,1.063926,0.890222,0.985727,0.985727
2005-10-14,1.071811,0.896819,0.985881,0.985881
2005-10-17,1.075190,0.899647,0.986034,0.986034
2005-10-18,1.067587,0.893285,0.986188,0.986188
2005-10-19,1.088989,0.911193,0.986341,0.986341
2005-10-20,1.078851,0.902710,0.986495,0.986495
2005-10-21,1.085610,0.908365,0.986648,0.986648
2005-10-24,1.102788,0.922739,0.986802,0.986802
2005-10-25,1.098564,0.919204,0.986955,0.986955
2005-10-26,1.092932,0.914492,0.987109,0.987109
2005-10-27,1.070966,0.896112,0.987263,0.987263
2005-10-28,1.079133,0.902946,0.987416,0.987416
2005-10-31,1.094621,0.915906,0.987570,0.987570
2005-11-01,1.093776,0.915199,0.987724,0.987724
2005-11-02,1.108139,0.927216,0.987877,0.987877
2005-11-03,1.124754,0.941118,0.988031,0.988031
2005-11-04,1.128696,0.944417,0.988185,0.988185
2005-11-07,1.130104,0.945595,0.988339,0.988339
2005-11-08,1.130386,0.945831,0.988493,0.988493
2005-11-09,1.130949,0.946302,0.988491,0.988491
2005-11-10,1.143340,0.956670,0.999321,0.999321
2005-11-11,1.146438,0.959262,1.002028,1.002028
2005-11-14,1.146438,0.959262,1.002028,1.002028
2005-11-15,1.141087,0.954785,0.997352,0.997352
2005-11-16,1.148127,0.960676,1.003505,1.003505
2005-11-17,1.163334,0.973400,1.016797,1.016797
2005-11-18,1.167277,0.976699,1.020242,1.020242
2005-11-21,1.170093,0.979055,1.022704,1.022704
2005-11-22,1.174317,0.982590,1.026396,1.026396
2005-11-23,1.177133,0.984946,1.028857,1.028857
2005-11-25,1.179668,0.987067,1.031073,1.031073
2005-11-28,1.169811,0.978820,1.022458,1.022458
2005-11-29,1.164179,0.974107,1.017535,1.017535
2005-11-30,1.161363,0.971751,1.015074,1.015074
2005-12-01,1.183047,0.989894,1.034026,1.034026
2005-12-02,1.185863,0.992251,1.036488,1.036488
2005-12-05,1.177133,0.984946,1.028857,1.028857
2005-12-06,1.181076,0.988245,1.032303,1.032303
2005-12-07,1.178823,0.986360,1.030334,1.030334
2005-12-08,1.170375,0.979291,1.022950,1.022950
2005-12-09,1.174880,0.983061,1.026888,1.026888
2005-12-12,1.179104,0.986595,1.030580,1.030580
2005-12-13,1.184173,0.990837,1.035011,1.035011
2005-12-14,1.179949,0.987302,1.031319,1.031319
2005-12-15,1.181921,0.988952,1.033042,1.033042
2005-12-16,1.170938,0.979762,1.023442,1.023442
2005-12-19,1.152351,0.964210,1.007197,1.007197
2005-12-20,1.153196,0.964917,1.006850,1.006850
2005-12-21,1.158265,0.969159,1.007007,1.007007
2005-12-22,1.165869,0.975521,1.007164,1.007164
2005-12-23,1.165869,0.975521,1.007320,1.007320
2005-12-27,1.155731,0.967038,0.998062,0.998062
2005-12-28,1.154323,0.965860,0.997718,0.997718
2005-12-29,1.146719,0.959498,0.997873,0.997873
2005-12-30,1.137989,0.952193,0.998029,0.998029
2006-01-03,1.163334,0.973400,0.998184,0.998184
2006-01-04,1.175444,0.983532,0.998339,0.998339
2006-01-05,1.180513,0.987774,0.998495,0.998495
2006-01-06,1.201915,1.005682,0.998650,0.998650
2006-01-09,1.206702,1.009688,0.998806,0.998806
2006-01-10,1.207547,1.010394,0.999005,0.999005
2006-01-11,1.216840,1.018170,1.006693,1.006693
2006-01-12,1.210926,1.013222,1.001801,1.001801
2006-01-13,1.210363,1.012751,1.001335,1.001335
2006-01-17,1.202478,1.006153,0.994812,0.994812
2006-01-18,1.188679,0.994607,0.983396,0.983396
2006-01-19,1.197409,1.001912,0.990618,0.990618
2006-01-20,1.161645,0.971986,0.961030,0.961030
2006-01-23,1.161926,0.972222,0.960699,0.960699
2006-01-24,1.166995,0.976463,0.960848,0.960848
2006-01-25,1.161926,0.972222,0.960998,0.960998
2006-01-26,1.170093,0.979055,0.961148,0.961148
2006-01-27,1.185863,0.992251,0.961297,0.961297
2006-01-30,1.188116,0.994136,0.961447,0.961447
2006-01-31,1.182765,0.989659,0.961596,0.961596
2006-02-01,1.186990,0.993193,0.961746,0.961746
2006-02-02,1.166714,0.976228,0.961896,0.961896
2006-02-03,1.152351,0.964210,0.962046,0.962046
2006-02-06,1.149254,0.961618,0.962195,0.962195
2006-02-07,1.144185,0.957377,0.962345,0.962345
2006-02-08,1.157420,0.968452,0.962495,0.962495
2006-02-09,1.146438,0.959262,0.962645,0.962645
2006-02-10,1.153478,0.965153,0.962795,0.962795
2006-02-13,1.140242,0.954078,0.962944,0.962944
2006-02-14,1.151788,0.963739,0.963094,0.963094
2006-02-15,1.159110,0.969866,0.963244,0.963244
2006-02-16,1.169811,0.978820,0.963394,0.963394
2006-02-17,1.160518,0.971044,0.963544,0.963544
2006-02-21,1.147564,0.960205,0.963694,0.963694
2006-02-22,1.161926,0.972222,0.963844,0.963844
2006-02-23,1.158828,0.969630,0.963994,0.963994
2006-02-24,1.161926,0.972222,0.964144,0.964144
2006-02-27,1.174880,0.983061,0.964294,0.964294
2006-02-28,1.157420,0.968452,0.964444,0.964444
2006-03-01,1.173191,0.981647,0.964594,0.964594
2006-03-02,1.174035,0.982354,0.964745,0.964745
2006-03-03,1.167277,0.976699,0.964895,0.964895
2006-03-06,1.157139,0.968216,0.965045,0.965045
2006-03-07,1.150380,0.962561,0.965195,0.965195
2006-03-08,1.150943,0.963032,0.965345,0.965345
2006-03-09,1.141087,0.954785,0.965496,0.965496
2006-03-10,1.142213,0.955728,0.965646,0.965646
2006-03-13,1.145593,0.958555,0.965796,0.965796
2006-03-14,1.165024,0.974814,0.965946,0.965946
2006-03-15,1.174880,0.983061,0.966097,0.966097
2006-03-16,1.165024,0.974814,0.966247,0.966247
2006-03-17,1.167277,0.976699,0.966398,0.966398
2006-03-20,1.170093,0.979055,0.966548,0.966548
2006-03-21,1.157702,0.968687,0.966698,0.966698
2006-03-22,1.160518,0.971044,0.966849,0.966849
2006-03-23,1.157139,0.968216,0.966999,0.966999
2006-03-24,1.163053,0.973164,0.967150,0.967150
2006-03-27,1.163334,0.973400,0.967300,0.967300
2006-03-28,1.158547,0.969394,0.967451,0.967451
2006-03-29,1.180513,0.987774,0.967602,0.967602
2006-03-30,1.184173,0.990837,0.967752,0.967752
2006-03-31,1.180794,0.988009,0.967903,0.967903
2006-04-03,1.182202,0.989187,0.968053,0.968053
2006-04-04,1.188679,0.994607,0.968204,0.968204
2006-04-05,1.199944,1.004032,0.968355,0.968355
2006-04-06,1.203323,1.006860,0.968506,0.968506
2006-04-07,1.191777,0.997199,0.958733,0.958733
2006-04-10,1.190087,0.995785,0.957374,0.957374
2006-04-11,1.180513,0.987774,0.949671,0.949671
2006-04-12,1.180794,0.988009,0.949898,0.949898
2006-04-13,1.185582,0.992015,0.953749,0.953749
2006-04-17,1.173191,0.981647,0.943781,0.943781
2006-04-18,1.195720,1.000498,0.943456,0.943456
2006-04-19,1.201070,1.004975,0.943603,0.943603
2006-04-20,1.196846,1.001440,0.943750,0.943750
2006-04-21,1.182765,0.989659,0.943897,0.943897
2006-04-24,1.181639,0.988716,0.944044,0.944044
2006-04-25,1.179104,0.986595,0.944191,0.944191
2006-04-26,1.178823,0.986360,0.944338,0.944338
2006-04-27,1.190087,0.995785,0.944485,0.944485
2006-04-28,1.178541,0.986124,0.944632,0.944632
2006-05-01,1.166995,0.976463,0.944779,0.944779
2006-05-02,1.170093,0.979055,0.944926,0.944926
2006-05-03,1.168403,0.977641,0.945073,0.945073
2006-05-04,1.177978,0.985653,0.945220,0.945220
2006-05-05,1.187271,0.993429,0.945367,0.945367
2006-05-08,1.188398,0.994371,0.945514,0.945514
2006-05-09,1.183892,0.990601,0.945661,0.945661
2006-05-10,1.173472,0.981883,0.945808,0.945808
2006-05-11,1.147282,0.959969,0.945956,0.945956
2006-05-12,1.131794,0.947009,0.946103,0.946103
2006-05-15,1.130949,0.946302,0.946250,0.946250
2006-05-16,1.122501,0.939233,0.946397,0.946397
2006-05-17,1.107294,0.926509,0.946545,0.946545
2006-05-18,1.099690,0.920147,0.946692,0.946692
2006-05-19,1.108139,0.927216,0.946839,0.946839
2006-05-22,1.097437,0.918262,0.946987,0.946987
2006-05-23,1.086736,0.909308,0.947134,0.947134
2006-05-24,1.094058,0.915434,0.947282,0.947282
2006-05-25,1.108420,0.927452,0.947429,0.947429
2006-05-26,1.112081,0.930515,0.947577,0.947577
2006-05-30,1.088144,0.910486,0.947724,0.947724
2006-05-31,1.093213,0.914727,0.947872,0.947872
2006-06-01,1.119121,0.936406,0.948019,0.948019
2006-06-02,1.116305,0.934049,0.948167,0.948167
2006-06-05,1.092087,0.913785,0.948314,0.948314
2006-06-06,1.091242,0.913078,0.948462,0.948462
2006-06-07,1.083075,0.906245,0.948609,0.948609
2006-06-08,1.081386,0.904831,0.948757,0.948757
2006-06-09,1.074345,0.898940,0.948905,0.948905
2006-06-12,1.053224,0.881268,0.949052,0.949052
2006-06-13,1.049000,0.877733,0.949200,0.949200
2006-06-14,1.059701,0.886687,0.949348,0.949348
2006-06-15,1.088426,0.886382,0.949496,0.949496
2006-06-16,1.079696,0.886520,0.949643,0.949643
2006-06-19,1.070966,0.886658,0.949791,0.949791
2006-06-20,1.072374,0.886796,0.949939,0.949939
2006-06-21,1.089271,0.886934,0.950087,0.950087
2006-06-22,1.075472,0.887072,0.950235,0.950235
2006-06-23,1.074345,0.887210,0.950383,0.950383
2006-06-26,1.077161,0.887348,0.950531,0.950531
2006-06-27,1.056885,0.887486,0.950679,0.950679
2006-06-28,1.064770,0.887624,0.950827,0.950827
2006-06-29,1.097156,0.887762,0.950975,0.950975
2006-06-30,1.091805,0.887900,0.945864,0.945864
2006-07-03,1.098282,0.888039,0.951475,0.951475
2006-07-05,1.074345,0.888177,0.930738,0.930738
2006-07-06,1.073219,0.888315,0.930417,0.930417
2006-07-07,1.061391,0.888453,0.930562,0.930562
2006-07-10,1.052098,0.888592,0.930707,0.930707
2006-07-11,1.059983,0.888730,0.930852,0.930852
2006-07-12,1.039989,0.888868,0.930997,0.930997
2006-07-13,1.022529,0.889007,0.931141,0.931141
2006-07-14,1.012109,0.889145,0.931286,0.931286
2006-07-17,1.014644,0.889283,0.931431,0.931431
2006-07-18,1.018023,0.889422,0.931576,0.931576
2006-07-19,1.031259,0.889560,0.931721,0.931721
2006-07-20,1.016052,0.889699,0.931866,0.931866
2006-07-21,1.005351,0.889837,0.932011,0.932011
2006-07-24,1.025345,0.889976,0.932156,0.932156
2006-07-25,1.031259,0.890114,0.932302,0.932302
2006-07-26,1.030414,0.890253,0.932447,0.932447
2006-07-27,1.023655,0.890391,0.932592,0.932592
2006-07-28,1.045058,0.890530,0.932737,0.932737
2006-07-31,1.044776,0.890669,0.932882,0.932882
2006-08-01,1.027316,0.890807,0.933027,0.933027
2006-08-02,1.038862,0.890946,0.933173,0.933173
2006-08-03,1.045339,0.891085,0.933318,0.933318
2006-08-04,1.040552,0.891223,0.933463,0.933463
2006-08-07,1.033793,0.891362,0.933608,0.933608
2006-08-08,1.027316,0.891501,0.933754,0.933754
2006-08-09,1.028724,0.891639,0.933899,0.933899
2006-08-10,1.036046,0.891778,0.934044,0.934044
2006-08-11,1.028724,0.891917,0.934190,0.934190
2006-08-14,1.035483,0.892056,0.934335,0.934335
2006-08-15,1.061673,0.892195,0.934481,0.934481
2006-08-16,1.086455,0.892334,0.934626,0.934626
2006-08-17,1.090679,0.892473,0.934772,0.934772
2006-08-18,1.092368,0.892611,0.934917,0.934917
2006-08-21,1.081949,0.892750,0.925536,0.925536
2006-08-22,1.082230,0.892889,0.925777,0.925777
2006-08-23,1.074064,0.893028,0.918791,0.918791
2006-08-24,1.077161,0.893167,0.921441,0.921441
2006-08-25,1.079133,0.893306,0.923127,0.923127
2006-08-28,1.087299,0.893445,0.930113,0.930113
2006-08-29,1.090679,0.893584,0.933004,0.933004
2006-08-30,1.095748,0.893724,0.937340,0.937340
2006-08-31,1.094621,0.893863,0.936377,0.936377
2006-09-01,1.100535,0.894002,0.941436,0.941436
2006-09-05,1.111236,0.894141,0.950590,0.950590
2006-09-06,1.088989,0.894280,0.931559,0.931559
2006-09-07,1.083638,0.894419,0.926982,0.926982
2006-09-08,1.090397,0.894558,0.932763,0.932763
2006-09-11,1.097156,0.894698,0.938545,0.938545
2006-09-12,1.117432,0.894837,0.955890,0.955890
2006-09-13,1.125317,0.894976,0.962635,0.962635
2006-09-14,1.126162,0.895116,0.963358,0.963358
2006-09-15,1.129541,0.895255,0.966248,0.966248
2006-09-18,1.129541,0.895394,0.966248,0.966248
2006-09-19,1.122219,0.895534,0.959985,0.959985
2006-09-20,1.138553,0.895673,0.973957,0.973957
2006-09-21,1.131512,0.895812,0.967935,0.967935
2006-09-22,1.122782,0.895952,0.960467,0.960467
2006-09-25,1.142495,0.896091,0.977330,0.977330
2006-09-26,1.148127,0.896231,0.982148,0.982148
2006-09-27,1.146719,0.896370,0.980943,0.980943
2006-09-28,1.149817,0.896510,0.983593,0.983593
2006-09-29,1.144748,0.896649,0.979257,0.979257
2006-10-02,1.130386,0.896789,0.966971,0.966971
2006-10-03,1.135173,0.896928,0.971066,0.971066
2006-10-04,1.163053,0.897068,0.994915,0.994915
2006-10-05,1.168685,0.897208,0.999733,0.999733
2006-10-06,1.166150,0.897347,0.997565,0.997565
2006-10-09,1.170093,0.897487,1.000938,1.000938
2006-10-10,1.172064,0.897627,1.002624,1.002624
2006-10-11,1.169811,0.897766,1.000697,1.000697
2006-10-12,1.189242,0.897906,1.017319,1.017319
2006-10-13,1.194875,0.898046,1.022137,1.022137
2006-10-16,1.195438,0.898186,1.022619,1.022619
2006-10-17,1.182765,0.898326,1.011778,1.011778
2006-10-18,1.177133,0.898465,1.006960,1.006960
2006-10-19,1.179949,0.898605,1.009369,1.009369
2006-10-20,1.182765,0.898745,1.011778,1.011778
2006-10-23,1.194875,0.898885,1.022137,1.022137
2006-10-24,1.186426,0.899025,1.014910,1.014910
2006-10-25,1.194875,0.904974,1.022137,1.022137
2006-10-26,1.205858,0.913292,1.031532,1.031532
2006-10-27,1.188679,0.900282,1.016837,1.016837
2006-10-30,1.196283,0.906040,1.023342,1.023342
2006-10-31,1.199099,0.908173,1.025751,1.025751
2006-11-01,1.182765,0.895803,1.011778,1.011778
2006-11-02,1.183892,0.896656,1.012742,1.012742
2006-11-03,1.180794,0.894310,1.010092,1.010092
2006-11-06,1.197972,0.907320,1.024787,1.024787
2006-11-07,1.206139,0.913505,1.031773,1.031773
2006-11-08,1.211771,0.917771,1.036591,1.036591
2006-11-09,1.205294,0.912866,1.031050,1.031050
2006-11-10,1.211771,0.917771,1.036591,1.036591
2006-11-13,1.223881,0.926942,1.046950,1.046950
2006-11-14,1.237116,0.936967,1.058272,1.058272
2006-11-15,1.242185,0.940806,1.062608,1.062608
2006-11-16,1.247536,0.944858,1.067185,1.067185
2006-11-17,1.247536,0.944858,1.067185,1.067185
2006-11-20,1.250070,0.946778,1.069353,1.069353
2006-11-21,1.251760,0.948058,1.070799,1.070799
2006-11-22,1.259645,0.954030,1.077544,1.077544
2006-11-24,1.257392,0.952324,1.075617,1.075617
2006-11-27,1.229513,0.931208,1.051768,1.051768
2006-11-28,1.232611,0.933554,1.054418,1.054418
2006-11-29,1.241059,0.939953,1.061645,1.061645
2006-11-30,1.240214,0.939313,1.060922,1.060922
2006-12-01,1.229513,0.931208,1.051768,1.051768
2006-12-04,1.246409,0.944005,1.066222,1.066222
2006-12-05,1.250915,0.947418,1.070076,1.070076
2006-12-06,1.246409,0.944005,1.066222,1.066222
2006-12-07,1.230639,0.932061,1.052731,1.052731
2006-12-08,1.236271,0.936327,1.052369,1.052369
2006-12-11,1.240777,0.939740,1.052532,1.052532
2006-12-12,1.233455,0.934194,1.052696,1.052696
2006-12-13,1.235708,0.935900,1.052860,1.052860
2006-12-14,1.249507,0.946351,1.053024,1.053024
2006-12-15,1.251197,0.947631,1.053921,1.053921
2006-12-18,1.238806,0.938247,1.043484,1.043484
2006-12-19,1.234863,0.935261,1.043124,1.043124
2006-12-20,1.230358,0.931848,1.043287,1.043287
2006-12-21,1.221628,0.925236,1.043449,1.043449
2006-12-22,1.208955,0.915638,1.043611,1.043611
2006-12-26,1.214024,0.919477,1.043774,1.043774
2006-12-27,1.220220,0.924170,1.043936,1.043936
2006-12-28,1.214306,0.919691,1.044099,1.044099
2006-12-29,1.215432,0.920544,1.044261,1.044261
2007-01-03,1.217685,0.922250,1.044424,1.044424
2007-01-04,1.240777,0.939740,1.044586,1.044586
2007-01-05,1.234863,0.935261,1.044749,1.044749
2007-01-08,1.235708,0.935900,1.044912,1.044912
2007-01-09,1.241904,0.940593,1.045074,1.045074
2007-01-10,1.256547,0.951684,1.045237,1.045237
2007-01-11,1.269502,0.961495,1.045400,1.045400
2007-01-12,1.275979,0.966400,1.045562,1.045562
2007-01-16,1.275134,0.965761,1.045725,1.045725
2007-01-17,1.264714,0.957869,1.045888,1.045888
2007-01-18,1.241340,0.940166,1.046051,1.046051
2007-01-19,1.243875,0.942086,1.046213,1.046213
2007-01-22,1.230358,0.931848,1.046376,1.046376
2007-01-23,1.227260,0.929502,1.046539,1.046539
2007-01-24,1.247536,0.944858,1.046702,1.046702
2007-01-25,1.231484,0.932701,1.046865,1.046865
2007-01-26,1.226978,0.929289,1.047028,1.047028
2007-01-29,1.228105,0.930142,1.047191,1.047191
2007-01-30,1.228668,0.930568,1.047354,1.047354
2007-01-31,1.241059,0.939953,1.047517,1.047517
2007-02-01,1.239651,0.938886,1.047680,1.047680
2007-02-02,1.243593,0.941872,1.047843,1.047843
2007-02-05,1.242467,0.941019,1.048006,1.048006
2007-02-06,1.240496,0.939526,1.048169,1.048169
2007-02-07,1.252042,0.948271,1.048332,1.048332
2007-02-08,1.251760,0.948058,1.048495,1.048495
2007-02-09,1.234582,0.935047,1.048659,1.048659
2007-02-12,1.230639,0.932061,1.048822,1.048822
2007-02-13,1.235145,0.935474,1.048985,1.048985
2007-02-14,1.255984,0.951257,1.049148,1.049148
2007-02-15,1.263306,0.956803,1.049312,1.049312
2007-02-16,1.259082,0.953603,1.049475,1.049475
2007-02-20,1.268657,0.960855,1.049638,1.049638
2007-02-21,1.272599,0.963841,1.049802,1.049802
2007-02-22,1.279076,0.968747,1.049965,1.049965
2007-02-23,1.274571,0.965334,1.050129,1.050129
2007-02-26,1.268375,0.960642,1.050292,1.050292
2007-02-27,1.216277,0.921184,1.050456,1.050456
2007-02-28,1.220220,0.924170,1.050619,1.050619
2007-03-01,1.214587,0.919904,1.050783,1.050783
2007-03-02,1.196283,0.906040,1.050946,1.050946
2007-03-05,1.186990,0.899002,1.051110,1.051110
2007-03-06,1.206702,0.913932,1.051273,1.051273
2007-03-07,1.201915,0.910306,1.051437,1.051437
2007-03-08,1.210082,0.916491,1.051601,1.051601
2007-03-09,1.208955,0.915638,1.051764,1.051764
2007-03-12,1.216840,0.921610,1.051928,1.051928
2007-03-13,1.193185,0.903694,1.052092,1.052092
2007-03-14,1.210645,0.916918,1.052255,1.052255
2007-03-15,1.207829,0.914785,1.052419,1.052419
2007-03-16,1.206139,0.913505,1.052583,1.050947
2007-03-19,1.218530,0.922890,1.052747,1.061744
2007-03-20,1.227260,0.929502,1.052911,1.069350
2007-03-21,1.250915,0.947418,1.053075,1.089962
2007-03-22,1.246409,0.944005,1.048757,1.086036
2007-03-23,1.242467,0.941019,1.045440,1.082601
2007-03-26,1.247536,0.944858,1.049705,1.087017
2007-03-27,1.238806,0.938247,1.049343,1.079411
2007-03-28,1.225570,0.928222,1.049506,1.067878
2007-03-29,1.226978,0.929289,1.049670,1.069105
2007-03-30,1.225852,0.928435,1.049833,1.068123
2007-04-02,1.227542,0.929715,1.049997,1.069596
2007-04-03,1.243593,0.941872,1.050160,1.083582
2007-04-04,1.248662,0.945712,1.050323,1.087999
2007-04-05,1.254858,0.950404,1.050487,1.093397
2007-04-09,1.251760,0.948058,1.050650,1.090698
2007-04-10,1.258237,0.952963,1.050814,1.096342
2007-04-11,1.245001,0.942939,1.050978,1.084809
2007-04-12,1.254858,0.950404,1.051141,1.093397
2007-04-13,1.257392,0.952324,1.051305,1.095606
2007-04-16,1.268938,0.961068,1.051468,1.105666
2007-04-17,1.271754,0.963201,1.051632,1.108120
2007-04-18,1.267530,0.960002,1.051796,1.104439
2007-04-19,1.271473,0.962988,1.051959,1.107874
2007-04-20,1.278513,0.968320,1.052123,1.114009
2007-04-23,1.280484,0.969813,1.052287,1.115726
2007-04-24,1.286961,0.974719,1.052451,1.121370
2007-04-25,1.304140,0.987729,1.052615,1.136338
2007-04-26,1.310898,0.992848,1.052778,1.142227
2007-04-27,1.311462,0.993274,1.052942,1.142718
2007-04-30,1.294283,0.980264,1.053106,1.127750
2007-05-01,1.298507,0.983463,1.053270,1.131430
2007-05-02,1.307237,0.990075,1.053434,1.139037
2007-05-03,1.312025,0.993701,1.053598,1.143209
2007-05-04,1.313151,0.994554,1.053975,1.144190
2007-05-07,1.313151,0.994554,1.053975,1.144190
2007-05-08,1.315967,0.996687,1.056236,1.146644
2007-05-09,1.318783,0.998820,1.058496,1.149098
2007-05-10,1.300760,0.985170,1.044030,1.133393
2007-05-11,1.317375,0.997753,1.057366,1.147871
2007-05-14,1.308364,0.990928,1.050133,1.140019
2007-05-15,1.298226,0.983250,1.041996,1.131185
2007-05-16,1.310898,0.992848,1.041637,1.142227
2007-05-17,1.304703,0.988156,1.041799,1.136829
2007-05-18,1.315404,0.996260,1.041961,1.146153
2007-05-21,1.323852,1.002659,1.042123,1.153514
2007-05-22,1.324979,1.003512,1.042286,1.154496
2007-05-23,1.318783,0.998820,1.042448,1.149098
2007-05-24,1.299916,0.984530,1.042610,1.132657
2007-05-25,1.308082,0.990715,1.042772,1.139773
2007-05-29,1.318220,0.998393,1.042935,1.148607
2007-05-30,1.328921,1.006498,1.043097,1.157931
2007-05-31,1.335117,1.011191,1.043259,1.163329
2007-06-01,1.335962,1.011830,1.043422,1.164066
2007-06-04,1.339904,1.014816,1.043584,1.167501
2007-06-05,1.339904,1.014816,1.043747,1.167501
2007-06-06,1.325542,1.003939,1.043909,1.154987
2007-06-07,1.304985,0.988369,1.044071,1.137074
2007-06-08,1.321036,1.000526,1.044234,1.151061
2007-06-11,1.318502,0.998607,1.044396,1.148852
2007-06-12,1.310617,0.992635,1.044559,1.141982
2007-06-13,1.324979,1.003512,1.044722,1.154496
2007-06-14,1.333709,1.010124,1.044884,1.162102
2007-06-15,1.344128,1.018016,1.045047,1.171181
2007-06-18,1.345255,1.018869,1.045210,1.172163
2007-06-19,1.344973,1.018656,1.045372,1.171918
2007-06-20,1.332301,1.009058,1.045535,1.160876
2007-06-21,1.344410,1.018229,1.045698,1.171427
2007-06-22,1.331738,1.008631,1.045860,1.160385
2007-06-25,1.326105,1.004365,1.046023,1.155477
2007-06-26,1.318502,0.998607,1.046186,1.148852
2007-06-27,1.338778,1.013963,1.046349,1.166519
2007-06-28,1.338215,1.013537,1.046512,1.166029
2007-06-29,1.340467,1.015243,1.046675,1.167992
2007-07-02,1.352014,1.023988,1.046838,1.178052
2007-07-03,1.360462,1.030386,1.047000,1.185413
2007-07-05,1.370318,1.037851,1.047163,1.194001
2007-07-06,1.375950,1.042117,1.047326,1.198909
2007-07-09,1.376795,1.042757,1.047489,1.199645
2007-07-10,1.365249,1.034012,1.047653,1.189585
2007-07-11,1.374542,1.041051,1.047816,1.197682
2007-07-12,1.395663,1.057047,1.047979,1.216085
2007-07-13,1.405238,1.064299,1.048142,1.224428
2007-07-16,1.403830,1.063232,1.048305,1.223201
2007-07-17,1.414531,1.071337,1.048468,1.232526
2007-07-18,1.412841,1.070058,1.048631,1.231053
2007-07-19,1.417066,1.073257,1.048795,1.234734
2007-07-20,1.409462,1.067498,1.042645,1.228109
2007-07-23,1.410025,1.067925,1.043062,1.228599
2007-07-24,1.389186,1.052142,1.027646,1.210442
2007-07-25,1.391157,1.053635,1.027292,1.212159
2007-07-26,1.379330,1.044676,1.027452,1.201853
2007-07-27,1.351450,1.023561,1.027612,1.177561
2007-07-30,1.367221,1.035505,1.027772,1.191302
2007-07-31,1.338496,1.013750,1.027932,1.166274
2007-08-01,1.348916,1.021642,1.028092,1.175353
2007-08-02,1.361307,1.031026,1.028252,1.186149
2007-08-03,1.335398,1.011404,1.028412,1.163575
2007-08-06,1.350887,1.023135,1.028572,1.177070
2007-08-07,1.360462,1.030386,1.028732,1.185413
2007-08-08,1.375387,1.041690,1.028893,1.198418
2007-08-09,1.343565,1.017589,1.029053,1.170691
2007-08-10,1.331456,1.008418,1.029213,1.160139
2007-08-13,1.340467,1.015243,1.029373,1.167992
2007-08-14,1.317657,0.997967,1.029533,1.148116
2007-08-15,1.292594,0.978984,1.029693,1.126278
2007-08-16,1.279921,0.969386,1.029854,1.115236
2007-08-17,1.304140,0.987729,1.030014,1.136338
2007-08-20,1.310335,0.992421,1.030174,1.141736
2007-08-21,1.324134,1.002872,1.030335,1.153760
2007-08-22,1.342157,1.016523,1.030495,1.169464
2007-08-23,1.338496,1.013750,1.030655,1.166274
2007-08-24,1.357364,1.028040,1.030816,1.182714
2007-08-27,1.348353,1.021215,1.030976,1.174862
2007-08-28,1.316249,0.996900,1.031137,1.146889
2007-08-29,1.353985,1.025481,1.031297,1.179770
2007-08-30,1.361025,1.030813,1.031458,1.185904
2007-08-31,1.376232,1.042330,1.031618,1.199154
2007-09-04,1.399043,1.059607,1.031779,1.219030
2007-09-05,1.384962,1.048942,1.031940,1.206761
2007-09-06,1.383836,1.048089,1.032100,1.205779
2007-09-07,1.358209,1.028680,1.032261,1.183450
2007-09-10,1.357364,1.028040,1.032422,1.182714
2007-09-11,1.377922,1.043610,1.032582,1.200627
2007-09-12,1.378203,1.043823,1.032743,1.200872
2007-09-13,1.384962,1.048942,1.032904,1.206761
2007-09-14,1.386088,1.049795,1.033064,1.207743
2007-09-17,1.374542,1.041051,1.033225,1.197682
2007-09-18,1.409181,1.067285,1.033386,1.227863
2007-09-19,1.412841,1.070058,1.035553,1.231053
2007-09-20,1.408899,1.067072,1.032663,1.227618
2007-09-21,1.418192,1.074110,1.039474,1.235715
2007-09-24,1.424669,1.079016,1.044222,1.241359
2007-09-25,1.438186,1.089253,1.054129,1.253137
2007-09-26,1.445227,1.094585,1.059290,1.259272
2007-09-27,1.452549,1.100131,1.064656,1.265651
2007-09-28,1.447761,1.096505,1.061147,1.261480
2007-10-01,1.464376,1.109089,1.073325,1.275957
2007-10-02,1.464658,1.109302,1.073532,1.276203
2007-10-03,1.454520,1.101624,1.066101,1.267369
2007-10-04,1.457899,1.104183,1.068578,1.270313
2007-10-05,1.487468,1.126578,1.090251,1.296078
2007-10-08,1.496761,1.133617,1.097062,1.304175
2007-10-09,1.503239,1.138522,1.101810,1.309819
2007-10-10,1.506899,1.141295,1.104493,1.313009
2007-10-11,1.482963,1.123166,1.086948,1.292152
2007-10-12,1.507463,1.141722,1.104906,1.313500
2007-10-15,1.495917,1.132977,1.096443,1.303439
2007-10-16,1.488876,1.127645,1.091283,1.297305
2007-10-17,1.508026,1.142148,1.105319,1.313990
2007-10-18,1.514503,1.147054,1.110066,1.319634
2007-10-19,1.476767,1.118474,1.082407,1.286754
2007-10-22,1.494509,1.131911,1.095411,1.302212
2007-10-23,1.525767,1.155585,1.118323,1.329449
2007-10-24,1.514221,1.146841,1.109860,1.319389
2007-10-25,1.493945,1.131484,1.094998,1.301722
2007-10-26,1.518727,1.150253,1.113162,1.323315
2007-10-29,1.525204,1.155159,1.117910,1.328958
2007-10-30,1.528020,1.157292,1.119974,1.331412
2007-10-31,1.549704,1.173715,1.135867,1.350306
2007-11-01,1.520698,1.151746,1.114607,1.325032
2007-11-02,1.532526,1.160704,1.123276,1.335338
2007-11-05,1.522670,1.153239,1.116052,1.326750
2007-11-06,1.539848,1.166250,1.128643,1.341718
2007-11-07,1.502394,1.137883,1.101191,1.309083
2007-11-08,1.456773,1.103330,1.100811,1.269332
2007-11-09,1.408054,1.066432,1.100983,1.226882
2007-11-12,1.372289,1.039344,1.101154,1.195719
2007-11-13,1.428893,1.082215,1.101325,1.245040
2007-11-14,1.410589,1.068351,1.101497,1.229090
2007-11-15,1.402985,1.062593,1.101668,1.222465
2007-11-16,1.415939,1.072404,1.101840,1.233752
2007-11-19,1.399606,1.060033,1.102011,1.219521
2007-11-20,1.405238,1.064299,1.102183,1.224428
2007-11-21,1.388623,1.051715,1.102354,1.209951
2007-11-23,1.403548,1.063019,1.102526,1.222956
2007-11-26,1.379330,1.044676,1.102698,1.201853
2007-11-27,1.406928,1.065579,1.102869,1.225900
2007-11-28,1.449732,1.097998,1.103041,1.263198
2007-11-29,1.455928,1.102690,1.103213,1.268596
2007-11-30,1.444945,1.094372,1.103384,1.259026
2007-12-03,1.432836,1.085201,1.103556,1.248475
2007-12-04,1.426922,1.080722,1.103728,1.243322
2007-12-05,1.452267,1.099918,1.103900,1.265406
2007-12-06,1.473388,1.115914,1.119394,1.283809
2007-12-07,1.473669,1.116127,1.119608,1.284055
2007-12-10,1.479583,1.120606,1.124101,1.289207
2007-12-11,1.445227,1.094585,1.097999,1.259272
2007-12-12,1.458181,1.104397,1.097621,1.270559
2007-12-13,1.450296,1.098425,1.097792,1.263688
2007-12-14,1.435370,1.087120,1.097962,1.250683
2007-12-17,1.400451,1.060673,1.098133,1.220257
2007-12-18,1.404956,1.064086,1.098304,1.224183
2007-12-19,1.404675,1.063872,1.098475,1.223937
2007-12-20,1.433399,1.085627,1.098646,1.248966
2007-12-21,1.460152,1.105890,1.098817,1.272276
2007-12-24,1.471135,1.114208,1.098988,1.281846
2007-12-26,1.478457,1.119753,1.099159,1.288226
2007-12-27,1.462405,1.107596,1.099330,1.274240
2007-12-28,1.460434,1.106103,1.099501,1.272522
2007-12-31,1.442411,1.092453,1.099673,1.256818
2008-01-02,1.420727,1.076030,1.099844,1.237924
2008-01-03,1.425514,1.079655,1.100015,1.242095
2008-01-04,1.362996,1.032306,1.100186,1.187622
2008-01-07,1.356519,1.027400,1.100357,1.181978
2008-01-08,1.321318,1.000740,1.100529,1.151306
2008-01-09,1.349479,1.022068,1.100700,1.175844
2008-01-10,1.351450,1.023561,1.100871,1.177561
2008-01-11,1.324979,1.003512,1.101043,1.154496
2008-01-14,1.348071,1.021002,1.101214,1.174617
2008-01-15,1.310898,0.992848,1.101385,1.142227
2008-01-16,1.296818,0.982184,1.101557,1.129958
2008-01-17,1.278795,0.968533,1.101728,1.114254
2008-01-18,1.277105,0.967254,1.101900,1.112782
2008-01-22,1.244157,0.942299,1.102071,1.084073
2008-01-23,1.239651,0.938886,1.102243,1.083699
2008-01-24,1.264714,0.957869,1.102414,1.083868
2008-01-25,1.238806,0.938247,1.102586,1.084037
2008-01-28,1.248381,0.945498,1.102758,1.084206
2008-01-29,1.250634,0.947205,1.102929,1.084374
2008-01-30,1.249507,0.946351,1.103101,1.084543
2008-01-31,1.270910,0.962561,1.103273,1.084712
2008-02-01,1.283864,0.972372,1.103444,1.084881
2008-02-04,1.265841,0.972038,1.103616,1.085050
2008-02-05,1.229794,0.972189,1.103788,1.085218
2008-02-06,1.205576,0.972340,1.103960,1.085387
2008-02-07,1.214024,0.972491,1.104132,1.085556
2008-02-08,1.227823,0.972643,1.104303,1.085725
2008-02-11,1.241059,0.972794,1.104475,1.085894
2008-02-12,1.234019,0.972946,1.104647,1.086063
2008-02-13,1.261053,0.973097,1.104819,1.086232
2008-02-14,1.238243,0.973249,1.104991,1.086401
2008-02-15,1.234019,0.973400,1.105163,1.086571
2008-02-19,1.231766,0.973552,1.105335,1.086740
2008-02-20,1.237398,0.973703,1.105507,1.086909
2008-02-21,1.225570,0.973855,1.105679,1.087078
2008-02-22,1.230076,0.974006,1.105851,1.087247
2008-02-25,1.236271,0.974158,1.106023,1.087416
2008-02-26,1.241059,0.974309,1.106196,1.087586
2008-02-27,1.247254,0.974461,1.106368,1.087755
2008-02-28,1.242467,0.974613,1.106540,1.087924
2008-02-29,1.209518,0.974764,1.106712,1.088094
2008-03-03,1.201633,0.974916,1.106884,1.088263
2008-03-04,1.208392,0.975068,1.107057,1.088432
2008-03-05,1.214306,0.975220,1.107229,1.088602
2008-03-06,1.187553,0.975372,1.107401,1.088771
2008-03-07,1.184737,0.975523,1.107574,1.088941
2008-03-10,1.161926,0.975675,1.107746,1.089110
2008-03-11,1.206139,0.975827,1.107919,1.089280
2008-03-12,1.202760,0.975979,1.108091,1.089449
2008-03-13,1.212053,0.976131,1.108263,1.089619
2008-03-14,1.189806,0.976283,1.108436,1.089788
2008-03-17,1.168122,0.976435,1.108609,1.089958
2008-03-18,1.220220,0.976587,1.108781,1.090128
2008-03-19,1.190087,0.976739,1.108954,1.090297
2008-03-20,1.213461,0.976891,1.109126,1.090467
2008-03-24,1.255421,0.977043,1.109299,1.090637
2008-03-25,1.262461,0.977195,1.114962,1.090807
2008-03-26,1.258800,0.977347,1.111729,1.090976
2008-03-27,1.230921,0.977499,1.087107,1.091146
2008-03-28,1.224725,0.977651,1.081635,1.091316
2008-03-31,1.231202,0.977803,1.087355,1.091486
2008-04-01,1.283864,0.977956,1.086981,1.091656
2008-04-02,1.281048,0.978108,1.087150,1.091826
2008-04-03,1.283864,0.978260,1.088995,1.091996
2008-04-04,1.291467,0.978412,1.095444,1.092166
2008-04-07,1.288651,0.978565,1.093056,1.092336
2008-04-08,1.278795,0.978717,1.084695,1.092506
2008-04-09,1.264433,0.978869,1.072513,1.079696
2008-04-10,1.282456,0.979022,1.087801,1.095085
2008-04-11,1.246973,0.979174,1.057703,1.064787
2008-04-14,1.241340,0.979326,1.057339,1.059977
2008-04-15,1.243030,0.979479,1.057504,1.061420
2008-04-16,1.277668,0.979631,1.057668,1.090997
2008-04-17,1.274852,0.979784,1.057833,1.088593
2008-04-18,1.315404,0.979936,1.057998,1.123220
2008-04-21,1.324697,0.980089,1.058162,1.131155
2008-04-22,1.304985,0.980241,1.058327,1.114323
2008-04-23,1.319347,0.980394,1.058492,1.126587
2008-04-24,1.331174,0.980547,1.058656,1.136686
2008-04-25,1.327795,0.980699,1.058821,1.133801
2008-04-28,1.330329,0.980852,1.060312,1.135965
2008-04-29,1.340467,0.981004,1.068392,1.144622
2008-04-30,1.329485,0.981157,1.059639,1.135243
2008-05-01,1.371445,0.981310,1.093082,1.171073
2008-05-02,1.373416,0.981463,1.094653,1.172756
2008-05-05,1.369473,0.981615,1.091511,1.169390
2008-05-06,1.377922,0.981768,1.098244,1.176604
2008-05-07,1.352858,0.981921,1.078268,1.155202
2008-05-08,1.362996,0.982074,1.086348,1.163859
2008-05-09,1.357646,0.982227,1.082084,1.159290
2008-05-12,1.382427,0.982380,1.101836,1.180451
2008-05-13,1.386088,0.982532,1.104753,1.183577
2008-05-14,1.382991,0.982685,1.102284,1.180932
2008-05-15,1.407209,0.982838,1.121587,1.201612
2008-05-16,1.408336,0.982991,1.122485,1.202574
2008-05-19,1.398198,0.983144,1.114405,1.193917
2008-05-20,1.387496,0.983297,1.105876,1.184779
2008-05-21,1.356801,0.983450,1.081410,1.158569
2008-05-22,1.361588,0.983603,1.085226,1.162657
2008-05-23,1.357364,0.983757,1.081859,1.159050
2008-05-27,1.381301,0.983910,1.100938,1.179489
2008-05-28,1.386933,0.984063,1.105427,1.184299
2008-05-29,1.399324,0.984216,1.115303,1.194879
2008-05-30,1.408336,0.984369,1.122485,1.202574
2008-06-02,1.391157,0.984522,1.108794,1.187906
2008-06-03,1.383554,0.984676,1.102733,1.181413
2008-06-04,1.401295,0.984829,1.116874,1.196562
2008-06-05,1.423543,0.984982,1.134606,1.215559
2008-06-06,1.380738,0.985136,1.100489,1.179008
2008-06-09,1.373416,0.985289,1.094653,1.172756
2008-06-10,1.366939,0.985442,1.094276,1.167225
2008-06-11,1.334272,0.985596,1.094446,1.139331
2008-06-12,1.335398,0.985749,1.094617,1.140293
2008-06-13,1.362152,0.985902,1.094787,1.163137
2008-06-16,1.374261,0.986056,1.094958,1.173478
2008-06-17,1.366939,0.986209,1.095128,1.167225
2008-06-18,1.352295,0.986363,1.095298,1.154721
2008-06-19,1.373416,0.986516,1.095469,1.172756
2008-06-20,1.335398,0.986670,1.095639,1.140293
2008-06-23,1.324979,0.986824,1.095810,1.131396
2008-06-24,1.318220,0.986977,1.095980,1.125625
2008-06-25,1.339623,0.987131,1.096151,1.143900
2008-06-26,1.285553,0.946815,1.096322,1.097731
2008-06-27,1.285553,0.946815,1.096492,1.097731
2008-06-30,1.272036,0.936859,1.096663,1.097352
2008-07-01,1.290059,0.950134,1.096834,1.097523
2008-07-02,1.259082,0.927319,1.097004,1.097694
2008-07-03,1.256829,0.925659,1.097175,1.097865
2008-07-07,1.264433,0.931259,1.097346,1.098036
2008-07-08,1.294565,0.953452,1.097517,1.098207
2008-07-09,1.260208,0.928148,1.097688,1.098378
2008-07-10,1.275134,0.927829,1.097858,1.098549
2008-07-11,1.254858,0.927973,1.098029,1.098720
2008-07-14,1.245565,0.928117,1.098200,1.098891
2008-07-15,1.245846,0.928262,1.098371,1.099062
2008-07-16,1.276823,0.928406,1.098542,1.099233
2008-07-17,1.285272,0.928551,1.098713,1.099404
2008-07-18,1.255703,0.928695,1.098884,1.099575
2008-07-21,1.261053,0.928840,1.099055,1.099746
2008-07-22,1.261053,0.928985,1.099226,1.099917
2008-07-23,1.277668,0.929129,1.099397,1.100088
2008-07-24,1.258519,0.929274,1.099568,1.100260
2008-07-25,1.274852,0.929418,1.099740,1.100431
2008-07-28,1.250915,0.929563,1.099911,1.100602
2008-07-29,1.276823,0.929708,1.100082,1.100774
2008-07-30,1.283300,0.929853,1.100253,1.100945
2008-07-31,1.280203,0.929997,1.100424,1.101116
2008-08-01,1.263869,0.930142,1.100596,1.101288
2008-08-04,1.251197,0.930287,1.100767,1.101459
2008-08-05,1.293438,0.930432,1.100938,1.101630
2008-08-06,1.313151,0.930576,1.101110,1.101802
2008-08-07,1.303013,0.930721,1.101281,1.101973
2008-08-08,1.332582,0.930866,1.101453,1.102145
2008-08-11,1.344692,0.931011,1.101624,1.102317
2008-08-12,1.346100,0.931156,1.102226,1.102488
2008-08-13,1.343284,0.931301,1.099920,1.102660
2008-08-14,1.358772,0.931446,1.112603,1.102831
2008-08-15,1.356238,0.931591,1.110527,1.103003
2008-08-18,1.340467,0.931736,1.097614,1.103175
2008-08-19,1.323852,0.931881,1.084009,1.103346
2008-08-20,1.326105,0.932026,1.085854,1.104671
2008-08-21,1.319910,0.932171,1.080781,1.099510
2008-08-22,1.337370,0.932316,1.080409,1.114055
2008-08-25,1.309209,0.932461,1.080577,1.090596
2008-08-26,1.307519,0.932606,1.080745,1.089189
2008-08-27,1.315967,0.932751,1.080913,1.096226
2008-08-28,1.326669,0.932897,1.081082,1.105141
2008-08-29,1.298789,0.933042,1.081250,1.081916
2008-09-02,1.282737,0.933187,1.081418,1.068545
2008-09-03,1.270628,0.933332,1.081587,1.058458
2008-09-04,1.229513,0.933478,1.081755,1.024208
2008-09-05,1.223599,0.933623,1.081923,1.019282
2008-09-08,1.219656,0.933768,1.082092,1.015997
2008-09-09,1.195438,0.933914,1.082260,0.995823
2008-09-10,1.205294,0.934059,1.082429,1.004033
2008-09-11,1.227823,0.934204,1.082597,1.022800
2008-09-12,1.223036,0.934350,1.082766,1.018812
2008-09-15,1.185018,0.934495,1.082934,1.018462
2008-09-16,1.194311,0.934641,1.083103,1.018620
2008-09-17,1.132357,0.934786,1.083271,1.018779
2008-09-18,1.170656,0.934932,1.083440,1.018937
2008-09-19,1.208110,0.935077,1.083609,1.019096
2008-09-22,1.151225,0.935223,1.083777,1.019254
2008-09-23,1.142495,0.935368,1.083946,1.019413
2008-09-24,1.150380,0.935514,1.084115,1.019572
2008-09-25,1.168685,0.935659,1.084283,1.019730
2008-09-26,1.156857,0.935805,1.084452,1.019889
2008-09-29,1.065052,0.935951,1.084621,1.020048
2008-09-30,1.095748,0.936096,1.084790,1.020207
2008-10-01,1.084202,0.936242,1.084959,1.020365
2008-10-02,1.034920,0.936388,1.085127,1.020524
2008-10-03,1.018868,0.936534,1.085296,1.020683
2008-10-06,0.981695,0.936679,1.085465,1.020842
2008-10-07,0.919459,0.936825,1.085634,1.021001
2008-10-08,0.912137,0.936971,1.085803,1.021160
2008-10-09,0.887637,0.937117,1.085972,1.021319
2008-10-10,0.882005,0.937263,1.086141,1.021478
2008-10-13,0.989299,0.937408,1.086310,1.021637
2008-10-14,0.946494,0.937554,1.086479,1.021796
2008-10-15,0.861729,0.937700,1.086648,1.021955
2008-10-16,0.908476,0.937846,1.086818,1.022114
2008-10-17,0.909603,0.937992,1.086987,1.022273
2008-10-20,0.934948,0.938138,1.087156,1.022432
2008-10-21,0.886511,0.938284,1.087325,1.022591
2008-10-22,0.862011,0.938430,1.087494,1.022750
2008-10-23,0.858631,0.938576,1.087664,1.022910
2008-10-24,0.831034,0.938722,1.087833,1.023069
2008-10-27,0.807941,0.938869,1.088002,1.023228
2008-10-28,0.897212,0.939015,1.088172,1.023387
2008-10-29,0.894959,0.939161,1.088341,1.023547
2008-10-30,0.924810,0.939307,1.088510,1.023706
2008-10-31,0.926218,0.939453,1.088680,1.023865
2008-11-03,0.924247,0.939599,1.088849,1.024025
2008-11-04,0.950436,0.939746,1.089019,1.024184
2008-11-05,0.900873,0.939892,1.089188,1.024343
2008-11-06,0.860603,0.940038,1.089358,1.024503
2008-11-07,0.878344,0.940185,1.089527,1.024662
2008-11-10,0.866516,0.940331,1.089697,1.024822
2008-11-11,0.847649,0.940477,1.089867,1.024981
2008-11-12,0.808505,0.940624,1.090036,1.025141
2008-11-13,0.857787,0.940770,1.090206,1.025300
2008-11-14,0.816108,0.940917,1.090376,1.025460
2008-11-17,0.798930,0.941063,1.090545,1.025620
2008-11-18,0.798085,0.941209,1.090715,1.025779
2008-11-19,0.756407,0.941356,1.090885,1.025939
2008-11-20,0.719797,0.941502,1.091055,1.026099
2008-11-21,0.751056,0.941649,1.091224,1.026258
2008-11-24,0.796959,0.941796,1.091394,1.026418
2008-11-25,0.793298,0.941942,1.091564,1.026578
2008-11-26,0.826528,0.942089,1.091734,1.026738
2008-11-28,0.820051,0.942235,1.091904,1.026897
2008-12-01,0.758378,0.942382,1.092074,1.027057
2008-12-02,0.783723,0.942529,1.092244,1.027217
2008-12-03,0.805970,0.942675,1.092414,1.027377
2008-12-04,0.783160,0.942822,1.092584,1.027537
2008-12-05,0.814982,0.942969,1.092754,1.027697
2008-12-08,0.847085,0.943116,1.092924,1.027857
2008-12-09,0.845114,0.943263,1.093094,1.028017
2008-12-10,0.842298,0.943409,1.093264,1.028177
2008-12-11,0.819206,0.943556,1.093435,1.028337
2008-12-12,0.835821,0.943703,1.093605,1.028497
2008-12-15,0.821177,0.943850,1.093775,1.028657
2008-12-16,0.860603,0.943997,1.093945,1.028817
2008-12-17,0.850183,0.944144,1.094115,1.028977
2008-12-18,0.835258,0.944291,1.094286,1.029137
2008-12-19,0.840890,0.944438,1.094456,1.029298
2008-12-22,0.822585,0.944585,1.094626,1.029458
2008-12-23,0.818361,0.944732,1.094797,1.029618
2008-12-24,0.820614,0.944879,1.094967,1.029778
2008-12-26,0.820332,0.945026,1.095138,1.029939
2008-12-29,0.813574,0.945173,1.095308,1.030099
2008-12-30,0.830470,0.945320,1.095479,1.030259
2008-12-31,0.837511,0.945467,1.095649,1.030420
2009-01-02,0.873838,0.945614,1.095820,1.030580
2009-01-05,0.873557,0.945762,1.094919,1.030740
2009-01-06,0.882287,0.945909,1.105861,1.040521
2009-01-07,0.857223,0.946056,1.105480,1.010962
2009-01-08,0.866235,0.946203,1.105652,1.021590
2009-01-09,0.846804,0.946351,1.105824,0.998674
2009-01-12,0.831315,0.946498,1.105996,0.980408
2009-01-13,0.831597,0.946645,1.106168,0.980740
2009-01-14,0.806252,0.946793,1.106341,0.950849
2009-01-15,0.819487,0.946940,1.106513,0.966459
2009-01-16,0.828499,0.947087,1.106685,0.977086
2009-01-20,0.787384,0.947235,1.106857,0.928597
2009-01-21,0.820896,0.947382,1.107030,0.968119
2009-01-22,0.809913,0.947530,1.107202,0.955167
2009-01-23,0.813855,0.947677,1.107374,0.959816
2009-01-26,0.819769,0.947825,1.107547,0.966791
2009-01-27,0.825683,0.947972,1.107719,0.973765
2009-01-28,0.854689,0.948120,1.107891,1.007973
2009-01-29,0.833005,0.948267,1.108064,0.982400
2009-01-30,0.818361,0.948415,1.108236,0.965130
2009-02-02,0.828217,0.948562,1.108409,0.976754
2009-02-03,0.841172,0.948710,1.108581,0.992032
2009-02-04,0.842298,0.948858,1.108754,0.993360
2009-02-05,0.860884,0.949005,1.108926,1.015280
2009-02-06,0.883413,0.949153,1.109099,1.041849
2009-02-09,0.887074,0.949301,1.109272,1.046167
2009-02-10,0.854407,0.949449,1.109444,1.007641
2009-02-11,0.850465,0.949596,1.109617,1.002991
2009-02-12,0.860884,0.949744,1.109790,1.015280
2009-02-13,0.856942,0.949892,1.109962,1.010630
2009-02-17,0.822867,0.950040,1.110135,0.970444
2009-02-18,0.823430,0.950188,1.110308,0.971108
2009-02-19,0.810758,0.950336,1.110481,0.956163
2009-02-20,0.813010,0.950484,1.110654,0.958820
2009-02-23,0.784568,0.950632,1.110827,0.925276
2009-02-24,0.810476,0.950780,1.110999,0.955831
2009-02-25,0.805125,0.950927,1.111172,0.949521
2009-02-26,0.782596,0.951076,1.111345,0.922951
2009-02-27,0.775275,0.951224,1.111518,0.922633
2009-03-02,0.750211,0.951372,1.111691,0.922777
2009-03-03,0.749648,0.951520,1.111864,0.922921
2009-03-04,0.769642,0.951668,1.112037,0.923064
2009-03-05,0.746550,0.951816,1.112211,0.923208
2009-03-06,0.740636,0.951964,1.112384,0.923352
2009-03-09,0.724866,0.952112,1.112557,0.923495
2009-03-10,0.769642,0.952260,1.112730,0.923639
2009-03-11,0.781470,0.952409,1.112903,0.923783
2009-03-12,0.807378,0.952557,1.113076,0.923927
2009-03-13,0.809349,0.952705,1.113250,0.924071
2009-03-16,0.795832,0.952853,1.113423,0.924214
2009-03-17,0.825965,0.953002,1.113596,0.924358
2009-03-18,0.836384,0.953150,1.127080,0.935551
2009-03-19,0.835821,0.953298,1.126321,0.934921
2009-03-20,0.821740,0.953447,1.107347,0.919171
2009-03-23,0.870177,0.953595,1.172619,0.973351
2009-03-24,0.854126,0.953744,1.150988,0.955396
2009-03-25,0.858068,0.953892,1.156301,0.959806
2009-03-26,0.884540,0.954041,1.191973,0.989416
2009-03-27,0.867925,0.954189,1.169583,0.970831
2009-03-30,0.846522,0.954338,1.140742,0.946891
2009-03-31,0.853844,0.954486,1.140349,0.946565
2009-04-01,0.866516,0.954635,1.140527,0.960133
2009-04-02,0.894396,0.954783,1.140704,0.959803
2009-04-03,0.911011,0.954932,1.140882,0.977144
2009-04-06,0.908758,0.955081,1.141059,0.974727
2009-04-07,0.884821,0.955229,1.141237,0.949053
2009-04-08,0.899747,0.955378,1.141415,0.965062
2009-04-09,0.927626,0.955527,1.141592,0.994965
2009-04-13,0.926218,0.955675,1.141770,0.993455
2009-04-14,0.914954,0.955824,1.141948,0.981373
2009-04-15,0.912419,0.955973,1.142125,0.978654
2009-04-16,0.936074,0.956122,1.142303,1.004027
2009-04-17,0.938046,0.956270,1.142481,1.006141
2009-04-20,0.907913,0.956419,1.142659,0.973821
2009-04-21,0.920586,0.956568,1.142837,0.987414
2009-04-22,0.923402,0.956717,1.143014,0.990434
2009-04-23,0.932413,0.956866,1.143192,1.000100
2009-04-24,0.948747,0.957015,1.143370,1.017619
2009-04-27,0.949873,0.957164,1.143548,1.018827
2009-04-28,0.942833,0.957313,1.143726,1.011276
2009-04-29,0.955787,0.957462,1.143904,1.025170
2009-04-30,0.965362,0.957611,1.144082,1.035440
2009-05-01,0.967896,0.957760,1.146513,1.038159
2009-05-04,0.987046,0.957909,1.169196,1.058698
2009-05-05,0.986201,0.958058,1.168195,1.057792
2009-05-06,0.986483,0.958207,1.168529,1.058094
2009-05-07,0.963391,0.958356,1.141175,1.033326
2009-05-08,0.963954,0.958506,1.141842,1.033930
2009-05-11,0.967333,0.958655,1.145845,1.037555
2009-05-12,0.955505,0.958804,1.131835,1.024868
2009-05-13,0.929879,0.958953,1.101479,0.997381
2009-05-14,0.940299,0.959102,1.113822,1.008557
2009-05-15,0.939735,0.959252,1.113155,1.007953
2009-05-18,0.964235,0.959401,1.142176,1.034232
2009-05-19,0.968741,0.959550,1.147513,1.039065
2009-05-20,0.965362,0.959700,1.143510,1.035440
2009-05-21,0.947620,0.959849,1.122495,1.016411
2009-05-22,0.944523,0.959998,1.118825,1.013088
2009-05-26,0.979724,0.960148,1.160523,1.050845
2009-05-27,0.972965,0.960297,1.152517,1.043596
2009-05-28,0.984230,0.960447,1.165860,1.055678
2009-05-29,0.996339,0.960596,1.180204,1.068666
2009-06-01,1.024782,0.960746,1.213896,1.099174
2009-06-02,1.026190,0.961585,1.215563,1.100684
2009-06-03,1.023092,0.958682,1.211894,1.097361
2009-06-04,1.034638,0.969501,1.225571,1.109745
2009-06-05,1.035765,0.970557,1.226905,1.110954
2009-06-08,1.032667,0.967654,1.223236,1.107631
2009-06-09,1.040552,0.975043,1.232576,1.116089
2009-06-10,1.036891,0.971612,1.228239,1.112162
2009-06-11,1.036891,0.971612,1.228239,1.112162
2009-06-12,1.032104,0.967126,1.222569,1.107027
2009-06-15,1.010983,0.947335,1.197550,1.084373
2009-06-16,1.001126,0.938099,1.185875,1.073801
2009-06-17,1.010701,0.947071,1.197217,1.084071
2009-06-18,1.008730,0.945224,1.194882,1.081957
2009-06-19,1.018305,0.954196,1.206223,1.092226
2009-06-22,0.987891,0.925697,1.170197,1.059605
2009-06-23,0.985638,0.923586,1.169794,1.059240
2009-06-24,1.002253,0.939155,1.169976,1.059404
2009-06-25,1.021966,0.957627,1.170158,1.059569
2009-06-26,1.024219,0.959738,1.170340,1.061374
2009-06-29,1.026471,0.961849,1.170522,1.063709
2009-06-30,1.024500,0.960002,1.170704,1.061666
2009-07-01,1.025063,0.960529,1.170887,1.062250
2009-07-02,1.002534,0.939419,1.171069,1.038904
2009-07-06,0.997184,0.934405,1.171251,1.038546
2009-07-07,0.972402,0.911183,1.171433,1.038707
2009-07-08,0.977471,0.915933,1.171616,1.038869
2009-07-09,0.979161,0.917517,1.171798,1.039031
2009-07-10,0.983385,0.921475,1.171980,1.039192
2009-07-13,1.002253,0.939155,1.172163,1.039354
2009-07-14,1.005914,0.942585,1.172345,1.039516
2009-07-15,1.039707,0.974251,1.172528,1.039678
2009-07-16,1.052098,0.985862,1.172710,1.051542
2009-07-17,1.057730,0.991140,1.172893,1.057171
2009-07-20,1.067868,1.000639,1.173075,1.067304
2009-07-21,1.075190,1.007500,1.173258,1.074622
2009-07-22,1.084202,1.015945,1.182500,1.083629
2009-07-23,1.108139,1.038374,1.208607,1.107553
2009-07-24,1.099690,1.030458,1.199393,1.099109
2009-07-27,1.108139,1.038374,1.208607,1.107553
2009-07-28,1.100535,1.031250,1.200314,1.099954
2009-07-29,1.107857,1.038111,1.208300,1.107272
2009-07-30,1.114334,1.044180,1.215364,1.113745
2009-07-31,1.110955,1.041013,1.211678,1.110368
2009-08-03,1.127570,1.056582,1.229800,1.126974
2009-08-04,1.127570,1.056582,1.229800,1.126974
2009-08-05,1.118840,1.048402,1.220278,1.118249
2009-08-06,1.108983,1.039166,1.209528,1.108398
2009-08-07,1.123064,1.052360,1.224886,1.122471
2009-08-10,1.115179,1.044971,1.216286,1.114590
2009-08-11,1.105604,1.036000,1.205843,1.105020
2009-08-12,1.122782,1.052096,1.224578,1.122189
2009-08-13,1.128978,1.057902,1.231336,1.128381
2009-08-14,1.116024,1.045763,1.217207,1.115434
2009-08-17,1.083638,1.015417,1.181886,1.083066
2009-08-18,1.099127,1.029930,1.198778,1.098546
2009-08-19,1.106730,1.037055,1.207071,1.106146
2009-08-20,1.119685,1.049194,1.221200,1.119093
2009-08-21,1.134610,1.063179,1.237478,1.134011
2009-08-24,1.133484,1.062124,1.236250,1.132885
2009-08-25,1.136863,1.065290,1.239936,1.136262
2009-08-26,1.134892,1.063443,1.237786,1.134292
2009-08-27,1.137708,1.066082,1.240857,1.137107
2009-08-28,1.138834,1.067138,1.242086,1.138233
2009-08-31,1.127288,1.056318,1.229493,1.126693
2009-09-01,1.106167,1.036527,1.206457,1.105583
2009-09-02,1.105322,1.035736,1.205536,1.104739
2009-09-03,1.112644,1.042597,1.213521,1.112057
2009-09-04,1.136581,1.065027,1.239628,1.135981
2009-09-08,1.147282,1.075054,1.251300,1.146676
2009-09-09,1.157139,1.084290,1.262050,1.156528
2009-09-10,1.168122,1.094581,1.274028,1.167505
2009-09-11,1.169248,1.095637,1.275257,1.168630
2009-09-14,1.173754,1.099859,1.280171,1.173134
2009-09-15,1.177415,1.103289,1.284164,1.176793
2009-09-16,1.194593,1.119386,1.302900,1.193962
2009-09-17,1.194311,1.119122,1.302593,1.193681
2009-09-18,1.195156,1.119914,1.303514,1.194525
2009-09-21,1.198817,1.123344,1.307507,1.198184
2009-09-22,1.201070,1.125455,1.309964,1.200436
2009-09-23,1.195438,1.120178,1.303821,1.194806
2009-09-24,1.184737,1.110150,1.292150,1.184111
2009-09-25,1.174317,1.100387,1.280786,1.173697
2009-09-28,1.194311,1.119122,1.302593,1.193681
2009-09-29,1.188961,1.114109,1.296757,1.188333
2009-09-30,1.189806,1.114900,1.297678,1.189177
2009-10-01,1.154604,1.081915,1.259286,1.153994
2009-10-02,1.151225,1.078748,1.255600,1.150617
2009-10-05,1.160518,1.087456,1.265736,1.159905
2009-10-06,1.181076,1.106720,1.288157,1.180452
2009-10-07,1.184455,1.109886,1.291843,1.183829
2009-10-08,1.189524,1.114636,1.297371,1.188896
2009-10-09,1.196283,1.120969,1.304743,1.195651
2009-10-12,1.198817,1.123344,1.307507,1.198184
2009-10-13,1.199099,1.123608,1.307814,1.198465
2009-10-14,1.215432,1.138913,1.325628,1.214790
2009-10-15,1.212616,1.136275,1.322557,1.211976
2009-10-16,1.204731,1.128886,1.313957,1.204095
2009-10-19,1.216840,1.140233,1.327164,1.216198
2009-10-20,1.217122,1.140497,1.327471,1.216479
2009-10-21,1.214869,1.138386,1.325014,1.214227
2009-10-22,1.219656,1.142872,1.330236,1.219012
2009-10-23,1.214587,1.138122,1.324707,1.213946
2009-10-26,1.210645,1.134427,1.320407,1.210005
2009-10-27,1.192340,1.117275,1.300443,1.191710
2009-10-28,1.165587,1.092206,1.271264,1.164971
2009-10-29,1.185300,1.110678,1.270826,1.164570
2009-10-30,1.153478,1.080859,1.271024,1.164751
2009-11-02,1.158265,1.085345,1.271222,1.164933
2009-11-03,1.161926,1.088776,1.271420,1.165114
2009-11-04,1.163897,1.090623,1.271618,1.165295
2009-11-05,1.192622,1.117539,1.271816,1.165477
2009-11-06,1.199662,1.124136,1.278684,1.171771
2009-11-09,1.225289,1.148149,1.305998,1.196801
2009-11-10,1.228386,1.151052,1.309300,1.199827
2009-11-11,1.236271,1.158441,1.317705,1.207529
2009-11-12,1.229231,1.151844,1.310201,1.200652
2009-11-13,1.239369,1.161343,1.321006,1.210555
2009-11-16,1.252042,1.173218,1.334514,1.222932
2009-11-17,1.255984,1.176912,1.338716,1.226783
2009-11-18,1.248944,1.170315,1.331212,1.219907
2009-11-19,1.229513,1.152107,1.310501,1.200927
2009-11-20,1.223317,1.146302,1.303897,1.194876
2009-11-23,1.243030,1.164774,1.324908,1.214130
2009-11-24,1.238806,1.160816,1.320406,1.210004
2009-11-25,1.244157,1.165829,1.326109,1.215231
2009-11-27,1.225289,1.148149,1.305998,1.196801
2009-11-30,1.226697,1.149469,1.305549,1.196389
2009-12-01,1.239369,1.161343,1.305752,1.196575
2009-12-02,1.241059,1.162927,1.306878,1.197608
2009-12-03,1.235990,1.158177,1.306428,1.192716
2009-12-04,1.242467,1.164246,1.306631,1.198966
2009-12-07,1.236553,1.158705,1.306835,1.193260
2009-12-08,1.228950,1.151580,1.307038,1.185922
2009-12-09,1.241340,1.163190,1.307242,1.197879
2009-12-10,1.247536,1.168996,1.307445,1.203858
2009-12-11,1.242749,1.164510,1.307649,1.199238
2009-12-14,1.254576,1.175593,1.307852,1.210652
2009-12-15,1.247536,1.168996,1.308056,1.203858
2009-12-16,1.249226,1.170579,1.308259,1.205488
2009-12-17,1.234019,1.156330,1.308463,1.190814
2009-12-18,1.252042,1.173218,1.308667,1.190404
2009-12-21,1.266122,1.186412,1.308870,1.203189
2009-12-22,1.273726,1.193537,1.309074,1.210415
2009-12-23,1.283019,1.202245,1.309278,1.219246
2009-12-24,1.294847,1.213328,1.309482,1.230486
2009-12-28,1.301605,1.219661,1.309685,1.236908
2009-12-29,1.296255,1.214647,1.309889,1.231824
2009-12-30,1.300197,1.218342,1.310093,1.235570
2009-12-31,1.288369,1.207259,1.297526,1.224331
2010-01-04,1.307237,1.224939,1.316528,1.242261
2010-01-05,1.307237,1.224939,1.316528,1.242261
2010-01-06,1.299352,1.217550,1.308587,1.234768
2010-01-07,1.300197,1.218342,1.309438,1.235570
2010-01-08,1.310898,1.228369,1.320215,1.245740
2010-01-11,1.305548,1.223356,1.314827,1.240655
2010-01-12,1.289214,1.208050,1.298377,1.225133
2010-01-13,1.305266,1.223092,1.314543,1.240387
2010-01-14,1.306393,1.224147,1.315678,1.241458
2010-01-15,1.291186,1.209898,1.300362,1.227007
2010-01-19,1.312025,1.229425,1.299915,1.226584
2010-01-20,1.293157,1.211745,1.300117,1.208340
2010-01-21,1.281048,1.200398,1.300319,1.207924
2010-01-22,1.243593,1.165302,1.300522,1.208112
2010-01-25,1.247818,1.169260,1.300724,1.208300
2010-01-26,1.248944,1.170315,1.300927,1.208488
2010-01-27,1.258800,1.179551,1.301129,1.208677
2010-01-28,1.226415,1.149205,1.301332,1.208865
2010-01-29,1.205013,1.129150,1.301534,1.209053
2010-02-01,1.218248,1.141552,1.301737,1.209241
2010-02-02,1.229231,1.151844,1.301939,1.209429
2010-02-03,1.235990,1.158177,1.302142,1.209617
2010-02-04,1.200225,1.124664,1.302345,1.209806
2010-02-05,1.210363,1.134164,1.302547,1.209994
2010-02-08,1.201633,1.125983,1.302750,1.210182
2010-02-09,1.214024,1.137594,1.302953,1.210371
2010-02-10,1.211490,1.135219,1.303156,1.210559
2010-02-11,1.229794,1.152371,1.303358,1.210748
2010-02-12,1.232329,1.154746,1.303561,1.210936
2010-02-16,1.248099,1.169524,1.303764,1.211124
2010-02-17,1.255139,1.176121,1.303967,1.211313
2010-02-18,1.263025,1.183509,1.311503,1.218313
2010-02-19,1.262461,1.182982,1.310918,1.217770
2010-02-22,1.259927,1.180607,1.308286,1.215325
2010-02-23,1.243593,1.165302,1.291326,1.199570
2010-02-24,1.256266,1.177176,1.290881,1.199157
2010-02-25,1.255984,1.176912,1.291082,1.199344
2010-02-26,1.260490,1.181134,1.291283,1.199530
2010-03-01,1.278795,1.198287,1.291484,1.199717
2010-03-02,1.282737,1.201981,1.291685,1.202814
2010-03-03,1.284145,1.203301,1.291886,1.204134
2010-03-04,1.288369,1.207259,1.292087,1.208095
2010-03-05,1.307801,1.225467,1.292288,1.226316
2010-03-08,1.310335,1.227842,1.292489,1.228692
2010-03-09,1.317657,1.234702,1.292691,1.235558
2010-03-10,1.328358,1.244730,1.292892,1.245592
2010-03-11,1.333427,1.249480,1.297177,1.250346
2010-03-12,1.333709,1.249744,1.297451,1.250610
2010-03-15,1.330329,1.246577,1.294163,1.247441
2010-03-16,1.338778,1.254494,1.302382,1.255363
2010-03-17,1.342439,1.257924,1.305943,1.258796
2010-03-18,1.346945,1.262146,1.310326,1.263021
2010-03-19,1.337370,1.253174,1.301012,1.254042
2010-03-22,1.349479,1.264521,1.312792,1.265397
2010-03-23,1.358772,1.273229,1.321833,1.274111
2010-03-24,1.352295,1.267160,1.315532,1.268038
2010-03-25,1.350324,1.265313,1.313614,1.266189
2010-03-26,1.351732,1.266632,1.314984,1.267510
2010-03-29,1.358209,1.272701,1.321285,1.273583
2010-03-30,1.362715,1.276924,1.325668,1.277808
2010-03-31,1.356238,1.270854,1.319367,1.271735
2010-04-01,1.356238,1.270854,1.319367,1.271735
2010-04-05,1.368910,1.282729,1.331695,1.283618
2010-04-06,1.372853,1.286423,1.335530,1.287315
2010-04-07,1.369473,1.283257,1.332243,1.284146
2010-04-08,1.372571,1.286159,1.335256,1.287051
2010-04-09,1.380738,1.293812,1.343201,1.294708
2010-04-12,1.381864,1.294867,1.344297,1.295765
2010-04-13,1.388905,1.301465,1.351146,1.302366
2010-04-14,1.405520,1.317034,1.367309,1.317946
2010-04-15,1.411715,1.322839,1.373336,1.323755
2010-04-16,1.394818,1.307006,1.356899,1.307912
2010-04-19,1.393974,1.306214,1.356077,1.307119
2010-04-20,1.401014,1.312811,1.362926,1.313721
2010-04-21,1.408899,1.320200,1.370597,1.321115
2010-04-22,1.416784,1.327589,1.378267,1.328509
2010-04-23,1.422698,1.333130,1.384020,1.334054
2010-04-26,1.419600,1.330228,1.381007,1.331149
2010-04-27,1.389468,1.301992,1.351694,1.302894
2010-04-28,1.390313,1.302784,1.351228,1.302446
2010-04-29,1.414531,1.325478,1.351438,1.302648
2010-04-30,1.386652,1.299353,1.324140,1.276336
2010-05-03,1.406083,1.317561,1.323684,1.275896
2010-05-04,1.363841,1.277979,1.323890,1.276095
2010-05-05,1.356801,1.271382,1.324096,1.276293
2010-05-06,1.311462,1.228897,1.324302,1.276492
2010-05-07,1.278795,1.198287,1.324508,1.276691
2010-05-10,1.345255,1.260563,1.324714,1.276889
2010-05-11,1.343847,1.259243,1.324921,1.277088
2010-05-12,1.369192,1.282993,1.325127,1.277287
2010-05-13,1.347508,1.262674,1.325333,1.277486
2010-05-14,1.321600,1.238397,1.325539,1.277684
2010-05-17,1.325824,1.242355,1.325746,1.277883
2010-05-18,1.307519,1.225203,1.325952,1.278082
2010-05-19,1.297099,1.215439,1.326158,1.278281
2010-05-20,1.248944,1.170315,1.326365,1.278480
2010-05-21,1.262743,1.183246,1.326571,1.278679
2010-05-24,1.257674,1.178496,1.326778,1.278878
2010-05-25,1.258800,1.179551,1.326984,1.279077
2010-05-26,1.244720,1.166357,1.327191,1.279276
2010-05-27,1.291749,1.210425,1.327397,1.279475
2010-05-28,1.284145,1.203301,1.327604,1.279675
2010-06-01,1.272318,1.192217,1.327811,1.279874
2010-06-02,1.302450,1.220453,1.328017,1.280073
2010-06-03,1.314841,1.232064,1.328224,1.280272
2010-06-04,1.269783,1.189843,1.328431,1.280471
2010-06-07,1.246691,1.168204,1.328638,1.280671
2010-06-08,1.244438,1.166093,1.328844,1.280870
2010-06-09,1.234019,1.156330,1.329051,1.281069
2010-06-10,1.269220,1.189315,1.329258,1.281269
2010-06-11,1.281329,1.200662,1.329465,1.281468
2010-06-14,1.281048,1.200398,1.329672,1.281668
2010-06-15,1.315404,1.232591,1.329879,1.281867
2010-06-16,1.320755,1.237605,1.330086,1.282067
2010-06-17,1.324979,1.241563,1.330293,1.282266
2010-06-18,1.323571,1.240244,1.330500,1.282466
2010-06-21,1.312306,1.229689,1.330707,1.282665
2010-06-22,1.302168,1.220189,1.330914,1.282865
2010-06-23,1.296818,1.215175,1.331121,1.283065
2010-06-24,1.277105,1.196703,1.331329,1.283265
2010-06-25,1.274852,1.194592,1.331536,1.283464
2010-06-28,1.270346,1.190370,1.331743,1.283664
2010-06-29,1.221346,1.144455,1.331950,1.283864
2010-06-30,1.202760,1.127039,1.332158,1.284064
2010-07-01,1.199380,1.123872,1.332365,1.284264
2010-07-02,1.196001,1.120706,1.332572,1.284463
2010-07-06,1.199662,1.124136,1.332780,1.284663
2010-07-07,1.237961,1.160024,1.332987,1.284863
2010-07-08,1.244720,1.166357,1.333195,1.285063
2010-07-09,1.256547,1.177440,1.333402,1.285263
2010-07-12,1.260208,1.180871,1.333610,1.285463
2010-07-13,1.276542,1.196176,1.333817,1.285663
2010-07-14,1.283019,1.202245,1.334025,1.285864
2010-07-15,1.284145,1.203301,1.334529,1.286349
2010-07-16,1.248662,1.170051,1.334069,1.285906
2010-07-19,1.259364,1.180079,1.334277,1.286106
2010-07-20,1.274571,1.194329,1.334484,1.286306
2010-07-21,1.257111,1.177968,1.334692,1.286506
2010-07-22,1.288933,1.177562,1.367794,1.318413
2010-07-23,1.297099,1.177745,1.376460,1.326767
2010-07-26,1.307801,1.177929,1.375986,1.337713
2010-07-27,1.307237,1.178112,1.376200,1.337136
2010-07-28,1.296818,1.178295,1.376414,1.326479
2010-07-29,1.287243,1.178479,1.376628,1.316685
2010-07-30,1.290059,1.178662,1.376843,1.316231
2010-08-02,1.314278,1.178846,1.377057,1.316436
2010-08-03,1.308645,1.179029,1.377271,1.310139
2010-08-04,1.321881,1.179213,1.377486,1.323390
2010-08-05,1.318783,1.179396,1.377700,1.320289
2010-08-06,1.316812,1.179580,1.377915,1.318315
2010-08-09,1.325824,1.179763,1.378129,1.327337
2010-08-10,1.314278,1.179947,1.378344,1.315778
2010-08-11,1.278513,1.180131,1.378558,1.315325
2010-08-12,1.268375,1.180314,1.378773,1.315529
2010-08-13,1.259364,1.180498,1.378987,1.315734
2010-08-16,1.261616,1.180682,1.379202,1.315939
2010-08-17,1.277668,1.180866,1.379417,1.316144
2010-08-18,1.282737,1.181049,1.379631,1.316349
2010-08-19,1.263306,1.181233,1.379846,1.316554
2010-08-20,1.264996,1.181417,1.380061,1.316759
2010-08-23,1.252605,1.181601,1.380276,1.316963
2010-08-24,1.229231,1.181785,1.380490,1.317168
2010-08-25,1.241059,1.181969,1.380705,1.317373
2010-08-26,1.226133,1.182153,1.380920,1.317579
2010-08-27,1.241059,1.182337,1.381135,1.317784
2010-08-30,1.228105,1.182521,1.381350,1.317989
2010-08-31,1.223881,1.182705,1.381565,1.318194
2010-09-01,1.260490,1.182889,1.381780,1.318399
2010-09-02,1.274571,1.183073,1.381995,1.318604
2010-09-03,1.295691,1.183257,1.382210,1.318809
2010-09-07,1.286961,1.183442,1.372211,1.309269
2010-09-08,1.302450,1.183626,1.388726,1.325026
2010-09-09,1.307519,1.183810,1.394130,1.330183
2010-09-10,1.312306,1.183994,1.393650,1.335053
2010-09-13,1.330611,1.184178,1.393867,1.353675
2010-09-14,1.336243,1.184363,1.394084,1.359405
2010-09-15,1.344692,1.184547,1.402197,1.368000
2010-09-16,1.350042,1.184732,1.407776,1.373443
2010-09-17,1.351450,1.184916,1.409244,1.374876
2010-09-20,1.375106,1.185100,1.433911,1.398941
2010-09-21,1.374824,1.185285,1.433618,1.398654
2010-09-22,1.371163,1.185469,1.429800,1.394930
2010-09-23,1.370600,1.185654,1.429213,1.394357
2010-09-24,1.398479,1.185838,1.458285,1.422720
2010-09-27,1.390876,1.186023,1.450356,1.414984
2010-09-28,1.390313,1.186208,1.449769,1.414411
2010-09-29,1.388060,1.183693,1.447419,1.412119
2010-09-30,1.381864,1.178410,1.440959,1.405817
2010-10-01,1.380175,1.176969,1.439197,1.404098
2010-10-04,1.365249,1.164241,1.423633,1.388914
2010-10-05,1.398479,1.192579,1.458285,1.422720
2010-10-06,1.386370,1.182252,1.445657,1.410401
2010-10-07,1.391439,1.186575,1.450943,1.415557
2010-10-08,1.401014,1.194740,1.460927,1.425298
2010-10-11,1.401577,1.195220,1.461515,1.425871
2010-10-12,1.411152,1.203385,1.471499,1.435612
2010-10-13,1.422698,1.213232,1.483539,1.447358
2010-10-14,1.419882,1.210830,1.480602,1.444493
2010-10-15,1.450014,1.236526,1.512023,1.475148
2010-10-18,1.444663,1.231963,1.506444,1.469704
2010-10-19,1.431146,1.220436,1.492348,1.455953
2010-10-20,1.441566,1.229322,1.503214,1.466553
2010-10-21,1.444382,1.231723,1.506150,1.469418
2010-10-22,1.454238,1.240128,1.516428,1.479445
2010-10-25,1.461279,1.246132,1.523769,1.486607
2010-10-26,1.465221,1.249494,1.527881,1.490618
2010-10-27,1.469727,1.253336,1.532579,1.495202
2010-10-28,1.472825,1.255978,1.535809,1.498354
2010-10-29,1.469445,1.253096,1.532285,1.494916
2010-11-01,1.470572,1.254057,1.533460,1.496062
2010-11-02,1.486342,1.267505,1.549905,1.512105
2010-11-03,1.493101,1.273269,1.556952,1.518981
2010-11-04,1.511405,1.288878,1.576040,1.537603
2010-11-05,1.511405,1.288878,1.576040,1.537603
2010-11-08,1.513377,1.290559,1.578095,1.539608
2010-11-09,1.505210,1.283595,1.569579,1.531300
2010-11-10,1.512813,1.290079,1.577508,1.539035
2010-11-11,1.503239,1.281914,1.567524,1.529295
2010-11-12,1.478738,1.261021,1.541976,1.504370
2010-11-15,1.473106,1.256218,1.541445,1.503852
2010-11-16,1.448888,1.235565,1.541685,1.504086
2010-11-17,1.453112,1.239168,1.541925,1.504320
2010-11-18,1.476485,1.259100,1.542165,1.504554
2010-11-19,1.477612,1.260061,1.542405,1.504788
2010-11-22,1.490003,1.270627,1.542645,1.505023
2010-11-23,1.466348,1.250455,1.542885,1.505257
2010-11-24,1.495917,1.275670,1.543125,1.505491
2010-11-26,1.491692,1.272068,1.543365,1.500489
2010-11-29,1.484934,1.266304,1.543605,1.493691
2010-11-30,1.466911,1.250935,1.543846,1.493176
2010-12-01,1.497888,1.277351,1.544086,1.493409
2010-12-02,1.513095,1.290319,1.544326,1.507816
2010-12-03,1.517037,1.293681,1.544567,1.511745
2010-12-06,1.516193,1.292961,1.544807,1.510903
2010-12-07,1.517319,1.293922,1.545048,1.512025
2010-12-08,1.522951,1.298725,1.545288,1.517638
2010-12-09,1.524359,1.299925,1.545529,1.519041
2010-12-10,1.534497,1.308571,1.545769,1.529144
2010-12-13,1.529147,1.304008,1.546010,1.523812
2010-12-14,1.531963,1.306409,1.546250,1.526618
2010-12-15,1.525204,1.300646,1.546491,1.519883
2010-12-16,1.537032,1.310732,1.546732,1.531669
2010-12-17,1.535342,1.309291,1.546973,1.529986
2010-12-20,1.536469,1.310252,1.547213,1.531108
2010-12-21,1.545762,1.318177,1.547454,1.540369
2010-12-22,1.545480,1.317936,1.547695,1.540088
2010-12-23,1.541538,1.314574,1.547936,1.536159
2010-12-27,1.542382,1.315295,1.548177,1.537001
2010-12-28,1.539566,1.312893,1.548418,1.536472
2010-12-29,1.542946,1.315775,1.548659,1.539074
2010-12-30,1.539285,1.312653,1.548900,1.535423
2010-12-31,1.533652,1.307850,1.549141,1.534894
2011-01-03,1.557589,1.328263,1.549382,1.535133
2011-01-04,1.556463,1.327302,1.549623,1.533256
2011-01-05,1.569699,1.338589,1.549864,1.546294
2011-01-06,1.574768,1.342912,1.550106,1.551287
2011-01-07,1.573360,1.341711,1.550347,1.549900
2011-01-10,1.579273,1.346754,1.550588,1.555726
2011-01-11,1.581526,1.348675,1.550830,1.557945
2011-01-12,1.592509,1.358041,1.551071,1.568764
2011-01-13,1.593354,1.358762,1.551312,1.569597
2011-01-14,1.605182,1.368848,1.551554,1.581248
2011-01-18,1.609687,1.372690,1.551795,1.585686
2011-01-19,1.591383,1.357081,1.533382,1.567655
2011-01-20,1.580118,1.347475,1.522528,1.556558
2011-01-21,1.568009,1.337148,1.510860,1.544629
2011-01-24,1.589693,1.355640,1.510340,1.565990
2011-01-25,1.591946,1.357561,1.510575,1.568209
2011-01-26,1.600394,1.364765,1.510810,1.576532
2011-01-27,1.610251,1.373171,1.511045,1.586241
2011-01-28,1.569417,1.338349,1.471991,1.546017
2011-01-31,1.577021,1.344833,1.471484,1.545484
2011-02-01,1.606590,1.370049,1.471713,1.545725
2011-02-02,1.603774,1.367647,1.471942,1.542244
2011-02-03,1.606871,1.370289,1.472171,1.545223
2011-02-04,1.615883,1.377974,1.472400,1.553888
2011-02-07,1.623486,1.384458,1.472629,1.561200
2011-02-08,1.633906,1.393343,1.472859,1.571220
2011-02-09,1.631371,1.391182,1.473088,1.568783
2011-02-10,1.633906,1.393343,1.473317,1.571220
2011-02-11,1.645734,1.403429,1.473547,1.582594
2011-02-14,1.649676,1.406791,1.473776,1.586385
2011-02-15,1.647423,1.404870,1.474005,1.584219
2011-02-16,1.658124,1.413996,1.474235,1.594509
2011-02-17,1.657561,1.413516,1.474464,1.593968
2011-02-18,1.653900,1.410394,1.474694,1.590447
2011-02-22,1.606026,1.369568,1.474923,1.544410
2011-02-23,1.592791,1.358281,1.475153,1.543878
2011-02-24,1.600957,1.365246,1.475382,1.544118
2011-02-25,1.623486,1.384458,1.475612,1.544359
2011-02-28,1.626866,1.387339,1.475842,1.544599
2011-03-01,1.600676,1.365006,1.476071,1.544840
2011-03-02,1.609124,1.372210,1.476301,1.545080
2011-03-03,1.640946,1.399347,1.476531,1.545321
2011-03-04,1.632498,1.392142,1.476761,1.536596
2011-03-07,1.610532,1.373411,1.476991,1.536067
2011-03-08,1.617009,1.378934,1.477221,1.536306
2011-03-09,1.606026,1.369568,1.477450,1.536545
2011-03-10,1.580963,1.348195,1.477680,1.536784
2011-03-11,1.590819,1.356600,1.477910,1.537023
2011-03-14,1.585187,1.351797,1.478140,1.537262
2011-03-15,1.562658,1.332586,1.478371,1.537502
2011-03-16,1.524923,1.300406,1.478601,1.537741
2011-03-17,1.539003,1.312413,1.478831,1.537980
2011-03-18,1.533371,1.307610,1.479061,1.538220
2011-03-21,1.562940,1.332826,1.479291,1.538459
2011-03-22,1.560124,1.330424,1.479521,1.538699
2011-03-23,1.568854,1.337869,1.479752,1.538938
2011-03-24,1.596733,1.361644,1.479982,1.539178
2011-03-25,1.600676,1.365006,1.480212,1.539417
2011-03-28,1.591946,1.357561,1.480443,1.539657
2011-03-29,1.607435,1.370769,1.480673,1.539897
2011-03-30,1.615038,1.377253,1.480904,1.540136
2011-03-31,1.617291,1.379174,1.481134,1.540376
2011-04-01,1.618136,1.379895,1.481365,1.540616
2011-04-04,1.612785,1.375332,1.475728,1.534754
2011-04-05,1.608561,1.371730,1.475220,1.534225
2011-04-06,1.612504,1.375092,1.475449,1.534464
2011-04-07,1.611377,1.374131,1.475679,1.532625
2011-04-08,1.603774,1.367647,1.475909,1.532097
2011-04-11,1.598423,1.363084,1.476139,1.532336
2011-04-12,1.587440,1.353719,1.476368,1.532574
2011-04-13,1.600957,1.365246,1.476598,1.532813
2011-04-14,1.598141,1.362844,1.476828,1.533051
2011-04-15,1.595325,1.360443,1.477058,1.533290
2011-04-18,1.584061,1.350837,1.477288,1.533529
2011-04-19,1.593917,1.359242,1.477518,1.533767
2011-04-20,1.629963,1.389981,1.477748,1.534006
2011-04-21,1.642917,1.401028,1.477978,1.545425
2011-04-25,1.647142,1.404630,1.478208,1.549398
2011-04-26,1.656435,1.412555,1.478438,1.558140
2011-04-27,1.667699,1.422161,1.478668,1.568736
2011-04-28,1.665165,1.420000,1.478898,1.566352
2011-04-29,1.663757,1.418799,1.479128,1.565027
2011-05-02,1.660659,1.416157,1.479358,1.562113
2011-05-03,1.652774,1.409433,1.479589,1.554696
2011-05-04,1.650239,1.407272,1.479819,1.552312
2011-05-05,1.641228,1.399587,1.480049,1.543835
2011-05-06,1.646578,1.404150,1.480280,1.548868
2011-05-09,1.652774,1.409433,1.480510,1.554696
2011-05-10,1.666854,1.421441,1.480741,1.567941
2011-05-11,1.654745,1.411114,1.480971,1.556550
2011-05-12,1.664602,1.419519,1.481202,1.565822
2011-05-13,1.644889,1.402709,1.481432,1.547279
2011-05-16,1.616446,1.378454,1.481663,1.520524
2011-05-17,1.620952,1.382296,1.481893,1.520000
2011-05-18,1.634469,1.393823,1.482124,1.520237
2011-05-19,1.639257,1.397906,1.482355,1.520473
2011-05-20,1.626866,1.387339,1.482585,1.520710
2011-05-23,1.602929,1.366927,1.482816,1.520947
2011-05-24,1.593072,1.358522,1.483047,1.521184
2011-05-25,1.599268,1.363805,1.483278,1.521420
2011-05-26,1.609124,1.372210,1.483509,1.521657
2011-05-27,1.617291,1.379174,1.483740,1.521894
2011-05-31,1.643481,1.401508,1.483971,1.522131
2011-06-01,1.607716,1.371009,1.484201,1.488263
2011-06-02,1.611095,1.373891,1.484432,1.487750
2011-06-03,1.586877,1.353238,1.484664,1.487982
2011-06-06,1.573923,1.342191,1.484895,1.488213
2011-06-07,1.571107,1.339790,1.485126,1.488445
2011-06-08,1.559842,1.330184,1.485357,1.488676
2011-06-09,1.562377,1.332345,1.485588,1.488908
2011-06-10,1.538721,1.312173,1.485819,1.489140
2011-06-13,1.538721,1.312173,1.486051,1.489372
2011-06-14,1.558434,1.328983,1.486282,1.489603
2011-06-15,1.528865,1.303768,1.486513,1.489835
2011-06-16,1.522951,1.298725,1.486745,1.490067
2011-06-17,1.514785,1.291760,1.486976,1.490299
2011-06-20,1.522670,1.298484,1.487207,1.490531
2011-06-21,1.555337,1.326342,1.487439,1.490763
2011-06-22,1.544072,1.316736,1.487670,1.490995
2011-06-23,1.558434,1.328983,1.487902,1.491227
2011-06-24,1.531400,1.305929,1.488134,1.491459
2011-06-27,1.555618,1.326582,1.488365,1.491692
2011-06-28,1.578992,1.346514,1.488597,1.491924
2011-06-29,1.585469,1.352038,1.488829,1.492156
2011-06-30,1.606590,1.370049,1.489060,1.492388
2011-07-01,1.630808,1.390702,1.510751,1.514128
2011-07-05,1.638975,1.397666,1.518317,1.521710
2011-07-06,1.644326,1.402229,1.523274,1.526678
2011-07-07,1.666854,1.421441,1.544144,1.547595
2011-07-08,1.662349,1.417598,1.539970,1.543411
2011-07-11,1.632216,1.391902,1.512056,1.515435
2011-07-12,1.619825,1.381336,1.500577,1.503931
2011-07-13,1.626584,1.387099,1.506838,1.510206
2011-07-14,1.607716,1.371009,1.489359,1.492688
2011-07-15,1.629119,1.389261,1.509186,1.512559
2011-07-18,1.620389,1.381816,1.501099,1.504454
2011-07-19,1.657280,1.413275,1.500582,1.503935
2011-07-20,1.650239,1.407272,1.500815,1.496798
2011-07-21,1.661222,1.416638,1.501049,1.506759
2011-07-22,1.678400,1.431287,1.501283,1.522340
2011-07-25,1.675021,1.428405,1.501516,1.519275
2011-07-26,1.679245,1.432007,1.501750,1.523107
2011-07-27,1.635877,1.395024,1.462235,1.483771
2011-07-28,1.638693,1.397426,1.461731,1.483260
2011-07-29,1.633343,1.392863,1.461958,1.483491
2011-08-01,1.625739,1.386379,1.462186,1.483722
2011-08-02,1.584624,1.351317,1.462414,1.483953
2011-08-03,1.599831,1.364285,1.462641,1.484184
2011-08-04,1.525486,1.300886,1.462869,1.484415
2011-08-05,1.515911,1.292721,1.463097,1.484646
2011-08-08,1.424669,1.214913,1.463324,1.484877
2011-08-09,1.493382,1.273509,1.463552,1.485108
2011-08-10,1.432273,1.221397,1.463780,1.485339
2011-08-11,1.495353,1.275190,1.464008,1.485570
2011-08-12,1.508589,1.286477,1.464236,1.485802
2011-08-15,1.530836,1.305449,1.464463,1.486033
2011-08-16,1.517882,1.294402,1.464691,1.486264
2011-08-17,1.508871,1.286717,1.464919,1.486495
2011-08-18,1.434807,1.286274,1.465147,1.486727
2011-08-19,1.408899,1.286474,1.465375,1.486958
2011-08-22,1.413968,1.286674,1.465604,1.487190
2011-08-23,1.472261,1.286875,1.465832,1.487421
2011-08-24,1.483807,1.287075,1.466060,1.487653
2011-08-25,1.459589,1.287275,1.466288,1.487884
2011-08-26,1.496198,1.287476,1.466516,1.488116
2011-08-29,1.537877,1.287676,1.466744,1.488347
2011-08-30,1.548015,1.287876,1.466973,1.488579
2011-08-31,1.550549,1.288077,1.467201,1.488811
2011-09-01,1.536469,1.288277,1.467429,1.489043
2011-09-02,1.500422,1.288478,1.467658,1.489274
2011-09-06,1.500704,1.288678,1.467886,1.489506
2011-09-07,1.538721,1.288879,1.468115,1.489738
2011-09-08,1.531681,1.289080,1.468343,1.489970
2011-09-09,1.497606,1.289280,1.468572,1.490202
2011-09-12,1.516756,1.289481,1.468800,1.490434
2011-09-13,1.537032,1.289682,1.469029,1.490666
2011-09-14,1.558997,1.289882,1.469258,1.490898
2011-09-15,1.582090,1.290083,1.490275,1.512225
2011-09-16,1.593636,1.290284,1.501151,1.523261
2011-09-19,1.594199,1.290485,1.501682,1.523799
2011-09-20,1.587159,1.290686,1.501164,1.517070
2011-09-21,1.559561,1.290887,1.501398,1.490691
2011-09-22,1.508871,1.291088,1.501632,1.490177
2011-09-23,1.524923,1.291288,1.501865,1.490409
2011-09-26,1.542664,1.291489,1.502099,1.490641
2011-09-27,1.558716,1.291690,1.502333,1.490873
2011-09-28,1.535624,1.291892,1.502567,1.491105
2011-09-29,1.517319,1.292093,1.502801,1.491337
2011-09-30,1.478175,1.292294,1.503035,1.491569
2011-10-03,1.440158,1.292495,1.503269,1.491802
2011-10-04,1.469727,1.292696,1.503503,1.492034
2011-10-05,1.507463,1.292897,1.503737,1.492266
2011-10-06,1.532808,1.293099,1.503971,1.492498
2011-10-07,1.522670,1.293300,1.504205,1.492731
2011-10-10,1.575331,1.293501,1.504439,1.492963
2011-10-11,1.586032,1.293702,1.504673,1.493195
2011-10-12,1.593917,1.293904,1.504907,1.499869
2011-10-13,1.608561,1.294105,1.505141,1.513648
2011-10-14,1.638412,1.294307,1.505376,1.541738
2011-10-17,1.613067,1.294508,1.505610,1.517888
2011-10-18,1.633061,1.294710,1.505844,1.536703
2011-10-19,1.601521,1.294911,1.506079,1.507023
2011-10-20,1.593636,1.295113,1.506313,1.499604
2011-10-21,1.613630,1.295314,1.506548,1.499087
2011-10-24,1.647142,1.295516,1.506782,1.529455
2011-10-25,1.614756,1.295717,1.507017,1.499383
2011-10-26,1.612785,1.295919,1.507251,1.497553
2011-10-27,1.657280,1.296121,1.507486,1.538868
2011-10-28,1.659814,1.296323,1.507720,1.541222
2011-10-31,1.631935,1.296524,1.507955,1.515334
2011-11-01,1.589411,1.296726,1.508190,1.475849
2011-11-02,1.602929,1.296928,1.508425,1.475341
2011-11-03,1.636159,1.297130,1.508659,1.475571
2011-11-04,1.627711,1.297332,1.508894,1.467218
2011-11-07,1.639257,1.297534,1.509129,1.477625
2011-11-08,1.658124,1.297736,1.509364,1.494633
2011-11-09,1.599831,1.297938,1.509599,1.442087
2011-11-10,1.598986,1.298140,1.509834,1.441590
2011-11-11,1.629119,1.298342,1.510069,1.441815
2011-11-14,1.618981,1.298544,1.510304,1.442039
2011-11-15,1.637004,1.298746,1.510539,1.442264
2011-11-16,1.609969,1.298948,1.510774,1.417736
2011-11-17,1.572233,1.299150,1.511009,1.384506
2011-11-18,1.560124,1.299352,1.511244,1.384029
2011-11-21,1.530273,1.299555,1.511480,1.384244
2011-11-22,1.535342,1.299757,1.511715,1.384460
2011-11-23,1.500704,1.299959,1.511950,1.384675
2011-11-25,1.489158,1.300162,1.512186,1.384891
2011-11-28,1.540974,1.300364,1.512421,1.385106
2011-11-29,1.531400,1.300566,1.512656,1.385322
2011-11-30,1.588003,1.300769,1.512892,1.385537
2011-12-01,1.598986,1.300971,1.513127,1.385753
2011-12-02,1.594480,1.301174,1.513363,1.381157
2011-12-05,1.611940,1.301376,1.513598,1.396281
2011-12-06,1.607435,1.301579,1.513834,1.392378
2011-12-07,1.607435,1.301781,1.514070,1.392378
2011-12-08,1.580400,1.301984,1.514305,1.368961
2011-12-09,1.605745,1.322203,1.514541,1.368489
2011-12-12,1.587722,1.307362,1.514777,1.368702
2011-12-13,1.570262,1.292985,1.515012,1.368915
2011-12-14,1.545762,1.272811,1.515248,1.369128
2011-12-15,1.541538,1.269333,1.515484,1.369341
2011-12-16,1.544917,1.272116,1.515720,1.369554
2011-12-19,1.529710,1.259594,1.515956,1.369768
2011-12-20,1.575049,1.296927,1.516192,1.369981
2011-12-21,1.552520,1.278377,1.516428,1.370194
2011-12-22,1.565756,1.289275,1.516664,1.370407
2011-12-23,1.579273,1.300406,1.516900,1.370621
2011-12-27,1.583779,1.304116,1.517136,1.370834
2011-12-28,1.565475,1.289043,1.517372,1.371047
2011-12-29,1.576739,1.298319,1.517608,1.371261
2011-12-30,1.572233,1.294608,1.517845,1.371474
2012-01-03,1.602366,1.319420,1.518081,1.371688
2012-01-04,1.609124,1.324985,1.518317,1.376785
2012-01-05,1.622360,1.335884,1.518553,1.388109
2012-01-06,1.627992,1.340522,1.518790,1.392928
2012-01-09,1.622642,1.336116,1.519026,1.388350
2012-01-10,1.634469,1.345855,1.519263,1.398470
2012-01-11,1.637848,1.348637,1.519499,1.401361
2012-01-12,1.644326,1.353971,1.519736,1.406903
2012-01-13,1.638412,1.349101,1.519972,1.401843
2012-01-17,1.653337,1.361391,1.520209,1.414614
2012-01-18,1.675303,1.379478,1.520445,1.433408
2012-01-19,1.685722,1.388058,1.520682,1.442323
2012-01-20,1.683188,1.385971,1.520919,1.440154
2012-01-23,1.683751,1.386435,1.520667,1.440636
2012-01-24,1.680653,1.383884,1.517869,1.437986
2012-01-25,1.701774,1.401275,1.536944,1.456057
2012-01-26,1.695860,1.396406,1.531603,1.450997
2012-01-27,1.700929,1.400579,1.536181,1.455334
2012-01-30,1.702337,1.401739,1.537453,1.456539
2012-01-31,1.704590,1.403594,1.539488,1.458466
2012-02-01,1.718389,1.414956,1.551950,1.470273
2012-02-02,1.723740,1.419362,1.556783,1.474851
2012-02-03,1.747395,1.438840,1.578147,1.495091
2012-02-06,1.745987,1.437681,1.576875,1.493886
2012-02-07,1.749648,1.440695,1.580181,1.497018
2012-02-08,1.758941,1.448348,1.588574,1.504970
2012-02-09,1.771614,1.458782,1.600019,1.515812
2012-02-10,1.759504,1.448811,1.589083,1.505452
2012-02-13,1.775556,1.462029,1.603580,1.519186
2012-02-14,1.780062,1.465739,1.607649,1.523041
2012-02-15,1.767671,1.455536,1.596459,1.512439
2012-02-16,1.791890,1.475478,1.618332,1.533161
2012-02-17,1.786257,1.470840,1.613245,1.528342
2012-02-21,1.791326,1.475014,1.617823,1.532679
2012-02-22,1.783160,1.468290,1.610447,1.525691
2012-02-23,1.794987,1.478029,1.621129,1.535811
2012-02-24,1.801183,1.483130,1.626725,1.541112
2012-02-27,1.803717,1.485217,1.629014,1.543281
2012-02-28,1.822022,1.500290,1.645545,1.558942
2012-02-29,1.813855,1.493565,1.638170,1.551955
2012-03-01,1.828217,1.505391,1.651141,1.564243
2012-03-02,1.826809,1.504232,1.649869,1.563038
2012-03-05,1.807941,1.488695,1.632829,1.546895
2012-03-06,1.790200,1.474087,1.616805,1.531715
2012-03-07,1.803999,1.485449,1.629268,1.543522
2012-03-08,1.823430,1.501449,1.646817,1.560147
2012-03-09,1.831034,1.507710,1.653684,1.566653
2012-03-12,1.831878,1.508406,1.654447,1.567376
2012-03-13,1.865953,1.536464,1.685222,1.596530
2012-03-14,1.872430,1.541797,1.691071,1.602072
2012-03-15,1.877781,1.546203,1.695904,1.606650
2012-03-16,1.873275,1.542493,1.691834,1.602795
2012-03-19,1.886511,1.553391,1.703788,1.614120
2012-03-20,1.889890,1.556174,1.706840,1.617011
2012-03-21,1.890172,1.556406,1.707094,1.617252
2012-03-22,1.886229,1.553159,1.703534,1.613879
2012-03-23,1.885103,1.552232,1.702516,1.612915
2012-03-26,1.918051,1.579362,1.732273,1.641106
2012-03-27,1.920867,1.581681,1.734817,1.643516
2012-03-28,1.913264,1.575420,1.727950,1.637010
2012-03-29,1.905942,1.569391,1.721337,1.630745
2012-03-30,1.902281,1.566377,1.718031,1.627613
2012-04-02,1.921994,1.582608,1.735834,1.644479
2012-04-03,1.921431,1.582145,1.735325,1.643997
2012-04-04,1.895241,1.560579,1.711672,1.621589
2012-04-05,1.907068,1.570319,1.722354,1.631709
2012-04-09,1.892706,1.558493,1.709383,1.619421
2012-04-10,1.862292,1.533449,1.681915,1.593398
2012-04-11,1.871304,1.540869,1.681336,1.592849
2012-04-12,1.892425,1.558261,1.681598,1.593097
2012-04-13,1.863982,1.534840,1.681859,1.593345
2012-04-16,1.843143,1.517681,1.682121,1.593593
2012-04-17,1.880597,1.548521,1.682383,1.593841
2012-04-18,1.875810,1.544579,1.682645,1.594089
2012-04-19,1.854689,1.527188,1.682907,1.594337
2012-04-20,1.849620,1.523014,1.683169,1.594586
2012-04-23,1.832723,1.509101,1.683431,1.594834
2012-04-24,1.822867,1.500985,1.683693,1.595082
2012-04-25,1.871304,1.540869,1.683955,1.595330
2012-04-26,1.882287,1.549913,1.684217,1.595579
2012-04-27,1.893551,1.559188,1.684479,1.595827
2012-04-30,1.880034,1.548058,1.671618,1.583643
2012-05-01,1.883132,1.550608,1.674372,1.586252
2012-05-02,1.888482,1.555014,1.679130,1.590759
2012-05-03,1.868488,1.538550,1.661352,1.573917
2012-05-04,1.822022,1.500290,1.660780,1.573375
2012-05-07,1.823712,1.501681,1.661038,1.573620
2012-05-08,1.816953,1.496116,1.661297,1.573865
2012-05-09,1.811321,1.491478,1.661555,1.574110
2012-05-10,1.807660,1.488464,1.661814,1.574355
2012-05-11,1.807378,1.488232,1.662073,1.574600
2012-05-14,1.790482,1.474319,1.662331,1.574845
2012-05-15,1.784568,1.469449,1.662590,1.575090
2012-05-16,1.772458,1.459478,1.662849,1.575335
2012-05-17,1.735004,1.428637,1.663108,1.575580
2012-05-18,1.712475,1.410087,1.663366,1.575825
2012-05-21,1.760349,1.449507,1.663625,1.576071
2012-05-22,1.758378,1.447884,1.663884,1.576316
2012-05-23,1.761757,1.450666,1.664143,1.576561
2012-05-24,1.750211,1.441159,1.664402,1.576807
2012-05-25,1.747958,1.439304,1.664661,1.577052
2012-05-29,1.770206,1.457623,1.664920,1.577298
2012-05-30,1.755280,1.445333,1.665180,1.577543
2012-05-31,1.747677,1.439072,1.665439,1.577789
2012-06-01,1.701211,1.400811,1.665698,1.578034
2012-06-04,1.714165,1.411478,1.665957,1.578280
2012-06-05,1.721205,1.417275,1.666217,1.578526
2012-06-06,1.760631,1.449739,1.666476,1.578771
2012-06-07,1.753591,1.443942,1.666735,1.579017
2012-06-08,1.770487,1.457855,1.666995,1.579263
2012-06-11,1.740355,1.433043,1.667254,1.579509
2012-06-12,1.761757,1.450666,1.667514,1.579755
2012-06-13,1.749648,1.440695,1.667773,1.580000
2012-06-14,1.756125,1.446029,1.673110,1.585057
2012-06-15,1.773867,1.460637,1.672534,1.584511
2012-06-18,1.790482,1.474319,1.687356,1.598552
2012-06-19,1.809068,1.489623,1.704872,1.615146
2012-06-20,1.810476,1.490782,1.706199,1.616403
2012-06-21,1.765418,1.453681,1.663736,1.576176
2012-06-22,1.784005,1.468985,1.681252,1.592770
2012-06-25,1.749648,1.440695,1.680673,1.592221
2012-06-26,1.760631,1.449739,1.680934,1.592469
2012-06-27,1.771332,1.458550,1.681196,1.592717
2012-06-28,1.751619,1.442319,1.681458,1.592965
2012-06-29,1.806815,1.487768,1.681719,1.593213
2012-07-02,1.812166,1.492174,1.681981,1.593460
2012-07-03,1.827373,1.504695,1.682243,1.593709
2012-07-05,1.828499,1.505623,1.682505,1.593957
2012-07-06,1.805689,1.486840,1.682767,1.594205
2012-07-09,1.802309,1.484058,1.683029,1.594453
2012-07-10,1.784568,1.469449,1.683290,1.594701
2012-07-11,1.774711,1.461333,1.683553,1.594949
2012-07-12,1.758096,1.447652,1.683815,1.595197
2012-07-13,1.784849,1.469681,1.684077,1.595446
2012-07-16,1.779780,1.465507,1.684339,1.595694
2012-07-17,1.789074,1.473159,1.684601,1.595942
2012-07-18,1.813292,1.493101,1.684863,1.596191
2012-07-19,1.833286,1.509565,1.685125,1.596439
2012-07-20,1.808786,1.489391,1.685388,1.596688
2012-07-23,1.787102,1.471536,1.685650,1.596936
2012-07-24,1.773022,1.459942,1.685912,1.597185
2012-07-25,1.761194,1.450203,1.686175,1.597433
2012-07-26,1.784568,1.469449,1.686437,1.597682
2012-07-27,1.826809,1.504232,1.686700,1.597931
2012-07-30,1.825401,1.503072,1.686962,1.598180
2012-07-31,1.824838,1.502608,1.687225,1.598428
2012-08-01,1.819487,1.498203,1.687487,1.598677
2012-08-02,1.813010,1.492869,1.687750,1.598926
2012-08-03,1.847367,1.521159,1.688013,1.599175
2012-08-06,1.861447,1.532753,1.688276,1.599424
2012-08-07,1.876936,1.545507,1.688538,1.599673
2012-08-08,1.876091,1.544811,1.688801,1.599922
2012-08-09,1.881723,1.549449,1.689064,1.600171
2012-08-10,1.882850,1.550377,1.689327,1.600420
2012-08-13,1.887356,1.554087,1.689590,1.600669
2012-08-14,1.888201,1.554782,1.689853,1.600918
2012-08-15,1.892988,1.558724,1.690116,1.601167
2012-08-16,1.915517,1.577275,1.690379,1.601416
2012-08-17,1.923965,1.584232,1.690642,1.601666
2012-08-20,1.926781,1.586550,1.690905,1.601915
2012-08-21,1.919178,1.580290,1.683390,1.594796
2012-08-22,1.927063,1.586782,1.690307,1.601348
2012-08-23,1.911293,1.573797,1.676474,1.588243
2012-08-24,1.923120,1.583536,1.686849,1.598072
2012-08-27,1.926218,1.586087,1.689566,1.600646
2012-08-28,1.926218,1.586087,1.689566,1.600646
2012-08-29,1.926218,1.586087,1.689566,1.600646
2012-08-30,1.906787,1.570087,1.672522,1.584499
2012-08-31,1.919459,1.580521,1.683637,1.595030
2012-09-04,1.917488,1.578898,1.681908,1.593392
2012-09-05,1.915517,1.577275,1.680179,1.591753
2012-09-06,1.958040,1.612290,1.717478,1.627089
2012-09-07,1.955224,1.609971,1.715008,1.624749
2012-09-10,1.930161,1.589333,1.693024,1.603922
2012-09-11,1.927063,1.586782,1.690307,1.601348
2012-09-12,1.932695,1.591420,1.695247,1.606028
2012-09-13,1.958885,1.612985,1.718219,1.627791
2012-09-14,1.976345,1.627362,1.733534,1.642300
2012-09-17,1.977190,1.628058,1.734275,1.643002
2012-09-18,1.978879,1.629449,1.735757,1.644406
2012-09-19,1.982540,1.632464,1.738968,1.647448
2012-09-20,1.980569,1.630840,1.737239,1.645810
2012-09-21,1.975500,1.626666,1.732793,1.641598
2012-09-24,1.963672,1.616927,1.722418,1.631770
2012-09-25,1.936356,1.594435,1.698458,1.609070
2012-09-26,1.920586,1.581449,1.684625,1.595966
2012-09-27,1.947057,1.603246,1.684045,1.595416
2012-09-28,1.931005,1.590029,1.684307,1.595664
2012-10-01,1.928189,1.587710,1.684570,1.595913
2012-10-02,1.933821,1.592348,1.684832,1.596161
2012-10-03,1.946212,1.602550,1.685094,1.596410
2012-10-04,1.952971,1.608116,1.685356,1.596658
2012-10-05,1.942551,1.599536,1.675526,1.587345
2012-10-08,1.924810,1.584927,1.674949,1.586799
2012-10-09,1.894114,1.559652,1.675210,1.587046
2012-10-10,1.884540,1.551768,1.675471,1.587293
2012-10-11,1.878626,1.546898,1.675731,1.587540
2012-10-12,1.877781,1.546203,1.675992,1.587787
2012-10-15,1.891580,1.557565,1.676253,1.588034
2012-10-16,1.918333,1.579594,1.676514,1.588281
2012-10-17,1.917206,1.578666,1.676775,1.588528
2012-10-18,1.894959,1.560348,1.677036,1.588776
2012-10-19,1.849620,1.523014,1.677297,1.589023
2012-10-22,1.859195,1.530898,1.677558,1.589270
2012-10-23,1.841453,1.516290,1.677819,1.589518
2012-10-24,1.834976,1.510956,1.678080,1.589765
2012-10-25,1.834976,1.510956,1.678342,1.590012
2012-10-26,1.840327,1.515362,1.678603,1.590260
2012-10-31,1.829062,1.506087,1.678864,1.590507
2012-11-01,1.854970,1.527420,1.679125,1.590755
2012-11-02,1.835258,1.511188,1.679387,1.591003
2012-11-05,1.847367,1.521159,1.679648,1.591250
2012-11-06,1.850746,1.523942,1.679910,1.591498
2012-11-07,1.807097,1.488000,1.680171,1.591746
2012-11-08,1.778654,1.464579,1.680433,1.591993
2012-11-09,1.786257,1.470840,1.680694,1.592241
2012-11-12,1.785976,1.470608,1.680956,1.592489
2012-11-13,1.773585,1.460406,1.681217,1.592737
2012-11-14,1.752746,1.443246,1.681479,1.592985
2012-11-15,1.746832,1.438377,1.681741,1.593233
2012-11-16,1.754435,1.444637,1.682002,1.593481
2012-11-19,1.796114,1.478956,1.682264,1.593729
2012-11-20,1.796677,1.479420,1.682526,1.593977
2012-11-21,1.800338,1.482435,1.682788,1.594225
2012-11-23,1.827654,1.504927,1.683050,1.594473
2012-11-26,1.835539,1.511420,1.683312,1.594721
2012-11-27,1.829344,1.506319,1.683574,1.594969
2012-11-28,1.845114,1.519304,1.697238,1.607915
2012-11-29,1.856097,1.528348,1.696654,1.607361
2012-11-30,1.852999,1.525797,1.692975,1.603876
2012-12-03,1.849338,1.522782,1.689631,1.600707
2012-12-04,1.848212,1.521855,1.688601,1.599732
2012-12-05,1.827654,1.504927,1.688020,1.599181
2012-12-06,1.839482,1.514666,1.688283,1.599430
2012-12-07,1.828499,1.505623,1.688545,1.599679
2012-12-10,1.833850,1.510029,1.688808,1.599928
2012-12-11,1.857787,1.529739,1.689071,1.600177
2012-12-12,1.853844,1.526493,1.689334,1.600426
2012-12-13,1.839200,1.514435,1.689597,1.600675
2012-12-14,1.821740,1.513913,1.689860,1.600925
2012-12-17,1.845959,1.514149,1.690123,1.601174
2012-12-18,1.874120,1.514384,1.690386,1.601423
2012-12-19,1.865953,1.514620,1.690649,1.601672
2012-12-20,1.865953,1.514856,1.690912,1.601922
2012-12-21,1.836103,1.515091,1.691175,1.602171
2012-12-24,1.832442,1.515327,1.691439,1.602420
2012-12-26,1.816390,1.515563,1.691702,1.602670
2012-12-27,1.813574,1.515799,1.691965,1.602919
2012-12-28,1.796114,1.516035,1.692229,1.603169
2012-12-31,1.834131,1.516271,1.692492,1.603418
2013-01-02,1.892425,1.516507,1.692755,1.603668
2013-01-03,1.882568,1.516743,1.693019,1.603917
2013-01-04,1.876373,1.516979,1.693282,1.604167
2013-01-07,1.876936,1.517215,1.693546,1.604417
2013-01-08,1.873275,1.517451,1.693810,1.604666
2013-01-09,1.880315,1.517688,1.694073,1.604916
2013-01-10,1.891580,1.517924,1.694337,1.605166
2013-01-11,1.894114,1.518160,1.694601,1.605416
2013-01-14,1.885666,1.518396,1.694864,1.605666
2013-01-15,1.876373,1.518633,1.695128,1.605916
2013-01-16,1.883976,1.518869,1.695392,1.606166
2013-01-17,1.892988,1.519105,1.695656,1.606416
2013-01-18,1.888764,1.519342,1.695920,1.606666
2013-01-22,1.891861,1.519578,1.696184,1.606916
2013-01-23,1.903407,1.519815,1.696448,1.607166
2013-01-24,1.877218,1.520052,1.696712,1.607416
2013-01-25,1.886792,1.520288,1.696976,1.607666
2013-01-28,1.891017,1.520525,1.697240,1.607916
2013-01-29,1.891298,1.519991,1.697504,1.608167
2013-01-30,1.887356,1.516822,1.697768,1.608417
2013-01-31,1.883132,1.513427,1.698033,1.608667
2013-02-01,1.905379,1.531307,1.698297,1.608918
2013-02-04,1.872149,1.504601,1.698561,1.609168
2013-02-05,1.899747,1.526781,1.698826,1.609419
2013-02-06,1.893551,1.521801,1.699090,1.609669
2013-02-07,1.895241,1.523159,1.699355,1.609920
2013-02-08,1.914672,1.538776,1.699619,1.610170
2013-02-11,1.915235,1.539228,1.699884,1.610421
2013-02-12,1.907350,1.532891,1.700148,1.610672
2013-02-13,1.914109,1.538323,1.700413,1.610922
2013-02-14,1.913545,1.537870,1.700678,1.611173
2013-02-15,1.907913,1.533344,1.700942,1.611424
2013-02-19,1.921712,1.544434,1.701207,1.611675
2013-02-20,1.892143,1.520670,1.701472,1.611925
2013-02-21,1.871867,1.504374,1.701737,1.612176
2013-02-22,1.890735,1.519538,1.702002,1.612427
2013-02-25,1.867361,1.500753,1.702266,1.612678
2013-02-26,1.874402,1.506411,1.702531,1.612929
2013-02-27,1.893551,1.521801,1.702796,1.613180
2013-02-28,1.889609,1.518633,1.703061,1.613431
2013-03-01,1.897494,1.524970,1.703326,1.613683
2013-03-04,1.905942,1.531760,1.703592,1.613934
2013-03-05,1.934103,1.554392,1.703857,1.614185
2013-03-06,1.929316,1.550545,1.704122,1.614436
2013-03-07,1.934385,1.554618,1.704387,1.614687
2013-03-08,1.936638,1.556429,1.704653,1.614939
2013-03-11,1.942270,1.560955,1.704918,1.615190
2013-03-12,1.935230,1.555297,1.705183,1.615442
2013-03-13,1.932695,1.553260,1.705449,1.615693
2013-03-14,1.939172,1.558466,1.705714,1.615944
2013-03-15,1.929316,1.550545,1.705980,1.616196
2013-03-18,1.925092,1.547150,1.706245,1.616448
2013-03-19,1.921431,1.544207,1.706511,1.616699
2013-03-20,1.934948,1.555071,1.706776,1.616951
2013-03-21,1.912982,1.537418,1.707042,1.617202
2013-03-22,1.931569,1.552355,1.707308,1.617454
2013-03-25,1.924528,1.546697,1.707573,1.617706
2013-03-26,1.934948,1.555071,1.707839,1.617958
2013-03-27,1.937482,1.557108,1.708105,1.618210
2013-03-28,1.942270,1.560955,1.708371,1.618461
2013-04-01,1.929034,1.550318,1.708637,1.618713
2013-04-02,1.944241,1.562540,1.708903,1.618965
2013-04-03,1.926500,1.548281,1.709169,1.619217
2013-04-04,1.927063,1.548734,1.709435,1.619469
2013-04-05,1.911011,1.535833,1.709701,1.619721
2013-04-08,1.921149,1.543981,1.709967,1.619973
2013-04-09,1.934103,1.554392,1.710233,1.620226
2013-04-10,1.971839,1.584719,1.710499,1.620478
2013-04-11,1.970994,1.584040,1.710766,1.620730
2013-04-12,1.969586,1.582909,1.711032,1.620982
2013-04-15,1.930724,1.551676,1.711298,1.621235
2013-04-16,1.956350,1.572272,1.711565,1.621487
2013-04-17,1.918051,1.541492,1.711831,1.621739
2013-04-18,1.891580,1.520217,1.712097,1.621992
2013-04-19,1.917488,1.541039,1.712364,1.622244
2013-04-22,1.937201,1.556882,1.712630,1.622497
2013-04-23,1.955787,1.571819,1.712897,1.622749
2013-04-24,1.954942,1.571140,1.713164,1.623002
2013-04-25,1.965362,1.579514,1.713430,1.623254
2013-04-26,1.959166,1.574535,1.713697,1.623507
2013-04-29,1.977190,1.589020,1.713964,1.623760
2013-04-30,1.991552,1.600562,1.714230,1.624013
2013-05-01,1.982259,1.593093,1.714497,1.624265
2013-05-02,2.007322,1.613236,1.714764,1.624518
2013-05-03,2.030977,1.632247,1.715031,1.624771
2013-05-06,2.038862,1.638584,1.715298,1.625024
2013-05-07,2.037736,1.637679,1.715565,1.625277
2013-05-08,2.047592,1.645601,1.715832,1.625530
2013-05-09,2.044776,1.643337,1.716099,1.625783
2013-05-10,2.057167,1.653296,1.716366,1.626036
2013-05-13,2.059701,1.655332,1.717622,1.627225
2013-05-14,2.070403,1.663933,1.726545,1.635679
2013-05-15,2.074627,1.667328,1.730068,1.639017
2013-05-16,2.072374,1.665517,1.728189,1.637237
2013-05-17,2.092368,1.681586,1.744863,1.653033
2013-05-20,2.089271,1.679096,1.742280,1.650586
2013-05-21,2.091524,1.680907,1.744158,1.652366
2013-05-22,2.073219,1.666196,1.728894,1.637904
2013-05-23,2.068431,1.662348,1.724902,1.634122
2013-05-24,2.067305,1.661443,1.723962,1.633232
2013-05-28,2.080822,1.672307,1.735235,1.643911
2013-05-29,2.070966,1.664385,1.727015,1.636124
2013-05-30,2.081949,1.673212,1.736174,1.644801
2013-05-31,2.062799,1.657822,1.720205,1.629673
2013-06-03,2.066460,1.660764,1.723258,1.632565
2013-06-04,2.055759,1.652164,1.714334,1.624110
2013-06-05,2.029006,1.630663,1.692024,1.602975
2013-06-06,2.038862,1.638584,1.691441,1.602423
2013-06-07,2.066742,1.660991,1.691704,1.602672
2013-06-10,2.067587,1.661670,1.691550,1.602526
2013-06-11,2.047029,1.645148,1.674731,1.586592
2013-06-12,2.023374,1.626137,1.674154,1.586046
2013-06-13,2.049000,1.646732,1.674415,1.586292
2013-06-14,2.035483,1.635869,1.674675,1.586539
2013-06-17,2.055196,1.651711,1.674936,1.586786
2013-06-18,2.072092,1.665291,1.675197,1.587033
2013-06-19,2.049000,1.646732,1.675458,1.587280
2013-06-20,2.000282,1.607578,1.675718,1.587527
2013-06-21,1.983385,1.593999,1.675979,1.587774
2013-06-24,1.963672,1.578156,1.676240,1.588022
2013-06-25,1.978034,1.589699,1.676501,1.588269
2013-06-26,1.995776,1.603957,1.676762,1.588516
2013-06-27,2.004224,1.610747,1.677023,1.588763
2013-06-28,2.007040,1.613010,1.677284,1.589010
2013-07-01,2.019431,1.622968,1.677545,1.589258
2013-07-02,2.020276,1.623647,1.677806,1.589505
2013-07-03,2.028443,1.630210,1.678067,1.589753
2013-07-05,2.043931,1.642658,1.678328,1.590000
2013-07-08,2.045903,1.644243,1.678590,1.590248
2013-07-09,2.058293,1.654201,1.678851,1.590495
2013-07-10,2.070121,1.663706,1.679112,1.590743
2013-07-11,2.111236,1.696750,1.679374,1.590990
2013-07-12,2.120529,1.704218,1.679635,1.591238
2013-07-15,2.125317,1.708066,1.679896,1.591486
2013-07-16,2.122501,1.705803,1.680158,1.591733
2013-07-17,2.127851,1.710103,1.680419,1.591981
2013-07-18,2.122501,1.705803,1.675356,1.587184
2013-07-19,2.100535,1.688149,1.658018,1.570758
2013-07-22,2.106730,1.693129,1.662908,1.575391
2013-07-23,2.091242,1.680681,1.662335,1.574848
2013-07-24,2.098001,1.686112,1.662594,1.575094
2013-07-25,2.111236,1.696750,1.662853,1.575339
2013-07-26,2.122501,1.705803,1.663111,1.575584
2013-07-29,2.118558,1.702634,1.663370,1.575829
2013-07-30,2.129823,1.711687,1.663629,1.576074
2013-07-31,2.133765,1.714856,1.663888,1.576320
2013-08-01,2.155449,1.732283,1.664147,1.576565
2013-08-02,2.167558,1.742014,1.664406,1.576811
2013-08-05,2.168966,1.743146,1.664655,1.577046
2013-08-06,2.156012,1.732735,1.654713,1.567627
2013-08-07,2.152070,1.729567,1.651687,1.564760
2013-08-08,2.162771,1.738167,1.659900,1.572541
2013-08-09,2.154041,1.731151,1.653200,1.566194
2013-08-12,2.159110,1.735225,1.657090,1.569879
2013-08-13,2.171219,1.744957,1.666384,1.578684
2013-08-14,2.163053,1.738393,1.660116,1.572746
2013-08-15,2.126443,1.708971,1.632019,1.546127
2013-08-16,2.125598,1.708292,1.631456,1.545595
2013-08-19,2.121937,1.705350,1.631710,1.545835
2013-08-20,2.131231,1.712819,1.631964,1.546076
2013-08-21,2.123909,1.706934,1.632218,1.546317
2013-08-22,2.144748,1.723682,1.632472,1.546557
2013-08-23,2.159110,1.735225,1.632727,1.546798
2013-08-26,2.160237,1.736130,1.632981,1.547039
2013-08-27,2.116024,1.700597,1.633235,1.547280
2013-08-28,2.124190,1.707161,1.633489,1.547521
2013-08-29,2.139116,1.719156,1.633743,1.547761
2013-08-30,2.125317,1.708066,1.633998,1.548002
2013-09-03,2.137426,1.717798,1.634252,1.548243
2013-09-04,2.160237,1.736130,1.634506,1.548484
2013-09-05,2.163897,1.739072,1.634761,1.548725
2013-09-06,2.166432,1.741109,1.635015,1.548966
2013-09-09,2.191777,1.761478,1.635270,1.549207
2013-09-10,2.202478,1.770079,1.635524,1.549449
2013-09-11,2.198254,1.766684,1.635779,1.549690
2013-09-12,2.196846,1.765552,1.636033,1.549931
2013-09-13,2.198254,1.766684,1.636288,1.550172
2013-09-16,2.192340,1.761931,1.636543,1.550413
2013-09-17,2.206984,1.773700,1.636797,1.550655
2013-09-18,2.233455,1.794974,1.637052,1.550896
2013-09-19,2.238806,1.799274,1.637307,1.551138
2013-09-20,2.224162,1.787506,1.637562,1.551379
2013-09-23,2.219938,1.784111,1.637817,1.551620
2013-09-24,2.219938,1.784111,1.638072,1.551862
2013-09-25,2.212335,1.778000,1.638327,1.552104
2013-09-26,2.229513,1.791806,1.638582,1.552345
2013-09-27,2.226697,1.789542,1.638837,1.552587
2013-09-30,2.221346,1.785242,1.639092,1.552828
2013-10-01,2.243875,1.803348,1.639347,1.553070
2013-10-02,2.243030,1.802669,1.639602,1.553312
2013-10-03,2.216840,1.781621,1.639857,1.553554
2013-10-04,2.235990,1.797011,1.640113,1.553795
2013-10-07,2.217404,1.782074,1.640368,1.554037
2013-10-08,2.174599,1.747673,1.640623,1.554279
2013-10-09,2.167840,1.742241,1.640878,1.554521
2013-10-10,2.213743,1.779132,1.641134,1.554763
2013-10-11,2.231202,1.793164,1.641389,1.555005
2013-10-14,2.246973,1.805838,1.641645,1.555247
2013-10-15,2.238243,1.798822,1.641900,1.555489
2013-10-16,2.263588,1.819191,1.642156,1.555731
2013-10-17,2.276542,1.829602,1.642411,1.555973
2013-10-18,2.313433,1.859250,1.642667,1.556216
2013-10-21,2.318502,1.863324,1.642923,1.556458
2013-10-22,2.321881,1.866040,1.643179,1.556700
2013-10-23,2.307801,1.854724,1.643434,1.556942
2013-10-24,2.317939,1.862871,1.643690,1.557185
2013-10-25,2.334554,1.876224,1.643946,1.557427
2013-10-28,2.335117,1.876677,1.643520,1.557024
2013-10-29,2.339059,1.879846,1.646295,1.559653
2013-10-30,2.336807,1.878035,1.644710,1.558151
2013-10-31,2.331456,1.873735,1.640944,1.554583
2013-11-01,2.332019,1.874188,1.641340,1.554958
2013-11-04,2.335398,1.876903,1.643719,1.557212
2013-11-05,2.337933,1.878940,1.645502,1.558902
2013-11-06,2.337370,1.878488,1.645106,1.558526
2013-11-07,2.293438,1.843181,1.614186,1.529233
2013-11-08,2.324416,1.868077,1.635989,1.549888
2013-11-11,2.320755,1.865135,1.633412,1.547447
2013-11-12,2.324416,1.868077,1.635989,1.549888
2013-11-13,2.352577,1.890709,1.655809,1.568666
2013-11-14,2.359899,1.896594,1.660962,1.573548
2013-11-15,2.364404,1.900215,1.664134,1.576552
2013-11-18,2.341312,1.881656,1.647881,1.561155
2013-11-19,2.334554,1.876224,1.643124,1.556648
2013-11-20,2.328921,1.871698,1.639160,1.552893
2013-11-21,2.352577,1.890709,1.638595,1.552358
2013-11-22,2.365249,1.900894,1.638850,1.552600
2013-11-25,2.370881,1.905420,1.639105,1.552841
2013-11-26,2.383272,1.915379,1.639361,1.553083
2013-11-27,2.399887,1.928732,1.639616,1.553325
2013-11-29,2.414250,1.940274,1.639871,1.553567
2013-12-02,2.407209,1.934616,1.634271,1.548262
2013-12-03,2.405238,1.933032,1.632933,1.546994
2013-12-04,2.407491,1.934842,1.634462,1.548443
2013-12-05,2.404393,1.932353,1.632359,1.546450
2013-12-06,2.421853,1.946385,1.644213,1.557680
2013-12-09,2.431709,1.954306,1.650905,1.564020
2013-12-10,2.430020,1.952948,1.649757,1.562933
2013-12-11,2.398761,1.927826,1.628536,1.542828
2013-12-12,2.392565,1.922847,1.624330,1.538843
2013-12-13,2.389468,1.920358,1.622226,1.536851
2013-12-16,2.402703,1.930995,1.621668,1.536321
2013-12-17,2.397916,1.927147,1.621920,1.536560
2013-12-18,2.425796,1.949553,1.622173,1.536800
2013-12-19,2.419037,1.944122,1.622425,1.537039
2013-12-20,2.435934,1.957701,1.622678,1.537278
2013-12-23,2.461560,1.978297,1.622930,1.537517
2013-12-24,2.462687,1.979202,1.623183,1.537757
2013-12-26,2.470853,1.985765,1.623435,1.537996
2013-12-27,2.464658,1.980786,1.623688,1.538235
2013-12-30,2.460997,1.977844,1.623941,1.538475
2013-12-31,2.477049,1.990744,1.624194,1.538714
2014-01-02,2.457618,1.975128,1.624446,1.538954
2014-01-03,2.439876,1.960870,1.624699,1.539193
2014-01-06,2.430865,1.953627,1.624952,1.539433
2014-01-07,2.453393,1.971733,1.625205,1.539673
2014-01-08,2.458744,1.976033,1.625458,1.539912
2014-01-09,2.450577,1.969470,1.625711,1.540152
2014-01-10,2.458462,1.975807,1.625964,1.540392
2014-01-13,2.422135,1.946611,1.626217,1.540631
2014-01-14,2.468319,1.983728,1.626470,1.540871
2014-01-15,2.488595,2.000024,1.626723,1.541111
2014-01-16,2.488876,2.000250,1.626977,1.541351
2014-01-17,2.474796,1.988934,1.627230,1.541591
2014-01-21,2.493664,2.004097,1.627483,1.541831
2014-01-22,2.500141,2.009303,1.627736,1.542071
2014-01-23,2.491692,2.002513,1.627990,1.542311
2014-01-24,2.442692,1.963133,1.628243,1.542551
2014-01-27,2.419037,1.944122,1.628497,1.542791
2014-01-28,2.417629,1.942990,1.628750,1.543031
2014-01-29,2.391721,1.922168,1.629004,1.543271
2014-01-30,2.435934,1.957701,1.629257,1.543511
2014-01-31,2.429456,1.952496,1.629511,1.543752
2014-02-03,2.373698,1.907684,1.629764,1.543992
2014-02-04,2.391157,1.921716,1.630018,1.544232
2014-02-05,2.384962,1.916736,1.630272,1.544473
2014-02-06,2.415376,1.941179,1.630526,1.544713
2014-02-07,2.458462,1.975807,1.630779,1.544953
2014-02-10,2.472543,1.987123,1.631033,1.545194
2014-02-11,2.500704,2.009756,1.631287,1.545434
2014-02-12,2.505491,2.013603,1.631541,1.545675
2014-02-13,2.524078,2.028540,1.631795,1.545916
2014-02-14,2.529147,2.032614,1.632049,1.546156
2014-02-18,2.541538,2.042573,1.632303,1.546397
2014-02-19,2.524078,2.028540,1.632557,1.546638
2014-02-20,2.535905,2.038046,1.632811,1.546878
2014-02-21,2.532526,2.035330,1.633065,1.547119
2014-02-24,2.546043,2.046194,1.633319,1.547360
2014-02-25,2.543227,2.043930,1.633574,1.547601
2014-02-26,2.540974,2.042120,1.631311,1.545457
2014-02-27,2.546888,2.046873,1.635107,1.549054
2014-02-28,2.544072,2.044609,1.634544,1.548520
2014-03-03,2.525204,2.029446,1.621610,1.536267
2014-03-04,2.557308,2.055247,1.621052,1.535738
2014-03-05,2.564348,2.060905,1.621304,1.535977
2014-03-06,2.562095,2.059094,1.619070,1.533860
2014-03-07,2.549423,2.048910,1.611062,1.526273
2014-03-10,2.551676,2.050720,1.612485,1.527622
2014-03-11,2.540693,2.041894,1.611930,1.527096
2014-03-12,2.550268,2.049589,1.612181,1.527334
2014-03-13,2.514221,2.020619,1.612432,1.527571
2014-03-14,2.497043,2.006813,1.612683,1.527809
2014-03-17,2.519009,2.024467,1.612934,1.528047
2014-03-18,2.549423,2.048910,1.613185,1.528285
2014-03-19,2.535624,2.037820,1.613436,1.520013
2014-03-20,2.542664,2.043478,1.613687,1.524233
2014-03-21,2.506336,2.014282,1.613938,1.502456
2014-03-24,2.484371,1.996629,1.614189,1.489289
2014-03-25,2.492537,2.003192,1.614441,1.494184
2014-03-26,2.460434,1.977391,1.614692,1.474939
2014-03-27,2.446635,1.966301,1.614943,1.466667
2014-03-28,2.451422,1.970149,1.615195,1.469537
2014-03-31,2.468882,1.984181,1.615446,1.480004
2014-04-01,2.512250,2.019035,1.615698,1.506001
2014-04-02,2.518727,2.024240,1.615949,1.509884
2014-04-03,2.498733,2.008171,1.616201,1.497898
2014-04-04,2.432273,1.954759,1.616452,1.458058
2014-04-07,2.409181,1.936200,1.616704,1.444215
2014-04-08,2.431428,1.954080,1.616955,1.457551
2014-04-09,2.473106,1.987576,1.617207,1.482536
2014-04-10,2.396508,1.926016,1.617459,1.436618
2014-04-11,2.368629,1.903610,1.617710,1.419905
2014-04-14,2.387215,1.918547,1.617962,1.431047
2014-04-15,2.395100,1.924884,1.618214,1.435774
2014-04-16,2.426922,1.950459,1.618466,1.454850
2014-04-17,2.427485,1.950911,1.618718,1.455188
2014-04-21,2.445508,1.965396,1.618970,1.465992
2014-04-22,2.464939,1.981012,1.619222,1.477640
2014-04-23,2.443255,1.963585,1.619474,1.464642
2014-04-24,2.466629,1.982370,1.619726,1.478653
2014-04-25,2.427204,1.950685,1.619978,1.455019
2014-04-28,2.435089,1.957022,1.620230,1.459746
2014-04-29,2.454520,1.972638,1.620482,1.471394
2014-04-30,2.460997,1.977844,1.620735,1.475277
2014-05-01,2.468319,1.983728,1.620987,1.479666
2014-05-02,2.463813,1.980107,1.621239,1.476965
2014-05-05,2.476767,1.990518,1.621492,1.484731
2014-05-06,2.444663,1.964717,1.621744,1.465486
2014-05-07,2.437623,1.959059,1.621996,1.461265
2014-05-08,2.435370,1.957248,1.622249,1.459915
2014-05-09,2.444382,1.964491,1.622501,1.465317
2014-05-12,2.484652,1.996855,1.622754,1.489457
2014-05-13,2.486342,1.998213,1.623006,1.490470
2014-05-14,2.473388,1.987802,1.623259,1.482705
2014-05-15,2.453957,1.972186,1.623512,1.471057
2014-05-16,2.470008,1.985086,1.623764,1.480679
2014-05-19,2.487187,1.998892,1.624017,1.490977
2014-05-20,2.478175,1.991650,1.624270,1.485575
2014-05-21,2.501830,2.010661,1.624523,1.499755
2014-05-22,2.512813,2.019487,1.624776,1.506339
2014-05-23,2.531118,2.034199,1.625028,1.517312
2014-05-27,2.562658,2.059547,1.625281,1.536219
2014-05-28,2.554773,2.053210,1.625534,1.531492
2014-05-29,2.571107,2.066337,1.625787,1.541284
2014-05-30,2.571388,2.066563,1.626040,1.541452
2014-06-02,2.568854,2.064526,1.626294,1.539933
2014-06-03,2.567727,2.063621,1.626547,1.539258
2014-06-04,2.577302,2.071316,1.626800,1.544998
2014-06-05,2.598986,2.088743,1.627053,1.557996
2014-06-06,2.613912,2.100738,1.635579,1.566944
2014-06-09,2.611940,2.099153,1.634345,1.565762
2014-06-10,2.616446,2.102775,1.637165,1.568463
2014-06-11,2.615883,2.102322,1.636812,1.568125
2014-06-12,2.592228,2.083311,1.622011,1.553945
2014-06-13,2.599831,2.089422,1.626768,1.558503
2014-06-16,2.602084,2.091232,1.628178,1.559853
2014-06-17,2.603492,2.092364,1.629059,1.560697
2014-06-18,2.618136,2.104133,1.638222,1.569476
2014-06-19,2.616446,2.102775,1.637165,1.568463
2014-06-20,2.612504,2.099606,1.634698,1.566100
2014-06-23,2.613067,2.100059,1.635050,1.566437
2014-06-24,2.610532,2.098022,1.633464,1.564918
2014-06-25,2.627147,2.111375,1.643861,1.574878
2014-06-26,2.628555,2.112507,1.644742,1.575722
2014-06-27,2.640101,2.121786,1.651966,1.582643
2014-06-30,2.644607,2.125407,1.654786,1.585344
2014-07-01,2.673613,2.148718,1.672935,1.602732
2014-07-02,2.678119,2.152340,1.675754,1.605433
2014-07-03,2.695015,2.165919,1.686327,1.615562
2014-07-07,2.686849,2.159356,1.681217,1.610667
2014-07-08,2.654464,2.133328,1.660953,1.591253
2014-07-09,2.674176,2.149171,1.673288,1.603070
2014-07-10,2.665728,2.142381,1.668001,1.598006
2014-07-11,2.682906,2.156187,1.678750,1.608303
2014-07-14,2.698958,2.169088,1.688794,1.617926
2014-07-15,2.689665,2.161619,1.682979,1.612355
2014-07-16,2.700366,2.170219,1.689675,1.618770
2014-07-17,2.664602,2.141476,1.667296,1.597330
2014-07-18,2.706843,2.175425,1.666722,1.622653
2014-07-21,2.703464,2.172709,1.666982,1.620627
2014-07-22,2.720642,2.186514,1.667241,1.630925
2014-07-23,2.738102,2.200547,1.677102,1.641391
2014-07-24,2.735004,2.198057,1.675204,1.639534
2014-07-25,2.724303,2.189457,1.668650,1.633119
2014-07-28,2.725148,2.190136,1.669167,1.633626
2014-07-29,2.720360,2.186288,1.668592,1.630756
2014-07-30,2.731062,2.194888,1.674319,1.637171
2014-07-31,2.675866,2.150529,1.673742,1.604083
2014-08-01,2.666010,2.142608,1.674002,1.598174
2014-08-04,2.684314,2.157319,1.674263,1.609147
2014-08-05,2.663757,2.140797,1.674524,1.596824
2014-08-06,2.661785,2.139213,1.674784,1.595642
2014-08-07,2.653337,2.132423,1.675045,1.590578
2014-08-08,2.672487,2.147813,1.675306,1.602057
2014-08-11,2.688257,2.160487,1.675566,1.611511
2014-08-12,2.687130,2.159582,1.675827,1.610836
2014-08-13,2.715573,2.182441,1.676088,1.627886
2014-08-14,2.729654,2.193757,1.676349,1.636327
2014-08-15,2.742889,2.204394,1.683635,1.644261
2014-08-18,2.764010,2.221368,1.683055,1.656922
2014-08-19,2.779499,2.233816,1.683317,1.666207
2014-08-20,2.779499,2.233816,1.682475,1.666207
2014-08-21,2.785131,2.238343,1.685885,1.669583
2014-08-22,2.789355,2.241737,1.688442,1.672116
2014-08-25,2.799211,2.249659,1.694408,1.678024
2014-08-26,2.802028,2.251922,1.696113,1.679712
2014-08-27,2.802591,2.252375,1.696453,1.680050
2014-08-28,2.799493,2.249885,1.694578,1.678193
2014-08-29,2.809913,2.258259,1.700886,1.684439
2014-09-02,2.818079,2.264822,1.705829,1.689335
2014-09-03,2.801464,2.251469,1.695772,1.679375
2014-09-04,2.798930,2.249432,1.694237,1.677855
2014-09-05,2.813010,2.260749,1.702761,1.686296
2014-09-08,2.818361,2.265049,1.705999,1.689504
2014-09-09,2.794987,2.246264,1.691851,1.675492
2014-09-10,2.818079,2.264822,1.705829,1.689335
2014-09-11,2.815827,2.263012,1.704465,1.687984
2014-09-12,2.801464,2.251469,1.695772,1.679375
2014-09-15,2.774430,2.229742,1.679407,1.663168
2014-09-16,2.798648,2.249206,1.678829,1.677686
2014-09-17,2.802872,2.252601,1.679090,1.680219
2014-09-18,2.823993,2.269575,1.679351,1.692880
2014-09-19,2.815545,2.262786,1.679613,1.687815
2014-09-22,2.789355,2.241737,1.679874,1.672116
2014-09-23,2.781752,2.235627,1.680136,1.667558
2014-09-24,2.811602,2.259617,1.680397,1.685452
2014-09-25,2.752464,2.212089,1.680659,1.650001
2014-09-26,2.781752,2.235627,1.680920,1.667558
2014-09-29,2.778091,2.232685,1.681182,1.665363
2014-09-30,2.782033,2.235853,1.681444,1.667726
2014-10-01,2.737539,2.200094,1.681705,1.641054
2014-10-02,2.737539,2.200094,1.681967,1.641054
2014-10-03,2.764573,2.221821,1.682229,1.657260
2014-10-06,2.758660,2.217068,1.682491,1.653715
2014-10-07,2.719516,2.185609,1.682753,1.630249
2014-10-08,2.772458,2.228158,1.683015,1.661987
2014-10-09,2.727682,2.192173,1.683276,1.635145
2014-10-10,2.659533,2.137402,1.683538,1.594292
2014-10-13,2.617854,2.103906,1.683801,1.569307
2014-10-14,2.618136,2.104133,1.684063,1.569476
2014-10-15,2.601239,2.090553,1.684325,1.559347
2014-10-16,2.584906,2.077426,1.684587,1.549556
2014-10-17,2.618981,2.104812,1.684849,1.569982
2014-10-20,2.658124,2.136271,1.685111,1.593448
2014-10-21,2.727964,2.192399,1.685374,1.635314
2014-10-22,2.713883,2.181083,1.685636,1.626873
2014-10-23,2.754717,2.213900,1.685898,1.651351
2014-10-24,2.777246,2.232006,1.698836,1.664856
2014-10-27,2.779217,2.233590,1.700042,1.666038
2014-10-28,2.821177,2.267312,1.725709,1.691192
2014-10-29,2.810758,2.258938,1.719335,1.684945
2014-10-30,2.816671,2.263691,1.722953,1.688491
2014-10-31,2.855534,2.294924,1.746725,1.711787
2014-11-03,2.863982,2.301713,1.751893,1.716852
2014-11-04,2.854407,2.294018,1.746036,1.711112
2014-11-05,2.854689,2.294245,1.746208,1.711281
2014-11-06,2.863700,2.301487,1.751720,1.716683
2014-11-07,2.861166,2.299450,1.750170,1.715163
2014-11-10,2.871304,2.307598,1.756371,1.721241
2014-11-11,2.880315,2.314840,1.761884,1.726643
2014-11-12,2.885384,2.318914,1.764984,1.729682
2014-11-13,2.897775,2.328872,1.772564,1.737109
2014-11-14,2.906787,2.336115,1.778076,1.742512
2014-11-17,2.898057,2.329098,1.772736,1.737278
2014-11-18,2.919741,2.346525,1.786000,1.750277
2014-11-19,2.906505,2.335888,1.777904,1.742343
2014-11-20,2.919459,2.346299,1.785828,1.750108
2014-11-21,2.925092,2.350826,1.789273,1.753485
2014-11-24,2.947902,2.369158,1.803226,1.767159
2014-11-25,2.952408,2.372779,1.805982,1.769860
2014-11-26,2.971557,2.388169,1.817696,1.781339
2014-11-28,2.985356,2.399259,1.826137,1.789611
2014-12-01,2.951563,2.372100,1.805466,1.769353
2014-12-02,2.963391,2.381606,1.812701,1.776443
2014-12-03,2.968741,2.385906,1.815974,1.779651
2014-12-04,2.967333,2.384774,1.815112,1.778807
2014-12-05,2.967615,2.385000,1.815285,1.778976
2014-12-08,2.946494,2.368026,1.802365,1.766314
2014-12-09,2.955787,2.375495,1.808050,1.771885
2014-12-10,2.909321,2.338151,1.807427,1.744031
2014-12-11,2.923120,2.349241,1.807708,1.752303
2014-12-12,2.891298,2.323667,1.807990,1.733227
2014-12-15,2.861447,2.299676,1.808271,1.715332
2014-12-16,2.815545,2.262786,1.808552,1.687815
2014-12-17,2.866798,2.303977,1.808834,1.718540
2014-12-18,2.935793,2.359426,1.809115,1.759899
2014-12-19,2.937764,2.361010,1.809397,1.761081
2014-12-22,2.945086,2.366895,1.809679,1.765470
2014-12-23,2.934666,2.358521,1.809960,1.759224
2014-12-24,2.937201,2.360557,1.810618,1.760744
2014-12-26,2.958040,2.377305,1.823464,1.773236
2014-12-29,2.957477,2.376853,1.823117,1.772898
2014-12-30,2.937764,2.361010,1.822489,1.761081
2014-12-31,2.907632,2.336793,1.822772,1.743018
2015-01-02,2.898902,2.329777,1.823056,1.737785
2015-01-05,2.856378,2.295603,1.823340,1.712294
2015-01-06,2.818079,2.264822,1.823624,1.689335
2015-01-07,2.854407,2.294018,1.823908,1.711112
2015-01-08,2.909040,2.337925,1.824192,1.743862
2015-01-09,2.889890,2.322535,1.824475,1.732383
2015-01-12,2.859758,2.298318,1.824759,1.714319
2015-01-13,2.858913,2.297639,1.825043,1.713813
2015-01-14,2.843143,2.284965,1.825328,1.704359
2015-01-15,2.806252,2.255317,1.825612,1.682244
2015-01-16,2.839200,2.281797,1.825896,1.701996
2015-01-20,2.861729,2.299903,1.826180,1.715501
2015-01-21,2.876373,2.311672,1.826464,1.724279
2015-01-22,2.929597,2.354447,1.826749,1.756186
2015-01-23,2.936074,2.359652,1.827033,1.760068
2015-01-26,2.932695,2.356936,1.827317,1.758043
2015-01-27,2.856660,2.295829,1.827602,1.712462
2015-01-28,2.842016,2.284060,1.827886,1.703684
2015-01-29,2.869333,2.306013,1.828171,1.720059
2015-01-30,2.847085,2.288134,1.828455,1.706723
2015-02-02,2.871867,2.308050,1.828740,1.721578
2015-02-03,2.899465,2.330230,1.829024,1.738122
2015-02-04,2.896930,2.328193,1.829309,1.736603
2015-02-05,2.921994,2.348336,1.829594,1.751628
2015-02-06,2.904252,2.334078,1.829879,1.740992
2015-02-09,2.894959,2.326609,1.830163,1.735421
2015-02-10,2.940017,2.362821,1.830448,1.762432
2015-02-11,2.950718,2.371421,1.830733,1.768847
2015-02-12,2.985075,2.399033,1.831018,1.789442
2015-02-13,3.010701,2.419628,1.831303,1.804804
2015-02-17,3.013517,2.421891,1.831588,1.806493
2015-02-18,3.017741,2.425286,1.831873,1.809025
2015-02-19,3.032667,2.437281,1.832158,1.817972
2015-02-20,3.052943,2.453577,1.832444,1.830127
2015-02-23,3.056041,2.456066,1.833386,1.831984
2015-02-24,3.058293,2.457877,1.834737,1.833334
2015-02-25,3.050690,2.451766,1.830176,1.828776
2015-02-26,3.066179,2.464214,1.839468,1.838061
2015-02-27,3.052661,2.453350,1.831358,1.829958
2015-03-02,3.080259,2.475530,1.847915,1.846502
2015-03-03,3.065897,2.463987,1.839299,1.837892
2015-03-04,3.054069,2.454482,1.832203,1.830802
2015-03-05,3.059420,2.458782,1.835413,1.834009
2015-03-06,3.024782,2.430944,1.814633,1.813245
2015-03-09,3.033512,2.437960,1.819870,1.818478
2015-03-10,2.977190,2.392695,1.786081,1.784715
2015-03-11,2.960011,2.378890,1.785466,1.774418
2015-03-12,2.979442,2.394506,1.785744,1.786066
2015-03-13,2.966488,2.384095,1.786022,1.778300
2015-03-16,3.004787,2.414875,1.786300,1.801259
2015-03-17,3.009575,2.418723,1.786578,1.804129
2015-03-18,3.039144,2.442487,1.786856,1.821855
2015-03-19,3.043650,2.446108,1.788610,1.824556
2015-03-20,3.056322,2.456292,1.796058,1.832152
2015-03-23,3.050408,2.451540,1.792582,1.828607
2015-03-24,3.039426,2.442713,1.786128,1.822024
2015-03-25,2.969868,2.386811,1.745252,1.780326
2015-03-26,2.959730,2.378663,1.744651,1.774249
2015-03-27,2.971557,2.388169,1.744923,1.781339
2015-03-30,3.005632,2.415554,1.745194,1.801766
2015-03-31,2.973810,2.389980,1.745466,1.782690
2015-04-01,2.958322,2.377532,1.745738,1.773405
2015-04-02,2.960293,2.379116,1.746009,1.774586
2015-04-06,2.984511,2.398580,1.746281,1.789105
2015-04-07,2.979442,2.394506,1.746553,1.786066
2015-04-08,3.003098,2.413517,1.746825,1.800246
2015-04-09,3.021966,2.428681,1.747097,1.811557
2015-04-10,3.034357,2.438639,1.747369,1.818985
2015-04-13,3.026753,2.432528,1.747641,1.814427
2015-04-14,3.018023,2.425512,1.747913,1.809194
2015-04-15,3.036891,2.440676,1.748185,1.820504
2015-04-16,3.032667,2.437281,1.748457,1.817972
2015-04-17,2.985356,2.399259,1.748729,1.789611
2015-04-20,3.030132,2.435244,1.749001,1.816453
2015-04-21,3.043086,2.445655,1.749273,1.824218
2015-04-22,3.059701,2.459008,1.749546,1.834178
2015-04-23,3.071248,2.468288,1.749818,1.841100
2015-04-24,3.112926,2.501784,1.750090,1.866084
2015-04-27,3.105041,2.495446,1.750363,1.861357
2015-04-28,3.098845,2.490467,1.750635,1.857644
2015-04-29,3.079414,2.474851,1.750908,1.845995
2015-04-30,3.030977,2.435923,1.751180,1.816959
2015-05-01,3.070966,2.468061,1.751453,1.840931
2015-05-04,3.076035,2.472135,1.751725,1.843970
2015-05-05,3.025908,2.431849,1.751998,1.813920
2015-05-06,3.005069,2.415102,1.752271,1.801428
2015-05-07,3.023092,2.429586,1.752543,1.812232
2015-05-08,3.060828,2.459914,1.752816,1.834853
2015-05-11,3.049000,2.450408,1.753089,1.827763
2015-05-12,3.035201,2.439318,1.753362,1.819491
2015-05-13,3.041397,2.444297,1.753635,1.823205
2015-05-14,3.085891,2.480056,1.753908,1.849878
2015-05-15,3.085891,2.480056,1.754181,1.849878
2015-05-18,3.099409,2.490920,1.754454,1.857981
2015-05-19,3.096029,2.488204,1.754727,1.855955
2015-05-20,3.098001,2.489788,1.755000,1.857137
2015-05-21,3.114052,2.502689,1.755273,1.866760
2015-05-22,3.110955,2.500199,1.755546,1.864903
2015-05-26,3.075190,2.471456,1.755820,1.843463
2015-05-27,3.124754,2.511289,1.756093,1.873175
2015-05-28,3.117713,2.505631,1.756366,1.868954
2015-05-29,3.099127,2.490694,1.756640,1.857812
2015-06-01,3.109547,2.499068,1.756913,1.864059
2015-06-02,3.099690,2.491146,1.757187,1.858150
2015-06-03,3.108983,2.498615,1.757460,1.863721
2015-06-04,3.085328,2.479604,1.757734,1.849540
2015-06-05,3.078006,2.473719,1.758007,1.845151
2015-06-08,3.046747,2.448597,1.758281,1.826413
2015-06-09,3.041678,2.444524,1.758554,1.823374
2015-06-10,3.083357,2.478020,1.758828,1.848359
2015-06-11,3.087863,2.481641,1.759102,1.851060
2015-06-12,3.062518,2.461272,1.759376,1.835866
2015-06-15,3.047311,2.449050,1.759650,1.826750
2015-06-16,3.063926,2.462403,1.759923,1.836710
2015-06-17,3.072374,2.469193,1.760197,1.841775
2015-06-18,3.117150,2.505178,1.760471,1.868617
2015-06-19,3.094621,2.487072,1.760745,1.855111
2015-06-22,3.117432,2.505405,1.761019,1.868785
2015-06-23,3.119966,2.507442,1.761294,1.870305
2015-06-24,3.103914,2.494541,1.761568,1.860682
2015-06-25,3.097719,2.489562,1.761842,1.856968
2015-06-26,3.077161,2.473040,1.762116,1.844645
2015-06-29,3.004506,2.414649,1.762390,1.801090
2015-06-30,3.015207,2.423249,1.762665,1.807505
2015-07-01,3.039144,2.442487,1.762939,1.821855
2015-07-02,3.039989,2.443166,1.763213,1.822361
2015-07-06,3.032948,2.437508,1.763488,1.818141
2015-07-07,3.040552,2.443618,1.763762,1.822699
2015-07-08,2.987609,2.401069,1.764037,1.790962
2015-07-09,2.985919,2.399711,1.764312,1.789949
2015-07-10,3.031540,2.436376,1.764586,1.817297
2015-07-13,3.084765,2.479151,1.764861,1.849203
2015-07-14,3.105041,2.495446,1.765135,1.861357
2015-07-15,3.108420,2.498162,1.765410,1.863383
2015-07-16,3.152351,2.533469,1.765685,1.889718
2015-07-17,3.198817,2.570812,1.765960,1.917573
2015-07-20,3.209800,2.579639,1.771137,1.924157
2015-07-21,3.207829,2.578055,1.770049,1.922975
2015-07-22,3.171501,2.548859,1.750004,1.901198
2015-07-23,3.159673,2.539353,1.743478,1.894108
2015-07-24,3.128696,2.514458,1.726385,1.875538
2015-07-27,3.102788,2.493636,1.712089,1.860007
2015-07-28,3.129541,2.515137,1.711499,1.876044
2015-07-29,3.141369,2.524642,1.711766,1.883135
2015-07-30,3.156294,2.536637,1.712032,1.892082
2015-07-31,3.152633,2.533695,1.712298,1.889887
2015-08-03,3.142777,2.525774,1.712565,1.883979
2015-08-04,3.136863,2.521021,1.712832,1.880434
2015-08-05,3.161081,2.540485,1.713098,1.894952
2015-08-06,3.110391,2.499747,1.713365,1.864565
2015-08-07,3.106449,2.496578,1.713631,1.862202
2015-08-10,3.141932,2.525095,1.713898,1.883472
2015-08-11,3.101662,2.492731,1.714165,1.859332
2015-08-12,3.112363,2.501331,1.714432,1.865747
2015-08-13,3.107294,2.497257,1.714699,1.862708
2015-08-14,3.112081,2.501105,1.714965,1.865578
2015-08-17,3.137989,2.521926,1.715232,1.881109
2015-08-18,3.121937,2.509026,1.715499,1.871486
2015-08-19,3.101380,2.492504,1.715766,1.859163
2015-08-20,3.015489,2.423475,1.716033,1.807674
2015-08-21,2.883695,2.317556,1.716301,1.728669
2015-08-24,2.772740,2.228384,1.716568,1.662155
2015-08-25,2.762320,2.220010,1.716835,1.655909
2015-08-26,2.901436,2.331814,1.717102,1.739304
2015-08-27,2.974937,2.390885,1.717369,1.783365
2015-08-28,2.974373,2.390432,1.717637,1.783027
2015-08-31,2.937482,2.360784,1.717904,1.760912
2015-09-01,2.845677,2.287002,1.718171,1.705879
2015-09-02,2.925936,2.351505,1.718439,1.753991
2015-09-03,2.911574,2.339962,1.718706,1.745381
2015-09-04,2.876936,2.312124,1.718974,1.724617
2015-09-08,2.958040,2.377305,1.719241,1.773236
2015-09-09,2.924810,2.350599,1.719509,1.753316
2015-09-10,2.956632,2.376174,1.719777,1.772392
2015-09-11,2.972965,2.389301,1.720044,1.782183
2015-09-14,2.963954,2.382058,1.720312,1.776781
2015-09-15,2.998874,2.410122,1.720580,1.797714
2015-09-16,3.015770,2.423702,1.720848,1.807843
2015-09-17,3.016897,2.424607,1.721115,1.808518
2015-09-18,2.966770,2.384321,1.721383,1.778469
2015-09-21,2.976063,2.391790,1.721651,1.784040
2015-09-22,2.931569,2.356031,1.721919,1.757367
2015-09-23,2.933821,2.357842,1.722187,1.758718
2015-09-24,2.923120,2.349241,1.722455,1.752303
2015-09-25,2.898338,2.329325,1.722723,1.737447
2015-09-28,2.815827,2.263012,1.722992,1.687984
2015-09-29,2.801183,2.251243,1.723260,1.679206
2015-09-30,2.865672,2.303071,1.723528,1.717864
2015-10-01,2.878626,2.302278,1.723796,1.725630
2015-10-02,2.929034,2.302636,1.724065,1.755848
2015-10-05,2.970994,2.302995,1.724333,1.781001
2015-10-06,2.956914,2.303353,1.724601,1.772561
2015-10-07,2.974655,2.303712,1.724870,1.783196
2015-10-08,2.986483,2.304070,1.725138,1.790286
2015-10-09,3.000000,2.304429,1.725407,1.798389
2015-10-12,3.007322,2.304788,1.725675,1.802779
2015-10-13,2.987891,2.305146,1.713668,1.791130
2015-10-14,2.983103,2.305505,1.713078,1.788260
2015-10-15,3.032104,2.305864,1.713344,1.817634
2015-10-16,3.044776,2.306223,1.713611,1.825231
2015-10-19,3.062236,2.306582,1.713878,1.835698
2015-10-20,3.046466,2.306941,1.714145,1.826244
2015-10-21,3.027879,2.307300,1.714411,1.815102
2015-10-22,3.089552,2.307659,1.714678,1.852073
2015-10-23,3.176007,2.308018,1.714945,1.903899
2015-10-26,3.177978,2.308378,1.715212,1.905081
2015-10-27,3.184455,2.308737,1.715479,1.908963
2015-10-28,3.210926,2.309096,1.728874,1.924832
2015-10-29,3.205858,2.309456,1.726145,1.921793
2015-10-30,3.191495,2.309815,1.718412,1.913184
2015-11-02,3.227542,2.310175,1.737821,1.934792
2015-11-03,3.238806,2.310534,1.743886,1.941545
2015-11-04,3.239088,2.310894,1.744037,1.941714
2015-11-05,3.230358,2.311253,1.739337,1.936480
2015-11-06,3.232611,2.311613,1.740550,1.937831
2015-11-09,3.198254,2.311973,1.722051,1.917235
2015-11-10,3.190087,2.312333,1.717654,1.912340
2015-11-11,3.186145,2.312693,1.715531,1.909976
2015-11-12,3.155168,2.313053,1.698852,1.891407
2015-11-13,3.093213,2.313413,1.665493,1.854267
2015-11-16,3.137708,2.313773,1.664920,1.880940
2015-11-17,3.139679,2.314133,1.665179,1.882122
2015-11-18,3.199944,2.357372,1.665438,1.918248
2015-11-19,3.202197,2.359032,1.665777,1.919599
2015-11-20,3.223881,2.375007,1.677057,1.932598
2015-11-23,3.214587,2.368160,1.672223,1.927027
2015-11-24,3.211771,2.366086,1.670758,1.925338
2015-11-25,3.214587,2.368160,1.672223,1.927027
2015-11-27,3.219093,2.371480,1.671647,1.929728
2015-11-30,3.210926,2.365463,1.671907,1.924832
2015-12-01,3.243030,2.389114,1.672168,1.944077
2015-12-02,3.223036,2.374384,1.672428,1.932091
2015-12-03,3.168403,2.334137,1.672688,1.899341
2015-12-04,3.242467,2.388699,1.672948,1.943739
2015-12-07,3.227823,2.377911,1.673209,1.934961
2015-12-08,3.228105,2.378119,1.673469,1.935130
2015-12-09,3.179104,2.342020,1.673730,1.905756
2015-12-10,3.193467,2.352601,1.673990,1.914365
2015-12-11,3.119966,2.298454,1.674251,1.870305
2015-12-14,3.143622,2.315880,1.674511,1.884485
2015-12-15,3.162771,2.329988,1.674772,1.895965
2015-12-16,3.209800,2.364634,1.675033,1.924157
2015-12-17,3.163053,2.330195,1.675293,1.896133
2015-12-18,3.092932,2.278538,1.675554,1.854098
2015-12-21,3.127288,2.303848,1.675815,1.874694
2015-12-22,3.147846,2.318992,1.676076,1.887017
2015-12-23,3.171219,2.336212,1.676337,1.901029
2015-12-24,3.170656,2.335797,1.676598,1.900691
2015-12-28,3.168966,2.334552,1.676859,1.899679
2015-12-29,3.218812,2.371272,1.677120,1.929559
2015-12-30,3.189806,2.349904,1.677381,1.912171
2015-12-31,3.150099,2.320652,1.677642,1.888368
2016-01-04,3.083638,2.271691,1.677903,1.848528
2016-01-05,3.078288,2.267750,1.678164,1.845320
2016-01-06,3.048719,2.245966,1.678425,1.827594
2016-01-07,2.953253,2.175637,1.678687,1.770366
2016-01-08,2.929034,2.157796,1.678948,1.755848
2016-01-11,2.938046,2.164434,1.679209,1.761250
2016-01-12,2.972121,2.189537,1.679471,1.781677
2016-01-13,2.869614,2.114021,1.679732,1.720228
2016-01-14,2.930724,2.159040,1.679993,1.756861
2016-01-15,2.839763,2.092031,1.680255,1.702333
2016-01-19,2.845959,2.096595,1.680516,1.706047
2016-01-20,2.837229,2.090163,1.680778,1.700814
2016-01-21,2.840045,2.092238,1.681040,1.702502
2016-01-22,2.922275,2.152817,1.681301,1.751796
2016-01-25,2.878907,2.120868,1.681563,1.725799
2016-01-26,2.904816,2.139954,1.681825,1.741330
2016-01-27,2.832442,2.086637,1.682086,1.697944
2016-01-28,2.872430,2.116096,1.682348,1.721916
2016-01-29,2.932413,2.160285,1.682610,1.757874
2016-02-01,2.940299,2.166094,1.682872,1.762601
2016-02-02,2.876654,2.119208,1.683134,1.724448
2016-02-03,2.862856,2.109042,1.683396,1.716176
2016-02-04,2.862574,2.108835,1.683658,1.716008
2016-02-05,2.763165,2.108109,1.683920,1.656416
2016-02-08,2.720924,2.108437,1.684182,1.631093
2016-02-09,2.712475,2.108765,1.684444,1.626029
2016-02-10,2.722895,2.109093,1.684706,1.632275
2016-02-11,2.718952,2.109421,1.684969,1.629912
2016-02-12,2.760349,2.109750,1.685231,1.654728
2016-02-16,2.822585,2.110078,1.685493,1.692036
2016-02-17,2.886511,2.110407,1.685756,1.730357
2016-02-18,2.853562,2.110735,1.686018,1.710605
2016-02-19,2.862011,2.111064,1.686280,1.715670
2016-02-22,2.908476,2.111392,1.686543,1.743524
2016-02-23,2.860603,2.111721,1.686805,1.714826
2016-02-24,2.887919,2.112049,1.687068,1.731201
2016-02-25,2.916362,2.112378,1.687331,1.748251
2016-02-26,2.912701,2.112707,1.687593,1.746057
2016-02-29,2.886511,2.113036,1.687856,1.730357
2016-03-01,2.979161,2.113365,1.688119,1.785897
2016-03-02,2.980287,2.113694,1.687912,1.786572
2016-03-03,2.974655,2.114023,1.684723,1.783196
2016-03-04,2.975781,2.114352,1.685361,1.783871
2016-03-07,2.957477,2.114681,1.684780,1.772898
2016-03-08,2.932977,2.115010,1.685042,1.758211
2016-03-09,2.951845,2.115339,1.685305,1.769522
2016-03-10,2.947339,2.115668,1.685567,1.766821
2016-03-11,2.998874,2.115998,1.685829,1.797714
2016-03-14,3.003943,2.116327,1.686092,1.800753
2016-03-15,3.002816,2.116656,1.686354,1.800078
2016-03-16,3.029569,2.116986,1.686617,1.816115
2016-03-17,3.027879,2.117315,1.686879,1.815102
2016-03-18,3.023655,2.117645,1.687142,1.812570
2016-03-21,3.035483,2.117975,1.687404,1.819660
2016-03-22,3.044776,2.118304,1.687667,1.825231
2016-03-23,3.019713,2.118634,1.687930,1.810206
2016-03-24,3.020558,2.118964,1.688192,1.810713
2016-03-28,3.016333,2.119294,1.688455,1.808181
2016-03-29,3.064770,2.119623,1.688718,1.837217
2016-03-30,3.079696,2.119953,1.688981,1.846164
2016-03-31,3.075190,2.120283,1.685666,1.843463
2016-04-01,3.107857,2.120613,1.703573,1.863046
2016-04-04,3.096029,2.120943,1.697089,1.855955
2016-04-05,3.066179,2.121274,1.680727,1.838061
2016-04-06,3.116587,2.121604,1.708358,1.868279
2016-04-07,3.071811,2.121934,1.683814,1.841437
2016-04-08,3.069558,2.122264,1.682579,1.840087
2016-04-11,3.058293,2.122595,1.676405,1.839453
2016-04-12,3.083920,2.122925,1.690452,1.839739
2016-04-13,3.123346,2.123255,1.712063,1.840026
2016-04-14,3.123627,2.123586,1.712217,1.840312
2016-04-15,3.115742,2.123916,1.707895,1.840598
2016-04-18,3.132357,2.124247,1.717003,1.840885
2016-04-19,3.113208,2.124578,1.706506,1.828716
2016-04-20,3.115742,2.124908,1.707895,1.828086
2016-04-21,3.116024,2.125239,1.708049,1.828371
2016-04-22,3.068995,2.125570,1.682270,1.828655
2016-04-25,3.068995,2.125901,1.681691,1.828940
2016-04-26,3.054069,2.126232,1.681953,1.829225
2016-04-27,3.029569,2.126563,1.667626,1.829509
2016-04-28,2.992960,2.126894,1.667051,1.829794
2016-04-29,2.977190,2.127225,1.667311,1.830079
2016-05-02,3.005351,2.127556,1.667570,1.830364
2016-05-03,2.977471,2.127887,1.667830,1.830649
2016-05-04,2.958322,2.128218,1.668089,1.830934
2016-05-05,2.957477,2.128549,1.668349,1.831219
2016-05-06,2.973247,2.128881,1.668609,1.831504
2016-05-09,2.981695,2.129212,1.668868,1.831789
2016-05-10,3.022529,2.157292,1.669128,1.832074
2016-05-11,2.995213,2.137795,1.669388,1.832359
2016-05-12,2.981977,2.128348,1.669648,1.832644
2016-05-13,2.970994,2.120510,1.669908,1.832929
2016-05-16,3.008167,2.147041,1.670168,1.833215
2016-05-17,2.970431,2.120108,1.670428,1.833500
2016-05-18,2.981132,2.127745,1.670688,1.833785
2016-05-19,2.965643,2.116691,1.670948,1.834071
2016-05-20,2.998310,2.140006,1.671208,1.834356
2016-05-23,2.994368,2.137192,1.671468,1.831028
2016-05-24,3.054351,2.180004,1.671728,1.867707
2016-05-25,3.076317,2.195682,1.671988,1.881139
2016-05-26,3.085328,2.202114,1.672248,1.886650
2016-05-27,3.101380,2.213571,1.672509,1.896465
2016-05-31,3.107294,2.217792,1.672769,1.900081
2016-06-01,3.107575,2.217993,1.672084,1.900254
2016-06-02,3.114052,2.222616,1.675569,1.904214
2016-06-03,3.099409,2.212164,1.667690,1.895260
2016-06-06,3.110673,2.220204,1.673751,1.902148
2016-06-07,3.102788,2.214576,1.669508,1.897326
2016-06-08,3.108139,2.218395,1.672387,1.900598
2016-06-09,3.103070,2.214777,1.669660,1.897498
2016-06-10,3.067868,2.189652,1.650719,1.875973
2016-06-13,3.042242,2.171362,1.650151,1.860303
2016-06-14,3.042242,2.171362,1.650407,1.859662
2016-06-15,3.033512,2.165131,1.650664,1.859951
2016-06-16,3.042523,2.171563,1.650921,1.860241
2016-06-17,2.998874,2.140408,1.651178,1.860530
2016-06-20,3.017741,2.153875,1.651435,1.860820
2016-06-21,3.027316,2.160709,1.651692,1.861110
2016-06-22,3.019994,2.155483,1.651949,1.861399
2016-06-23,3.063081,2.186235,1.652206,1.861689
2016-06-24,2.936919,2.096189,1.652464,1.861979
2016-06-27,2.878626,2.054583,1.652721,1.862269
2016-06-28,2.941707,2.099606,1.652978,1.862559
2016-06-29,2.993805,2.098883,1.653235,1.862848
2016-06-30,3.028443,2.099209,1.653493,1.863138
2016-07-01,3.043650,2.099536,1.653750,1.863428
2016-07-05,3.025063,2.099863,1.642829,1.863718
2016-07-06,3.049845,2.100190,1.642264,1.878047
2016-07-07,3.058857,2.100517,1.642519,1.883596
2016-07-08,3.106167,2.100844,1.642775,1.912729
2016-07-11,3.123909,2.101171,1.643031,1.923654
2016-07-12,3.139679,2.101498,1.643286,1.933365
2016-07-13,3.132075,2.101825,1.643542,1.928683
2016-07-14,3.153478,2.102152,1.643798,1.941862
2016-07-15,3.148409,2.102479,1.644054,1.938741
2016-07-18,3.169248,2.115337,1.654108,1.951573
2016-07-19,3.157702,2.107631,1.648082,1.944463
2016-07-20,3.194593,2.132254,1.667336,1.967180
2016-07-21,3.187271,2.127367,1.663515,1.962672
2016-07-22,3.200507,2.136201,1.670423,1.970822
2016-07-25,3.200789,2.136389,1.670570,1.970995
2016-07-26,3.204449,2.138833,1.672481,1.973250
2016-07-27,3.226697,2.153682,1.684092,1.986949
2016-07-28,3.237961,2.161200,1.689971,1.993886
2016-07-29,3.245001,2.165899,1.693646,1.998221
2016-08-01,3.262180,2.177365,1.702612,2.008799
2016-08-02,3.237398,2.160824,1.689677,1.993539
2016-08-03,3.248099,2.167967,1.695263,2.000128
2016-08-04,3.257392,2.174170,1.700113,2.005851
2016-08-05,3.288651,2.195034,1.716428,2.025100
2016-08-08,3.284990,2.192590,1.714517,2.022845
2016-08-09,3.292594,2.197665,1.718485,2.027528
2016-08-10,3.284145,2.192026,1.714076,2.022325
2016-08-11,3.298226,2.201424,1.721425,2.030996
2016-08-12,3.300479,2.202928,1.722601,2.032383
2016-08-15,3.314559,2.212326,1.729950,2.041054
2016-08-16,3.296255,2.200109,1.720396,2.029782
2016-08-17,3.302168,2.204056,1.723483,2.029083
2016-08-18,3.303013,2.204620,1.723924,2.029399
2016-08-19,3.302168,2.204056,1.723483,2.029714
2016-08-22,3.304703,2.205747,1.724805,2.030030
2016-08-23,3.310617,2.209695,1.727892,2.030346
2016-08-24,3.289214,2.195409,1.716722,2.030662
2016-08-25,3.283864,2.191838,1.713929,2.030978
2016-08-26,3.288651,2.195034,1.716428,2.031295
2016-08-29,3.293157,2.198041,1.718779,2.031611
2016-08-30,3.282456,2.190898,1.713194,2.031927
2016-08-31,3.279076,2.188643,1.711430,2.032243
2016-09-01,3.287525,2.194282,1.715840,2.032560
2016-09-02,3.298226,2.201424,1.721425,2.032876
2016-09-06,3.318783,2.215146,1.732154,2.033192
2016-09-07,3.320755,2.216461,1.733183,2.033509
2016-09-08,3.301324,2.203492,1.723042,2.033825
2016-09-09,3.218248,2.148043,1.679683,2.034142
2016-09-12,3.275979,2.186575,1.679104,2.034458
2016-09-13,3.246691,2.167027,1.679366,2.034775
2016-09-14,3.262180,2.177365,1.679627,2.035092
2016-09-15,3.312870,2.211198,1.679888,2.035409
2016-09-16,3.303013,2.204620,1.680150,2.035725
2016-09-19,3.288651,2.195034,1.680411,2.036042
2016-09-20,3.294847,2.199169,1.682735,2.036359
2016-09-21,3.327232,2.220785,1.699275,2.036676
2016-09-22,3.353703,2.238453,1.712794,2.036993
2016-09-23,3.332301,2.224168,1.701864,2.022982
2016-09-26,3.304421,2.205559,1.687625,2.006056
2016-09-27,3.337088,2.227363,1.687044,2.025888
2016-09-28,3.342720,2.231122,1.687307,2.029307
2016-09-29,3.318502,2.214958,1.687569,2.014605
2016-09-30,3.343284,2.231498,1.687832,2.029649
2016-10-03,3.338496,2.228303,1.688095,2.026743
2016-10-04,3.333427,2.224920,1.688357,2.023665
2016-10-05,3.345255,2.232814,1.688620,2.030846
2016-10-06,3.343565,2.231686,1.688883,2.029820
2016-10-07,3.336243,2.226799,1.689146,2.025375
2016-10-10,3.357364,2.240897,1.689409,2.024677
2016-10-11,3.309490,2.208943,1.689672,1.994809
2016-10-12,3.306674,2.207063,1.689935,1.994122
2016-10-13,3.294847,2.199169,1.690198,1.994432
2016-10-14,3.298789,2.201800,1.690461,1.994743
2016-10-17,3.289778,2.195785,1.690724,1.995053
2016-10-18,3.319065,2.215334,1.690987,1.995364
2016-10-19,3.318783,2.215146,1.691250,1.995674
2016-10-20,3.314841,2.212514,1.691514,1.995985
2016-10-21,3.327232,2.220785,1.691777,1.996296
2016-10-24,3.367221,2.247475,1.692040,1.996606
2016-10-25,3.356519,2.240333,1.692304,1.989266
2016-10-26,3.333709,2.225108,1.692567,1.975747
2016-10-27,3.318502,2.214958,1.692830,1.966735
2016-10-28,3.297663,2.201048,1.693094,1.954384
2016-10-31,3.294565,2.198981,1.693357,1.953711
2016-11-01,3.269783,2.182440,1.693621,1.954015
2016-11-02,3.243593,2.164959,1.693885,1.954319
2016-11-03,3.211771,2.143720,1.694148,1.954623
2016-11-04,3.200507,2.136201,1.694412,1.954928
2016-11-07,3.276542,2.186951,1.694676,1.955232
2016-11-08,3.297944,2.201236,1.694939,1.955536
2016-11-09,3.313151,2.211386,1.695203,1.955841
2016-11-10,3.259645,2.175673,1.695467,1.956145
2016-11-11,3.261053,2.176613,1.695731,1.956449
2016-11-14,3.228105,2.154621,1.695995,1.956754
2016-11-15,3.272881,2.184508,1.696259,1.957059
2016-11-16,3.292312,2.197477,1.696523,1.957363
2016-11-17,3.316249,2.213454,1.696787,1.970609
2016-11-18,3.303858,2.205184,1.697051,1.963245
2016-11-21,3.338215,2.228115,1.697315,1.983661
2016-11-22,3.348353,2.234882,1.697579,1.989685
2016-11-23,3.334835,2.225860,1.697844,1.981653
2016-11-25,3.345536,2.233002,1.698108,1.988012
2016-11-28,3.337933,2.227927,1.698372,1.983494
2016-11-29,3.349479,2.235634,1.698637,1.990355
2016-11-30,3.308927,2.208567,1.698901,1.966258
2016-12-01,3.251760,2.170410,1.699165,1.932287
2016-12-02,3.258237,2.174734,1.699430,1.931622
2016-12-05,3.283582,2.191650,1.699694,1.931923
2016-12-06,3.291467,2.196913,1.699959,1.932223
2016-12-07,3.333146,2.224732,1.700224,1.932524
2016-12-08,3.339059,2.228679,1.700488,1.932825
2016-12-09,3.365249,2.246160,1.700753,1.947011
2016-12-12,3.350042,2.236010,1.701018,1.938213
2016-12-13,3.392284,2.264204,1.701282,1.962652
2016-12-14,3.385244,2.259505,1.701547,1.958579
2016-12-15,3.390594,2.263076,1.701812,1.961675
2016-12-16,3.368065,2.248039,1.702077,1.948640
2016-12-19,3.381864,2.257249,1.702342,1.956624
2016-12-20,3.394818,2.265896,1.702607,1.964118
2016-12-21,3.392284,2.264204,1.702872,1.962652
2016-12-22,3.382709,2.257813,1.703137,1.957112
2016-12-23,3.384962,2.259317,1.703402,1.958416
2016-12-27,3.402422,2.270971,1.703667,1.968518
2016-12-28,3.375950,2.253302,1.703932,1.953202
2016-12-29,3.371163,2.250107,1.704198,1.950432
2016-12-30,3.336525,2.226987,1.704463,1.949761
2017-01-03,3.366376,2.246911,1.704728,1.950064
2017-01-04,3.384680,2.259129,1.704993,1.950368
2017-01-05,3.403830,2.271910,1.705259,1.950671
2017-01-06,3.433681,2.291835,1.705524,1.950975
2017-01-09,3.444945,2.299353,1.705790,1.956396
2017-01-10,3.452549,2.304428,1.706055,1.960714
2017-01-11,3.461842,2.310631,1.706321,1.965992
2017-01-12,3.456491,2.307060,1.706586,1.962953
2017-01-13,3.468319,2.314954,1.706852,1.969670
2017-01-17,3.457899,2.307999,1.707118,1.963753
2017-01-18,3.464939,2.312698,1.707383,1.967751
2017-01-19,3.463250,2.311571,1.707649,1.966792
2017-01-20,3.470853,2.316646,1.707915,1.971110
2017-01-23,3.473669,2.318525,1.708181,1.972709
2017-01-24,3.497043,2.334126,1.708447,1.985983
2017-01-25,3.532244,2.357622,1.708713,2.005974
2017-01-26,3.535905,2.360065,1.709628,2.008053
2017-01-27,3.542664,2.364576,1.712896,2.011891
2017-01-30,3.515066,2.346156,1.699552,1.996218
2017-01-31,3.508026,2.341457,1.696148,1.992220
2017-02-01,3.532244,2.357622,1.707858,2.005974
2017-02-02,3.529147,2.355554,1.706360,2.004215
2017-02-03,3.539285,2.362321,1.711262,2.009972
2017-02-06,3.543509,2.365140,1.713305,2.012371
2017-02-07,3.556463,2.373787,1.719568,2.019728
2017-02-08,3.562377,2.377734,1.722427,2.023086
2017-02-09,3.575331,2.386380,1.728691,2.030443
2017-02-10,3.587159,2.394274,1.734409,2.037160
2017-02-13,3.607435,2.407808,1.744213,2.048675
2017-02-14,3.619544,2.415890,1.750068,2.055552
2017-02-15,3.640946,2.430175,1.760416,2.067706
2017-02-16,3.639820,2.429424,1.759871,2.067066
2017-02-17,3.655590,2.439950,1.767496,2.076022
2017-02-21,3.673613,2.451979,1.776211,2.086258
2017-02-22,3.675021,2.452919,1.776891,2.087057
2017-02-23,3.661222,2.443709,1.770220,2.079221
2017-02-24,3.668262,2.448408,1.773624,2.083219
2017-02-27,3.672768,2.451415,1.775802,2.085778
2017-02-28,3.661504,2.443897,1.770356,2.079381
2017-03-01,3.701493,2.470588,1.789690,2.102091
2017-03-02,3.682906,2.458182,1.780704,2.091535
2017-03-03,3.689665,2.462693,1.783972,2.090815
2017-03-06,3.681498,2.457242,1.780023,2.091140
2017-03-07,3.675303,2.453107,1.777028,2.091466
2017-03-08,3.681780,2.457430,1.780159,2.091791
2017-03-09,3.684596,2.459310,1.781521,2.092117
2017-03-10,3.700084,2.469648,1.789010,2.092443
2017-03-13,3.706280,2.473783,1.792005,2.092768
2017-03-14,3.697268,2.467768,1.787648,2.093094
2017-03-15,3.720079,2.482993,1.798677,2.093420
2017-03-16,3.717544,2.481301,1.797452,2.093746
2017-03-17,3.708533,2.475287,1.793094,2.094072
2017-03-20,3.711912,2.477542,1.794728,2.095980
2017-03-21,3.655590,2.439950,1.767496,2.064177
2017-03-22,3.680372,2.456490,1.766888,2.078170
2017-03-23,3.671079,2.450288,1.767163,2.072923
2017-03-24,3.678682,2.455363,1.767438,2.077216
2017-03-27,3.684596,2.459310,1.769394,2.080555
2017-03-28,3.707125,2.474347,1.768784,2.093277
2017-03-29,3.724303,2.485813,1.776092,2.102976
2017-03-30,3.730498,2.489948,1.779047,2.106475
2017-03-31,3.727964,2.488256,1.777838,2.105044
2017-04-03,3.725711,2.486752,1.776764,2.103772
2017-04-04,3.731625,2.490700,1.779584,2.107111
2017-04-05,3.716418,2.480550,1.772332,2.098524
2017-04-06,3.718389,2.481865,1.773272,2.099637
2017-04-07,3.716418,2.480550,1.772332,2.098524
2017-04-10,3.717826,2.481489,1.773003,2.099319
2017-04-11,3.701774,2.470775,1.765348,2.090255
2017-04-12,3.686849,2.460813,1.764740,2.081827
2017-04-13,3.672205,2.451039,1.765015,2.073559
2017-04-17,3.702619,2.471339,1.765290,2.090732
2017-04-18,3.696987,2.467580,1.765565,2.087552
2017-04-19,3.702901,2.471527,1.765839,2.090891
2017-04-20,3.733878,2.492203,1.766114,2.108383
2017-04-21,3.733033,2.491639,1.766389,2.107906
2017-04-24,3.778091,2.521713,1.766664,2.133348
2017-04-25,3.805407,2.539946,1.766939,2.148773
2017-04-26,3.800056,2.536375,1.763572,2.145752
2017-04-27,3.822867,2.551600,1.774158,2.158632
2017-04-28,3.829625,2.556111,1.777295,2.162448
2017-05-01,3.863700,2.578854,1.793109,2.181689
2017-05-02,3.870177,2.583177,1.796115,2.185346
2017-05-03,3.857787,2.574907,1.790364,2.178350
2017-05-04,3.859195,2.575847,1.791018,2.179145
2017-05-05,3.873275,2.585245,1.797553,2.187096
2017-05-08,3.881723,2.590884,1.801473,2.191866
2017-05-09,3.895241,2.599906,1.807747,2.199499
2017-05-10,3.897494,2.601410,1.808792,2.200771
2017-05-11,3.894396,2.599342,1.807355,2.199022
2017-05-12,3.903126,2.605169,1.811406,2.203951
2017-05-15,3.915517,2.613440,1.817156,2.210948
2017-05-16,3.931850,2.624341,1.824737,2.220171
2017-05-17,3.831878,2.557614,1.778341,2.163720
2017-05-18,3.865390,2.579982,1.793893,2.182643
2017-05-19,3.881723,2.590884,1.801473,2.191866
2017-05-22,3.914390,2.612688,1.816634,2.210312
2017-05-23,3.918333,2.615319,1.818463,2.212538
2017-05-24,3.936356,2.627349,1.826828,2.222715
2017-05-25,3.969868,2.649716,1.842380,2.241638
2017-05-26,3.976908,2.654415,1.845648,2.245613
2017-05-30,3.980287,2.656671,1.847216,2.247521
2017-05-31,3.978879,2.655731,1.846562,2.246726
2017-06-01,3.994368,2.666069,1.853751,2.255472
2017-06-02,4.039989,2.696519,1.874923,2.281233
2017-06-05,4.039144,2.695955,1.874531,2.280755
2017-06-06,4.023092,2.685241,1.867081,2.271692
2017-06-07,4.038862,2.695767,1.874400,2.280596
2017-06-08,4.043086,2.698587,1.876360,2.282982
2017-06-09,3.941988,2.631108,1.829442,2.225895
2017-06-12,3.920867,2.617011,1.828812,2.213969
2017-06-13,3.952689,2.638251,1.829096,2.231938
2017-06-14,3.935511,2.626785,1.829381,2.222238
2017-06-15,3.918051,2.615131,1.829666,2.212379
2017-06-16,3.890453,2.596711,1.829950,2.196795
2017-06-19,3.955505,2.640130,1.830235,2.233528
2017-06-20,3.924528,2.619454,1.830520,2.216036
2017-06-21,3.963391,2.645393,1.830805,2.237980
2017-06-22,3.962264,2.644641,1.831090,2.237344
2017-06-23,3.977471,2.654791,1.837199,2.245931
2017-06-26,3.958885,2.642386,1.828614,2.235436
2017-06-27,3.887074,2.594455,1.795444,2.194887
2017-06-28,3.943115,2.631860,1.794826,2.226531
2017-06-29,3.874683,2.586185,1.795105,2.187891
2017-06-30,3.876091,2.587125,1.795384,2.188686
2017-07-03,3.835258,2.559870,1.795664,2.165628
2017-07-05,3.872994,2.585057,1.795943,2.186937
2017-07-06,3.838074,2.561750,1.796223,2.167219
2017-07-07,3.879471,2.589380,1.796503,2.190594
2017-07-10,3.904816,2.606297,1.796782,2.204905
2017-07-11,3.915798,2.613627,1.797062,2.211107
2017-07-12,3.962264,2.644641,1.797342,2.237344
2017-07-13,3.970994,2.650468,1.797621,2.242274
2017-07-14,4.002253,2.671332,1.797901,2.259925
2017-07-17,4.004224,2.672648,1.798181,2.261038
2017-07-18,4.030977,2.690504,1.798461,2.276144
2017-07-19,4.054632,2.706293,1.808110,2.289501
2017-07-20,4.059983,2.709865,1.810496,2.292523
2017-07-21,4.058293,2.708737,1.809743,2.291569
2017-07-24,4.076880,2.721142,1.818031,2.302064
2017-07-25,4.066460,2.714188,1.813385,2.296180
2017-07-26,4.079696,2.723022,1.819287,2.303654
2017-07-27,4.054069,2.705917,1.807859,2.289183
2017-07-28,4.050690,2.703662,1.806352,2.287275
2017-07-31,4.033512,2.692196,1.798692,2.277575
2017-08-01,4.042805,2.698399,1.802836,2.282823
2017-08-02,4.053788,2.705729,1.807734,2.289024
2017-08-03,4.038017,2.695203,1.800701,2.280119
2017-08-04,4.045339,2.700091,1.803966,2.284254
2017-08-07,4.070966,2.717195,1.815394,2.298724
2017-08-08,4.063926,2.712496,1.812255,2.294749
2017-08-09,4.058575,2.708925,1.809868,2.291728
2017-08-10,3.971557,2.650844,1.771064,2.242592
2017-08-11,4.001690,2.670956,1.770454,2.259606
2017-08-14,4.053224,2.705353,1.770730,2.288706
2017-08-15,4.056041,2.707233,1.771005,2.290296
2017-08-16,4.063081,2.711932,1.771281,2.294272
2017-08-17,3.980006,2.656483,1.771557,2.247362
2017-08-18,3.977190,2.654603,1.771832,2.245772
2017-08-21,3.972121,2.651220,1.772108,2.242910
2017-08-22,4.032667,2.691632,1.772384,2.277098
2017-08-23,4.018305,2.682046,1.772660,2.268988
2017-08-24,4.006477,2.674152,1.772936,2.262310
2017-08-25,3.998029,2.668513,1.773212,2.257539
2017-08-28,4.010420,2.676783,1.773488,2.264536
2017-08-29,4.026190,2.687309,1.773764,2.273441
2017-08-30,4.073500,2.718887,1.774040,2.300155
2017-08-31,4.117150,2.748021,1.774316,2.324803
2017-09-01,4.111518,2.744262,1.774592,2.321622
2017-09-05,4.074627,2.719639,1.774868,2.300791
2017-09-06,4.087018,2.727909,1.775145,2.307788
2017-09-07,4.096593,2.734300,1.775421,2.313195
2017-09-08,4.061110,2.710616,1.775697,2.293159
2017-09-11,4.107857,2.741818,1.775974,2.319555
2017-09-12,4.117713,2.748397,1.776250,2.325121
2017-09-13,4.123346,2.752156,1.776527,2.328301
2017-09-14,4.099127,2.735991,1.776803,2.314626
2017-09-15,4.113208,2.745390,1.777080,2.322577
2017-09-18,4.098845,2.735804,1.777356,2.314467
2017-09-19,4.105886,2.740503,1.777633,2.318442
2017-09-20,4.093213,2.732044,1.777910,2.311286
2017-09-21,4.068150,2.715316,1.778186,2.297134
2017-09-22,4.064207,2.712684,1.778463,2.294908
2017-09-25,4.021402,2.684114,1.778740,2.270738
2017-09-26,4.031822,2.691068,1.779017,2.276621
2017-09-27,4.068150,2.715316,1.779294,2.297134
2017-09-28,4.066742,2.714376,1.779571,2.296339
2017-09-29,4.096029,2.733924,1.779848,2.312877
2017-10-02,4.099690,2.736367,1.780125,2.314944
2017-10-03,4.108420,2.742194,1.780402,2.319873
2017-10-04,4.112363,2.744826,1.780679,2.322099
2017-10-05,4.152633,2.771704,1.780956,2.344839
2017-10-06,4.158265,2.775464,1.781233,2.348019
2017-10-09,4.153478,2.772268,1.781510,2.345316
2017-10-10,4.156576,2.774336,1.781788,2.347065
2017-10-11,4.168966,2.782606,1.782065,2.354062
2017-10-12,4.161363,2.777531,1.782342,2.349768
2017-10-13,4.177415,2.788245,1.782620,2.358832
2017-10-16,4.191777,2.797831,1.782897,2.366942
2017-10-17,4.197128,2.801403,1.783175,2.369963
2017-10-18,4.192059,2.798019,1.783452,2.367101
2017-10-19,4.176570,2.787681,1.783730,2.358355
2017-10-20,4.187834,2.795200,1.784008,2.364716
2017-10-23,4.160518,2.776967,1.784285,2.349291
2017-10-24,4.167558,2.781667,1.784563,2.353266
2017-10-25,4.151788,2.771141,1.784841,2.344362
2017-10-26,4.138553,2.762306,1.785119,2.336888
2017-10-27,4.259082,2.842755,1.785396,2.404946
2017-10-30,4.268657,2.849145,1.785674,2.410353
2017-10-31,4.284709,2.859859,1.785952,2.419417
2017-11-01,4.283300,2.858919,1.786230,2.418622
2017-11-02,4.275134,2.853468,1.781933,2.414010
2017-11-03,4.316249,2.880911,1.799070,2.437226
2017-11-06,4.330893,2.890685,1.805174,2.445495
2017-11-07,4.333427,2.892377,1.806231,2.446926
2017-11-08,4.350887,2.904031,1.813508,2.456785
2017-11-09,4.328077,2.888806,1.804000,2.443905
2017-11-10,4.327795,2.888618,1.803883,2.443746
2017-11-13,4.333146,2.892189,1.806113,2.446767
2017-11-14,4.317375,2.881663,1.799540,2.437863
2017-11-15,4.297099,2.868130,1.791089,2.426413
2017-11-16,4.352014,2.904782,1.813978,2.457421
2017-11-17,4.335398,2.893693,1.807052,2.448040
2017-11-20,4.332019,2.891437,1.805644,2.446131
2017-11-21,4.379048,2.922827,1.825246,2.472687
2017-11-22,4.384399,2.926398,1.827476,2.475708
2017-11-24,4.400451,2.937112,1.834167,2.484772
2017-11-27,4.398479,2.935796,1.833345,2.483659
2017-11-28,4.409744,2.943315,1.838040,2.490020
2017-11-29,4.332864,2.892001,1.805996,2.446608
2017-11-30,4.369192,2.916248,1.821138,2.467121
2017-12-01,4.350605,2.903843,1.813391,2.456626
2017-12-04,4.300479,2.870385,1.812766,2.428322
2017-12-05,4.303295,2.872265,1.813048,2.429912
2017-12-06,4.322726,2.885234,1.813331,2.440884
2017-12-07,4.337370,2.895008,1.813613,2.449153
2017-12-08,4.356519,2.907790,1.813895,2.459966
2017-12-11,4.390313,2.930345,1.814177,2.479047
2017-12-12,4.384399,2.926398,1.814460,2.475708
2017-12-13,4.392847,2.932037,1.814742,2.480479
2017-12-14,4.389749,2.929969,1.815025,2.478729
2017-12-15,4.439594,2.963239,1.815307,2.506875
2017-12-18,4.467474,2.981847,1.815590,2.522618
2017-12-19,4.441003,2.964179,1.815872,2.507670
2017-12-20,4.436215,2.960983,1.816155,2.504967
2017-12-21,4.436778,2.961359,1.816438,2.505285
2017-12-22,4.431709,2.957976,1.816720,2.502423
2017-12-26,4.407772,2.941999,1.817003,2.488906
2017-12-27,4.408336,2.942375,1.817286,2.489224
2017-12-28,4.413686,2.945946,1.817569,2.492246
2017-12-29,4.386370,2.927714,1.817852,2.476821
2018-01-02,4.463250,2.979028,1.818135,2.520232
2018-01-03,4.506618,3.007974,1.818418,2.544721
2018-01-04,4.514503,3.013237,1.818701,2.549173
2018-01-05,4.559842,3.043499,1.818984,2.574775
2018-01-08,4.577584,3.055341,1.819267,2.584793
2018-01-09,4.577865,3.055529,1.818469,2.584952
2018-01-10,4.567164,3.048386,1.814218,2.578909
2018-01-11,4.598423,3.069250,1.826635,2.596560
2018-01-12,4.632216,3.091806,1.840059,2.615642
2018-01-16,4.618981,3.082971,1.834801,2.608168
2018-01-17,4.668826,3.116241,1.854601,2.636314
2018-01-18,4.669671,3.116805,1.854937,2.636791
2018-01-19,4.684314,3.126579,1.860754,2.645059
2018-01-22,4.734441,3.160036,1.880666,2.673364
2018-01-23,4.773585,3.186163,1.896215,2.695467
2018-01-24,4.742608,3.165487,1.883910,2.677976
2018-01-25,4.740918,3.164359,1.883239,2.677021
2018-01-26,4.813574,3.212854,1.912100,2.718047
2018-01-29,4.790200,3.197253,1.902815,2.704849
2018-01-30,4.750774,3.170938,1.887154,2.682587
2018-01-31,4.770487,3.184096,1.894984,2.693718
2018-02-01,4.729935,3.157029,1.878876,2.670820
2018-02-02,4.635596,3.094061,1.841401,2.617550
2018-02-05,4.452830,2.972073,1.840767,2.514349
2018-02-06,4.570825,3.050830,1.841054,2.580976
2018-02-07,4.511687,3.011357,1.841340,2.547583
2018-02-08,4.321318,2.884294,1.841627,2.440089
2018-02-09,4.395945,2.934105,1.841913,2.482228
2018-02-12,4.473951,2.986170,1.842200,2.526275
2018-02-13,4.497043,3.001583,1.842487,2.539314
2018-02-14,4.581245,3.057784,1.842774,2.586860
2018-02-15,4.666291,3.114549,1.843060,2.634882
2018-02-16,4.645452,3.100640,1.843347,2.623115
2018-02-20,4.654745,3.106843,1.843634,2.628363
2018-02-21,4.641509,3.098008,1.843921,2.620889
2018-02-22,4.640946,3.097633,1.844208,2.620571
2018-02-23,4.735849,3.160976,1.844495,2.674159
2018-02-26,4.798648,3.202892,1.844782,2.709620
2018-02-27,4.739228,3.163232,1.821028,2.676067
2018-02-28,4.708814,3.142932,1.809342,2.658894
2018-03-01,4.631935,3.091618,1.779801,2.615483
2018-03-02,4.674458,3.120000,1.779188,2.639494
2018-03-05,4.726274,3.154585,1.779465,2.668753
2018-03-06,4.746269,3.167931,1.779742,2.680043
2018-03-07,4.757251,3.175261,1.780019,2.686244
2018-03-08,4.783441,3.192742,1.780296,2.701033
2018-03-09,4.876373,3.254770,1.780573,2.753508
2018-03-12,4.902281,3.272062,1.780850,2.768137
2018-03-13,4.835539,3.227515,1.781127,2.730451
2018-03-14,4.834694,3.226951,1.781405,2.729974
2018-03-15,4.830470,3.224132,1.781682,2.727588
2018-03-16,4.816108,3.214546,1.781959,2.719479
2018-03-19,4.705717,3.140864,1.782237,2.657145
2018-03-20,4.721205,3.151202,1.782514,2.665890
2018-03-21,4.700648,3.137481,1.782791,2.654282
2018-03-22,4.584624,3.060040,1.783069,2.588768
2018-03-23,4.463813,2.979404,1.783346,2.520550
2018-03-26,4.629682,3.090114,1.783624,2.614210
2018-03-27,4.479865,2.990118,1.783902,2.529614
2018-03-28,4.428330,2.955720,1.784179,2.500515
2018-03-29,4.509434,3.009854,1.784457,2.546311
2018-04-02,4.379330,2.923015,1.784735,2.472846
2018-04-03,4.428612,2.955908,1.785013,2.471994
2018-04-04,4.498451,3.002523,1.785290,2.509722
2018-04-05,4.524078,3.019628,1.785568,2.524019
2018-04-06,4.410870,2.944067,1.785846,2.460860
2018-04-09,4.441847,2.964743,1.786124,2.460012
2018-04-10,4.539848,3.030154,1.786402,2.513031
2018-04-11,4.513658,3.012673,1.786680,2.498533
2018-04-12,4.568009,3.048950,1.786958,2.528619
2018-04-13,4.544354,3.033161,1.787237,2.515525
2018-04-16,4.578992,3.056281,1.787515,2.534699
2018-04-17,4.677556,3.122068,1.787793,2.589259
2018-04-18,4.687130,3.128459,1.790557,2.594559
2018-04-19,4.644044,3.099700,1.774097,2.570708
2018-04-20,4.570544,3.050642,1.773486,2.530022
2018-04-23,4.558997,3.042935,1.773762,2.523631
2018-04-24,4.462405,2.978464,1.774038,2.470162
2018-04-25,4.467756,2.982035,1.774314,2.473124
2018-04-26,4.561814,3.044815,1.774590,2.525190
2018-04-27,4.564630,3.046695,1.774867,2.526749
2018-04-30,4.532244,3.025079,1.775143,2.508822
2018-05-01,4.584061,3.059664,1.775419,2.537505
2018-05-02,4.557026,3.041620,1.775696,2.522540
2018-05-03,4.556463,3.041244,1.775972,2.522228
2018-05-04,4.642917,3.098948,1.776248,2.570085
2018-05-07,4.681498,3.124699,1.776525,2.591441
2018-05-08,4.676711,3.121504,1.776801,2.588791
2018-05-09,4.727682,3.155525,1.777078,2.617006
2018-05-10,4.776683,3.188231,1.777355,2.644130
2018-05-11,4.772177,3.185223,1.777631,2.641636
2018-05-14,4.780344,3.190674,1.777908,2.646157
2018-05-15,4.727401,3.155337,1.778185,2.616850
2018-05-16,4.758660,3.176201,1.778461,2.634154
2018-05-17,4.740355,3.163984,1.778738,2.624021
2018-05-18,4.715855,3.147631,1.779015,2.610459
2018-05-21,4.742326,3.165299,1.779292,2.625112
2018-05-22,4.736131,3.161164,1.779569,2.621683
2018-05-23,4.776119,3.187855,1.779846,2.643819
2018-05-24,4.774711,3.186915,1.780123,2.643039
2018-05-25,4.779499,3.190110,1.780400,2.645689
2018-05-29,4.758378,3.176013,1.780677,2.633998
2018-05-30,4.792453,3.198757,1.780954,2.652860
2018-05-31,4.789355,3.196689,1.781231,2.651145
2018-06-01,4.864545,3.246875,1.781509,2.692767
2018-06-04,4.908476,3.276198,1.781786,2.717085
2018-06-05,4.923683,3.286348,1.782063,2.725503
2018-06-06,4.952408,3.305520,1.782341,2.741403
2018-06-07,4.912137,3.278641,1.782618,2.719111
2018-06-08,4.912419,3.278829,1.782896,2.719267
2018-06-11,4.925655,3.287663,1.783173,2.726594
2018-06-12,4.951563,3.304956,1.783451,2.740935
2018-06-13,4.951281,3.304768,1.783728,2.740779
2018-06-14,5.001408,3.338225,1.784006,2.768527
2018-06-15,4.983948,3.326572,1.776889,2.758862
2018-06-18,4.970431,3.317549,1.772070,2.751380
2018-06-19,4.956350,3.308151,1.767050,2.743585
2018-06-20,4.991552,3.331647,1.779600,2.763071
2018-06-21,4.948184,3.302700,1.764138,2.739065
2018-06-22,4.937201,3.295370,1.760223,2.732985
2018-06-25,4.825965,3.221124,1.720564,2.671410
2018-06-26,4.845677,3.234282,1.719972,2.682322
2018-06-27,4.779780,3.190298,1.720239,2.645845
2018-06-28,4.820896,3.217741,1.720507,2.668604
2018-06-29,4.833850,3.226387,1.720775,2.675775
2018-07-02,4.866235,3.248003,1.721043,2.693702
2018-07-03,4.809913,3.210410,1.721311,2.662525
2018-07-05,4.869614,3.250259,1.721579,2.695573
2018-07-06,4.945368,3.300821,1.721847,2.737506
2018-07-09,4.989862,3.330519,1.722115,2.762136
2018-07-10,4.993523,3.332962,1.722516,2.764162
2018-07-11,4.968178,3.316046,1.721923,2.750133
2018-07-12,5.053788,3.373187,1.722191,2.797522
2018-07-13,5.058012,3.376006,1.722459,2.799860
2018-07-16,5.045903,3.367924,1.722727,2.793157
2018-07-17,5.076598,3.388412,1.722995,2.810148
2018-07-18,5.067023,3.382021,1.723264,2.804848
2018-07-19,5.041678,3.365104,1.723532,2.790819
2018-07-20,5.040552,3.364352,1.723800,2.790195
2018-07-23,5.056604,3.375066,1.724068,2.799081
2018-07-24,5.077443,3.388975,1.724337,2.810616
2018-07-25,5.148409,3.436342,1.724605,2.849899
2018-07-26,5.070403,3.384276,1.724874,2.806719
2018-07-27,5.001971,3.338601,1.725142,2.768839
2018-07-30,4.931287,3.291423,1.725411,2.729712
2018-07-31,4.969023,3.316610,1.725679,2.750600
2018-08-01,4.987891,3.329203,1.725948,2.761045
2018-08-02,5.055759,3.374502,1.726216,2.798613
2018-08-03,5.071248,3.384840,1.726485,2.807187
2018-08-06,5.101098,3.404764,1.726754,2.823711
2018-08-07,5.119685,3.417170,1.727023,2.833999
2018-08-08,5.125880,3.421305,1.727291,2.837428
2018-08-09,5.122782,3.419237,1.727560,2.835714
2018-08-10,5.083638,3.393111,1.727829,2.814046
2018-08-13,5.078006,3.389351,1.728098,2.810928
2018-08-14,5.109828,3.410591,1.728367,2.828543
2018-08-15,5.047311,3.368863,1.728636,2.793936
2018-08-16,5.063926,3.379953,1.728905,2.803134
2018-08-17,5.065052,3.380705,1.729174,2.803757
2018-08-20,5.060546,3.377698,1.729443,2.801263
2018-08-21,5.079133,3.390103,1.729713,2.811551
2018-08-22,5.098845,3.403261,1.729982,2.822463
2018-08-23,5.091524,3.398374,1.730251,2.818410
2018-08-24,5.138834,3.429951,1.730520,2.844599
2018-08-27,5.191214,3.464913,1.730790,2.873594
2018-08-28,5.198817,3.469988,1.731059,2.877803
2018-08-29,5.258800,3.510024,1.731329,2.911006
2018-08-30,5.249507,3.503821,1.731598,2.905862
2018-08-31,5.256266,3.508332,1.731868,2.909603
2018-09-04,5.233737,3.493295,1.732137,2.897133
2018-09-05,5.166150,3.448184,1.732407,2.859720
2018-09-06,5.119966,3.417358,1.732676,2.834155
2018-09-07,5.100253,3.404200,1.732946,2.823243
2018-09-10,5.117432,3.415666,1.733216,2.832752
2018-09-11,5.156857,3.441981,1.733486,2.854576
2018-09-12,5.141650,3.431831,1.733755,2.846158
2018-09-13,5.196564,3.468484,1.734025,2.876556
2018-09-14,5.181357,3.458334,1.734295,2.868138
2018-09-17,5.106730,3.408524,1.734565,2.826828
2018-09-18,5.148972,3.436718,1.734835,2.850211
2018-09-19,5.145030,3.434087,1.735105,2.848029
2018-09-20,5.201915,3.472055,1.735375,2.879518
2018-09-21,5.173472,3.453071,1.735645,2.863773
2018-09-24,5.178541,3.456454,1.735915,2.866579
2018-09-25,5.185582,3.461153,1.736186,2.870476
2018-09-26,5.189242,3.463597,1.736456,2.872503
2018-09-27,5.233174,3.492919,1.736726,2.896821
2018-09-28,5.232047,3.492167,1.736996,2.896197
2018-10-01,5.242749,3.499310,1.737267,2.902121
2018-10-02,5.230921,3.491415,1.737537,2.895574
2018-10-03,5.236553,3.495175,1.737808,2.898691
2018-10-04,5.136018,3.428072,1.738078,2.843040
2018-10-05,5.073219,3.386156,1.738349,2.808278
2018-10-08,5.042242,3.365480,1.738619,2.791130
2018-10-09,5.058575,3.376382,1.738890,2.800172
2018-10-10,4.836103,3.227891,1.739161,2.677022
2018-10-11,4.776119,3.187855,1.739431,2.676100
2018-10-12,4.909040,3.276573,1.739702,2.676517
2018-10-15,4.849620,3.236913,1.739973,2.642798
2018-10-16,4.990707,3.331083,1.740244,2.641887
2018-10-17,4.992678,3.332399,1.740514,2.641609
2018-10-18,4.876936,3.255146,1.740785,2.580371
2018-10-19,4.872430,3.252138,1.741056,2.579482
2018-10-22,4.897494,3.268867,1.741327,2.579883
2018-10-23,4.879471,3.256837,1.741598,2.580285
2018-10-24,4.656153,3.107783,1.741869,2.580687
2018-10-25,4.817235,3.215297,1.742141,2.581088
2018-10-26,4.693326,3.132594,1.742412,2.581490
2018-10-29,4.596733,3.068122,1.742683,2.581892
2018-10-30,4.672487,3.118684,1.742954,2.582294
2018-10-31,4.782315,3.191990,1.743225,2.582696
2018-11-01,4.845396,3.234094,1.743497,2.583098
2018-11-02,4.769924,3.183720,1.743768,2.583500
2018-11-05,4.758096,3.175825,1.744040,2.583902
2018-11-06,4.794142,3.199885,1.744311,2.584304
2018-11-07,4.944523,3.300257,1.744583,2.584706
2018-11-08,4.912982,3.279205,1.744854,2.566935
2018-11-09,4.830189,3.223944,1.745126,2.566051
2018-11-12,4.684033,3.126391,1.745397,2.566450
2018-11-13,4.687975,3.129022,1.745669,2.566849
2018-11-14,4.652211,3.105151,1.745941,2.567249
2018-11-15,4.733596,3.159472,1.746212,2.567649
2018-11-16,4.716981,3.148383,1.746484,2.568048
2018-11-19,4.563785,3.046131,1.746756,2.568448
2018-11-20,4.482118,2.991621,1.747028,2.568848
2018-11-21,4.516193,3.014365,1.747300,2.569248
2018-11-23,4.483526,2.992561,1.747572,2.569647
2018-11-26,4.587159,3.061732,1.747844,2.570047
2018-11-27,4.602647,3.072070,1.748116,2.570447
2018-11-28,4.750774,3.170938,1.748388,2.570848
2018-11-29,4.735286,3.160600,1.748660,2.571248
2018-11-30,4.769642,3.183532,1.748932,2.571648
2018-12-03,4.852999,3.239169,1.749205,2.572048
2018-12-04,4.666854,3.238053,1.681270,2.572449
2018-12-06,4.699803,3.238557,1.680691,2.572849
2018-12-07,4.544635,3.239061,1.680952,2.573249
2018-12-10,4.592228,3.239565,1.681214,2.573650
2018-12-11,4.607435,3.240070,1.681476,2.574050
2018-12-12,4.647986,3.240574,1.681737,2.574451
2018-12-13,4.649395,3.241078,1.681999,2.574852
2018-12-14,4.536187,3.241583,1.682261,2.575253
2018-12-17,4.433399,3.242087,1.682523,2.575653
2018-12-18,4.461279,3.242592,1.682785,2.576054
2018-12-19,4.351732,3.243097,1.683047,2.576455
2018-12-20,4.288651,3.243601,1.683309,2.576856
2018-12-21,4.155731,3.244106,1.683571,2.577257
2018-12-24,4.041115,3.244611,1.683833,2.577659
2018-12-26,4.293438,3.245116,1.684095,2.578060
2018-12-27,4.310054,3.245621,1.684357,2.578461
2018-12-28,4.307801,3.246127,1.684619,2.578862
2018-12-31,4.344128,3.246632,1.684881,2.579264
2019-01-02,4.361588,3.247137,1.685144,2.579665
2019-01-03,4.219093,3.247643,1.685406,2.580067
2019-01-04,4.399606,3.248148,1.685668,2.580468
2019-01-07,4.451985,3.248654,1.685931,2.580870
2019-01-08,4.492256,3.249159,1.686193,2.581272
2019-01-09,4.528865,3.249665,1.686455,2.581674
2019-01-10,4.541819,3.250171,1.686718,2.582075
2019-01-11,4.525204,3.250677,1.686980,2.582477
2019-01-14,4.485215,3.251183,1.687243,2.582879
2019-01-15,4.572796,3.251689,1.687506,2.583281
2019-01-16,4.571952,3.252195,1.686350,2.583683
2019-01-17,4.607998,3.252701,1.685769,2.584085
2019-01-18,4.653619,3.253207,1.686032,2.584488
2019-01-22,4.560406,3.253714,1.686294,2.584890
2019-01-23,4.566319,3.254220,1.686557,2.585292
2019-01-24,4.595888,3.254727,1.686819,2.585695
2019-01-25,4.650803,3.255233,1.687082,2.586097
2019-01-28,4.593354,3.255740,1.687344,2.586500
2019-01-29,4.549986,3.256247,1.687607,2.586902
2019-01-30,4.665728,3.256754,1.687870,2.587305
2019-01-31,4.735567,3.257260,1.688132,2.587708
2019-02-01,4.715573,3.257767,1.688395,2.588110
2019-02-04,4.774148,3.258275,1.688658,2.588513
2019-02-05,4.816390,3.258782,1.688921,2.588916
2019-02-06,4.802028,3.259289,1.689184,2.589319
2019-02-07,4.737539,3.259796,1.689447,2.589722
2019-02-08,4.746832,3.260304,1.689710,2.590125
2019-02-11,4.742326,3.260811,1.689973,2.590528
2019-02-12,4.812447,3.261319,1.690236,2.590932
2019-02-13,4.815827,3.261826,1.690499,2.591335
2019-02-14,4.821740,3.262334,1.690762,2.591738
2019-02-15,4.842016,3.262842,1.691025,2.592142
2019-02-19,4.851591,3.263350,1.691288,2.595969
2019-02-20,4.850746,3.263858,1.691551,2.595517
2019-02-21,4.833005,3.264366,1.691815,2.586024
2019-02-22,4.868769,3.264874,1.692078,2.585133
2019-02-25,4.886511,3.265382,1.692341,2.593256
2019-02-26,4.891580,3.265890,1.692605,2.595946
2019-02-27,4.888482,3.266398,1.692868,2.594302
2019-02-28,4.877218,3.266907,1.693132,2.588324
2019-03-01,4.911011,3.267415,1.693395,2.606258
2019-03-04,4.911856,3.267924,1.693659,2.606706
2019-03-05,4.915517,3.268433,1.693923,2.608649
2019-03-06,4.887637,3.268941,1.694186,2.593854
2019-03-07,4.827654,3.269450,1.672558,2.562021
2019-03-08,4.820332,3.269959,1.671982,2.558135
2019-03-11,4.920586,3.270468,1.672242,2.557254
2019-03-12,4.947620,3.270977,1.672502,2.570018
2019-03-13,4.984793,3.271486,1.672763,2.589327
2019-03-14,4.976345,3.271995,1.673023,2.584939
2019-03-15,5.022529,3.272505,1.673283,2.608929
2019-03-18,5.025345,3.273014,1.673384,2.610392
2019-03-19,5.042242,3.273523,1.679011,2.619169
2019-03-20,5.062236,3.274033,1.685669,2.629555
2019-03-21,5.141369,3.274543,1.712019,2.670660
2019-03-22,5.028443,3.275052,1.674416,2.612001
2019-03-25,5.018868,3.275562,1.671228,2.607028
2019-03-26,5.042242,3.276072,1.679011,2.619169
2019-03-27,5.009856,3.276582,1.668227,2.602347
2019-03-28,5.021402,3.277092,1.672072,2.608344
2019-03-29,5.059420,3.277602,1.684731,2.628092
2019-04-01,5.126443,3.278112,1.707049,2.662907
2019-04-02,5.145874,3.278622,1.713519,2.673000
2019-04-03,5.175444,3.295813,1.723366,2.688360
2019-04-04,5.173472,3.294558,1.722709,2.687336
2019-04-05,5.200225,3.311595,1.731618,2.701233
2019-04-08,5.213461,3.320023,1.736025,2.708108
2019-04-09,5.195156,3.308367,1.729930,2.698600
2019-04-10,5.223036,3.326121,1.739213,2.713082
2019-04-11,5.210645,3.318230,1.735087,2.706645
2019-04-12,5.233174,3.332577,1.742589,2.718348
2019-04-15,5.234019,3.333115,1.742870,2.718787
2019-04-16,5.252042,3.344592,1.748872,2.728149
2019-04-17,5.270346,3.356249,1.754967,2.737657
2019-04-18,5.277105,3.360553,1.757218,2.741168
2019-04-22,5.292030,3.370058,1.762188,2.748921
2019-04-23,5.359335,3.412919,1.784600,2.783882
2019-04-24,5.342439,3.402159,1.778973,2.775105
2019-04-25,5.364123,3.415967,1.786194,2.786369
2019-04-26,5.368910,3.419016,1.787788,2.788855
2019-04-29,5.379330,3.425651,1.791257,2.794268
2019-04-30,5.337651,3.399110,1.777379,2.772618
2019-05-01,5.320473,3.388170,1.771659,2.763695
2019-05-02,5.297381,3.373465,1.763969,2.751700
2019-05-03,5.381864,3.427265,1.792101,2.795584
2019-05-06,5.348916,3.406283,1.781130,2.778469
2019-05-07,5.244720,3.339929,1.746434,2.724345
2019-05-08,5.231484,3.331501,1.745832,2.717470
2019-05-09,5.203323,3.313567,1.746104,2.702842
2019-05-10,5.209800,3.317692,1.746376,2.706206
2019-05-13,5.029006,3.202559,1.746648,2.612294
2019-05-14,5.084202,3.237709,1.746920,2.640965
2019-05-15,5.156012,3.283439,1.747191,2.678267
2019-05-16,5.207829,3.316437,1.747463,2.705182
2019-05-17,5.154604,3.282542,1.747735,2.677535
2019-05-20,5.067587,3.227128,1.748007,2.632334
2019-05-21,5.120529,3.260843,1.748279,2.659835
2019-05-22,5.097719,3.246317,1.748552,2.647986
2019-05-23,5.019713,3.196641,1.748824,2.607466
2019-05-24,5.017178,3.195027,1.749096,2.606150
2019-05-28,4.998310,3.183012,1.749368,2.596349
2019-05-29,4.957195,3.156829,1.749640,2.574992
2019-05-30,4.978034,3.170099,1.749913,2.585817
2019-05-31,4.898620,3.119527,1.750185,2.544565
2019-06-03,4.790763,3.050842,1.750458,2.488540
2019-06-04,4.925655,3.136743,1.750730,2.487682
2019-06-05,4.962264,3.160057,1.751003,2.504919
2019-06-06,5.001690,3.185164,1.751275,2.524821
2019-06-07,5.098282,3.246675,1.751548,2.573580
2019-06-10,5.157702,3.284515,1.751820,2.603575
2019-06-11,5.164742,3.288998,1.753334,2.607128
2019-06-12,5.134892,3.269989,1.743201,2.592060
2019-06-13,5.165306,3.289357,1.753526,2.607413
2019-06-14,5.143340,3.275369,1.746069,2.596325
2019-06-17,5.174317,3.295096,1.756585,2.611962
2019-06-18,5.249507,3.342978,1.782111,2.649917
2019-06-19,5.269220,3.355532,1.788803,2.659868
2019-06-20,5.318220,3.386736,1.805437,2.684603
2019-06-21,5.310335,3.381714,1.802761,2.680623
2019-06-24,5.298789,3.374362,1.798841,2.674794
2019-06-25,5.207829,3.316437,1.767962,2.628878
2019-06-26,5.232047,3.331859,1.776183,2.641104
2019-06-27,5.252042,3.344592,1.782971,2.651197
2019-06-28,5.258800,3.348896,1.785265,2.654608
2019-07-01,5.329766,3.394088,1.784651,2.690432
2019-07-02,5.350887,3.407539,1.784928,2.701093
2019-07-03,5.391157,3.433183,1.797462,2.721421
2019-07-05,5.380175,3.426189,1.793801,2.715877
2019-07-08,5.342439,3.402159,1.781219,2.696828
2019-07-09,5.369192,3.419195,1.790139,2.710333
2019-07-10,5.422698,3.453269,1.807978,2.737343
2019-07-11,5.418755,3.450758,1.806664,2.735353
2019-07-12,5.450014,3.470664,1.817086,2.751132
2019-07-15,5.467474,3.481783,1.822907,2.759945
2019-07-16,5.439313,3.463850,1.813518,2.745730
2019-07-17,5.412560,3.446813,1.804598,2.732225
2019-07-18,5.418755,3.450758,1.806664,2.735353
2019-07-19,5.379048,3.425472,1.793425,2.715309
2019-07-22,5.421853,3.452731,1.807697,2.736916
2019-07-23,5.457336,3.475327,1.819527,2.754828
2019-07-24,5.495635,3.499717,1.832296,2.774161
2019-07-25,5.443537,3.466540,1.814926,2.747862
2019-07-26,5.499578,3.502227,1.833611,2.776151
2019-07-29,5.480710,3.490212,1.827320,2.766627
2019-07-30,5.457054,3.475148,1.819433,2.754686
2019-07-31,5.381583,3.427086,1.794270,2.716588
2019-08-01,5.354830,3.410049,1.793652,2.703083
2019-08-02,5.275979,3.359836,1.793931,2.663280
2019-08-05,5.089552,3.241116,1.794210,2.569173
2019-08-06,5.160800,3.286488,1.794490,2.605138
2019-08-07,5.188679,3.304242,1.794769,2.619212
2019-08-08,5.301605,3.376155,1.795048,2.676216
2019-08-09,5.251760,3.344413,1.795328,2.651054
2019-08-12,5.191495,3.306035,1.795607,2.620633
2019-08-13,5.305266,3.378486,1.795887,2.678064
2019-08-14,5.146719,3.277521,1.796166,2.598031
2019-08-15,5.140805,3.273755,1.796446,2.595045
2019-08-16,5.223317,3.326300,1.796725,2.636697
2019-08-19,5.306393,3.379204,1.797005,2.678633
2019-08-20,5.265277,3.353021,1.782190,2.657878
2019-08-21,5.312025,3.382790,1.798013,2.681476
2019-08-22,5.294847,3.371851,1.797394,2.672804
2019-08-23,5.127288,3.265147,1.797673,2.588222
2019-08-26,5.204731,3.314464,1.797953,2.627315
2019-08-27,5.193748,3.307470,1.798233,2.621770
2019-08-28,5.212335,3.319306,1.798513,2.631153
2019-08-29,5.292030,3.370058,1.798793,2.671383
2019-08-30,5.279358,3.361988,1.799073,2.664986
2019-09-03,5.228105,3.329349,1.799353,2.639113
2019-09-04,5.303576,3.377410,1.799633,2.677211
2019-09-05,5.400732,3.439281,1.799913,2.726255
2019-09-06,5.395382,3.435873,1.800193,2.723554
2019-09-09,5.384117,3.428700,1.800473,2.717867
2019-09-10,5.368629,3.418837,1.800754,2.710049
2019-09-11,5.419037,3.450938,1.801034,2.735495
2019-09-12,5.441566,3.465284,1.801314,2.746867
2019-09-13,5.422135,3.452910,1.801595,2.737058
2019-09-16,5.397916,3.437487,1.801875,2.724833
2019-09-17,5.423824,3.453986,1.802156,2.737911
2019-09-18,5.421571,3.452552,1.802436,2.736774
2019-09-19,5.430583,3.458290,1.802717,2.741323
2019-09-20,5.373134,3.421706,1.802997,2.712323
2019-09-23,5.364686,3.416326,1.803278,2.708059
2019-09-24,5.293438,3.370954,1.803559,2.672093
2019-09-25,5.352858,3.408794,1.803839,2.702088
2019-09-26,5.333146,3.396241,1.804120,2.692137
2019-09-27,5.266967,3.354097,1.804401,2.658731
2019-09-30,5.317094,3.386018,1.804682,2.684035
2019-10-01,5.273726,3.358401,1.804963,2.662143
2019-10-02,5.183047,3.300655,1.805244,2.616369
2019-10-03,5.239932,3.336881,1.805525,2.615467
2019-10-04,5.317094,3.386018,1.805806,2.652655
2019-10-07,5.301042,3.375796,1.806087,2.644647
2019-10-08,5.221628,3.325224,1.806368,2.605028
2019-10-09,5.272599,3.357684,1.806649,2.604130
2019-10-10,5.313433,3.383687,1.806930,2.622986
2019-10-11,5.381864,3.427265,1.807211,2.656767
2019-10-14,5.381301,3.426907,1.807493,2.656489
2019-10-15,5.449732,3.470485,1.807774,2.690270
2019-10-16,5.436215,3.461877,1.808055,2.683598
2019-10-17,5.450577,3.471023,1.808337,2.690688
2019-10-18,5.398198,3.437667,1.808618,2.664830
2019-10-21,5.446072,3.468154,1.808900,2.688463
2019-10-22,5.402703,3.440536,1.809181,2.667054
2019-10-23,5.413123,3.447172,1.809463,2.672198
2019-10-24,5.465784,3.480707,1.809745,2.698194
2019-10-25,5.509434,3.508504,1.810026,2.719742
2019-10-28,5.563785,3.543116,1.810308,2.746573
2019-10-29,5.520698,3.515677,1.810590,2.725303
2019-10-30,5.547451,3.532714,1.810872,2.738510
2019-10-31,5.549986,3.534328,1.811153,2.739761
2019-11-01,5.600394,3.566429,1.811435,2.764645
2019-11-04,5.635032,3.588487,1.811717,2.781744
2019-11-05,5.638130,3.590460,1.811999,2.783273
2019-11-06,5.625458,3.582390,1.812281,2.777017
2019-11-07,5.644326,3.594405,1.812563,2.786332
2019-11-08,5.666854,3.608752,1.818888,2.797453
2019-11-11,5.659251,3.603910,1.816448,2.793700
2019-11-12,5.675584,3.614312,1.821690,2.801763
2019-11-13,5.676992,3.615208,1.822142,2.802458
2019-11-14,5.672487,3.612339,1.820696,2.800233
2019-11-15,5.714165,3.638880,1.834073,2.820808
2019-11-18,5.718671,3.641750,1.835520,2.823032
2019-11-19,5.727119,3.647130,1.838231,2.827203
2019-11-20,5.692763,3.625251,1.827204,2.810243
2019-11-21,5.680090,3.617181,1.823136,2.803987
2019-11-22,5.683751,3.619512,1.824312,2.805794
2019-11-25,5.751056,3.662373,1.845914,2.839019
2019-11-26,5.762039,3.669367,1.849440,2.844441
2019-11-27,5.802309,3.695012,1.862365,2.864321
2019-11-29,5.775838,3.678155,1.853869,2.851253
2019-12-02,5.716700,3.640494,1.834887,2.822059
2019-12-03,5.671923,3.611980,1.820515,2.799955
2019-12-04,5.700648,3.630272,1.819888,2.814135
2019-12-05,5.711912,3.637446,1.822573,2.819696
2019-12-06,5.773022,3.676361,1.821945,2.849863
2019-12-09,5.746832,3.659683,1.812773,2.836934
2019-12-10,5.742044,3.656634,1.811262,2.834571
2019-12-11,5.772458,3.676003,1.820856,2.849585
2019-12-12,5.815545,3.703441,1.834447,2.870854
2019-12-13,5.834694,3.715636,1.840488,2.880308
2019-12-16,5.893270,3.752937,1.858965,2.909223
2019-12-17,5.896649,3.755089,1.860031,2.910892
2019-12-18,5.901155,3.757959,1.861452,2.913116
2019-12-19,5.938046,3.781451,1.873089,2.931327
2019-12-20,5.961983,3.796695,1.880639,2.943144
2019-12-23,5.964799,3.798488,1.881528,2.944534
2019-12-24,5.967896,3.800461,1.882505,2.946063
2019-12-26,6.020558,3.833997,1.899116,2.972059
2019-12-27,6.015489,3.830768,1.897517,2.969557
2019-12-30,5.976063,3.805662,1.885081,2.950095
2019-12-31,5.987328,3.812835,1.888634,2.955655
2020-01-02,6.087299,3.876499,1.920169,3.005007
2020-01-03,6.031540,3.840991,1.902581,2.977481
2020-01-06,6.070403,3.865739,1.914839,2.996665
2020-01-07,6.069558,3.865201,1.914573,2.996248
2020-01-08,6.115179,3.894253,1.928963,3.018769
2020-01-09,6.166995,3.927251,1.945308,3.044349
2020-01-10,6.151225,3.917208,1.940334,3.036564
2020-01-13,6.222191,3.962400,1.962719,3.071596
2020-01-14,6.197691,3.946798,1.954991,3.059501
2020-01-15,6.200225,3.948412,1.955790,3.060753
2020-01-16,6.259645,3.986252,1.974534,3.090085
2020-01-17,6.290622,4.005978,1.984305,3.105377
2020-01-21,6.287806,4.004185,1.983417,3.103987
2020-01-22,6.304421,4.014766,1.988658,3.112189
2020-01-23,6.324697,4.027678,1.995054,3.122198
2020-01-24,6.271473,3.993784,1.978265,3.095924
2020-01-27,6.141932,3.911290,1.937402,3.031976
2020-01-28,6.236271,3.971367,1.967161,3.078547
2020-01-29,6.246409,3.977823,1.970359,3.083552
2020-01-30,6.268657,3.991990,1.977376,3.094534
2020-01-31,6.169248,3.928685,1.946019,3.045461
2020-02-03,6.262461,3.988045,1.975422,3.091476
2020-02-04,6.405801,4.079326,2.020637,3.162236
2020-02-05,6.426922,4.092776,2.027299,3.172662
2020-02-06,6.482399,4.128105,2.044799,3.200048
2020-02-07,6.454520,4.110351,2.036005,3.186286
2020-02-10,6.532526,4.160027,2.060611,3.224793
2020-02-11,6.533652,4.160744,2.060966,3.225350
2020-02-12,6.597297,4.201274,2.081042,3.256768
2020-02-13,6.588848,4.195894,2.078377,3.252597
2020-02-14,6.607716,4.207909,2.084329,3.261911
2020-02-18,6.610251,4.209523,2.085128,3.263162
2020-02-19,6.673613,4.249874,2.105115,3.294441
2020-02-20,6.611659,4.210420,2.085572,3.263857
2020-02-21,6.484652,4.129540,2.045510,3.201160
2020-02-24,6.234582,3.970291,1.966628,3.077713
2020-02-25,6.065052,3.862331,1.965950,2.994024
2020-02-26,6.096311,3.882238,1.966256,3.009455
2020-02-27,5.791045,3.687839,1.966562,2.858760
2020-02-28,5.795551,3.690708,1.966868,2.860984
2020-03-02,6.094621,3.881162,1.967175,3.008621
2020-03-03,5.899183,3.756703,1.967481,2.912143
2020-03-04,6.145311,3.913442,1.967787,3.033644
2020-03-05,5.958603,3.794543,1.968093,2.941475
2020-03-06,5.858068,3.730520,1.968400,2.891846
2020-03-09,5.451141,3.471382,1.968706,2.690966
2020-03-10,5.747958,3.660401,1.969012,2.690039
2020-03-11,5.497606,3.500972,1.969319,2.571588
2020-03-12,4.993523,3.179963,1.969625,2.570702
2020-03-13,5.416502,3.449324,1.969932,2.571102
2020-03-16,4.767671,3.036136,1.970239,2.571502
2020-03-17,5.129259,3.266402,1.970545,2.571903
2020-03-18,4.973247,3.167051,1.970852,2.572303
2020-03-19,5.003098,3.186060,1.971159,2.572703
2020-03-20,4.807097,3.061243,1.971466,2.573104
2020-03-23,4.800338,3.056939,1.971772,2.573504
2020-03-24,5.172064,3.293661,1.972079,2.573905
2020-03-25,5.133765,3.269272,1.972386,2.574305
2020-03-26,5.404112,3.441433,1.972693,2.574706
2020-03-27,5.218248,3.323072,1.973000,2.575107
2020-03-30,5.408054,3.443944,1.973307,2.575508
2020-03-31,5.361870,3.414533,1.973615,2.575909
2020-04-01,5.134047,3.269451,1.973922,2.576310
2020-04-02,5.238243,3.335805,1.974229,2.576711
2020-04-03,5.163897,3.288460,1.974536,2.577112
2020-04-06,5.533089,3.523568,1.974844,2.577513
2020-04-07,5.530836,3.522133,1.973053,2.577914
2020-04-08,5.648268,3.596916,2.014945,2.578315
2020-04-09,5.656435,3.602117,2.017858,2.578716
2020-04-13,5.717544,3.641032,2.039658,2.605272
2020-04-14,5.966207,3.799385,2.128365,2.718579
2020-04-15,5.897775,3.755807,2.103953,2.687397
2020-04-16,6.005351,3.824312,2.142329,2.736415
2020-04-17,6.062799,3.860897,2.162823,2.762592
2020-04-20,5.990988,3.815166,2.137206,2.729871
2020-04-21,5.769924,3.674389,2.058344,2.629140
2020-04-22,5.941143,3.783424,2.119424,2.707158
2020-04-23,5.928471,3.775354,2.114903,2.701384
2020-04-24,6.021966,3.834893,2.148256,2.743986
2020-04-27,6.070403,3.865739,2.165536,2.766057
2020-04-28,5.956069,3.792929,2.124749,2.713959
2020-04-29,6.167277,3.927430,2.200094,2.810199
2020-04-30,6.164742,3.926077,2.199190,2.809044
2020-05-01,5.990988,3.926688,2.137206,2.729871
2020-05-04,6.060828,3.927299,2.162120,2.761694
2020-05-05,6.129541,3.927911,2.186632,2.793004
2020-05-06,6.167277,3.928522,2.185879,2.810199
2020-05-07,6.246691,3.929134,2.186220,2.846385
2020-05-08,6.332301,3.929745,2.186560,2.885394
2020-05-11,6.388905,3.930357,2.186900,2.911186
2020-05-12,6.255139,3.930969,2.140042,2.850235
2020-05-13,6.176852,3.931580,2.113258,2.814562
2020-05-14,6.246973,3.932192,2.112530,2.846513
2020-05-15,6.287525,3.932804,2.112859,2.864991
2020-05-18,6.404675,3.933417,2.113188,2.918372
2020-05-19,6.388623,3.934029,2.113517,2.911058
2020-05-20,6.516193,3.934641,2.113846,2.969187
2020-05-21,6.445227,3.935254,2.114175,2.936850
2020-05-22,6.467474,3.946863,2.114504,2.946988
2020-05-26,6.450014,3.936208,2.114833,2.939032
2020-05-27,6.485215,3.957690,2.125312,2.955072
2020-05-28,6.476767,3.952534,2.122543,2.951222
2020-05-29,6.571670,4.010450,2.153644,2.994466
2020-06-01,6.591383,4.022480,2.152902,3.003448
2020-06-02,6.635596,4.049461,2.153238,3.023594
2020-06-03,6.665446,4.067678,2.161843,3.037196
2020-06-04,6.618699,4.039150,2.146681,3.015895
2020-06-05,6.749930,4.119235,2.189243,3.075692
2020-06-08,6.802309,4.151200,2.206232,3.099559
2020-06-09,6.851591,4.181275,2.222216,3.122015
2020-06-10,6.933821,4.231457,2.248886,3.159485
2020-06-11,6.590256,4.021792,2.137456,3.002935
2020-06-12,6.642636,4.053758,2.154444,3.026802
2020-06-15,6.723458,4.103080,2.180658,3.063630
2020-06-16,6.838919,4.173542,2.179907,3.116241
2020-06-17,6.860603,4.186775,2.180246,3.126122
2020-06-18,6.879189,4.198117,2.180585,3.134591
2020-06-19,6.878063,4.197430,2.180925,3.134077
2020-06-22,6.948465,4.240394,2.181264,3.166157
2020-06-23,7.007603,4.276484,2.181604,3.193104
2020-06-24,6.863137,4.188321,2.181943,3.127277
2020-06-25,6.928471,4.228192,2.182283,3.157047
2020-06-26,6.764855,4.128343,2.182623,3.082493
2020-06-29,6.838637,4.173370,2.182962,3.116113
2020-06-30,6.972684,4.255174,2.183302,3.177193
2020-07-01,7.054069,4.304840,2.183642,3.214277
2020-07-02,7.101943,4.334056,2.183982,3.236092
2020-07-06,7.276542,4.440607,2.184322,3.315650
2020-07-07,7.226415,4.410017,2.184662,3.292809
2020-07-08,7.321600,4.468104,2.185002,3.336181
2020-07-09,7.383272,4.505741,2.202305,3.364283
2020-07-10,7.433681,4.536503,2.217341,3.387252
2020-07-13,7.280766,4.443185,2.171729,3.317574
2020-07-14,7.332301,4.474635,2.187101,3.341057
2020-07-15,7.347226,4.483743,2.191553,3.347858
2020-07-16,7.297099,4.453153,2.176601,3.325017
2020-07-17,7.305548,4.458308,2.179121,3.328867
2020-07-20,7.512813,4.584795,2.240945,3.423310
2020-07-21,7.434525,4.537019,2.217593,3.387637
2020-07-22,7.460715,4.553001,2.225405,3.399571
2020-07-23,7.265841,4.434077,2.167277,3.310774
2020-07-24,7.196846,4.391972,2.146697,3.279335
2020-07-27,7.325260,4.470338,2.185001,3.337849
2020-07-28,7.232047,4.413454,2.157197,3.295375
2020-07-29,7.315404,4.464323,2.182061,3.333358
2020-07-30,7.353703,4.487696,2.193485,3.350809
2020-07-31,7.484934,4.567781,2.232629,3.410606
2020-08-03,7.586032,4.629478,2.262785,3.456673
2020-08-04,7.614193,4.646663,2.271185,3.469505
2020-08-05,7.633061,4.658178,2.276813,3.478102
2020-08-06,7.734159,4.719874,2.306969,3.524169
2020-08-07,7.644889,4.665396,2.280341,3.483492
2020-08-10,7.612222,4.645460,2.270597,3.468607
2020-08-11,7.468037,4.557470,2.227589,3.402907
2020-08-12,7.655872,4.672098,2.283617,3.488496
2020-08-13,7.673331,4.682753,2.288825,3.496452
2020-08-14,7.664320,4.677254,2.286137,3.492346
2020-08-17,7.753309,4.731561,2.312681,3.532895
2020-08-18,7.827936,4.777103,2.334941,3.566899
2020-08-19,7.775275,4.744965,2.319233,3.542904
2020-08-20,7.883132,4.810787,2.351405,3.592050
2020-08-21,7.937764,4.844127,2.367701,3.616944
2020-08-24,7.987328,4.874374,2.382485,3.639528
2020-08-25,8.050127,4.912698,2.401217,3.668144
2020-08-26,8.221909,5.017530,2.452457,3.746419
2020-08-27,8.196283,5.001891,2.444813,3.734741
2020-08-28,8.237961,5.027326,2.457245,3.753733
2020-08-31,8.304140,5.067712,2.476984,3.783888
2020-09-01,8.446072,5.154328,2.519320,3.848561
2020-09-02,8.526049,5.203136,2.543176,3.885004
2020-09-03,8.093776,4.939335,2.414237,3.688033
2020-09-04,7.985919,4.873514,2.382065,3.638887
2020-09-08,7.602084,4.639274,2.381244,3.463987
2020-09-09,7.825401,4.775556,2.381615,3.462794
2020-09-10,7.669389,4.680347,2.381986,3.392061
2020-09-11,7.616164,4.647866,2.382356,3.368520
2020-09-14,7.748803,4.728811,2.382727,3.367360
2020-09-15,7.858631,4.795835,2.383098,3.413380
2020-09-16,7.733315,4.719359,2.383469,3.358949
2020-09-17,7.612504,4.645632,2.383840,3.306475
2020-09-18,7.515348,4.586342,2.384211,3.305336
2020-09-21,7.533371,4.597341,2.384582,3.305850
2020-09-22,7.673331,4.682753,2.384953,3.306365
2020-09-23,7.439031,4.539768,2.385325,3.306880
2020-09-24,7.473669,4.560907,2.385696,3.307394
2020-09-25,7.647423,4.666942,2.386067,3.307909
2020-09-28,7.806252,4.763870,2.386439,3.308424
2020-09-29,7.771050,4.742388,2.386810,3.308939
2020-09-30,7.824275,4.774869,2.387181,3.309454
2020-10-01,7.948465,4.850657,2.423859,3.360302
2020-10-02,7.724866,4.714203,2.355674,3.265773
2020-10-05,7.889609,4.814739,2.354862,3.264648
2020-10-06,7.748803,4.728811,2.355229,3.204781
2020-10-07,7.882850,4.810615,2.355595,3.203677
2020-10-08,7.924810,4.836221,2.355962,3.219120
2020-10-09,8.045903,4.910120,2.356329,3.268309
2020-10-12,8.294283,5.061698,2.356695,3.369203
2020-10-13,8.294002,5.061526,2.357062,3.369089
2020-10-14,8.224725,5.019249,2.357429,3.340948
2020-10-15,8.169530,4.985565,2.357796,3.318527
2020-10-16,8.124754,4.958240,2.358163,3.300339
2020-10-19,7.992115,4.877295,2.358530,3.246460
2020-10-20,8.009293,4.887778,2.358897,3.253438
2020-10-21,8.003098,4.883998,2.359264,3.250921
2020-10-22,8.002816,4.883826,2.359632,3.250807
2020-10-23,8.018586,4.893450,2.359999,3.257213
2020-10-26,7.898338,4.820067,2.360366,3.208367
2020-10-27,7.960011,4.857704,2.360734,3.233419
2020-10-28,7.649676,4.668317,2.361101,3.107359
2020-10-29,7.783441,4.749949,2.361469,3.106288
2020-10-30,7.586032,4.629478,2.361836,3.106772
2020-11-02,7.602929,4.639789,2.362204,3.107255
2020-11-03,7.734441,4.720046,2.362571,3.107739
2020-11-04,8.079696,4.930743,2.362939,3.108223
2020-11-05,8.290341,5.059292,2.363307,3.187662
2020-11-06,8.296536,5.063072,2.363675,3.190044
2020-11-09,8.127006,4.959615,2.364043,3.124860
2020-11-10,7.981414,4.870765,2.364411,3.068879
2020-11-11,8.159955,4.979722,2.364779,3.137528
2020-11-12,8.121656,4.956349,2.365147,3.122802
2020-11-13,8.192903,4.999829,2.365515,3.150197
2020-11-16,8.256829,5.038841,2.365883,3.174777
2020-11-17,8.230639,5.022858,2.366251,3.164707
2020-11-18,8.169811,4.985737,2.366620,3.141318
2020-11-19,8.233737,5.024748,2.366988,3.165898
2020-11-20,8.177415,4.990377,2.367356,3.144242
2020-11-23,8.177696,4.990549,2.367725,3.144350
2020-11-24,8.292594,5.060666,2.368093,3.188528
2020-11-25,8.343565,5.091772,2.368462,3.208127
2020-11-27,8.420445,5.138689,2.368831,3.237688
2020-11-30,8.437623,5.149173,2.369199,3.244293
2020-12-01,8.545762,5.215166,2.369568,3.285872
2020-12-02,8.556745,5.221868,2.369937,3.290095
2020-12-03,8.568854,5.229258,2.370306,3.294751
2020-12-04,8.603774,5.250568,2.370675,3.308178
2020-12-07,8.652492,5.280299,2.371044,3.326911
2020-12-08,8.681780,5.298172,2.371413,3.338172
2020-12-09,8.485215,5.178216,2.371782,3.262592
2020-12-10,8.519290,5.199011,2.372151,3.275694
2020-12-11,8.500422,5.187497,2.372520,3.268439
2020-12-14,8.562095,5.225133,2.372890,3.292153
2020-12-15,8.653619,5.280987,2.373259,3.327344
2020-12-16,8.701211,5.310031,2.373628,3.345643
2020-12-17,8.758096,5.344746,2.373998,3.367516
2020-12-18,8.731625,5.328591,2.374367,3.357337
2020-12-21,8.699521,5.308999,2.374737,3.344993
2020-12-22,8.723177,5.323435,2.375107,3.354089
2020-12-23,8.679245,5.296626,2.375476,3.337197
2020-12-24,8.717544,5.319998,2.375846,3.351923
2020-12-28,8.805407,5.373618,2.376216,3.385707
2020-12-29,8.813292,5.378430,2.376586,3.388739
2020-12-30,8.813574,5.378601,2.376956,3.388847
2020-12-31,8.835258,5.391834,2.377325,3.397184
2021-01-04,8.710504,5.315702,2.377696,3.349216
2021-01-05,8.782315,5.359525,2.378066,3.376828
2021-01-06,8.660659,5.285283,2.378436,3.330051
2021-01-07,8.870177,5.413145,2.378806,3.410611
2021-01-08,8.984230,5.482747,2.379176,3.454465
2021-01-11,8.854407,5.403521,2.379547,3.404548
2021-01-12,8.840327,5.394928,2.379917,3.399134
2021-01-13,8.900028,5.431361,2.380287,3.422089
2021-01-14,8.852436,5.402318,2.380658,3.403790
2021-01-15,8.782315,5.359525,2.381028,3.376828
2021-01-19,8.910448,5.437720,2.381399,3.426095
2021-01-20,9.117713,5.564207,2.381770,3.505790
2021-01-21,9.190651,5.608718,2.382140,3.533834
2021-01-22,9.164179,5.592563,2.382511,3.523656
2021-01-25,9.239932,5.638793,2.382882,3.552783
2021-01-26,9.253450,5.647042,2.383253,3.557981
2021-01-27,8.995494,5.489621,2.383624,3.458796
2021-01-28,9.048719,5.522102,2.383995,3.479261
2021-01-29,8.858350,5.405927,2.384366,3.406063
2021-02-01,9.079696,5.541006,2.384737,3.491172
2021-02-02,9.227823,5.631403,2.385108,3.548127
2021-02-03,9.191214,5.609061,2.385479,3.534051
2021-02-04,9.299916,5.675398,2.385851,3.575847
2021-02-05,9.331456,5.694646,2.386222,3.587974
2021-02-08,9.393974,5.732798,2.386594,3.612012
2021-02-09,9.392002,5.731595,2.386965,3.611255
2021-02-10,9.370600,5.718534,2.387337,3.603025
2021-02-11,9.422135,5.749984,2.387708,3.622841
2021-02-12,9.474796,5.782121,2.388080,3.643089
2021-02-16,9.449169,5.766482,2.388451,3.633235
2021-02-17,9.403830,5.738813,2.388823,3.615802
2021-02-18,9.362715,5.713722,2.389195,3.599993
2021-02-19,9.321881,5.688803,2.389567,3.584293
2021-02-22,9.080259,5.541350,2.389939,3.491388
2021-02-23,9.053224,5.524852,2.390311,3.480993
2021-02-24,9.127851,5.570394,2.390683,3.479794
2021-02-25,8.809631,5.376195,2.391055,3.480336
2021-02-26,8.846522,5.398709,2.391427,3.480878
2021-03-01,9.112644,5.561113,2.391799,3.481420
2021-03-02,8.966488,5.471920,2.392172,3.481961
2021-03-03,8.706280,5.313124,2.392544,3.482503
2021-03-04,8.563785,5.226164,2.392916,3.483045
2021-03-05,8.692763,5.304875,2.393289,3.483588
2021-03-08,8.446635,5.154672,2.393661,3.484130
2021-03-09,8.779780,5.357979,2.394034,3.484672
2021-03-10,8.754717,5.342683,2.394407,3.485215
2021-03-11,8.956350,5.465733,2.394779,3.485757
2021-03-12,8.883695,5.421394,2.395152,3.486300
2021-03-15,8.978598,5.479309,2.395525,3.486842
2021-03-16,9.027879,5.509384,2.395898,3.487385
2021-03-17,9.065052,5.532069,2.396271,3.487928
2021-03-18,8.787384,5.362619,2.396644,3.488471
2021-03-19,8.818361,5.381523,2.397017,3.489014
2021-03-22,8.972402,5.475529,2.397390,3.529826
2021-03-23,8.933258,5.451641,2.397763,3.519743
2021-03-24,8.782596,5.359697,2.398136,3.480351
2021-03-25,8.767389,5.350417,2.398509,3.476514
2021-03-26,8.898902,5.430674,2.398883,3.511460
2021-03-29,8.896367,5.429127,2.399256,3.510975
2021-03-30,8.851591,5.401802,2.399630,3.499377
2021-03-31,8.987046,5.484465,2.400003,3.535259
2021-04-01,9.140242,5.577955,2.400377,3.575618
2021-04-05,9.322726,5.689318,2.447076,3.623394
2021-04-06,9.316249,5.685366,2.445376,3.621904
2021-04-07,9.338778,5.699114,2.451289,3.627931
2021-04-08,9.436215,5.758577,2.476865,3.653354
2021-04-09,9.493382,5.793464,2.491870,3.668299
2021-04-12,9.480991,5.785902,2.488618,3.665298
2021-04-13,9.591664,5.853442,2.517668,3.694012
2021-04-14,9.476485,5.783152,2.487435,3.649045
2021-04-15,9.620107,5.870799,2.525134,3.704348
2021-04-16,9.631371,5.877673,2.528090,3.708686
2021-04-19,9.543227,5.823882,2.504954,3.674745
2021-04-20,9.473669,5.781434,2.486696,3.647960
2021-04-21,9.554773,5.830928,2.507985,3.679190
2021-04-22,9.439594,5.760639,2.477752,3.634839
2021-04-23,9.558434,5.833163,2.508946,3.680600
2021-04-26,9.620670,5.871143,2.508081,3.704565
2021-04-27,9.578992,5.845708,2.508472,3.688516
2021-04-28,9.546607,5.825945,2.508862,3.679781
2021-04-29,9.580963,5.846911,2.509253,3.688800
2021-04-30,9.518164,5.808587,2.509643,3.672872
2021-05-03,9.467474,5.777653,2.510034,3.660023
2021-05-04,9.297099,5.673679,2.510425,3.616303
2021-05-05,9.265841,5.654603,2.510815,3.608384
2021-05-06,9.335680,5.697224,2.511206,3.626703
2021-05-07,9.411433,5.743453,2.511597,3.646511
2021-05-10,9.173754,5.598406,2.511988,3.585306
2021-05-11,9.161081,5.590673,2.512379,3.582190
2021-05-12,8.923965,5.445969,2.512770,3.520564
2021-05-13,8.992960,5.488074,2.513161,3.538893
2021-05-14,9.191495,5.609233,2.513552,3.591161
2021-05-17,9.135736,5.575206,2.513944,3.576824
2021-05-18,9.074064,5.537569,2.514335,3.560912
2021-05-19,9.084483,5.543928,2.514726,3.563823
2021-05-20,9.260208,5.651166,2.515118,3.609966
2021-05-21,9.208955,5.619888,2.515509,3.596833
2021-05-24,9.363841,5.714410,2.515901,3.637350
2021-05-25,9.376795,5.722315,2.516292,3.641775
2021-05-26,9.409462,5.742250,2.516684,3.654462
2021-05-27,9.374261,5.720768,2.517076,3.644929
2021-05-28,9.403830,5.738813,2.517467,3.652783
2021-06-01,9.372571,5.719737,2.517859,3.644878
2021-06-02,9.390876,5.730908,2.518251,3.649813
2021-06-03,9.293157,5.671273,2.518643,3.624683
2021-06-04,9.450859,5.767513,2.519035,3.665878
2021-06-07,9.479020,5.784699,2.519427,3.673350
2021-06-08,9.483526,5.787449,2.519819,3.674705
2021-06-09,9.485779,5.788824,2.520212,3.675477
2021-06-10,9.584624,5.849145,2.520604,3.701201
2021-06-11,9.609687,5.864440,2.520996,3.707846
2021-06-14,9.701774,5.920638,2.521389,3.731725
2021-06-15,9.638412,5.881970,2.521781,3.715671
2021-06-16,9.603210,5.860488,2.522174,3.706817
2021-06-17,9.725148,5.934902,2.522566,3.753259
2021-06-18,9.648831,5.888329,2.522959,3.723806
2021-06-21,9.697550,5.918060,2.523351,3.742608
2021-06-22,9.787947,5.973226,2.523744,3.777495
2021-06-23,9.792734,5.976147,2.524137,3.779343
2021-06-24,9.853281,6.013097,2.524530,3.802710
2021-06-25,9.841172,6.005707,2.524923,3.798036
2021-06-28,9.960856,6.078746,2.525316,3.844226
2021-06-29,9.996902,6.100744,2.525709,3.858138
2021-06-30,9.981132,6.091120,2.526102,3.852052
2021-07-01,9.985075,6.093526,2.525836,3.853573
2021-07-02,10.099690,6.163471,2.554830,3.897807
2021-07-06,10.143340,6.190109,2.565871,3.914653
2021-07-07,10.164742,6.203170,2.571285,3.922913
2021-07-08,10.103351,6.165705,2.555756,3.899220
2021-07-09,10.166432,6.204201,2.571713,3.923565
2021-07-12,10.206139,6.228433,2.581757,3.938889
2021-07-13,10.206139,6.228433,2.581757,3.938889
2021-07-14,10.224444,6.239604,2.586387,3.945954
2021-07-15,10.152633,6.195780,2.568222,3.918240
2021-07-16,10.070403,6.145598,2.547421,3.886504
2021-07-19,9.987891,6.095244,2.526549,3.864832
2021-07-20,10.103914,6.166049,2.525678,3.894963
2021-07-21,10.181921,6.213653,2.543905,3.915212
2021-07-22,10.249226,6.254727,2.560721,3.932669
2021-07-23,10.368910,6.327766,2.590624,3.963489
2021-07-26,10.377077,6.332750,2.592664,3.965776
2021-07-27,10.262743,6.262976,2.564098,3.921427
2021-07-28,10.302168,6.287036,2.573948,3.931018
2021-07-29,10.320473,6.298207,2.578522,3.935879
2021-07-30,10.266685,6.265382,2.565083,3.922408
2021-08-02,10.267530,6.265898,2.565294,3.922826
2021-08-03,10.329766,6.303878,2.580844,3.938882
2021-08-04,10.344692,6.312987,2.579955,3.942880
2021-08-05,10.410307,6.353029,2.580356,3.959758
2021-08-06,10.364686,6.325188,2.580758,3.948395
2021-08-09,10.383836,6.336875,2.581160,3.953463
2021-08-10,10.330611,6.304394,2.581561,3.940159
2021-08-11,10.312870,6.293567,2.581963,3.935852
2021-08-12,10.350042,6.316252,2.582365,3.945514
2021-08-13,10.386370,6.338421,2.582767,3.954951
2021-08-16,10.390876,6.341171,2.583169,3.956300
2021-08-17,10.299352,6.285318,2.583571,3.933274
2021-08-18,10.200225,6.224824,2.583973,3.908240
2021-08-19,10.249507,6.254899,2.584375,3.921031
2021-08-20,10.355674,6.319689,2.584778,3.948312
2021-08-23,10.510560,6.414210,2.585180,3.987885
2021-08-24,10.542664,6.433802,2.585582,3.996213
2021-08-25,10.554773,6.441192,2.585985,4.000136
2021-08-26,10.487750,6.400290,2.586387,3.974735
2021-08-27,10.589693,6.462502,2.586790,4.013370
2021-08-30,10.708533,6.535026,2.587193,4.058409
2021-08-31,10.699803,6.529698,2.587595,4.055100
2021-09-01,10.717544,6.540525,2.587998,4.061824
2021-09-02,10.712475,6.537432,2.588401,4.059903
2021-09-03,10.745424,6.557539,2.588804,4.072390
2021-09-07,10.760631,6.566819,2.589207,4.078154
2021-09-08,10.723177,6.543962,2.589610,4.063959
2021-09-09,10.686286,6.521449,2.590013,4.049978
2021-09-10,10.605182,6.471954,2.590416,4.019240
2021-09-13,10.597860,6.467486,2.590819,4.016929
2021-09-14,10.567727,6.449097,2.591222,4.009523
2021-09-15,10.646297,6.497045,2.591626,4.029605
2021-09-16,10.653619,6.501514,2.592029,4.031662
2021-09-17,10.527457,6.424522,2.592433,4.000042
2021-09-20,10.298507,6.284802,2.592836,3.942254
2021-09-21,10.311180,6.292536,2.593240,3.945693
2021-09-22,10.407491,6.351311,2.593643,3.970467
2021-09-23,10.503520,6.409914,2.594047,3.995097
2021-09-24,10.513377,6.415929,2.594451,3.997803
2021-09-27,10.429456,6.364716,2.594855,3.976737
2021-09-28,10.134328,6.184610,2.595258,3.901922
2021-09-29,10.117713,6.174470,2.595662,3.897859
2021-09-30,10.080541,6.151785,2.596066,3.888514
2021-10-01,10.143058,6.189937,2.596470,3.904793
2021-10-04,9.930161,6.060013,2.596875,3.850356
2021-10-05,10.064207,6.141817,2.597279,3.885206
2021-10-06,10.128696,6.181173,2.597683,3.893259
2021-10-07,10.221628,6.237885,2.598087,3.905570
2021-10-08,10.170656,6.206779,2.598492,3.899483
2021-10-11,10.092650,6.159175,2.598896,3.889919
2021-10-12,10.057449,6.137693,2.599301,3.885800
2021-10-13,10.137989,6.186844,2.599705,3.896576
2021-10-14,10.324697,6.300785,2.600110,3.920901
2021-10-15,10.389749,6.340484,2.600515,3.936917
2021-10-18,10.494227,6.404243,2.600919,3.963514
2021-10-19,10.573641,6.452706,2.619291,3.983716
2021-10-20,10.559842,6.444285,2.615873,3.980456
2021-10-21,10.624331,6.483640,2.631848,3.996869
2021-10-22,10.535061,6.429162,2.609734,3.974687
2021-10-25,10.642917,6.494983,2.636452,4.002021
2021-10-26,10.676429,6.515434,2.644754,4.010630
2021-10-27,10.701211,6.530557,2.650893,4.017044
2021-10-28,10.820051,6.603081,2.680332,4.046993
2021-10-29,10.873275,6.635562,2.693516,4.060474
2021-11-01,10.910448,6.658247,2.702725,4.069939
2021-11-02,10.956069,6.686088,2.714026,4.081496
2021-11-03,11.072374,6.757065,2.742837,4.124136
2021-11-04,11.214306,6.843680,2.777996,4.177002
2021-11-05,11.225007,6.850211,2.780647,4.180987
2021-11-08,11.209800,6.840931,2.776880,4.175323
2021-11-09,11.132639,6.793842,2.757766,4.146583
2021-11-10,10.969023,6.693993,2.717235,4.085641
2021-11-11,10.999437,6.712554,2.724769,4.096969
2021-11-12,11.115179,6.783187,2.753441,4.140080
2021-11-15,11.112644,6.781640,2.752813,4.139136
2021-11-16,11.191777,6.829932,2.772415,4.168610
2021-11-17,11.197691,6.833541,2.773880,4.170813
2021-11-18,11.313714,6.904346,2.802622,4.214028
2021-11-19,11.376795,6.942842,2.818248,4.237524
2021-11-22,11.244720,6.862241,2.785530,4.188330
2021-11-23,11.193467,6.830963,2.772834,4.169240
2021-11-24,11.229513,6.852961,2.781763,4.177710
2021-11-26,11.016615,6.723037,2.729024,4.125124
2021-11-29,11.255703,6.868943,2.788251,4.185022
2021-11-30,11.090397,6.768063,2.747302,4.144264
2021-12-01,10.901718,6.652919,2.700562,4.097475
2021-12-02,10.980287,6.700867,2.699632,4.117375
2021-12-03,10.789355,6.584349,2.700052,4.069858
2021-12-06,10.875810,6.637109,2.700473,4.091810
2021-12-07,11.203323,6.836978,2.700893,4.174169
2021-12-08,11.253450,6.867568,2.711621,4.186837
2021-12-09,11.087863,6.766517,2.671721,4.145983
2021-12-10,11.208392,6.840071,2.700764,4.176244
2021-12-13,11.046466,6.741254,2.661746,4.136238
2021-12-14,10.932132,6.671480,2.660829,4.107912
2021-12-15,11.181357,6.823573,2.661244,4.170558
2021-12-16,10.893833,6.648107,2.661658,4.099279
2021-12-17,10.839482,6.614939,2.662072,4.085857
2021-12-20,10.720642,6.542415,2.662486,4.056205
2021-12-21,10.960574,6.688837,2.662901,4.116935
2021-12-22,11.094058,6.770298,2.663315,4.150574
2021-12-23,11.177696,6.821339,2.663730,4.171650
2021-12-27,11.362433,6.934077,2.664145,4.217831
2021-12-28,11.309772,6.901940,2.664559,4.197583
2021-12-29,11.308082,6.900909,2.664974,4.196956
2021-12-30,11.274289,6.880286,2.665389,4.184413
2021-12-31,11.203886,6.837322,2.665804,4.158284
2022-01-03,11.311743,6.903143,2.666219,4.198314
2022-01-04,11.165024,6.813605,2.666634,4.143860
2022-01-05,10.822022,6.604284,2.667049,4.016556
2022-01-06,10.814418,6.599644,2.667464,4.014214
2022-01-07,10.697268,6.528151,2.667879,3.985432
2022-01-10,10.704309,6.532448,2.668294,3.986055
2022-01-11,10.865108,6.630578,2.668709,4.006429
2022-01-12,10.908195,6.656872,2.669125,4.012140
2022-01-13,10.635314,6.490343,2.669540,3.979100
2022-01-14,10.701493,6.530729,2.669956,3.987767
2022-01-18,10.435089,6.368153,2.670371,3.955090
2022-01-19,10.320473,6.298207,2.670787,3.941020
2022-01-20,10.186426,6.216403,2.671203,3.924366
2022-01-21,9.903971,6.044031,2.671619,3.924323
2022-01-24,9.949310,6.071700,2.672034,3.924934
2022-01-25,9.718671,5.930949,2.672450,3.925545
2022-01-26,9.703464,5.921669,2.672866,3.926156
2022-01-27,9.605745,5.862034,2.673282,3.926767
2022-01-28,9.907068,6.045921,2.673698,3.927378
2022-01-31,10.223881,6.239260,2.674115,3.927989
2022-02-01,10.293438,6.281709,2.674531,3.928601
2022-02-02,10.377077,6.332750,2.674947,3.929212
2022-02-03,9.956350,6.075996,2.675363,3.821938
2022-02-04,10.081949,6.152644,2.675780,3.837766
2022-02-07,10.000845,6.103150,2.676196,3.827873
2022-02-08,10.113208,6.171720,2.676613,3.842606
2022-02-09,10.327513,6.302503,2.677029,3.870148
2022-02-10,10.093776,6.159862,2.677446,3.811319
2022-02-11,9.773585,5.964461,2.677863,3.770786
2022-02-14,9.785694,5.971851,2.678280,3.772734
2022-02-15,10.029006,6.120335,2.678697,3.804394
2022-02-16,10.026471,6.118789,2.679114,3.804468
2022-02-17,9.728246,5.936792,2.679531,3.767143
2022-02-18,9.617291,5.869081,2.679948,3.753212
2022-02-22,9.520698,5.810134,2.680365,3.753171
2022-02-23,9.276823,5.661306,2.680782,3.753755
2022-02-24,9.588567,5.851551,2.681199,3.754339
2022-02-25,9.737257,5.942292,2.681617,3.754924
2022-02-28,9.766263,5.959993,2.682034,3.755508
2022-03-01,9.616728,5.868737,2.682451,3.736108
2022-03-02,9.778091,5.866716,2.682869,3.757392
2022-03-03,9.638412,5.867629,2.683286,3.739890
2022-03-04,9.498733,5.868542,2.683704,3.722212
2022-03-07,9.148409,5.869455,2.684122,3.676839
2022-03-08,9.105886,5.870369,2.684540,3.676798
2022-03-09,9.433681,5.871283,2.684957,3.677371
2022-03-10,9.328921,5.872197,2.685375,3.677943
2022-03-11,9.135455,5.873111,2.685793,3.678515
2022-03-14,8.960011,5.874025,2.686211,3.679088
2022-03-15,9.241059,5.874939,2.686630,3.679661
2022-03-16,9.583779,5.875853,2.687048,3.680233
2022-03-17,9.699803,5.876768,2.687466,3.694851
2022-03-18,9.898338,5.877683,2.687884,3.720443
2022-03-21,9.858631,5.878598,2.688303,3.715854
2022-03-22,10.052380,5.879513,2.688721,3.740582
2022-03-23,9.907913,5.880428,2.648755,3.723051
2022-03-24,10.128133,5.881343,2.707628,3.751021
2022-03-25,10.119685,5.882258,2.705370,3.750367
2022-03-28,10.276260,5.883174,2.747228,3.770099
2022-03-29,10.453112,5.884090,2.794507,3.792117
2022-03-30,10.337651,5.885006,2.763640,3.763763
2022-03-31,10.209518,5.885922,2.729386,3.747978
2022-04-01,10.190087,5.886838,2.724191,3.745989
2022-04-04,10.399887,5.887754,2.780278,3.772086
2022-04-05,10.168966,5.888671,2.718545,3.715825
2022-04-06,9.948184,5.889587,2.659521,3.662234
2022-04-07,9.971839,5.890504,2.658605,3.668229
2022-04-08,9.832442,5.891421,2.659019,3.634234
2022-04-11,9.599831,5.892338,2.659433,3.605351
2022-04-12,9.559279,5.893255,2.659847,3.600649
2022-04-13,9.753591,5.894172,2.660261,3.625419
2022-04-14,9.530555,5.895089,2.660675,3.598161
2022-04-18,9.537877,5.896007,2.661089,3.599456
2022-04-19,9.751056,5.896925,2.661503,3.626646
2022-04-20,9.608843,5.897843,2.661917,3.609392
2022-04-21,9.410025,5.898761,2.662332,3.584872
2022-04-22,9.163616,5.899679,2.662746,3.553953
2022-04-25,9.281329,5.900597,2.663161,3.569540
2022-04-26,8.931005,5.901515,2.663575,3.524999
2022-04-27,8.920304,5.902434,2.663990,3.523957
2022-04-28,9.237116,5.903353,2.664404,3.566042
2022-04-29,8.821459,5.904272,2.664819,3.566002
2022-05-02,8.968741,5.905191,2.665234,3.566557
2022-05-03,8.978316,5.906110,2.665649,3.567113
2022-05-04,9.281892,5.907029,2.666064,3.567668
2022-05-05,8.814418,5.907948,2.666479,3.568223
2022-05-06,8.708814,5.908868,2.666894,3.568779
2022-05-09,8.368065,5.909788,2.667309,3.569334
2022-05-10,8.469727,5.910708,2.667724,3.569890
2022-05-11,8.218530,5.911628,2.668139,3.570445
2022-05-12,8.199099,5.912548,2.668554,3.571001
2022-05-13,8.502957,5.913468,2.668970,3.571557
2022-05-16,8.404393,5.914388,2.669385,3.572113
2022-05-17,8.622078,5.915309,2.669801,3.572669
2022-05-18,8.198817,5.916230,2.670216,3.573225
2022-05-19,8.154886,5.917151,2.670632,3.573781
2022-05-20,8.129541,5.918072,2.671048,3.574337
2022-05-23,8.264714,5.918993,2.671463,3.574894
2022-05-24,8.088989,5.919914,2.671879,3.575450
2022-05-25,8.202197,5.920836,2.672295,3.576007
2022-05-26,8.429456,5.921757,2.672711,3.608803
2022-05-27,8.704590,5.922679,2.673127,3.648441
2022-05-31,8.681498,5.923601,2.673543,3.645593
2022-06-01,8.617291,5.924523,2.673959,3.636984
2022-06-02,8.853281,5.925445,2.674375,3.670562
2022-06-03,8.622923,5.926367,2.603487,3.639107
2022-06-06,8.651647,5.927290,2.612160,3.643526
2022-06-07,8.726274,5.928212,2.634692,3.654380
2022-06-08,8.663475,5.929135,2.633784,3.645993
2022-06-09,8.431428,5.930058,2.634194,3.613819
2022-06-10,8.134047,5.930981,2.634604,3.571707
2022-06-13,7.755843,5.931904,2.635014,3.516720
2022-06-14,7.769924,5.932827,2.635424,3.516681
2022-06-15,7.963954,5.933751,2.635835,3.517229
2022-06-16,7.642636,5.934674,2.636245,3.517776
2022-06-17,7.735567,5.935598,2.636655,3.518324
2022-06-21,7.915517,5.936522,2.637066,3.518871
2022-06-22,7.903971,5.937446,2.637476,3.519419
2022-06-23,8.021684,5.938370,2.637886,3.519967
2022-06-24,8.296536,5.939294,2.638297,3.520515
2022-06-27,8.235708,5.940219,2.617644,3.511691
2022-06-28,7.984793,5.941143,2.616743,3.476392
2022-06-29,7.992115,5.942068,2.617150,3.477815
2022-06-30,7.892988,5.942993,2.617557,3.463798
2022-07-01,7.945086,5.943918,2.617965,3.471778
2022-07-05,8.081104,5.944843,2.618372,3.491950
2022-07-06,8.132920,5.945769,2.618780,3.499776
2022-07-07,8.306956,5.946694,2.619187,3.525103
2022-07-08,8.317375,5.947620,2.619595,3.526943
2022-07-11,8.139679,5.948545,2.620003,3.502192
2022-07-12,8.060828,5.949471,2.620411,3.491246
2022-07-13,8.044213,5.950397,2.620819,3.489210
2022-07-14,8.072937,5.951323,2.621226,3.493725
2022-07-15,8.219375,5.952250,2.621634,3.515212
2022-07-18,8.149817,5.953176,2.622043,3.505661
2022-07-19,8.400451,5.954103,2.622451,3.541961
2022-07-20,8.533652,5.955030,2.622859,3.561050
2022-07-21,8.656153,5.955956,2.623267,3.578459
2022-07-22,8.504365,5.956884,2.623675,3.557914
2022-07-25,8.455928,5.957811,2.624084,3.551529
2022-07-26,8.289778,5.958738,2.624492,3.528636
2022-07-27,8.640101,5.959666,2.624901,3.578708
2022-07-28,8.724585,5.960593,2.625309,3.590744
2022-07-29,8.883695,5.961521,2.625718,3.633981
2022-08-01,8.878344,5.962449,2.626127,3.632710
2022-08-02,8.851873,5.963377,2.626535,3.625678
2022-08-03,9.092932,5.964305,2.626944,3.691690
2022-08-04,9.135455,5.965233,2.637909,3.703391
2022-08-05,9.060828,5.966162,2.616361,3.683415
2022-08-08,9.031540,5.967091,2.607904,3.675669
2022-08-09,8.929316,5.968019,2.578386,3.648124
2022-08-10,9.178541,5.968948,2.650351,3.716195
2022-08-11,9.126443,5.969877,2.635307,3.702325
2022-08-12,9.304140,5.970807,2.686618,3.750575
2022-08-15,9.379330,5.971736,2.708330,3.770976
2022-08-16,9.357364,5.972665,2.701987,3.765284
2022-08-17,9.250634,5.973595,2.671168,3.736848
2022-08-18,9.272881,5.974525,2.677592,3.743033
2022-08-19,9.092087,5.975455,2.625387,3.694575
2022-08-22,8.852718,5.976385,2.556268,3.661925
2022-08-23,8.845396,5.977315,2.554153,3.661296
2022-08-24,8.871022,5.978245,2.561553,3.665212
2022-08-25,9.027879,5.979176,2.606847,3.687195
2022-08-26,8.657843,5.980107,2.499997,3.637200
2022-08-29,8.572515,5.981037,2.499136,3.625629
2022-08-30,8.477049,5.981968,2.499525,3.612546
2022-08-31,8.427767,5.982899,2.499914,3.605920
2022-09-01,8.431428,5.983831,2.500303,3.606817
2022-09-02,8.312306,5.984762,2.500692,3.590205
2022-09-06,8.252605,5.985694,2.501081,3.581982
2022-09-07,8.419319,5.986625,2.501470,3.606474
2022-09-08,8.462968,5.987557,2.501860,3.613081
2022-09-09,8.647986,5.988489,2.502249,3.639786
2022-09-12,8.750774,5.989421,2.502639,3.654584
2022-09-13,8.270910,5.990353,2.364219,3.588161
2022-09-14,8.336525,5.991286,2.363405,3.598022
2022-09-15,8.197691,5.992218,2.363773,3.597982
2022-09-16,8.147564,5.993151,2.364141,3.598542
2022-09-19,8.196283,5.994084,2.364509,3.599103
2022-09-20,8.130949,5.995017,2.364877,3.599663
2022-09-21,7.985356,5.995950,2.365245,3.600223
2022-09-22,7.887074,5.996883,2.365613,3.600783
2022-09-23,7.758660,5.997817,2.365981,3.601344
2022-09-26,7.726556,5.998750,2.366349,3.601904
2022-09-27,7.729654,5.999684,2.366718,3.602465
2022-09-28,7.883413,6.000618,2.367086,3.603026
2022-09-29,7.656153,6.001552,2.367454,3.603587
2022-09-30,7.526331,6.002486,2.367823,3.604147
2022-10-03,7.702901,6.003420,2.368192,3.604708
2022-10-04,7.945086,6.004355,2.368560,3.605270
2022-10-05,7.940862,6.005289,2.368929,3.605831
2022-10-06,7.878344,6.006224,2.369298,3.596143
2022-10-07,7.578147,6.007159,2.369666,3.550840
2022-10-10,7.502394,6.008094,2.370035,3.539377
2022-10-11,7.399324,6.009029,2.370404,3.539337
2022-10-12,7.396790,6.009964,2.370773,3.539888
2022-10-13,7.570262,6.010900,2.371142,3.540439
2022-10-14,7.342720,6.011835,2.371511,3.540990
2022-10-17,7.585187,6.012771,2.371880,3.541542
2022-10-18,7.645170,6.013707,2.372249,3.550653
2022-10-19,7.617291,6.014643,2.372619,3.546705
2022-10-20,7.578429,6.015579,2.372988,3.541041
2022-10-21,7.756125,6.016515,2.373357,3.569085
2022-10-24,7.841453,6.017452,2.373727,3.582544
2022-10-25,8.003661,6.018389,2.374096,3.607618
2022-10-26,7.826809,6.019325,2.374466,3.581421
2022-10-27,7.684314,6.020262,2.374835,3.560058
2022-10-28,7.919459,6.021199,2.375205,3.596741
2022-10-31,7.827373,6.022136,2.375575,3.583173
2022-11-01,7.747395,6.023074,2.375944,3.571341
2022-11-02,7.481836,6.024011,2.376314,3.530907
2022-11-03,7.335680,6.024949,2.376684,3.508281
2022-11-04,7.453675,6.025887,2.377054,3.508243
2022-11-07,7.535624,6.026825,2.377424,3.508789
2022-11-08,7.590538,6.027763,2.377794,3.509335
2022-11-09,7.415376,6.028701,2.378164,3.509881
2022-11-10,7.962546,6.029639,2.378534,3.510427
2022-11-11,8.109265,6.030578,2.421150,3.531764
2022-11-14,8.038299,6.031516,2.399962,3.521828
2022-11-15,8.149535,6.032455,2.433174,3.538439
2022-11-16,8.038299,6.033394,2.399962,3.522707
2022-11-17,8.020558,6.034333,2.394665,3.520481
2022-11-18,8.020839,6.035273,2.394749,3.520887
2022-11-21,7.938327,6.036212,2.370114,3.509179
2022-11-22,8.052661,6.037151,2.404250,3.542465
2022-11-23,8.133484,6.038091,2.428381,3.566352
2022-11-25,8.079977,6.039031,2.412406,3.550897
2022-11-28,7.961419,6.039971,2.377009,3.516346
2022-11-29,7.901155,6.040911,2.359016,3.498783
2022-11-30,8.261335,6.041851,2.466553,3.605295
2022-12-01,8.271473,6.042792,2.469580,3.608431
2022-12-02,8.238524,6.043732,2.459743,3.599036
2022-12-05,8.100253,6.044673,2.418460,3.558953
2022-12-06,7.932413,6.045614,2.368349,3.509976
2022-12-07,7.900028,6.046555,2.367533,3.504979
2022-12-08,7.993523,6.047496,2.367901,3.519170
2022-12-09,7.942551,6.048437,2.368270,3.512055
2022-12-12,8.042242,6.049379,2.368638,3.527113
2022-12-13,8.128696,6.050320,2.369007,3.540118
2022-12-14,8.068431,6.051262,2.369376,3.531737
2022-12-15,7.797522,6.052204,2.369745,3.492575
2022-12-16,7.723177,6.053146,2.370114,3.481838
2022-12-19,7.596452,6.054088,2.370482,3.463155
2022-12-20,7.590538,6.055030,2.370851,3.462616
2022-12-21,7.700648,6.055973,2.371220,3.479719
2022-12-22,7.512250,6.056916,2.371590,3.451702
2022-12-23,7.529147,6.057858,2.371959,3.454648
2022-12-27,7.422698,6.058801,2.372328,3.438726
2022-12-28,7.324697,6.059744,2.372697,3.423949
2022-12-29,7.503239,6.060687,2.373066,3.452124
2022-12-30,7.498733,6.061631,2.373436,3.452086
2023-01-03,7.448043,6.062574,2.373805,3.452623
2023-01-04,7.483526,6.063518,2.374175,3.453161
2023-01-05,7.366376,6.064462,2.374544,3.453698
2023-01-06,7.569699,6.065406,2.374914,3.454236
2023-01-09,7.618699,6.066350,2.375283,3.454774
2023-01-10,7.683188,6.067294,2.375653,3.464302
2023-01-11,7.816108,6.068238,2.376023,3.484639
2023-01-12,7.858350,6.069183,2.376393,3.491279
2023-01-13,7.912419,6.070128,2.376763,3.499648
2023-01-17,7.928471,6.071072,2.377133,3.502378
2023-01-18,7.825401,6.072017,2.377503,3.487564
2023-01-19,7.748522,6.072962,2.377873,3.476505
2023-01-20,7.960574,6.073908,2.378243,3.508580
2023-01-23,8.137426,6.074853,2.378613,3.534926
2023-01-24,8.120811,6.075799,2.378983,3.532887
2023-01-25,8.102788,6.076744,2.372516,3.530640
2023-01-26,8.260772,6.077690,2.418775,3.553952
2023-01-27,8.343002,6.078636,2.442852,3.577125
2023-01-30,8.174317,6.079582,2.393460,3.529094
2023-01-31,8.296818,6.080529,2.429329,3.546498
2023-02-01,8.474233,6.081475,2.481276,3.621127
2023-02-02,8.778372,6.082422,2.570329,3.751089
2023-02-03,8.622360,6.083368,2.524648,3.684423
2023-02-06,8.549423,6.084315,2.503292,3.653257
2023-02-07,8.726556,6.085262,2.555157,3.728948
2023-02-08,8.571388,6.086209,2.509724,3.662643
2023-02-09,8.495635,6.087157,2.487543,3.630273
2023-02-10,8.439876,6.088104,2.471217,3.606446
2023-02-13,8.575049,6.089052,2.510796,3.664207
2023-02-14,8.638412,6.090000,2.529348,3.691283
2023-02-15,8.704590,6.090947,2.548726,3.719561
2023-02-16,8.541256,6.091895,2.500901,3.649767
2023-02-17,8.480991,6.092844,2.483255,3.632183
2023-02-21,8.280203,6.093792,2.424464,3.575043
2023-02-22,8.286398,6.094741,2.426278,3.577012
2023-02-23,8.358772,6.095689,2.447469,3.598025
2023-02-24,8.218812,6.096638,2.406489,3.558048
2023-02-27,8.277668,6.097587,2.423722,3.575219
2023-02-28,8.266967,6.098536,2.420589,3.572324
2023-03-01,8.200507,6.099485,2.401129,3.553363
2023-03-02,8.268375,6.100435,2.421001,3.573153
2023-03-03,8.439313,6.101384,2.420167,3.622585
2023-03-06,8.448888,6.102334,2.420544,3.625513
2023-03-07,8.345255,6.103284,2.420920,3.596054
2023-03-08,8.386933,6.104234,2.421297,3.608214
2023-03-09,8.241622,6.105184,2.421674,3.566724
2023-03-10,8.125880,6.106134,2.422051,3.533516
2023-03-13,8.186145,6.107084,2.422428,3.542028
2023-03-14,8.374261,6.244300,2.422805,3.595875
2023-03-15,8.418192,6.277058,2.423182,3.608638
2023-03-16,8.640101,6.442525,2.423559,3.672243
2023-03-17,8.599268,6.412078,2.423937,3.654278
2023-03-20,8.616446,6.424887,2.424314,3.661578
2023-03-21,8.739510,6.516650,2.424691,3.713875
2023-03-22,8.620670,6.428037,2.425069,3.663373
2023-03-23,8.722895,6.504261,2.425446,3.706814
2023-03-24,8.754999,6.528199,2.425824,3.720456
2023-03-27,8.695015,6.483472,2.426201,3.694967
2023-03-28,8.648831,6.449035,2.426579,3.675340
2023-03-29,8.806533,6.566626,2.426957,3.742356
2023-03-30,8.889890,6.628781,2.448704,3.777779
2023-03-31,9.037736,6.739023,2.489427,3.840606
2023-04-03,9.015770,6.722644,2.483377,3.831272
2023-04-04,8.985356,6.699966,2.474999,3.818347
2023-04-05,8.896649,6.633821,2.450565,3.780651
2023-04-06,8.956632,6.678548,2.467087,3.806141
2023-04-10,8.951563,6.674768,2.465691,3.803987
2023-04-11,8.894114,6.631931,2.449867,3.779574
2023-04-12,8.815545,6.573346,2.428225,3.746186
2023-04-13,8.988172,6.702066,2.475775,3.819544
2023-04-14,8.971276,6.689467,2.471121,3.812364
2023-04-17,8.978879,6.695136,2.473215,3.815595
2023-04-18,8.979442,6.695556,2.473371,3.815834
2023-04-19,8.975218,6.692407,2.472207,3.814039
2023-04-20,8.906787,6.641381,2.453358,3.784959
2023-04-21,8.916080,6.648310,2.455917,3.788908
2023-04-24,8.897494,6.634451,2.450798,3.781010
2023-04-25,8.729654,6.509300,2.404567,3.709686
2023-04-26,8.782596,6.548777,2.403738,3.708408
2023-04-27,9.021402,6.726844,2.404113,3.708986
2023-04-28,9.083638,6.773251,2.419488,3.732705
2023-05-01,9.073219,6.765481,2.416712,3.728424
2023-05-02,8.994086,6.706476,2.395635,3.695906
2023-05-03,8.935230,6.662589,2.394810,3.671720
2023-05-04,8.903689,6.639071,2.395182,3.658760
2023-05-05,9.092932,6.780180,2.395555,3.657499
2023-05-08,9.115460,6.796979,2.395928,3.664728
2023-05-09,9.057730,6.753932,2.396301,3.641519
2023-05-10,9.156294,6.827427,2.396674,3.681145
2023-05-11,9.186145,6.849685,2.397047,3.693146
2023-05-12,9.153196,6.825117,2.397420,3.679899
2023-05-15,9.202760,6.862074,2.397793,3.699825
2023-05-16,9.213179,6.869843,2.398166,3.704014
2023-05-17,9.324697,6.952997,2.425981,3.748848
2023-05-18,9.497888,7.082137,2.471039,3.818477
2023-05-19,9.476485,7.066179,2.465471,3.809873
2023-05-22,9.508308,7.089907,2.473750,3.822666
2023-05-23,9.387778,7.000034,2.442392,3.774209
2023-05-24,9.339623,6.964126,2.429864,3.754849
2023-05-25,9.566883,7.133583,2.488989,3.846215
2023-05-26,9.811321,7.315850,2.552584,3.944488
2023-05-30,9.855815,7.349027,2.564160,3.962376
2023-05-31,9.799775,7.307240,2.549580,3.939846
2023-06-01,9.912982,7.391654,2.579033,3.985359
2023-06-02,9.987328,7.447090,2.598375,4.015249
2023-06-05,9.994368,7.452340,2.600207,4.018079
2023-06-06,9.992678,7.451080,2.599767,4.017400
2023-06-07,9.823148,7.324669,2.555661,3.949243
2023-06-08,9.945086,7.415592,2.587385,3.998266
2023-06-09,9.983103,7.443940,2.597276,4.013550
2023-06-12,10.151788,7.569721,2.641163,4.081367
2023-06-13,10.229794,7.627886,2.661457,4.112729
2023-06-14,10.304140,7.683322,2.680799,4.142618
2023-06-15,10.426922,7.774875,2.712743,4.191981
2023-06-16,10.361307,7.725949,2.695672,4.165601
2023-06-20,10.332301,7.704321,2.688126,4.153940
2023-06-21,10.191495,7.599328,2.651493,4.097331
2023-06-22,10.311743,7.688992,2.682778,4.145675
2023-06-23,10.209518,7.612767,2.656182,4.104577
2023-06-26,10.072656,7.510715,2.620575,4.049553
2023-06-27,10.245846,7.639855,2.665633,4.119182
2023-06-28,10.265841,7.654764,2.670835,4.127220
2023-06-29,10.245283,7.639435,2.665487,4.118956
2023-06-30,10.403267,7.757237,2.706589,4.182470
2023-07-03,10.427767,7.775505,2.712963,4.192320
2023-07-05,10.427485,7.775295,2.712890,4.192207
2023-07-06,10.348071,7.716080,2.692229,4.160280
2023-07-07,10.313714,7.690462,2.683290,4.146467
2023-07-10,10.317094,7.692981,2.684170,4.147826
2023-07-11,10.368065,7.730989,2.697431,4.168318
2023-07-12,10.499014,7.828631,2.731499,4.220964
2023-07-13,10.677274,7.961551,2.777877,4.292631
2023-07-14,10.675021,7.959871,2.777291,4.291725
2023-07-17,10.774711,8.034206,2.803227,4.331804
2023-07-18,10.862856,8.099931,2.826159,4.367241
2023-07-19,10.860321,8.098041,2.825500,4.366222
2023-07-20,10.609969,7.911365,2.760366,4.265572
2023-07-21,10.578147,7.887637,2.752087,4.252778
2023-07-24,10.595044,7.900236,2.756483,4.259571
2023-07-25,10.666854,7.953782,2.775166,4.288442
2023-07-26,10.631371,7.927324,2.765934,4.274176
2023-07-27,10.606026,7.908425,2.759340,4.263987
2023-07-28,10.799211,8.052474,2.809601,4.341654
2023-07-31,10.804844,8.056674,2.811066,4.343918
2023-08-01,10.779780,8.037985,2.804546,4.333842
2023-08-02,10.543227,7.861599,2.743002,4.238739
2023-08-03,10.526331,7.849000,2.738606,4.231946
2023-08-04,10.477049,7.812252,2.737663,4.230489
2023-08-07,10.565756,7.878397,2.759462,4.264174
2023-08-08,10.475922,7.811413,2.736000,4.227919
2023-08-09,10.360743,7.725529,2.735058,4.226463
2023-08-10,10.379893,7.739808,2.735483,4.227120
2023-08-11,10.313714,7.690462,2.735909,4.227778
2023-08-14,10.429456,7.776765,2.736335,4.228436
2023-08-15,10.318783,7.694241,2.736761,4.229095
2023-08-16,10.209518,7.612767,2.737187,4.229753
2023-08-17,10.098001,7.529614,2.737613,4.230411
2023-08-18,10.085328,7.520164,2.738039,4.231070
2023-08-21,10.247818,7.641325,2.738465,4.231728
2023-08-22,10.233174,7.630406,2.738891,4.232387
2023-08-23,10.394537,7.750727,2.739318,4.233046
2023-08-24,10.172346,7.585050,2.739744,4.140490
2023-08-25,10.251197,7.643845,2.740171,4.139064
2023-08-28,10.328358,7.701381,2.740597,4.139708
2023-08-29,10.553928,7.869578,2.741024,4.140352
2023-08-30,10.612785,7.913465,2.741450,4.161360
2023-08-31,10.644607,7.937193,2.741877,4.173838
2023-09-01,10.633343,7.928794,2.742304,4.169421
2023-09-05,10.646860,7.938873,2.742731,4.174721
2023-09-06,10.553084,7.868948,2.743157,4.137951
2023-09-07,10.477612,7.812672,2.743584,4.108358
2023-09-08,10.492256,7.823592,2.744011,4.114100
2023-09-11,10.615883,7.915775,2.744439,4.162575
2023-09-12,10.498170,7.828001,2.744866,4.116419
2023-09-13,10.538158,7.857819,2.745293,4.132099
2023-09-14,10.624331,7.922074,2.745720,4.165888
2023-09-15,10.442411,7.786424,2.746148,4.094555
2023-09-18,10.438186,7.783275,2.746575,4.092899
2023-09-19,10.415939,7.766686,2.747003,4.091489
2023-09-20,10.265841,7.654764,2.747430,4.092126
2023-09-21,10.077725,7.514495,2.747858,4.092763
2023-09-22,10.079133,7.515545,2.748286,4.093400
2023-09-25,10.127006,7.551242,2.748713,4.094037
2023-09-26,9.974937,7.437851,2.749141,4.094674
2023-09-27,9.998310,7.455279,2.749569,4.095312
2023-09-28,10.081949,7.517645,2.749997,4.095949
2023-09-29,10.089271,7.523104,2.750425,4.096587
2023-10-02,10.173472,7.585889,2.750853,4.097224
2023-10-03,9.994931,7.452759,2.751281,4.097862
2023-10-04,10.130949,7.554182,2.751710,4.098500
2023-10-05,10.101098,7.531924,2.752138,4.099138
2023-10-06,10.270346,7.658124,2.752566,4.099776
2023-10-09,10.322726,7.697181,2.752995,4.100414
2023-10-10,10.379893,7.739808,2.753423,4.101052
2023-10-11,10.453957,7.795034,2.753852,4.128249
2023-10-12,10.417629,7.767946,2.754280,4.113903
2023-10-13,10.286680,7.670303,2.754709,4.062192
2023-10-16,10.402985,7.757027,2.755138,4.108121
2023-10-17,10.368910,7.731619,2.755567,4.094665
2023-10-18,10.232892,7.630196,2.755996,4.093254
2023-10-19,10.137144,7.558802,2.756425,4.093891
2023-10-20,9.985919,7.446040,2.756854,4.094529
2023-10-23,10.016052,7.468508,2.757283,4.095166
2023-10-24,10.113489,7.541163,2.757712,4.095803
2023-10-25,9.865953,7.356587,2.758141,4.096441
2023-10-26,9.677837,7.216317,2.758570,4.097078
2023-10-27,9.724303,7.250965,2.759000,4.097716
2023-10-30,9.833850,7.332649,2.759429,4.098354
2023-10-31,9.880879,7.367716,2.759859,4.098992
2023-11-01,10.052380,7.495596,2.760288,4.099630
2023-11-02,10.234863,7.631666,2.760718,4.100268
2023-11-03,10.355111,7.721329,2.761148,4.100906
2023-11-06,10.397353,7.752827,2.771025,4.115576
2023-11-07,10.495635,7.826111,2.797218,4.154479
2023-11-08,10.502394,7.831151,2.799020,4.157154
2023-11-09,10.421571,7.770886,2.777480,4.125163
2023-11-10,10.655872,7.945592,2.839923,4.217905
2023-11-13,10.622642,7.920814,2.831067,4.204752
2023-11-14,10.851309,8.091321,2.892010,4.295265
2023-11-15,10.859476,8.097411,2.894187,4.298498
2023-11-16,10.868769,8.104340,2.896663,4.302177
2023-11-17,10.871304,8.106230,2.897339,4.303180
2023-11-20,11.003661,8.204923,2.932614,4.355571
2023-11-21,10.939735,8.157256,2.915577,4.330267
2023-11-22,10.984511,8.190644,2.927510,4.347991
2023-11-24,10.969023,8.179095,2.923382,4.341860
2023-11-27,10.959448,8.171955,2.920830,4.338070
2023-11-28,10.988172,8.193374,2.928486,4.349440
2023-11-29,10.977471,8.185394,2.925634,4.345204
2023-11-30,10.949873,8.164816,2.918279,4.334280
2023-12-01,10.981132,8.188124,2.926609,4.346653
2023-12-04,10.879189,8.112110,2.899440,4.306301
2023-12-05,10.906505,8.132478,2.906720,4.317114
2023-12-06,10.843424,8.085442,2.889909,4.292144
2023-12-07,10.994931,8.198413,2.930287,4.352115
2023-12-08,11.043931,8.234951,2.943346,4.371511
2023-12-11,11.138271,8.305295,2.968489,4.408853
2023-12-12,11.226978,8.371440,2.992131,4.443966
2023-12-13,11.369755,8.477902,3.030182,4.500481
2023-12-14,11.359899,8.470553,3.027555,4.496580
2023-12-15,11.414813,8.511500,3.042191,4.518316
2023-12-18,11.463813,8.548037,3.055250,4.537712
2023-12-19,11.522388,8.591714,3.070861,4.560898
2023-12-20,11.351169,8.464043,3.025229,4.493124
2023-12-21,11.483244,8.562526,3.060429,4.545404
2023-12-22,11.500422,8.575335,3.065007,4.552203
2023-12-26,11.570825,8.627831,3.083770,4.580071
2023-12-27,11.588285,8.640850,3.088423,4.586982
2023-12-28,11.582653,8.636650,3.086922,4.584752
2023-12-29,11.532526,8.599273,3.073563,4.564911
2024-01-02,11.337370,8.453754,3.021551,4.487662
2024-01-03,11.217404,8.364301,2.989579,4.440176
2024-01-04,11.159673,8.321254,2.988549,4.438647
2024-01-05,11.172909,8.331123,2.989014,4.439338
2024-01-08,11.403830,8.503310,2.989479,4.440029
2024-01-09,11.426359,8.520109,2.993888,4.446576
2024-01-10,11.503802,8.577855,3.014179,4.476713
2024-01-11,11.527739,8.595704,3.020451,4.486028
2024-01-12,11.533652,8.600113,3.022000,4.488329
2024-01-16,11.532526,8.599273,3.021705,4.487891
2024-01-17,11.467474,8.550767,3.004660,4.462576
2024-01-18,11.630245,8.672138,3.047309,4.525918
2024-01-19,11.860884,8.844115,3.107740,4.615672
2024-01-22,11.876373,8.855664,3.111799,4.621699
2024-01-23,11.925655,8.892411,3.124711,4.640877
2024-01-24,11.991833,8.941757,3.142051,4.666631
2024-01-25,12.006477,8.952677,3.145888,4.672329
2024-01-26,11.934948,8.899341,3.127146,4.644494
2024-01-29,12.057167,8.990474,3.159169,4.692055
2024-01-30,11.976908,8.930628,3.138140,4.660822
2024-01-31,11.742326,8.755711,3.076676,4.569535
2024-02-01,11.880597,8.858814,3.112905,4.623343
2024-02-02,12.081386,9.008532,3.165515,4.701480
2024-02-05,12.065615,8.996773,3.161383,4.695343
2024-02-06,12.041397,8.978715,3.155037,4.685918
2024-02-07,12.165306,9.071108,3.187503,4.734137
2024-02-08,12.187834,9.087907,3.193406,4.742905
2024-02-09,12.307801,9.177360,3.224839,4.789590
2024-02-12,12.259645,9.141452,3.212222,4.770850
2024-02-13,12.068431,8.998873,3.162121,4.696439
2024-02-14,12.199944,9.096936,3.196579,4.747617
2024-02-15,12.236271,9.124024,3.206098,4.761754
2024-02-16,12.125317,9.041290,3.177026,4.718576
2024-02-20,12.033793,8.973045,3.153045,4.682959
2024-02-21,11.985638,8.937138,3.140428,4.664220
2024-02-22,12.336525,9.198778,3.139346,4.662613
2024-02-23,12.300197,9.171690,3.128536,4.646559
2024-02-26,12.293720,9.166861,3.126889,4.644112
2024-02-27,12.323289,9.188909,3.134410,4.655282
2024-02-28,12.257674,9.139983,3.117721,4.630495
2024-02-29,12.362715,9.218307,3.144438,4.670175
2024-03-01,12.548859,9.357106,3.191783,4.740494
2024-03-04,12.504083,9.323719,3.180395,4.723579
2024-03-05,12.279640,9.156361,3.123308,4.638793
2024-03-06,12.356801,9.213897,3.142934,4.667941
2024-03-07,12.544354,9.353747,3.190637,4.738792
2024-03-08,12.363278,9.218727,3.144581,4.670388
2024-03-11,12.317375,9.184499,3.132906,4.653048
2024-03-12,12.493945,9.316159,3.177816,4.719749
2024-03-13,12.397916,9.244555,3.153391,4.683473
2024-03-14,12.366657,9.221246,3.145440,4.671665
2024-03-15,12.219656,9.111635,3.108051,4.616133
2024-03-18,12.319910,9.186389,3.106981,4.654005
2024-03-19,12.350605,9.209277,3.107464,4.665601
2024-03-20,12.497043,9.318469,3.107948,4.663994
2024-03-21,12.556181,9.362566,3.108432,4.683722
2024-03-22,12.570544,9.373275,3.108915,4.689079
2024-03-25,12.524923,9.339258,3.109399,4.672062
2024-03-26,12.484371,9.309020,3.109883,4.656935
2024-03-27,12.526894,9.340727,3.110367,4.672797
2024-03-28,12.503802,9.323509,3.110851,4.664183
2024-04-01,12.530273,9.343247,3.111336,4.674058
2024-04-02,12.422135,9.262613,3.111820,4.633720
2024-04-03,12.450014,9.283402,3.112304,4.644119
2024-04-04,12.259645,9.141452,3.112789,4.573108
2024-04-05,12.404112,9.249174,3.113273,4.626997
2024-04-08,12.407772,9.251904,3.113758,4.628362
2024-04-09,12.453675,9.286132,3.114242,4.645485
2024-04-10,12.344973,9.205078,3.114727,4.604937
2024-04-11,12.542101,9.352067,3.115212,4.678470
2024-04-12,12.342157,9.202978,3.115697,4.603886
2024-04-15,12.139116,9.051579,3.116182,4.528148
2024-04-16,12.140242,9.052419,3.116667,4.528568
2024-04-17,11.992115,8.941967,3.117152,4.473313
2024-04-18,11.923683,8.890941,3.117637,4.447787
2024-04-19,11.676992,8.706995,3.118122,4.355766
2024-04-22,11.794424,8.794559,3.118608,4.399570
2024-04-23,11.970431,8.925799,3.119093,4.465224
2024-04-24,12.010983,8.956036,3.119579,4.480351
2024-04-25,11.952971,8.912780,3.120064,4.458712
2024-04-26,12.137426,9.050319,3.120550,4.527517
2024-04-29,12.186708,9.087067,3.121036,4.545900
2024-04-30,11.956914,8.915719,3.121521,4.460182
2024-05-01,11.870459,8.851254,3.122007,4.427933
2024-05-02,12.021966,8.964226,3.122493,4.484448
2024-05-03,12.263588,9.144392,3.122979,4.574578
2024-05-06,12.397916,9.244555,3.123465,4.624686
2024-05-07,12.399887,9.246025,3.123951,4.625421
2024-05-08,12.392565,9.240565,3.124438,4.622690
2024-05-09,12.419600,9.260724,3.124924,4.632774
2024-05-10,12.448888,9.282562,3.125410,4.643699
2024-05-13,12.477612,9.303980,3.125897,4.654414
2024-05-14,12.557871,9.363826,3.126383,4.684352
2024-05-15,12.754154,9.510185,3.126870,4.757570
2024-05-16,12.728246,9.490866,3.127357,4.747905
2024-05-17,12.722050,9.486247,3.127843,4.745594
2024-05-20,12.810758,9.552392,3.128330,4.778684
2024-05-21,12.835821,9.571080,3.128817,4.788033
2024-05-22,12.833286,9.569190,3.129304,4.787088
2024-05-23,12.775556,9.526144,3.129791,4.765553
2024-05-24,12.896367,9.616227,3.130278,4.810618
2024-05-28,12.945086,9.652554,3.140533,4.828791
2024-05-29,12.853844,9.584519,3.118397,4.794756
2024-05-30,12.716136,9.481837,3.084989,4.743388
2024-05-31,12.692481,9.464198,3.079250,4.734565
2024-06-03,12.760631,9.515014,3.078189,4.759986
2024-06-04,12.795551,9.541052,3.078668,4.773012
2024-06-05,13.053506,9.733398,3.079147,4.869235
2024-06-06,13.049000,9.730038,3.079627,4.867554
2024-06-07,13.037454,9.721429,3.080106,4.863247
2024-06-10,13.090115,9.760696,3.080585,4.882891
2024-06-11,13.179949,9.827681,3.081065,4.916401
2024-06-12,13.352577,9.956401,3.119859,4.980794
2024-06-13,13.424951,10.010367,3.136770,5.007791
2024-06-14,13.494509,10.062233,3.153022,5.033738
2024-06-17,13.659814,10.185494,3.191646,5.095400
2024-06-18,13.664038,10.188644,3.192633,5.096976
2024-06-20,13.558716,10.110110,3.168024,5.057688
2024-06-21,13.522388,10.083022,3.159536,5.044137
2024-06-24,13.347226,9.952411,3.118609,4.978798
2024-06-25,13.499859,10.066223,3.154272,5.035734
2024-06-26,13.527739,10.087011,3.160786,5.046133
2024-06-27,13.562658,10.113049,3.168945,5.059159
2024-06-28,13.492256,10.060553,3.152495,5.032897
2024-07-01,13.571388,10.119559,3.170985,5.062416
2024-07-02,13.713883,10.225811,3.204279,5.115569
2024-07-03,13.828217,10.311065,3.230994,5.158218
2024-07-05,13.972402,10.418576,3.264683,5.212002
2024-07-08,14.005632,10.443355,3.272447,5.224398
2024-07-09,14.017741,10.452384,3.275276,5.228915
2024-07-10,14.163897,10.561366,3.309426,5.283434
2024-07-11,13.853281,10.329753,3.236850,5.167567
2024-07-12,13.934666,10.390439,3.255866,5.197926
2024-07-15,13.972121,10.418366,3.264617,5.211897
2024-07-16,13.977471,10.422356,3.265867,5.213893
2024-07-17,13.567164,10.116409,3.169998,5.060840
2024-07-18,13.502957,10.068533,3.168906,5.036889
2024-07-19,13.383272,9.979289,3.169399,4.992244
2024-07-22,13.582653,10.127958,3.169893,5.066617
2024-07-23,13.534779,10.092261,3.170386,5.048759
2024-07-24,13.049282,9.730248,3.170880,4.867659
2024-07-25,12.905379,9.622946,3.171373,4.813980
2024-07-26,13.037736,9.721639,3.171867,4.863352
2024-07-29,13.063926,9.741167,3.172360,4.873121
2024-07-30,12.884540,9.607407,3.172854,4.806206
2024-07-31,13.265841,9.891726,3.173348,4.948440
2024-08-01,12.944523,9.652134,3.173842,4.828581
2024-08-02,12.637285,9.423041,3.174336,4.713975
2024-08-05,12.260490,9.142082,3.174830,4.573423
2024-08-06,12.377640,9.229436,3.175324,4.617122
2024-08-07,12.243593,9.129483,3.175819,4.567120
2024-08-08,12.618136,9.408762,3.176313,4.706832
2024-08-09,12.684033,9.457899,3.176807,4.731413
2024-08-12,12.711349,9.478267,3.177302,4.741603
2024-08-13,13.026753,9.713449,3.177796,4.859255
2024-08-14,13.030977,9.716599,3.178291,4.860831
2024-08-15,13.360180,9.962071,3.178786,4.983630
2024-08-16,13.377358,9.974880,3.179280,4.990038
2024-08-19,13.553084,10.105910,3.179775,5.055588
2024-08-20,13.524641,10.084702,3.171516,5.044978
2024-08-21,13.587722,10.131738,3.186308,5.068508
2024-08-22,13.372289,9.971100,3.135789,4.988147
2024-08-23,13.517319,10.079242,3.134709,5.042247
2024-08-26,13.386088,9.981389,3.135197,4.993295
2024-08-27,13.426077,10.011207,3.135685,5.008211
2024-08-28,13.273726,9.897606,3.136173,4.951381
2024-08-29,13.254295,9.883117,3.136661,4.944133
2024-08-30,13.412278,10.000918,3.137150,5.003064
2024-09-03,13.005069,9.697281,3.137638,4.851166
2024-09-04,12.971276,9.672083,3.138126,4.838561
2024-09-05,12.983385,9.681112,3.138615,4.843078
2024-09-06,12.635596,9.421781,3.139103,4.713345
2024-09-09,12.798085,9.542942,3.139592,4.773957
2024-09-10,12.916362,9.631136,3.140080,4.818077
2024-09-11,13.196846,9.840280,3.140569,4.922703
2024-09-12,13.326387,9.936873,3.141058,4.971025
2024-09-13,13.386088,9.981389,3.153552,4.993295
2024-09-16,13.326950,9.937293,3.139620,4.971235
2024-09-17,13.333990,9.942542,3.138539,4.973861
2024-09-18,13.276260,9.899495,3.139027,4.952327
2024-09-19,13.611940,10.149797,3.139516,5.077542
2024-09-20,13.586032,10.130478,3.140005,5.067878
2024-09-23,13.602929,10.143077,3.140493,5.074181
2024-09-24,13.668544,10.192003,3.140982,5.098657
2024-09-25,13.681217,10.201453,3.141471,5.103384
2024-09-26,13.784005,10.278097,3.141960,5.141726
2024-09-27,13.707406,10.220981,3.142449,5.113153
2024-09-30,13.744579,10.248699,3.142938,5.127019
2024-10-01,13.553084,10.105910,3.097600,5.055588
2024-10-02,13.572233,10.120189,3.096533,5.062731
2024-10-03,13.562095,10.112629,3.097015,5.058949
2024-10-04,13.723458,10.232950,3.097497,5.119141
2024-10-07,13.576457,10.123339,3.097979,5.064306
2024-10-08,13.779217,10.274527,3.098461,5.139940
2024-10-09,13.887637,10.355371,3.098944,5.180383
2024-10-10,13.871867,10.343612,3.099426,5.174501
2024-10-11,13.893551,10.359781,3.099908,5.182589
2024-10-14,14.010138,10.446714,3.124358,5.226079
2024-10-15,13.822867,10.307075,3.082595,5.156222
2024-10-16,13.824556,10.308335,3.082972,5.156853
2024-10-17,13.834131,10.315474,3.085107,5.160424
2024-10-18,13.924810,10.383089,3.105329,5.194249
2024-10-21,13.951563,10.403038,3.111295,5.204229
2024-10-22,13.966770,10.414377,3.114687,5.209901
2024-10-23,13.752746,10.254789,3.066958,5.130066
2024-10-24,13.864264,10.337942,3.065901,5.171664
2024-10-25,13.948747,10.400938,3.066379,5.203178
2024-10-28,13.951000,10.402618,3.066856,5.204019
2024-10-29,14.085046,10.502570,3.067333,5.254021
2024-10-30,13.978598,10.423196,3.067811,5.214313
2024-10-31,13.625739,10.160086,3.068288,5.082690
2024-11-01,13.726556,10.235260,3.068766,5.120296
2024-11-04,13.686567,10.205442,3.069244,5.105380
2024-11-05,13.861166,10.335633,3.069721,5.170509
2024-11-06,14.237680,10.616382,3.070199,5.310956
2024-11-07,14.461842,10.783529,3.070677,5.394574
2024-11-08,14.478738,10.796128,3.071155,5.400876
2024-11-11,14.470290,10.789829,3.071633,5.397725
2024-11-12,14.444100,10.770300,3.072111,5.387956
2024-11-13,14.425514,10.756441,3.066624,5.381023
2024-11-14,14.325260,10.681687,3.045312,5.343626
2024-11-15,13.983948,10.427186,2.972754,5.216309
2024-11-18,14.081104,10.499630,2.971730,5.252550
2024-11-19,14.177978,10.571865,2.972193,5.288686
2024-11-20,14.169811,10.565775,2.972656,5.285640
2024-11-21,14.220783,10.603782,2.973118,5.304654
2024-11-22,14.243593,10.620791,2.973581,5.313162
2024-11-25,14.266122,10.637590,2.974044,5.321566
2024-11-26,14.342720,10.694706,2.974507,5.350139
2024-11-27,14.229794,10.610502,2.974970,5.308015
2024-11-29,14.354830,10.703735,2.975433,5.354656
2024-12-02,14.511124,10.820276,2.975896,5.412957
2024-12-03,14.555618,10.853454,2.976359,5.429554
2024-12-04,14.735567,10.987634,2.976822,5.496679
2024-12-05,14.694734,10.957186,2.977286,5.481447
2024-12-06,14.826246,11.055249,2.977749,5.530504
2024-12-09,14.710786,10.969155,2.978213,5.487435
2024-12-10,14.660659,10.931778,2.978676,5.468737
2024-12-11,14.923120,11.127483,2.979140,5.566640
2024-12-12,14.826809,11.055669,2.958433,5.530714
2024-12-13,14.940299,11.140292,2.981078,5.573048
2024-12-16,15.155449,11.300720,3.024007,5.653304
2024-12-17,15.088707,11.250954,3.010690,5.628408
2024-12-18,14.544354,10.845054,2.902074,5.425352
2024-12-19,14.479583,10.796758,2.901074,5.401192
2024-12-20,14.606026,10.891041,2.901526,5.448358
2024-12-23,14.724585,10.979444,2.901978,5.492582
2024-12-24,14.924247,11.128323,2.902429,5.567060
2024-12-26,14.914109,11.120764,2.902881,5.563279
2024-12-27,14.715855,10.972935,2.903333,5.489326
2024-12-30,14.520135,10.826996,2.903785,5.416318
2024-12-31,14.396790,10.735023,2.904237,5.370308
2025-01-02,14.368629,10.714024,2.904689,5.359803
2025-01-03,14.603774,10.889361,2.905141,5.447517
2025-01-06,14.771614,11.014512,2.905593,5.510125
2025-01-07,14.508026,10.817966,2.906045,5.411801
2025-01-08,14.510560,10.819856,2.906498,5.412747
2025-01-10,14.283019,10.650189,2.906950,5.327869
2025-01-13,14.237116,10.615962,2.907403,5.310746
2025-01-14,14.223599,10.605882,2.907855,5.305704
2025-01-15,14.550831,10.849884,2.908308,5.427768
2025-01-16,14.448888,10.773870,2.908760,5.389741
2025-01-17,14.692763,10.955716,2.909213,5.480712
2025-01-21,14.778936,11.019971,2.909666,5.512856
2025-01-22,14.967896,11.160871,2.910119,5.583343
2025-01-23,14.999718,11.184599,2.910572,5.595213
2025-01-24,14.914954,11.121394,2.911025,5.563594
2025-01-27,14.480710,10.797598,2.911478,5.401612
2025-01-28,14.694734,10.957186,2.911931,5.481447
2025-01-29,14.667136,10.936607,2.912384,5.471153
2025-01-30,14.729654,10.983224,2.912838,5.494473
2025-01-31,14.708251,10.967265,2.913291,5.486490
2025-02-03,14.590538,10.879492,2.913744,5.442580
2025-02-04,14.769642,11.013042,2.914198,5.509390
2025-02-05,14.836666,11.063018,2.914652,5.534391
2025-02-06,14.914109,11.120764,2.915105,5.563279
2025-02-07,14.725993,10.980494,2.915559,5.493107
2025-02-10,14.904252,11.113414,2.916013,5.559602
2025-02-11,14.868769,11.086956,2.916467,5.546366
2025-02-12,14.877499,11.093466,2.916921,5.549623
2025-02-13,15.091524,11.253054,2.917375,5.629458
2025-02-14,15.154886,11.300300,2.917829,5.653094
2025-02-18,15.189242,11.325918,2.918283,5.665909
2025-02-19,15.193467,11.329068,2.918737,5.667485
2025-02-20,15.128978,11.280982,2.919191,5.643429
2025-02-21,14.814982,11.046849,2.919646,5.526302
2025-02-24,14.640101,10.916449,2.920100,5.461068
2025-02-25,14.455646,10.778909,2.920555,5.392263
2025-02-26,14.490566,10.804947,2.921009,5.405288
2025-02-27,14.088144,10.504880,2.921464,5.255176
2025-02-28,14.310617,10.670767,2.921919,5.338163
2025-03-03,13.997466,10.437265,2.922373,5.221351
2025-03-04,13.955224,10.405767,2.922828,5.205594
2025-03-05,14.137144,10.541417,2.923283,5.273455
2025-03-06,13.748240,10.251429,2.923738,5.128385
2025-03-07,13.849338,10.326813,2.924193,5.126619
2025-03-10,13.312588,9.926583,2.924649,5.127417
2025-03-11,13.280766,9.902855,2.925104,5.128215
2025-03-12,13.430583,10.014567,2.925559,5.129013
2025-03-13,13.188961,9.834400,2.926014,5.129811
2025-03-14,13.507744,10.072102,2.926470,5.130610
2025-03-17,13.595325,10.137408,2.926925,5.131408
2025-03-18,13.363560,9.964591,2.927381,5.132207
2025-03-19,13.542382,10.097931,2.927837,5.133006
2025-03-20,13.496480,10.063703,2.928292,5.133805
2025-03-21,13.540974,10.096881,2.928748,5.134604
2025-03-24,13.817516,10.303085,2.929204,5.135403
2025-03-25,13.896367,10.361881,2.929660,5.136202
2025-03-26,13.640665,10.171215,2.930116,5.041693
2025-03-27,13.562940,10.113259,2.930572,5.012965
2025-03-28,13.205858,9.846999,2.931028,4.880985
2025-03-31,13.205294,9.846579,2.931484,4.880777
2025-04-01,13.311743,9.925953,2.931941,4.920121
2025-04-02,13.408899,9.998398,2.932397,4.956030
2025-04-03,12.691073,9.463148,2.932853,4.690716
2025-04-04,11.902844,8.875402,2.933310,4.399381
2025-04-07,11.931569,8.896821,2.933766,4.409998
2025-04-08,11.716700,8.736603,2.934223,4.408479
2025-04-09,13.123064,9.785264,2.934680,4.409165
2025-04-10,12.564911,9.369075,2.935137,4.409851
2025-04-11,12.796395,9.541682,2.935593,4.410538
2025-04-14,12.883132,9.606358,2.936050,4.411224
2025-04-15,12.897494,9.603049,2.936507,4.411911
2025-04-16,12.508589,9.604544,2.936964,4.412598
2025-04-17,12.506336,9.606038,2.937422,4.413284
2025-04-21,12.196846,9.607534,2.937879,4.413971
2025-04-22,12.517037,9.609029,2.938336,4.414658
2025-04-23,12.800901,9.610525,2.938793,4.415346
2025-04-24,13.161081,9.612021,2.939251,4.416033
2025-04-25,13.307801,9.613517,2.939708,4.416720
2025-04-28,13.303576,9.615013,2.940166,4.417408
2025-04-29,13.391439,9.616510,2.940623,4.418095
2025-04-30,13.389749,9.618006,2.941081,4.418783
2025-05-01,13.564630,9.619503,2.941539,4.419471
2025-05-02,13.765981,9.621001,2.983710,4.420159
2025-05-05,13.684314,9.622498,2.966009,4.420847
2025-05-06,13.557026,9.623996,2.938420,4.421535
2025-05-07,13.610251,9.625494,2.937408,4.422223
2025-05-08,13.750774,9.626992,2.937865,4.422911
2025-05-09,13.741763,9.628491,2.938323,4.423600
2025-05-12,14.301605,9.629989,2.938780,4.424288
2025-05-13,14.519572,9.631488,2.939237,4.424977
2025-05-14,14.606590,9.632987,2.939695,4.425666
2025-05-15,14.622642,9.634487,2.940152,4.426354
2025-05-16,14.686286,9.635986,2.940610,4.427043
2025-05-19,14.700366,9.637486,2.941958,4.427732
2025-05-20,14.651366,9.638986,2.932151,4.428422
2025-05-21,14.447761,9.640487,2.891404,4.429111
2025-05-22,14.474796,9.641987,2.896815,4.429800
2025-05-23,14.340749,9.643488,2.869988,4.430490
2025-05-27,14.678119,9.644989,2.937505,4.431179
2025-05-28,14.613067,9.646490,2.924487,4.431869
2025-05-29,14.641791,9.647992,2.930235,4.432559
2025-05-30,14.618699,9.649493,2.925614,4.433249
2025-06-02,14.734159,9.650995,2.948721,4.433939
2025-06-03,14.849338,9.652497,2.971771,4.434629
2025-06-04,14.890735,9.654000,2.980056,4.435319
2025-06-05,14.778654,9.655502,2.957625,4.436010
2025-06-06,14.923120,9.657005,2.986537,4.436700
2025-06-09,14.945086,9.658508,2.990933,4.437391
2025-06-10,15.043931,9.660012,3.010715,4.438081
2025-06-11,14.993241,9.661515,3.000570,4.438772
2025-06-12,15.028443,9.663019,3.007615,4.439463
2025-06-13,14.839763,9.664523,2.969855,4.440154
2025-06-16,15.046184,9.666028,3.011166,4.440845
2025-06-17,14.899465,9.667532,2.981803,4.441536
2025-06-18,14.896930,9.669037,2.981296,4.442228
2025-06-20,14.836103,9.670542,2.980269,4.442919
2025-06-23,14.971839,9.672047,2.980733,4.443611
2025-06-24,15.200789,9.673552,2.981197,4.444302
2025-06-25,15.239651,9.693435,2.981661,4.444994
2025-06-26,15.382146,9.784071,2.982125,4.445686
2025-06-27,15.434807,9.817567,2.982589,4.446378
2025-06-30,15.534779,9.881156,3.000406,4.472940
2025-07-01,15.403830,9.797864,2.975115,4.435235
2025-07-02,15.511124,9.866109,2.995838,4.466129
2025-07-03,15.663757,9.963194,3.025317,4.510076
2025-07-07,15.545762,9.888142,3.002528,4.476102
2025-07-08,15.554492,9.893694,3.004214,4.478616
2025-07-09,15.664602,9.963732,3.025480,4.510320
2025-07-10,15.642073,9.949402,3.021129,4.503833
2025-07-11,15.606871,9.927011,3.014330,4.493697
2025-07-14,15.663475,9.963015,3.025263,4.509995
2025-07-15,15.677837,9.972150,3.028037,4.514130
2025-07-16,15.693889,9.982360,3.031137,4.518752
2025-07-17,15.820896,10.063145,3.055667,4.555321
2025-07-18,15.805689,10.053472,3.052730,4.550943
2025-07-21,15.887637,10.105597,3.068558,4.574538
2025-07-22,15.805407,10.053293,3.052676,4.550862
2025-07-23,15.877499,10.099149,3.066600,4.571619
2025-07-24,15.911293,10.120644,3.073127,4.581349
2025-07-25,15.949592,10.145004,3.080524,4.592377
2025-07-28,15.999437,10.176709,3.090151,4.606729
2025-07-29,15.974655,10.160946,3.085365,4.599593
2025-07-30,15.996057,10.174560,3.089498,4.605756
2025-07-31,15.911293,10.120644,3.073127,4.581349
2025-08-01,15.597860,9.921279,3.012590,4.491103
2025-08-04,15.885666,10.104343,3.068177,4.573971
2025-08-05,15.777809,10.035739,3.047346,4.542915
2025-08-06,15.976345,10.162021,3.085691,4.600080
2025-08-07,16.030414,10.196413,3.096134,4.615648
2025-08-08,16.179949,10.291527,3.125015,4.658704
2025-08-11,16.132075,10.261076,3.115769,4.644920
2025-08-12,16.334835,10.390045,3.154930,4.703300
2025-08-13,16.343002,10.395240,3.156508,4.705652
2025-08-14,16.330329,10.387179,3.154060,4.702003
2025-08-15,16.258519,10.341503,3.140190,4.681327
2025-08-18,16.252042,10.337383,3.138939,4.679462
2025-08-19,16.031540,10.197129,3.096352,4.615972
2025-08-20,15.936356,10.136586,3.077967,4.588566
2025-08-21,15.862574,10.089655,3.076907,4.567322
2025-08-22,16.107294,10.245313,3.077386,4.637784
2025-08-25,16.060828,10.215758,3.066974,4.624405
2025-08-26,16.125317,10.256777,3.079289,4.642974
2025-08-27,16.150099,10.272540,3.084022,4.650109
2025-08-28,16.251197,10.336845,3.103327,4.679218
2025-08-29,16.063081,10.217191,3.067405,4.625054
2025-09-02,15.928471,10.131570,3.066348,4.586296
2025-09-03,16.053788,10.211280,3.066825,4.622378
2025-09-04,16.199099,10.303708,3.067303,4.664218
2025-09-05,16.222473,10.318575,3.067780,4.670948
2025-09-08,16.301605,10.368908,3.068258,4.693732
2025-09-09,16.347789,10.398285,3.068735,4.707030
2025-09-10,16.353140,10.401688,3.069213,4.708571
2025-09-11,16.448324,10.462232,3.069691,4.735977
2025-09-12,16.520980,10.508446,3.070168,4.756897
2025-09-15,16.662349,10.598365,3.070646,4.797602
2025-09-16,16.648268,10.589409,3.071124,4.793547
2025-09-17,16.615038,10.568273,3.071602,4.783979
2025-09-18,16.764855,10.663566,3.072080,4.827116
2025-09-19,16.878344,10.735753,3.091330,4.859793
2025-09-22,16.958603,10.786803,3.106030,4.882902
2025-09-23,16.845959,10.715154,3.085399,4.850469
2025-09-24,16.786821,10.677538,3.074567,4.833441
2025-09-25,16.714447,10.631503,3.061312,4.812602
2025-09-26,16.783160,10.675209,3.073897,4.832387
2025-09-29,16.860884,10.724647,3.088132,4.854766
2025-09-30,16.907068,10.754024,3.096591,4.868064
2025-10-01,16.988172,10.805611,3.111446,4.891416
2025-10-02,17.058012,10.850034,3.124237,4.911525
2025-10-03,16.986201,10.804357,3.111085,4.890849
2025-10-06,17.113771,10.885500,3.134450,4.927580
2025-10-07,17.023655,10.828181,3.117945,4.901633
2025-10-08,17.218812,10.952313,3.153688,4.957824
2025-10-09,17.197972,10.939058,3.149871,4.951824
2025-10-10,16.600957,10.559317,3.040526,4.779925
2025-10-13,16.953253,10.783400,3.039479,4.881362
2025-10-14,16.840327,10.711571,3.039952,4.848847
2025-10-15,16.959166,10.787161,3.040425,4.883064
2025-10-16,16.896367,10.747217,3.040898,4.864983
2025-10-17,17.007322,10.817791,3.041372,4.896930
2025-10-20,17.221628,10.954104,3.041845,4.958635
2025-10-21,17.217122,10.951238,3.042318,4.957338
2025-10-22,17.051253,10.845735,3.042792,4.909579
2025-10-23,17.194593,10.936908,3.043266,4.950851
2025-10-24,17.378203,11.053697,3.043739,5.003718
2025-10-27,17.687694,11.250553,3.044213,5.092830
2025-10-28,17.823712,11.337070,3.044687,5.131994
2025-10-29,17.903971,11.388120,3.045161,5.155103
2025-10-30,17.630245,11.214012,3.045635,5.076289
2025-10-31,17.715291,11.268107,3.046109,5.100776
2025-11-03,17.800056,11.322023,3.046583,5.125183
2025-11-04,17.438750,11.092208,3.047057,5.021151
2025-11-05,17.552239,11.164395,3.047531,5.053828
2025-11-06,17.225289,10.956433,3.048006,4.959689
2025-11-07,17.170938,10.921862,3.048480,4.944040
2025-11-10,17.550831,11.163499,3.048955,5.053423
2025-11-11,17.504083,11.133765,3.049429,5.039963
2025-11-12,17.490284,11.124988,3.049904,5.035990
2025-11-13,17.133202,10.897859,3.050379,4.933175
2025-11-14,17.146156,10.906099,3.050853,4.936905
2025-11-17,16.999718,10.812955,3.051328,4.894741
2025-11-18,16.792734,10.681299,3.051803,4.835144
2025-11-19,16.892988,10.745067,3.052278,4.864010
2025-11-20,16.493101,10.490712,3.052753,4.748870
2025-11-21,16.617009,10.569527,3.053228,4.784547
2025-11-24,17.041960,10.839824,3.053704,4.906903
2025-11-25,17.147001,10.906637,3.054179,4.937148
2025-11-26,17.298507,11.003005,3.054654,4.980771
2025-11-28,17.438750,11.092208,3.055130,5.021151
2025-12-01,17.380175,11.054951,3.055605,5.004286
2025-12-02,17.516193,11.141467,3.056081,5.043449
2025-12-03,17.558997,11.168694,3.056557,5.055774
2025-12-04,17.542664,11.158305,3.057032,5.051071
2025-12-05,17.614193,11.203802,3.057508,5.071667
2025-12-08,17.580400,11.182307,3.057984,5.061937
2025-12-09,17.602084,11.196100,3.058460,5.068180
2025-12-10,17.674176,11.241955,3.058936,5.088938
2025-12-11,17.617009,11.205593,3.059412,5.072478
2025-12-12,17.280203,10.991362,3.059888,4.975501
2025-12-15,17.193467,10.936192,3.060365,4.950527
2025-12-16,17.227542,10.957866,3.060841,4.960338
2025-12-17,16.908195,10.754740,3.061317,4.868388
2025-12-18,17.153196,10.910577,3.061794,4.938932
2025-12-19,17.376795,11.052801,3.062270,5.003313
2025-12-22,17.437623,11.091492,3.062747,5.020827
2025-12-23,17.519290,11.143437,3.063224,5.044341
2025-12-24,17.570544,11.176038,3.063701,5.059099
2025-12-26,17.569417,11.175321,3.064177,5.058774
2025-12-29,17.484371,11.121226,3.064654,5.034287
2025-12-30,17.443819,11.095432,3.065131,5.022611
2025-12-31,17.299634,11.003721,3.065609,4.981096
2026-01-02,17.266122,10.982406,3.066086,4.971446
2026-01-05,17.403267,11.069639,3.066563,5.010935
2026-01-06,17.556181,11.166903,3.067040,5.054963
2026-01-07,17.573078,11.177650,3.067518,5.059828
2026-01-08,17.473106,11.114061,3.067995,5.031044
2026-01-09,17.647142,11.224759,3.068473,5.081154
2026-01-12,17.661785,11.234074,3.068950,5.085370
2026-01-13,17.635596,11.217415,3.069428,5.077829
2026-01-14,17.447198,11.097582,3.069906,5.023584
2026-01-15,17.509997,11.137526,3.070383,5.041666
2026-01-16,17.495353,11.128212,3.070861,5.037449
2026-01-20,17.123627,10.891769,3.071339,4.930418
2026-01-21,17.355111,11.039009,3.071817,4.997069
2026-01-22,17.481273,11.119256,3.072296,5.033395
2026-01-23,17.536469,11.154364,3.072774,5.049288
2026-01-26,17.613630,11.203444,3.073252,5.071505
2026-01-27,17.773303,11.305007,3.073730,5.117479
2026-01-28,17.832160,11.342443,3.074209,5.134426
2026-01-29,17.725429,11.274556,3.074687,5.103695
2026-01-30,17.512532,11.139139,3.075166,5.042395
2026-02-02,17.632779,11.215624,3.075645,5.077018
2026-02-03,17.361870,11.043308,3.076123,4.999015
2026-02-04,17.058575,10.850392,3.076602,4.911687
2026-02-05,16.813010,10.694196,3.077081,4.840982
2026-02-06,17.168403,10.920250,3.077560,4.943310
2026-02-09,17.299916,11.003900,3.078039,4.981177
2026-02-10,17.219656,10.952850,3.078518,4.958068
2026-02-11,17.265841,10.982227,3.078997,4.971365
2026-02-12,16.914672,10.758860,3.079476,4.870253
2026-02-13,16.950718,10.781788,3.079956,4.880632
2026-02-17,16.933258,10.770682,3.080435,4.875605
2026-02-18,17.059701,10.851108,3.080915,4.912012
2026-02-19,16.994368,10.809552,3.081394,4.893200
2026-02-20,17.144748,10.905204,3.081874,4.936499
2026-02-23,16.936356,10.772652,3.082353,4.876497
2026-02-24,17.118277,10.888366,3.082833,4.928877
2026-02-25,17.366376,11.046174,3.083313,5.000313
2026-02-26,17.156857,10.912906,3.083793,4.939986
2026-02-27,17.101943,10.877977,3.084273,4.924174
2026-03-02,17.124472,10.892307,3.084753,4.930661
2026-03-03,16.941143,10.775697,3.085233,4.877875
2026-03-04,17.199380,10.939953,3.085713,4.952229
2026-03-05,17.147564,10.906995,3.086194,4.937310
2026-03-06,16.889609,10.742918,3.086674,4.863037
2026-03-09,17.115179,10.886396,3.087154,4.927985
2026-03-10,17.115460,10.886575,3.087635,4.928066
2026-03-11,17.113208,10.885142,3.088116,4.927418
2026-03-12,16.819487,10.698316,3.088596,4.842847
2026-03-13,16.719797,10.634907,3.089077,4.814143
2026-03-16,16.907350,10.754203,3.089558,4.868145
2026-03-17,16.989862,10.806686,3.090039,4.891903
2026-03-18,16.753027,10.656043,3.090520,4.823711
2026-03-19,16.700084,10.622368,3.091001,4.808467
2026-03-20,16.391439,10.426049,3.091482,4.719598
2026-03-23,16.558716,10.532448,3.091963,4.767762
2026-03-24,16.445508,10.460440,3.092444,4.735167
2026-03-25,16.553647,10.529224,3.092926,4.766303
2026-03-26,16.158547,10.277914,3.093407,4.652542
2026-03-27,15.842861,10.077117,3.093889,4.653266
2026-03-30,15.721769,10.000094,3.094370,4.653990
2026-03-31,16.254013,10.338637,3.094852,4.654714
2026-04-01,16.454801,10.466352,3.095333,4.655439
2026-04-02,16.473669,10.478353,3.095815,4.656164
2026-04-06,16.572796,10.541404,3.096297,4.656888
2026-04-07,16.575331,10.543016,3.096779,4.657613
2026-04-08,17.068150,10.856482,3.097261,4.658338
2026-04-09,17.183610,10.929923,3.097743,4.659063
2026-04-10,17.208392,10.945685,3.098225,4.663449
2026-04-13,17.386370,11.058891,3.128704,4.711681
2026-04-14,17.702056,11.259688,3.185512,4.797232
2026-04-15,17.949873,11.417317,3.230107,4.864390
2026-04-16,18.036328,11.472308,3.245664,4.887819
2026-04-17,18.272318,11.622413,3.288131,4.951772
2026-04-20,18.214306,11.585514,3.277692,4.936051
2026-04-21,18.145030,11.541449,3.265226,4.917277
2026-04-22,18.448606,11.734544,3.319855,4.999546
2026-04-23,18.344692,11.668448,3.301155,4.971385
2026-04-24,18.695579,11.891635,3.364298,5.066475
2026-04-27,18.705435,11.897905,3.366071,5.069146
2026-04-28,18.517319,11.778250,3.332220,5.018167
2026-04-29,18.630527,11.850258,3.352591,5.048846
2026-04-30,18.804280,11.960777,3.383859,5.095933
2026-05-01,18.984793,12.075595,3.416342,5.144852
2026-05-04,18.949028,12.052846,3.409906,5.135159
2026-05-05,19.194875,12.209221,3.454147,5.201783
2026-05-06,19.593636,12.462859,3.525904,5.309847
2026-05-07,19.570262,12.447992,3.521698,5.303513
2026-05-08,20.029006,12.739784,3.604250,5.427832
2026-05-11,20.087018,12.776683,3.614689,5.443553
2026-05-12,19.916643,12.668314,3.584030,5.397382
2026-05-13,20.127006,12.802119,3.621885,5.454390
2026-05-14,20.270065,12.893114,3.647629,5.493158
2026-05-15,19.964235,12.698586,3.592594,5.410279
2026-05-18,19.878344,12.643953,3.577138,5.387003
2026-05-19,19.755843,12.566034,3.555094,5.353805
2026-05-20,20.083075,12.774176,3.613980,5.442484
2026-05-21,20.121374,12.798536,3.620872,5.452863
2026-05-22,20.206702,12.852811,3.636227,5.475987
2026-05-26,20.565475,13.081014,3.700788,5.573214
2026-05-27,20.542101,13.066147,3.696582,5.566880
2026-05-28,20.715291,13.176307,3.727748,5.613814
2026-05-29,20.791608,13.224850,3.741481,5.634496
