"Date","Open","High","Low","Close","Volume","Result CCI (40)","MA ma (30,C,ma,0)","MA ma (2,C,ma,0)","MA ma (40,C,ma,0)","Awesome_hist","MA ma (60,C,ma,0)","MACD macd (12,26,9)","Signal macd (12,26,9)","macd (12,26,9)_hist","MA ma (13,O,ma,0)","+DI ADX (14,14,y,n)","-DI ADX (14,14,y,n)","ADX ADX (14,14,y,n)"
"2004-01-30T05:00:00.000Z","6.09","6.16","6.09","6.13","940,800","","","","","","","","","","","","",""
"2004-02-02T05:00:00.000Z","6.14","6.14","6.11","6.14","523,200","","","6.14","","","","","","","","","",""
"2004-02-03T05:00:00.000Z","6.10","6.10","6.08","6.10","1,848,800","","","6.12","","","","","","","","","",""
"2004-02-04T05:00:00.000Z","5.94","5.94","5.92","5.92","408,000","","","6.01","","","","","","","","","",""
"2004-02-05T05:00:00.000Z","5.96","5.96","5.92","5.95","20,800","","","5.93","","","","","","","","","",""
"2004-02-06T05:00:00.000Z","5.99","6.07","5.99","6.07","8,000.00","","","6.01","","","","","","","","","",""
"2004-02-09T05:00:00.000Z","6.08","6.10","6.05","6.06","25,600","","","6.07","","","","","","","","","",""
"2004-02-10T05:00:00.000Z","6.10","6.10","6.08","6.08","1,600.00","","","6.07","","","","","","","","","",""
"2004-02-11T05:00:00.000Z","6.08","6.14","6.08","6.13","1,411,200","","","6.11","","","","","","","","","",""
"2004-02-12T05:00:00.000Z","6.13","6.13","6.11","6.11","2,400.00","","","6.12","","","","","","","","","",""
"2004-02-13T05:00:00.000Z","6.13","6.13","6.03","6.03","14,400","","","6.07","","","","","","","","","",""
"2004-02-17T05:00:00.000Z","6.08","6.12","6.08","6.12","4,000.00","","","6.07","","","","","","","","","",""
"2004-02-18T05:00:00.000Z","6.11","6.11","6.09","6.09","1,600.00","","","6.10","","","","","","","6.07","","",""
"2004-02-20T05:00:00.000Z","6.01","6.01","5.93","5.97","19,200","","","6.03","","","","","","","6.06","","",""
"2004-02-23T05:00:00.000Z","6.00","6.00","5.84","5.84","10,400","","","5.90","","","","","","","6.05","17.85","44.09",""
"2004-02-24T05:00:00.000Z","5.86","5.88","5.86","5.88","5,600.00","","","5.86","","","","","","","6.04","17.31","42.75",""
"2004-02-25T05:00:00.000Z","5.91","5.91","5.90","5.90","24,000","","","5.89","","","","","","","6.03","19.64","41.55",""
"2004-02-26T05:00:00.000Z","5.90","5.90","5.90","5.90","800.00","","","5.90","","","","","","","6.03","19.64","41.55",""
"2004-02-27T05:00:00.000Z","5.91","5.91","5.91","5.91","4,800.00","","","5.90","","","","","","","6.02","20.18","41.27",""
"2004-03-01T05:00:00.000Z","5.97","5.97","5.97","5.97","8,000.00","","","5.94","","","","","","","6.01","26.11","38.20",""
"2004-03-02T05:00:00.000Z","6.00","6.02","5.96","5.96","24,000","","","5.97","","","","","","","6.01","29.57","35.71",""
"2004-03-03T05:00:00.000Z","5.89","5.91","5.89","5.91","52,000","","","5.93","","","","","","","5.99","27.15","40.98",""
"2004-03-04T05:00:00.000Z","5.94","5.94","5.94","5.94","800.00","","","5.92","","","","","","","5.98","29.99","39.38",""
"2004-03-05T05:00:00.000Z","5.92","5.98","5.90","5.96","499,200","","","5.95","","","","","","","5.96","31.83","36.03",""
"2004-03-08T05:00:00.000Z","5.96","5.96","5.91","5.92","19,200","","","5.94","","","","","","","5.95","30.05","34.02",""
"2004-03-09T05:00:00.000Z","5.75","5.78","5.70","5.75","645,600","","","5.84","","","","-0.0716","","","5.92","23.75","46.55",""
"2004-03-10T05:00:00.000Z","5.76","5.76","5.66","5.66","32,000","","","5.71","","","","-0.0866","","","5.90","21.70","45.81",""
"2004-03-11T05:00:00.000Z","5.67","5.67","5.60","5.60","32,000","","","5.63","","","","-0.1022","","","5.88","20.30","48.61","23.80"
"2004-03-12T05:00:00.000Z","5.68","5.71","5.68","5.71","69,600","","","5.66","","","","-0.1048","","","5.86","21.76","43.89","24.51"
"2004-03-15T05:00:00.000Z","5.63","5.63","5.61","5.61","2,400.00","","5.94","5.66","","","","-0.1138","","","5.84","19.77","46.57","25.64"
"2004-03-16T05:00:00.000Z","5.64","5.64","5.61","5.61","9,600.00","","5.93","5.61","","","","-0.1191","","","5.82","19.43","45.21","26.66"
"2004-03-17T05:00:00.000Z","5.71","5.72","5.71","5.72","14,400","","5.91","5.67","","","","-0.1133","","","5.81","25.02","40.80","26.47"
"2004-03-18T05:00:00.000Z","5.65","5.68","5.64","5.68","3,200.00","","5.90","5.70","","","","-0.1110","","","5.78","23.15","44.09","26.80"
"2004-03-19T05:00:00.000Z","5.66","5.66","5.59","5.59","4,000.00","","5.89","5.63","","-0.2654","","-0.1144","-0.1041","-0.0103","5.76","21.43","44.75","27.40"
"2004-03-22T05:00:00.000Z","5.49","5.49","5.47","5.47","164,800","","5.87","5.53","","-0.2742","","-0.1253","-0.1083","-0.0170","5.73","19.17","50.58","28.66"
"2004-03-23T05:00:00.000Z","5.55","5.56","5.50","5.50","96,000","","5.85","5.49","","-0.2764","","-0.1307","-0.1128","-0.0179","5.70","23.37","47.00","29.01"
"2004-03-24T05:00:00.000Z","5.55","5.55","5.55","5.55","4,000.00","","5.84","5.52","","-0.2937","","-0.1294","-0.1161","-0.0133","5.67","22.30","44.85","29.34"
"2004-03-25T05:00:00.000Z","5.61","5.71","5.61","5.71","4,800.00","","5.82","5.63","","-0.2852","","-0.1139","-0.1157","0.0018","5.64","32.81","38.78","27.84"
"2004-03-26T05:00:00.000Z","5.70","5.73","5.70","5.73","16,800","","5.81","5.72","","-0.2607","","-0.0988","-0.1123","0.0135","5.64","33.77","37.72","26.25"
"2004-03-29T05:00:00.000Z","5.76","5.78","5.75","5.77","14,400","-39.63","5.80","5.75","5.87","-0.1958","","-0.0826","-0.1064","0.0238","5.64","36.81","35.99","24.45"
"2004-03-31T05:00:00.000Z","5.77","5.77","5.75","5.75","38,400","-41.06","5.79","5.76","5.86","-0.1398","","-0.0704","-0.0992","0.0288","5.65","36.20","35.51","22.77"
"2004-04-01T05:00:00.000Z","5.83","5.83","5.83","5.83","5,600.00","-11.06","5.78","5.79","5.85","-0.0764","","-0.0543","-0.0902","0.0359","5.66","39.33","33.10","21.76"
"2004-04-02T05:00:00.000Z","5.95","5.96","5.93","5.96","8,000.00","44.79","5.78","5.89","5.85","-0.0140","","-0.0302","-0.0782","0.0480","5.68","46.83","29.01","21.89"
"2004-04-05T04:00:00.000Z","5.98","6.00","5.98","6.00","14,400","60.24","5.78","5.98","5.85","0.0442","","-0.0079","-0.0641","0.0562","5.71","48.70","27.99","22.25"
"2004-04-06T04:00:00.000Z","5.97","5.97","5.97","5.97","800.00","49.95","5.78","5.98","5.85","0.0874","","0.0071","-0.0499","0.0570","5.73","47.21","27.87","22.50"
"2004-04-07T04:00:00.000Z","5.91","5.92","5.88","5.90","172,000","22.19","5.78","5.93","5.84","0.1209","","0.0133","-0.0373","0.0505","5.75","42.98","34.34","21.69"
"2004-04-08T04:00:00.000Z","5.92","5.92","5.92","5.92","800.00","34.89","5.78","5.91","5.84","0.1456","","0.0198","-0.0258","0.0456","5.77","42.08","33.52","20.95"
"2004-04-12T04:00:00.000Z","5.97","5.97","5.96","5.96","23,200","53.87","5.78","5.94","5.84","0.1488","","0.0274","-0.0152","0.0426","5.80","44.85","31.92","20.66"
"2004-04-13T04:00:00.000Z","5.99","5.99","5.88","5.88","21,600","35.65","5.78","5.92","5.83","0.1370","","0.0265","-0.0069","0.0334","5.84","39.91","36.43","19.51"
"2004-04-14T04:00:00.000Z","5.84","5.86","5.84","5.86","1,600.00","11.11","5.78","5.86","5.82","0.1137","","0.0240","-0.0007","0.0247","5.86","38.63","38.47","18.13"
"2004-04-15T04:00:00.000Z","5.84","5.84","5.77","5.77","36,800","-14.61","5.77","5.81","5.82","0.0977","","0.0147","0.0024","0.0123","5.88","35.21","42.79","17.53"
"2004-04-16T04:00:00.000Z","5.70","5.73","5.67","5.73","24,800","-52.21","5.77","5.75","5.81","0.0588","","0.0041","0.0027","0.0014","5.88","31.80","48.34","17.75"
"2004-04-19T04:00:00.000Z","5.69","5.70","5.69","5.70","5,600.00","-55.41","5.76","5.71","5.80","0.0113","","-0.0068","0.0008","-0.0076","5.87","30.62","46.55","17.96"
"2004-04-20T04:00:00.000Z","5.79","5.79","5.75","5.75","164,800","-18.14","5.75","5.72","5.79","-0.0150","","-0.0110","-0.0015","-0.0095","5.88","37.02","42.26","17.15"
"2004-04-21T04:00:00.000Z","5.68","5.68","5.65","5.68","8,000.00","-62.93","5.74","5.72","5.79","-0.0421","","-0.0194","-0.0051","-0.0143","5.86","33.43","47.86","17.19"
"2004-04-22T04:00:00.000Z","5.78","5.82","5.78","5.82","8,000.00","7.31","5.75","5.75","5.79","-0.0407","","-0.0151","-0.0071","-0.0080","5.85","41.52","42.04","16.01"
"2004-04-23T04:00:00.000Z","5.86","5.88","5.86","5.88","22,400","44.30","5.75","5.85","5.79","-0.0049","","-0.0068","-0.0070","0.0003","5.84","44.86","39.65","15.30"
"2004-04-26T04:00:00.000Z","5.88","5.88","5.80","5.80","4,000.00","21.73","5.76","5.84","5.78","0.0271","","-0.0063","-0.0069","0.0006","5.83","41.62","41.91","14.24"
"2004-04-27T04:00:00.000Z","5.82","5.82","5.78","5.78","1,600.00","6.01","5.76","5.79","5.78","0.0371","","-0.0072","-0.0070","-0.0002","5.83","40.36","42.21","13.38"
"2004-04-28T04:00:00.000Z","5.69","5.71","5.69","5.71","30,400","-43.32","5.77","5.74","5.77","0.0449","5.85","-0.0140","-0.0084","-0.0056","5.81","36.75","47.38","13.33"
"2004-04-29T04:00:00.000Z","5.61","5.61","5.51","5.52","16,800","-126.85","5.76","5.61","5.76","0.0020","5.84","-0.0338","-0.0135","-0.0203","5.78","30.63","54.76","14.39"
"2004-04-30T04:00:00.000Z","5.52","5.52","5.44","5.44","3,200.00","-161.04","5.75","5.48","5.75","-0.0703","5.83","-0.0554","-0.0218","-0.0336","5.75","28.49","56.95","15.74"
"2004-05-03T04:00:00.000Z","5.46","5.52","5.46","5.46","24,000","-145.80","5.75","5.45","5.74","-0.1341","5.82","-0.0700","-0.0315","-0.0385","5.72","26.51","52.98","17.00"
"2004-05-04T04:00:00.000Z","5.46","5.46","5.46","5.46","1,600.00","-146.13","5.74","5.46","5.73","-0.1964","5.81","-0.0805","-0.0413","-0.0392","5.69","26.45","52.86","18.16"
"2004-05-06T04:00:00.000Z","5.47","5.49","5.47","5.49","3,200.00","-131.65","5.74","5.47","5.72","-0.2366","5.81","-0.0862","-0.0503","-0.0359","5.67","27.88","51.83","19.01"
"2004-05-07T04:00:00.000Z","5.55","5.55","5.51","5.51","4,800.00","-103.18","5.74","5.50","5.71","-0.2375","5.80","-0.0879","-0.0578","-0.0301","5.66","32.32","48.64","19.09"
"2004-05-10T04:00:00.000Z","5.44","5.49","5.44","5.49","8,000.00","-120.95","5.74","5.50","5.71","-0.2353","5.79","-0.0900","-0.0642","-0.0258","5.63","30.31","51.83","19.60"
"2004-05-11T04:00:00.000Z","5.52","5.58","5.52","5.57","108,800","-76.46","5.74","5.53","5.71","-0.2214","5.78","-0.0838","-0.0682","-0.0157","5.62","36.43","47.27","19.13"
"2004-05-12T04:00:00.000Z","5.45","5.45","5.42","5.42","20,800","-128.30","5.73","5.50","5.70","-0.2255","5.77","-0.0899","-0.0725","-0.0174","5.59","31.50","49.86","19.37"
"2004-05-13T04:00:00.000Z","5.53","5.54","5.53","5.54","2,400.00","-74.55","5.72","5.48","5.70","-0.2135","5.76","-0.0839","-0.0748","-0.0091","5.57","36.00","44.52","18.74"
"2004-05-17T04:00:00.000Z","5.38","5.38","5.35","5.36","9,600.00","-148.63","5.70","5.45","5.69","-0.2409","5.75","-0.0930","-0.0784","-0.0146","5.53","30.35","52.42","19.31"
"2004-05-18T04:00:00.000Z","5.44","5.44","5.44","5.44","2,400.00","-105.01","5.69","5.40","5.68","-0.2389","5.74","-0.0924","-0.0812","-0.0112","5.50","33.28","48.87","19.29"
"2004-05-19T04:00:00.000Z","5.56","5.57","5.53","5.53","11,200","-58.50","5.68","5.49","5.68","-0.2335","5.73","-0.0837","-0.0817","-0.0020","5.49","39.86","44.05","18.27"
"2004-05-20T04:00:00.000Z","5.47","5.47","5.46","5.46","8,800.00","-89.96","5.66","5.49","5.68","-0.2194","5.72","-0.0820","-0.0818","-0.0002","5.48","37.52","47.34","17.79"
"2004-05-24T04:00:00.000Z","5.55","5.55","5.51","5.51","6,400.00","-64.08","5.64","5.48","5.68","-0.2140","5.71","-0.0753","-0.0805","0.0052","5.48","41.29","43.74","16.72"
"2004-05-25T04:00:00.000Z","5.58","5.59","5.58","5.59","10,400","-39.83","5.63","5.55","5.68","-0.1625","5.71","-0.0630","-0.0770","0.0140","5.49","41.64","40.99","15.59"
"2004-05-26T04:00:00.000Z","5.66","5.67","5.65","5.65","13,600","-12.30","5.62","5.62","5.68","-0.1106","5.70","-0.0479","-0.0712","0.0233","5.51","45.16","38.38","15.05"
"2004-05-27T04:00:00.000Z","5.68","5.68","5.68","5.68","2,400.00","-3.39","5.62","5.66","5.68","-0.0763","5.70","-0.0333","-0.0636","0.0303","5.52","44.74","37.50","14.60"
"2004-05-28T04:00:00.000Z","5.68","5.71","5.68","5.71","8,000.00","6.18","5.61","5.69","5.68","-0.0222","5.70","-0.0189","-0.0546","0.0358","5.53","46.31","36.43","14.41"
"2004-06-01T04:00:00.000Z","5.71","5.71","5.66","5.67","5,600.00","-1.11","5.60","5.69","5.68","0.0143","5.69","-0.0105","-0.0458","0.0353","5.55","44.08","36.47","14.06"
"2004-06-02T04:00:00.000Z","5.69","5.69","5.65","5.69","17,600","-1.12","5.60","5.68","5.68","0.0385","5.69","-0.0021","-0.0371","0.0350","5.57","42.29","35.79","13.65"
"2004-06-03T04:00:00.000Z","5.62","5.64","5.62","5.62","10,400","-21.88","5.60","5.65","5.67","0.0425","5.68","-0.0015","-0.0299","0.0285","5.58","39.35","36.20","12.97"
"2004-06-04T04:00:00.000Z","5.70","5.70","5.70","5.70","7,200.00","14.39","5.60","5.66","5.66","0.0538","5.68","0.0056","-0.0228","0.0285","5.59","41.43","33.44","12.81"
"2004-06-07T04:00:00.000Z","5.71","5.78","5.71","5.78","35,200","45.97","5.60","5.74","5.66","0.0673","5.67","0.0178","-0.0147","0.0325","5.62","45.93","30.88","13.29"
"2004-06-08T04:00:00.000Z","5.77","5.80","5.77","5.80","2,400.00","64.98","5.60","5.79","5.65","0.0880","5.67","0.0282","-0.0061","0.0343","5.64","46.15","30.13","13.84"
"2004-06-09T04:00:00.000Z","5.73","5.73","5.73","5.73","1,600.00","41.13","5.60","5.76","5.65","0.0998","5.67","0.0311","0.0013","0.0298","5.66","43.34","31.97","13.93"
"2004-06-10T04:00:00.000Z","5.75","5.75","5.74","5.74","3,200.00","49.39","5.59","5.74","5.65","0.1213","5.67","0.0333","0.0077","0.0256","5.68","44.43","31.35","14.17"
"2004-06-14T04:00:00.000Z","5.70","5.70","5.67","5.67","5,600.00","20.20","5.59","5.70","5.64","0.1209","5.67","0.0289","0.0120","0.0170","5.69","41.18","36.38","13.60"
"2004-06-15T04:00:00.000Z","5.78","5.78","5.78","5.78","1,600.00","80.88","5.59","5.72","5.64","0.1249","5.68","0.0344","0.0164","0.0179","5.71","44.25","32.27","13.75"
"2004-06-16T04:00:00.000Z","5.74","5.74","5.74","5.74","3,200.00","58.26","5.59","5.76","5.63","0.1172","5.68","0.0346","0.0201","0.0146","5.71","42.25","35.34","13.40"
"2004-06-17T04:00:00.000Z","5.68","5.68","5.68","5.68","800.00","29.96","5.60","5.71","5.63","0.1125","5.68","0.0303","0.0221","0.0082","5.71","39.96","38.84","12.55"
"2004-06-18T04:00:00.000Z","5.64","5.64","5.64","5.64","800.00","3.76","5.60","5.66","5.63","0.0969","5.68","0.0228","0.0223","0.0006","5.71","38.02","41.81","11.99"
"2004-06-21T04:00:00.000Z","5.69","5.69","5.69","5.69","2,400.00","33.39","5.61","5.66","5.63","0.1008","5.68","0.0206","0.0219","-0.0013","5.71","41.35","39.57","11.29"
"2004-06-22T04:00:00.000Z","5.65","5.69","5.65","5.69","4,800.00","27.89","5.62","5.69","5.63","0.0790","5.68","0.0188","0.0213","-0.0025","5.70","39.41","42.13","10.72"
"2004-06-23T04:00:00.000Z","5.73","5.75","5.73","5.75","7,200.00","69.71","5.63","5.72","5.63","0.0750","5.68","0.0223","0.0215","0.0008","5.71","43.76","39.11","10.36"
"2004-06-24T04:00:00.000Z","5.81","5.82","5.81","5.82","1,600.00","109.87","5.64","5.78","5.63","0.0913","5.69","0.0298","0.0232","0.0066","5.72","47.50","36.41","10.56"
"2004-06-25T04:00:00.000Z","5.80","5.80","5.78","5.78","10,400","95.89","5.65","5.80","5.63","0.1129","5.69","0.0324","0.0250","0.0074","5.73","45.53","38.75","10.38"
"2004-06-28T04:00:00.000Z","5.81","5.81","5.74","5.74","7,200.00","83.67","5.65","5.76","5.63","0.1212","5.69","0.0311","0.0262","0.0049","5.73","42.16","40.15","9.81"
"2004-06-30T04:00:00.000Z","5.82","5.82","5.82","5.82","3,200.00","120.10","5.67","5.78","5.63","0.1423","5.70","0.0363","0.0282","0.0080","5.74","40.23","36.46","9.46"
"2004-07-01T04:00:00.000Z","5.72","5.72","5.69","5.72","23,200","49.32","5.67","5.77","5.63","0.1293","5.69","0.0314","0.0289","0.0025","5.74","34.77","45.10","9.71"
"2004-07-02T04:00:00.000Z","5.70","5.70","5.65","5.66","8,800.00","25.30","5.68","5.69","5.63","0.0959","5.69","0.0227","0.0276","-0.0050","5.74","32.50","46.20","10.26"
"2004-07-06T04:00:00.000Z","5.59","5.59","5.50","5.52","13,600","-62.87","5.68","5.59","5.63","0.0464","5.69","0.0042","0.0230","-0.0187","5.72","27.46","53.96","11.85"
"2004-07-07T04:00:00.000Z","5.52","5.55","5.51","5.55","38,400","-63.93","5.68","5.53","5.63","-0.0053","5.68","-0.0079","0.0168","-0.0247","5.70","26.44","51.97","13.33"
"2004-07-08T04:00:00.000Z","5.47","5.50","5.46","5.46","96,800","-105.22","5.68","5.50","5.63","-0.0724","5.67","-0.0246","0.0085","-0.0331","5.69","24.08","52.64","15.04"
"2004-07-09T04:00:00.000Z","5.48","5.48","5.48","5.48","4,000.00","-100.39","5.68","5.47","5.63","-0.1211","5.66","-0.0356","-0.0003","-0.0353","5.68","23.51","51.37","16.62"
"2004-07-12T04:00:00.000Z","5.41","5.41","5.39","5.39","2,400.00","-143.68","5.68","5.44","5.63","-0.1748","5.66","-0.0505","-0.0103","-0.0401","5.65","21.54","55.44","18.58"
"2004-07-13T04:00:00.000Z","5.44","5.44","5.42","5.42","27,200","-126.03","5.67","5.41","5.63","-0.1937","5.65","-0.0597","-0.0202","-0.0395","5.64","23.47","52.81","20.00"
"2004-07-14T04:00:00.000Z","5.34","5.36","5.34","5.36","12,000","-157.12","5.66","5.39","5.62","-0.2259","5.64","-0.0706","-0.0303","-0.0403","5.61","21.62","56.53","21.76"
"2004-07-15T04:00:00.000Z","5.34","5.34","5.33","5.33","9,600.00","-163.74","5.65","5.35","5.62","-0.2487","5.63","-0.0809","-0.0404","-0.0405","5.57","20.87","55.52","23.45"
"2004-07-16T04:00:00.000Z","5.25","5.25","5.25","5.25","2,400.00","-193.28","5.63","5.29","5.61","-0.2848","5.62","-0.0947","-0.0513","-0.0434","5.53","19.06","59.39","25.45"
"2004-07-19T04:00:00.000Z","5.21","5.21","5.21","5.21","4,000.00","-203.70","5.62","5.23","5.61","-0.3105","5.61","-0.1071","-0.0624","-0.0447","5.48","18.17","61.15","27.50"
"2004-07-20T04:00:00.000Z","5.30","5.33","5.30","5.33","5,600.00","-142.57","5.61","5.27","5.61","-0.3225","5.60","-0.1066","-0.0713","-0.0353","5.44","27.63","54.08","27.85"
"2004-07-21T04:00:00.000Z","5.40","5.40","5.30","5.30","24,000","-126.84","5.59","5.32","5.60","-0.3129","5.60","-0.1069","-0.0784","-0.0285","5.42","32.11","48.44","27.31"
"2004-07-22T04:00:00.000Z","5.28","5.28","5.28","5.28","800.00","-143.96","5.58","5.29","5.60","-0.3121","5.59","-0.1077","-0.0842","-0.0234","5.39","31.36","48.86","26.91"
"2004-07-23T04:00:00.000Z","5.20","5.20","5.20","5.20","2,400.00","-167.50","5.56","5.24","5.59","-0.3089","5.58","-0.1139","-0.0902","-0.0238","5.36","28.62","53.33","27.15"
"2004-07-26T04:00:00.000Z","5.22","5.22","5.16","5.17","23,200","-156.15","5.54","5.18","5.58","-0.3001","5.57","-0.1196","-0.0961","-0.0236","5.33","26.79","53.76","27.60"
"2004-07-27T04:00:00.000Z","5.20","5.20","5.18","5.18","2,400.00","-141.20","5.52","5.17","5.57","-0.3103","5.56","-0.1219","-0.1012","-0.0206","5.31","25.90","51.97","28.02"
"2004-07-28T04:00:00.000Z","5.16","5.17","5.16","5.17","1,600.00","-137.37","5.50","5.17","5.55","-0.3305","5.55","-0.1231","-0.1056","-0.0175","5.29","25.25","53.18","28.56"
"2004-07-29T04:00:00.000Z","5.30","5.30","5.29","5.29","7,200.00","-88.14","5.49","5.23","5.54","-0.3140","5.54","-0.1133","-0.1071","-0.0062","5.28","35.19","46.11","27.48"
"2004-07-30T04:00:00.000Z","5.36","5.36","5.33","5.33","80,800","-67.38","5.47","5.31","5.54","-0.2728","5.53","-0.1008","-0.1059","0.0050","5.27","38.96","42.69","25.84"
"2004-08-02T04:00:00.000Z","5.31","5.34","5.31","5.34","17,600","-67.43","5.46","5.33","5.53","-0.2336","5.53","-0.0892","-0.1026","0.0133","5.27","37.59","43.75","24.54"
"2004-08-03T04:00:00.000Z","5.33","5.33","5.31","5.31","4,000.00","-67.52","5.45","5.32","5.52","-0.1967","5.53","-0.0816","-0.0984","0.0168","5.27","36.27","42.21","23.33"
"2004-08-04T04:00:00.000Z","5.24","5.24","5.24","5.24","800.00","-89.45","5.44","5.27","5.51","-0.1662","5.52","-0.0805","-0.0948","0.0143","5.27","33.34","46.87","22.87"
"2004-08-05T04:00:00.000Z","5.19","5.19","5.19","5.19","4,800.00","-98.57","5.42","5.21","5.49","-0.1702","5.52","-0.0822","-0.0923","0.0101","5.27","31.68","49.52","22.80"
"2004-08-06T04:00:00.000Z","5.03","5.03","5.03","5.03","198,400","-142.21","5.39","5.11","5.47","-0.2133","5.51","-0.0952","-0.0929","-0.0024","5.25","26.52","57.74","23.82"
"2004-08-09T04:00:00.000Z","5.03","5.04","5.01","5.04","17,600","-135.05","5.37","5.04","5.46","-0.2546","5.50","-0.1040","-0.0951","-0.0089","5.22","25.88","58.23","24.87"
"2004-08-10T04:00:00.000Z","5.08","5.08","5.08","5.08","7,200.00","-114.56","5.35","5.06","5.44","-0.2853","5.50","-0.1067","-0.0974","-0.0093","5.20","29.46","55.42","25.28"
"2004-08-11T04:00:00.000Z","4.96","4.96","4.94","4.94","4,000.00","-147.92","5.32","5.01","5.42","-0.3217","5.49","-0.1185","-0.1016","-0.0169","5.18","25.31","61.69","26.46"
"2004-08-12T04:00:00.000Z","4.88","4.88","4.85","4.85","3,200.00","-165.79","5.29","4.89","5.40","-0.3616","5.48","-0.1334","-0.1080","-0.0254","5.16","23.09","65.05","27.97"
"2004-08-13T04:00:00.000Z","4.85","4.85","4.85","4.85","2,400.00","-159.35","5.26","4.85","5.38","-0.3693","5.46","-0.1434","-0.1151","-0.0283","5.13","23.03","64.88","29.37"
"2004-08-16T04:00:00.000Z","4.92","4.95","4.91","4.94","11,200","-129.81","5.23","4.90","5.36","-0.3635","5.46","-0.1428","-0.1206","-0.0222","5.11","30.59","58.50","29.51"
"2004-08-17T04:00:00.000Z","4.98","4.98","4.97","4.98","119,200","-111.59","5.22","4.96","5.34","-0.3603","5.45","-0.1376","-0.1240","-0.0136","5.09","32.91","55.75","29.24"
"2004-08-19T04:00:00.000Z","5.06","5.08","5.06","5.07","23,200","-80.62","5.20","5.02","5.33","-0.3138","5.44","-0.1246","-0.1241","-0.0005","5.07","39.35","49.97","28.00"
"2004-08-20T04:00:00.000Z","5.06","5.09","5.06","5.09","2,400.00","-73.42","5.19","5.08","5.31","-0.2526","5.44","-0.1113","-0.1215","0.0103","5.05","39.62","48.41","26.72"
"2004-08-23T04:00:00.000Z","5.13","5.13","5.12","5.12","10,400","-56.55","5.18","5.11","5.29","-0.1819","5.43","-0.0970","-0.1166","0.0197","5.03","42.15","46.39","25.15"
"2004-08-24T04:00:00.000Z","5.15","5.15","5.13","5.13","8,800.00","-49.54","5.17","5.13","5.28","-0.1280","5.42","-0.0840","-0.1101","0.0261","5.02","43.18","45.09","23.51"
"2004-08-25T04:00:00.000Z","5.08","5.08","5.08","5.08","1,600.00","-64.35","5.16","5.11","5.26","-0.0936","5.41","-0.0766","-0.1034","0.0268","5.02","40.74","48.19","22.43"
"2004-08-26T04:00:00.000Z","5.12","5.12","5.12","5.12","7,200.00","-47.68","5.15","5.10","5.25","-0.0724","5.40","-0.0669","-0.0961","0.0292","5.02","43.63","45.84","21.00"
"2004-08-27T04:00:00.000Z","5.14","5.14","5.14","5.14","27,200","-37.17","5.14","5.13","5.23","-0.0497","5.39","-0.0571","-0.0883","0.0312","5.03","44.73","44.81","19.51"
"2004-08-30T04:00:00.000Z","5.12","5.12","5.08","5.08","70,400","-52.13","5.14","5.11","5.21","-0.0455","5.38","-0.0532","-0.0813","0.0281","5.03","41.31","48.87","18.71"
"2004-09-01T04:00:00.000Z","5.05","5.05","5.05","5.05","800.00","-67.35","5.13","5.07","5.20","-0.0513","5.37","-0.0519","-0.0754","0.0235","5.04","39.67","50.23","18.22"
"2004-09-03T04:00:00.000Z","5.04","5.04","5.02","5.02","1,600.00","-76.95","5.12","5.04","5.18","-0.0523","5.36","-0.0530","-0.0709","0.0179","5.05","37.86","52.51","18.07"
"2004-09-08T04:00:00.000Z","5.04","5.04","5.04","5.04","800.00","-65.29","5.11","5.03","5.17","-0.0590","5.35","-0.0513","-0.0670","0.0157","5.07","37.13","50.75","17.89"
"2004-09-09T04:00:00.000Z","5.11","5.16","5.11","5.16","4,800.00","-12.13","5.11","5.10","5.16","-0.0566","5.34","-0.0403","-0.0617","0.0214","5.08","46.48","43.20","16.87"
"2004-09-13T04:00:00.000Z","5.33","5.33","5.33","5.33","1,600.00","94.22","5.11","5.25","5.16","-0.0137","5.33","-0.0173","-0.0528","0.0355","5.11","56.91","34.78","17.39"
"2004-09-14T04:00:00.000Z","5.31","5.31","5.28","5.30","21,600","77.33","5.12","5.32","5.16","0.0351","5.33","-0.0018","-0.0426","0.0408","5.13","53.44","38.76","17.29"
"2004-09-15T04:00:00.000Z","5.24","5.24","5.22","5.22","12,000","41.62","5.12","5.26","5.15","0.0778","5.32","0.0044","-0.0332","0.0376","5.14","48.55","42.15","16.56"
"2004-09-16T04:00:00.000Z","5.24","5.24","5.22","5.23","7,200.00","46.50","5.12","5.23","5.15","0.1162","5.31","0.0094","-0.0247","0.0341","5.15","47.93","41.11","15.92"
"2004-09-17T04:00:00.000Z","5.21","5.24","5.21","5.23","13,600","50.00","5.12","5.23","5.15","0.1338","5.30","0.0137","-0.0170","0.0307","5.16","46.12","40.31","15.26"
"2004-09-20T04:00:00.000Z","5.31","5.32","5.27","5.27","8,800.00","85.61","5.12","5.25","5.15","0.1235","5.29","0.0201","-0.0096","0.0297","5.18","50.52","36.14","15.36"
"2004-09-21T04:00:00.000Z","5.30","5.33","5.30","5.33","4,800.00","98.42","5.12","5.30","5.15","0.1233","5.29","0.0289","-0.0019","0.0308","5.19","47.76","33.95","15.47"
"2004-09-22T04:00:00.000Z","5.27","5.28","5.24","5.24","8,800.00","62.00","5.11","5.28","5.15","0.1269","5.28","0.0291","0.0043","0.0248","5.20","42.98","37.99","14.80"
"2004-09-23T04:00:00.000Z","5.23","5.23","5.23","5.23","2,400.00","51.12","5.11","5.24","5.15","0.1290","5.27","0.0278","0.0090","0.0188","5.21","42.26","38.26","14.10"
"2004-09-27T04:00:00.000Z","5.16","5.16","5.13","5.13","3,200.00","-5.28","5.11","5.18","5.14","0.1176","5.27","0.0183","0.0109","0.0074","5.22","37.28","45.54","13.81"
"2004-09-28T04:00:00.000Z","5.11","5.11","5.11","5.11","4,000.00","-19.55","5.11","5.12","5.14","0.0867","5.25","0.0094","0.0106","-0.0012","5.22","36.60","46.53","13.67"
"2004-09-29T04:00:00.000Z","5.16","5.20","5.16","5.20","24,000","29.15","5.12","5.16","5.14","0.0643","5.24","0.0095","0.0104","-0.0008","5.23","43.29","41.63","12.84"
"2004-09-30T04:00:00.000Z","5.21","5.21","5.20","5.21","4,000.00","43.23","5.12","5.21","5.14","0.0553","5.23","0.0105","0.0104","0.0001","5.24","44.17","40.98","12.19"
"2004-10-01T04:00:00.000Z","5.30","5.38","5.30","5.38","10,400","125.03","5.14","5.30","5.15","0.0726","5.23","0.0245","0.0132","0.0113","5.23","54.38","33.48","13.02"
"2004-10-04T04:00:00.000Z","5.46","5.46","5.45","5.46","14,400","179.23","5.16","5.42","5.15","0.1234","5.22","0.0416","0.0189","0.0227","5.25","58.37","30.56","14.32"
"2004-10-05T04:00:00.000Z","5.42","5.46","5.42","5.43","16,800","158.90","5.18","5.45","5.16","0.1761","5.22","0.0517","0.0255","0.0263","5.26","55.40","32.99","15.11"
"2004-10-06T04:00:00.000Z","5.45","5.48","5.44","5.48","15,200","171.23","5.20","5.46","5.16","0.2208","5.22","0.0635","0.0331","0.0304","5.28","54.94","30.97","16.02"
"2004-10-07T04:00:00.000Z","5.48","5.48","5.45","5.45","16,000","160.04","5.21","5.47","5.16","0.2568","5.21","0.0695","0.0404","0.0292","5.30","53.04","29.90","16.87"
"2004-10-08T04:00:00.000Z","5.39","5.41","5.31","5.31","24,800","93.91","5.22","5.38","5.16","0.2464","5.21","0.0623","0.0447","0.0176","5.30","45.12","40.37","16.06"
"2004-10-11T04:00:00.000Z","5.33","5.35","5.33","5.35","4,000.00","87.18","5.23","5.33","5.17","0.2080","5.21","0.0588","0.0475","0.0112","5.31","43.39","38.82","15.31"
"2004-10-12T04:00:00.000Z","5.27","5.27","5.26","5.26","4,000.00","46.71","5.23","5.31","5.17","0.1644","5.20","0.0485","0.0477","0.0008","5.31","39.44","42.25","14.46"
"2004-10-13T04:00:00.000Z","5.32","5.32","5.30","5.30","3,200.00","65.12","5.24","5.28","5.18","0.1246","5.20","0.0433","0.0469","-0.0035","5.31","41.84","39.73","13.62"
"2004-10-14T04:00:00.000Z","5.30","5.30","5.27","5.27","2,400.00","49.43","5.25","5.29","5.19","0.0826","5.20","0.0363","0.0447","-0.0085","5.32","40.36","41.85","12.77"
"2004-10-15T04:00:00.000Z","5.27","5.31","5.26","5.28","13,600","46.18","5.25","5.28","5.19","0.0611","5.20","0.0308","0.0420","-0.0111","5.34","37.94","41.20","12.15"
"2004-10-18T04:00:00.000Z","5.26","5.33","5.26","5.33","6,400.00","54.90","5.26","5.30","5.21","0.0473","5.20","0.0300","0.0396","-0.0096","5.34","36.97","37.99","11.38"
"2004-10-19T04:00:00.000Z","5.42","5.43","5.38","5.38","30,400","103.15","5.27","5.35","5.22","0.0668","5.20","0.0331","0.0383","-0.0052","5.36","43.98","33.76","11.51"
"2004-10-20T04:00:00.000Z","5.33","5.37","5.33","5.36","22,400","75.95","5.28","5.37","5.23","0.0669","5.20","0.0337","0.0374","-0.0037","5.36","41.72","37.16","11.10"
"2004-10-21T04:00:00.000Z","5.40","5.46","5.38","5.46","28,800","119.39","5.29","5.41","5.24","0.0847","5.21","0.0417","0.0382","0.0035","5.36","46.87","33.20","11.53"
"2004-10-22T04:00:00.000Z","5.41","5.41","5.34","5.34","35,200","73.48","5.30","5.40","5.25","0.0964","5.21","0.0381","0.0382","-0.0001","5.36","41.30","33.30","11.47"
"2004-10-25T04:00:00.000Z","5.32","5.34","5.32","5.33","26,400","47.95","5.31","5.33","5.25","0.0974","5.21","0.0335","0.0373","-0.0037","5.35","40.15","34.89","11.15"
"2004-10-26T04:00:00.000Z","5.33","5.33","5.29","5.32","105,600","34.67","5.31","5.32","5.26","0.0712","5.21","0.0287","0.0356","-0.0068","5.34","38.19","36.43","10.52"
"2004-10-27T04:00:00.000Z","5.35","5.47","5.35","5.47","11,200","106.87","5.31","5.39","5.27","0.0718","5.21","0.0368","0.0358","0.0010","5.33","45.67","30.92","11.15"
"2004-10-28T04:00:00.000Z","5.47","5.51","5.46","5.48","20,000","137.02","5.32","5.47","5.28","0.0716","5.22","0.0438","0.0374","0.0064","5.34","47.61","29.32","12.05"
"2004-10-29T04:00:00.000Z","5.50","5.50","5.46","5.49","28,800","132.55","5.33","5.49","5.29","0.0821","5.23","0.0498","0.0399","0.0099","5.36","45.98","28.32","12.88"
"2004-11-01T05:00:00.000Z","5.50","5.52","5.50","5.50","44,000","139.30","5.34","5.50","5.30","0.1121","5.23","0.0547","0.0429","0.0119","5.37","47.13","27.50","13.84"
"2004-11-02T05:00:00.000Z","5.53","5.58","5.52","5.52","32,000","153.47","5.35","5.51","5.31","0.1521","5.23","0.0593","0.0461","0.0131","5.39","49.54","25.32","15.17"
"2004-11-03T05:00:00.000Z","5.62","5.62","5.55","5.55","50,400","167.43","5.35","5.53","5.32","0.1767","5.24","0.0643","0.0498","0.0145","5.42","49.14","22.57","16.73"
"2004-11-04T05:00:00.000Z","5.55","5.62","5.55","5.62","9,600.00","171.70","5.37","5.58","5.33","0.1857","5.24","0.0730","0.0544","0.0186","5.44","45.54","21.05","18.16"
"2004-11-05T05:00:00.000Z","5.65","5.67","5.64","5.67","36,800","199.86","5.38","5.64","5.35","0.2074","5.25","0.0831","0.0602","0.0230","5.46","48.52","19.90","19.85"
"2004-11-08T05:00:00.000Z","5.67","5.68","5.67","5.68","36,800","194.25","5.40","5.68","5.36","0.2299","5.26","0.0913","0.0664","0.0249","5.48","49.39","19.56","21.52"
"2004-11-09T05:00:00.000Z","5.68","5.70","5.67","5.70","7,200.00","180.19","5.42","5.69","5.37","0.2461","5.27","0.0977","0.0727","0.0251","5.51","49.55","18.98","23.17"
"2004-11-10T05:00:00.000Z","5.63","5.64","5.62","5.62","11,200","134.03","5.43","5.66","5.38","0.2440","5.28","0.0956","0.0772","0.0183","5.52","45.18","23.23","23.81"
"2004-11-11T05:00:00.000Z","5.65","5.70","5.65","5.70","24,000","152.28","5.45","5.66","5.39","0.2495","5.29","0.0993","0.0817","0.0176","5.55","47.95","21.10","24.89"
"2004-11-12T05:00:00.000Z","5.71","5.74","5.70","5.74","12,800","161.44","5.46","5.72","5.40","0.2459","5.30","0.1040","0.0861","0.0179","5.58","50.15","20.15","26.16"
"2004-11-15T05:00:00.000Z","5.78","5.82","5.78","5.81","30,400","185.54","5.47","5.78","5.42","0.2511","5.32","0.1126","0.0914","0.0212","5.61","54.96","18.21","27.88"
"2004-11-16T05:00:00.000Z","5.78","5.79","5.76","5.79","12,800","159.01","5.49","5.80","5.43","0.2515","5.33","0.1157","0.0963","0.0194","5.63","51.37","19.84","29.05"
"2004-11-17T05:00:00.000Z","5.84","5.91","5.84","5.86","37,600","183.17","5.50","5.82","5.45","0.2805","5.35","0.1228","0.1016","0.0212","5.66","57.32","17.25","30.81"
"2004-11-18T05:00:00.000Z","5.86","5.89","5.86","5.89","34,400","173.35","5.51","5.87","5.46","0.3050","5.36","0.1291","0.1071","0.0221","5.69","55.57","16.72","32.45"
"2004-11-19T05:00:00.000Z","5.86","5.86","5.77","5.77","40,800","131.52","5.53","5.83","5.48","0.3136","5.37","0.1235","0.1104","0.0131","5.71","48.83","24.18","32.54"
"2004-11-22T05:00:00.000Z","5.76","5.81","5.73","5.81","131,200","116.93","5.54","5.79","5.49","0.2974","5.39","0.1205","0.1124","0.0081","5.72","44.94","26.44","32.07"
"2004-11-23T05:00:00.000Z","5.80","5.83","5.76","5.79","336,800","112.73","5.56","5.80","5.51","0.2917","5.40","0.1150","0.1129","0.0021","5.74","43.65","24.67","31.76"
"2004-11-24T05:00:00.000Z","5.81","5.83","5.81","5.82","4,000.00","116.17","5.58","5.80","5.52","0.2704","5.41","0.1123","0.1128","-0.0005","5.76","41.89","23.60","31.49"
"2004-11-26T05:00:00.000Z","5.83","5.83","5.83","5.83","10,400","113.57","5.60","5.83","5.54","0.2478","5.42","0.1094","0.1121","-0.0027","5.77","42.22","23.29","31.30"
"2004-11-29T05:00:00.000Z","5.87","5.87","5.82","5.83","92,000","110.07","5.61","5.83","5.55","0.2388","5.43","0.1062","0.1109","-0.0047","5.78","43.97","21.71","31.49"
"2004-11-30T05:00:00.000Z","5.83","5.83","5.79","5.80","12,000","91.87","5.63","5.82","5.56","0.2305","5.44","0.1003","0.1088","-0.0085","5.80","41.89","23.35","31.27"
"2004-12-01T05:00:00.000Z","5.83","5.89","5.83","5.89","22,400","107.73","5.65","5.85","5.57","0.2275","5.46","0.1012","0.1073","-0.0061","5.81","45.35","21.03","31.65"
"2004-12-02T05:00:00.000Z","5.91","5.97","5.91","5.93","40,000","124.19","5.67","5.91","5.58","0.2334","5.47","0.1039","0.1066","-0.0027","5.83","50.26","19.03","32.61"
"2004-12-03T05:00:00.000Z","6.01","6.01","5.97","5.99","102,400","133.36","5.68","5.96","5.60","0.2446","5.49","0.1098","0.1072","0.0026","5.84","49.62","17.38","33.72"
"2004-12-06T05:00:00.000Z","5.98","6.03","5.95","6.03","74,400","129.57","5.71","6.01","5.61","0.2529","5.50","0.1164","0.1091","0.0073","5.86","45.02","19.00","34.21"
"2004-12-07T05:00:00.000Z","6.01","6.05","5.91","5.91","104,800","109.77","5.73","5.97","5.63","0.2704","5.52","0.1109","0.1094","0.0015","5.87","38.64","19.78","34.07"
"2004-12-08T05:00:00.000Z","5.90","5.92","5.90","5.91","29,600","89.25","5.75","5.91","5.64","0.2639","5.53","0.1048","0.1085","-0.0037","5.88","37.68","20.73","33.71"
"2004-12-09T05:00:00.000Z","5.81","5.90","5.80","5.89","12,000","72.17","5.76","5.90","5.66","0.2331","5.54","0.0976","0.1063","-0.0087","5.87","33.74","27.89","31.98"
"2004-12-10T05:00:00.000Z","5.89","5.91","5.87","5.88","48,000","75.62","5.77","5.88","5.67","0.1975","5.55","0.0895","0.1030","-0.0135","5.88","33.02","26.87","30.43"
"2004-12-13T05:00:00.000Z","5.92","5.92","5.89","5.92","84,800","82.41","5.79","5.90","5.69","0.1641","5.56","0.0860","0.0996","-0.0136","5.89","33.18","25.47","29.20"
"2004-12-14T05:00:00.000Z","5.95","5.97","5.94","5.95","84,000","93.85","5.80","5.94","5.71","0.1396","5.57","0.0844","0.0965","-0.0121","5.90","36.46","24.22","28.56"
"2004-12-15T05:00:00.000Z","5.96","5.97","5.96","5.97","28,000","95.73","5.82","5.96","5.72","0.1346","5.58","0.0838","0.0940","-0.0102","5.91","36.13","23.52","28.03"
"2004-12-16T05:00:00.000Z","5.97","5.99","5.91","5.92","52,000","81.81","5.83","5.94","5.73","0.1402","5.59","0.0779","0.0908","-0.0129","5.92","33.07","26.47","26.82"
"2004-12-17T05:00:00.000Z","5.93","5.93","5.88","5.90","68,800","65.83","5.84","5.91","5.75","0.1312","5.60","0.0711","0.0869","-0.0157","5.93","31.45","28.19","25.29"
"2004-12-20T05:00:00.000Z","5.91","5.92","5.84","5.84","42,400","46.98","5.85","5.87","5.76","0.1147","5.61","0.0602","0.0815","-0.0214","5.94","28.65","31.06","23.77"
"2004-12-21T05:00:00.000Z","5.87","5.92","5.87","5.90","68,000","61.01","5.85","5.87","5.77","0.0933","5.63","0.0561","0.0764","-0.0203","5.93","26.55","28.18","22.29"
"2004-12-22T05:00:00.000Z","5.84","5.88","5.84","5.87","40,800","42.32","5.86","5.89","5.79","0.0647","5.64","0.0498","0.0711","-0.0213","5.92","24.71","29.84","21.37"
"2004-12-23T05:00:00.000Z","5.88","5.88","5.87","5.88","24,000","43.56","5.87","5.87","5.80","0.0406","5.65","0.0445","0.0658","-0.0213","5.91","24.42","29.49","20.51"
"2004-12-27T05:00:00.000Z","5.90","5.90","5.84","5.85","47,200","34.88","5.87","5.86","5.81","0.0268","5.66","0.0378","0.0602","-0.0224","5.90","22.76","30.59","20.10"
"2004-12-28T05:00:00.000Z","5.85","5.87","5.84","5.86","51,200","28.15","5.88","5.86","5.81","0.0170","5.67","0.0331","0.0548","-0.0217","5.90","22.16","29.78","19.71"
"2004-12-29T05:00:00.000Z","5.88","5.89","5.87","5.88","52,800","42.27","5.88","5.87","5.82","0.0084","5.68","0.0304","0.0499","-0.0195","5.91","24.92","28.54","18.79"
"2004-12-30T05:00:00.000Z","5.90","5.90","5.89","5.90","25,600","48.54","5.88","5.89","5.83","0.0067","5.68","0.0295","0.0458","-0.0163","5.91","24.92","27.78","17.83"
"2004-12-31T05:00:00.000Z","5.90","5.90","5.88","5.88","63,200","41.50","5.88","5.89","5.84","0.0044","5.69","0.0272","0.0421","-0.0149","5.90","24.26","27.58","17.01"
"2005-01-03T05:00:00.000Z","5.93","5.93","5.82","5.82","66,400","9.73","5.88","5.85","5.85","0.0013","5.70","0.0201","0.0377","-0.0176","5.90","20.73","31.66","17.29"
"2005-01-04T05:00:00.000Z","5.84","5.84","5.69","5.70","51,200","-104.28","5.88","5.76","5.85","-0.0152","5.70","0.0048","0.0311","-0.0263","5.89","17.17","40.95","18.98"
"2005-01-05T05:00:00.000Z","5.70","5.70","5.67","5.67","15,200","-168.71","5.87","5.68","5.85","-0.0524","5.71","-0.0097","0.0230","-0.0326","5.87","16.55","42.18","20.74"
"2005-01-06T05:00:00.000Z","5.70","5.70","5.65","5.65","54,400","-181.89","5.87","5.66","5.85","-0.0906","5.71","-0.0226","0.0138","-0.0364","5.85","15.61","42.39","22.56"
"2005-01-07T05:00:00.000Z","5.66","5.66","5.62","5.65","23,200","-204.31","5.86","5.65","5.85","-0.1343","5.72","-0.0322","0.0046","-0.0368","5.83","14.83","44.01","24.49"
"2005-01-10T05:00:00.000Z","5.67","5.68","5.63","5.65","33,600","-189.62","5.86","5.65","5.85","-0.1735","5.73","-0.0394","-0.0042","-0.0352","5.82","16.96","41.05","25.70"
"2005-01-11T05:00:00.000Z","5.63","5.63","5.59","5.61","24,800","-218.53","5.85","5.63","5.84","-0.1997","5.73","-0.0481","-0.0130","-0.0351","5.80","15.71","42.72","27.17"
"2005-01-12T05:00:00.000Z","5.62","5.63","5.57","5.61","13,600","-201.89","5.84","5.61","5.84","-0.2110","5.74","-0.0539","-0.0211","-0.0327","5.78","14.40","42.39","28.75"
"2005-01-13T05:00:00.000Z","5.61","5.63","5.61","5.62","18,400","-174.95","5.83","5.62","5.83","-0.2159","5.74","-0.0573","-0.0284","-0.0289","5.76","14.05","41.36","30.22"
"2005-01-14T05:00:00.000Z","5.59","5.61","5.59","5.60","40,800","-170.01","5.82","5.61","5.83","-0.2163","5.75","-0.0612","-0.0349","-0.0263","5.74","13.55","41.91","31.71"
"2005-01-18T05:00:00.000Z","5.58","5.64","5.58","5.64","17,600","-141.56","5.81","5.62","5.82","-0.2188","5.75","-0.0599","-0.0399","-0.0200","5.72","16.36","38.29","32.31"
"2005-01-19T05:00:00.000Z","5.63","5.63","5.55","5.55","8,800.00","-156.65","5.80","5.60","5.82","-0.2170","5.75","-0.0653","-0.0450","-0.0203","5.70","14.41","37.49","33.18"
"2005-01-20T05:00:00.000Z","5.51","5.53","5.50","5.50","144,800","-180.41","5.78","5.52","5.81","-0.2238","5.75","-0.0733","-0.0507","-0.0226","5.67","13.41","41.19","34.44"
"2005-01-21T05:00:00.000Z","5.51","5.51","5.45","5.45","32,800","-182.33","5.77","5.47","5.80","-0.2378","5.76","-0.0826","-0.0571","-0.0256","5.63","12.32","44.09","36.01"
"2005-01-24T05:00:00.000Z","5.48","5.48","5.38","5.39","88,000","-186.73","5.75","5.42","5.79","-0.2558","5.76","-0.0937","-0.0644","-0.0293","5.61","10.88","46.79","37.88"
"2005-01-25T05:00:00.000Z","5.45","5.45","5.41","5.42","68,800","-163.64","5.73","5.40","5.78","-0.2755","5.75","-0.0987","-0.0713","-0.0275","5.59","10.07","43.32","39.62"
"2005-01-26T05:00:00.000Z","5.47","5.49","5.44","5.49","460,800","-130.03","5.72","5.46","5.77","-0.2848","5.75","-0.0960","-0.0762","-0.0198","5.57","13.90","39.77","40.24"
"2005-01-27T05:00:00.000Z","5.47","5.50","5.46","5.50","91,200","-114.30","5.71","5.50","5.76","-0.2787","5.75","-0.0917","-0.0793","-0.0124","5.56","14.75","37.87","40.50"
"2005-01-28T05:00:00.000Z","5.53","5.53","5.45","5.47","59,200","-110.46","5.69","5.49","5.75","-0.2665","5.75","-0.0902","-0.0815","-0.0087","5.55","16.04","34.42","40.21"
"2005-01-31T05:00:00.000Z","5.55","5.55","5.53","5.53","32,000","-82.70","5.68","5.50","5.74","-0.2339","5.75","-0.0830","-0.0818","-0.0012","5.54","17.71","31.00","39.29"
"2005-02-01T05:00:00.000Z","5.54","5.57","5.54","5.57","59,200","-70.52","5.66","5.55","5.73","-0.1984","5.75","-0.0735","-0.0801","0.0066","5.53","19.00","29.42","38.02"
"2005-02-02T05:00:00.000Z","5.59","5.59","5.56","5.58","42,400","-61.24","5.66","5.57","5.72","-0.1660","5.75","-0.0645","-0.0770","0.0125","5.53","19.99","28.39","36.54"
"2005-02-03T05:00:00.000Z","5.55","5.55","5.50","5.52","32,800","-77.95","5.64","5.55","5.71","-0.1446","5.75","-0.0612","-0.0738","0.0126","5.53","18.24","32.58","35.95"
"2005-02-04T05:00:00.000Z","5.52","5.57","5.52","5.57","12,000","-62.36","5.63","5.54","5.70","-0.1209","5.75","-0.0539","-0.0699","0.0159","5.52","19.52","30.58","34.96"
"2005-02-07T05:00:00.000Z","5.63","5.64","5.61","5.63","49,600","-30.89","5.63","5.60","5.69","-0.0962","5.75","-0.0429","-0.0645","0.0216","5.52","25.98","28.12","32.74"
"2005-02-08T05:00:00.000Z","5.62","5.66","5.62","5.63","31,200","-25.09","5.62","5.63","5.69","-0.0724","5.74","-0.0340","-0.0584","0.0243","5.53","27.52","26.68","30.52"
"2005-02-09T05:00:00.000Z","5.65","5.65","5.56","5.57","52,000","-42.17","5.61","5.60","5.68","-0.0577","5.74","-0.0315","-0.0530","0.0215","5.54","24.54","30.97","29.16"
"2005-02-10T05:00:00.000Z","5.57","5.57","5.51","5.56","64,800","-59.41","5.60","5.56","5.67","-0.0449","5.74","-0.0299","-0.0484","0.0185","5.55","22.85","33.93","28.47"
"2005-02-11T05:00:00.000Z","5.53","5.63","5.53","5.63","14,400","-35.05","5.59","5.59","5.66","-0.0298","5.73","-0.0228","-0.0433","0.0205","5.56","26.63","30.18","26.89"
"2005-02-14T05:00:00.000Z","5.62","5.64","5.61","5.64","57,600","-14.62","5.58","5.63","5.65","-0.0225","5.73","-0.0157","-0.0377","0.0220","5.57","27.00","29.12","25.23"
"2005-02-15T05:00:00.000Z","5.65","5.70","5.65","5.65","20,800","7.46","5.57","5.65","5.65","-0.0109","5.73","-0.0090","-0.0320","0.0230","5.58","31.82","27.20","23.99"
"2005-02-16T05:00:00.000Z","5.65","5.67","5.64","5.65","21,600","2.63","5.57","5.65","5.64","0.0056","5.73","-0.0040","-0.0264","0.0224","5.59","30.61","27.38","22.67"
"2005-02-17T05:00:00.000Z","5.59","5.60","5.58","5.59","26,400","-30.61","5.57","5.62","5.64","0.0237","5.72","-0.0044","-0.0220","0.0176","5.59","28.05","31.98","21.52"
"2005-02-18T05:00:00.000Z","5.58","5.58","5.55","5.56","40,000","-44.75","5.57","5.58","5.63","0.0305","5.72","-0.0072","-0.0190","0.0119","5.60","26.59","33.69","20.83"
"2005-02-22T05:00:00.000Z","5.53","5.57","5.50","5.50","17,600","-70.73","5.56","5.53","5.62","0.0224","5.71","-0.0142","-0.0181","0.0039","5.59","24.38","37.07","20.81"
"2005-02-23T05:00:00.000Z","5.48","5.50","5.46","5.49","35,200","-95.54","5.56","5.50","5.61","-0.0072","5.71","-0.0203","-0.0185","-0.0018","5.59","23.29","39.90","21.20"
"2005-02-24T05:00:00.000Z","5.50","5.53","5.47","5.52","28,800","-75.53","5.55","5.50","5.60","-0.0316","5.70","-0.0226","-0.0193","-0.0033","5.58","25.69","37.11","20.99"
"2005-02-25T05:00:00.000Z","5.54","5.57","5.54","5.57","5,600.00","-33.42","5.55","5.54","5.59","-0.0354","5.70","-0.0203","-0.0195","-0.0008","5.58","28.68","34.84","20.18"
"2005-02-28T05:00:00.000Z","5.59","5.59","5.56","5.56","8,800.00","-16.63","5.55","5.56","5.58","-0.0317","5.69","-0.0187","-0.0194","0.0006","5.57","30.43","33.59","19.09"
"2005-03-01T05:00:00.000Z","5.61","5.62","5.58","5.61","16,800","24.01","5.55","5.59","5.58","-0.0170","5.69","-0.0132","-0.0181","0.0049","5.57","31.72","31.23","17.79"
"2005-03-02T05:00:00.000Z","5.59","5.65","5.59","5.60","10,400","46.57","5.55","5.61","5.57","0.0110","5.68","-0.0097","-0.0165","0.0067","5.57","34.01","28.98","17.08"
"2005-03-03T05:00:00.000Z","5.61","5.61","5.54","5.58","17,600","5.95","5.55","5.59","5.57","0.0262","5.67","-0.0089","-0.0149","0.0060","5.58","30.91","33.37","16.14"
"2005-03-04T05:00:00.000Z","5.62","5.62","5.59","5.60","9,600.00","44.39","5.55","5.59","5.57","0.0372","5.67","-0.0061","-0.0132","0.0070","5.58","30.01","31.53","15.16"
"2005-03-07T05:00:00.000Z","5.62","5.69","5.62","5.66","40,000","111.39","5.56","5.63","5.57","0.0512","5.66","0.0010","-0.0104","0.0113","5.58","35.37","28.13","14.89"
"2005-03-08T05:00:00.000Z","5.67","5.68","5.63","5.63","14,400","97.38","5.57","5.64","5.57","0.0605","5.66","0.0038","-0.0075","0.0114","5.58","33.14","26.35","14.64"
"2005-03-09T05:00:00.000Z","5.61","5.65","5.60","5.62","58,400","70.95","5.58","5.62","5.57","0.0599","5.65","0.0052","-0.0050","0.0102","5.58","31.08","28.22","13.94"
"2005-03-10T05:00:00.000Z","5.62","5.62","5.55","5.61","40,000","32.67","5.58","5.61","5.57","0.0597","5.65","0.0054","-0.0029","0.0083","5.58","28.58","31.79","13.33"
"2005-03-11T05:00:00.000Z","5.60","5.60","5.52","5.53","20,800","-23.15","5.58","5.57","5.56","0.0481","5.64","-0.0008","-0.0025","0.0016","5.59","25.51","32.76","13.26"
"2005-03-14T05:00:00.000Z","5.54","5.56","5.54","5.56","4,000.00","-18.93","5.58","5.54","5.56","0.0237","5.64","-0.0034","-0.0027","-0.0007","5.59","24.58","31.57","13.21"
"2005-03-15T05:00:00.000Z","5.55","5.55","5.51","5.51","10,400","-50.98","5.58","5.53","5.56","-0.0037","5.63","-0.0089","-0.0039","-0.0050","5.60","23.20","33.00","13.51"
"2005-03-16T05:00:00.000Z","5.50","5.52","5.44","5.44","16,000","-122.07","5.58","5.48","5.56","-0.0333","5.62","-0.0189","-0.0069","-0.0120","5.59","21.00","38.90","14.68"
"2005-03-17T05:00:00.000Z","5.46","5.48","5.44","5.45","38,400","-122.86","5.57","5.45","5.55","-0.0576","5.61","-0.0253","-0.0106","-0.0148","5.58","20.02","37.09","15.76"
"2005-03-18T05:00:00.000Z","5.42","5.43","5.41","5.41","358,400","-166.46","5.57","5.43","5.55","-0.0835","5.61","-0.0340","-0.0153","-0.0188","5.57","18.76","39.75","17.20"
"2005-03-21T05:00:00.000Z","5.43","5.44","5.40","5.42","9,600.00","-155.99","5.57","5.41","5.55","-0.1058","5.60","-0.0391","-0.0200","-0.0190","5.56","17.80","38.71","18.62"
"2005-03-22T05:00:00.000Z","5.43","5.44","5.38","5.38","11,200","-178.31","5.56","5.40","5.55","-0.1256","5.59","-0.0463","-0.0253","-0.0210","5.54","16.22","38.18","20.17"
"2005-03-23T05:00:00.000Z","5.38","5.41","5.38","5.41","98,400","-171.15","5.55","5.39","5.55","-0.1363","5.58","-0.0490","-0.0300","-0.0190","5.53","15.38","36.22","21.61"
"2005-03-24T05:00:00.000Z","5.43","5.45","5.42","5.45","10,400","-126.60","5.55","5.43","5.55","-0.1389","5.58","-0.0474","-0.0335","-0.0139","5.51","19.33","34.09","22.04"
"2005-03-28T05:00:00.000Z","5.45","5.45","5.41","5.41","4,000.00","-137.87","5.54","5.43","5.55","-0.1338","5.57","-0.0484","-0.0365","-0.0119","5.49","18.37","33.24","22.53"
"2005-03-29T05:00:00.000Z","5.39","5.41","5.35","5.35","39,200","-177.61","5.53","5.38","5.54","-0.1333","5.56","-0.0532","-0.0398","-0.0134","5.48","16.87","38.17","23.68"
"2005-03-30T05:00:00.000Z","5.39","5.44","5.39","5.44","24,800","-114.86","5.52","5.40","5.54","-0.1251","5.55","-0.0494","-0.0417","-0.0076","5.46","18.52","33.84","24.08"
"2005-03-31T05:00:00.000Z","5.44","5.45","5.42","5.43","92,000","-98.21","5.52","5.44","5.54","-0.1127","5.55","-0.0466","-0.0427","-0.0039","5.45","18.94","32.75","24.27"
"2005-04-01T05:00:00.000Z","5.47","5.47","5.38","5.39","41,600","-108.97","5.51","5.41","5.53","-0.1108","5.54","-0.0469","-0.0435","-0.0033","5.44","16.72","34.69","25.03"
"2005-04-04T04:00:00.000Z","5.38","5.41","5.36","5.41","7,200.00","-117.18","5.50","5.40","5.53","-0.1131","5.54","-0.0449","-0.0438","-0.0011","5.43","15.59","34.75","25.96"
"2005-04-05T04:00:00.000Z","5.42","5.42","5.40","5.40","8,800.00","-101.84","5.50","5.41","5.53","-0.1018","5.53","-0.0440","-0.0439","-0.0002","5.42","15.84","33.81","26.69"
"2005-04-06T04:00:00.000Z","5.42","5.43","5.41","5.41","36,800","-87.43","5.49","5.40","5.52","-0.0937","5.53","-0.0421","-0.0435","0.0014","5.42","17.16","32.23","26.97"
"2005-04-07T04:00:00.000Z","5.42","5.45","5.42","5.45","14,400","-64.09","5.49","5.43","5.52","-0.0877","5.52","-0.0367","-0.0421","0.0055","5.42","18.75","30.26","26.72"
"2005-04-08T04:00:00.000Z","5.46","5.46","5.42","5.42","12,800","-64.66","5.49","5.44","5.51","-0.0800","5.52","-0.0343","-0.0406","0.0062","5.42","19.10","28.53","26.22"
"2005-04-11T04:00:00.000Z","5.43","5.43","5.38","5.39","12,800","-89.16","5.48","5.41","5.51","-0.0719","5.52","-0.0347","-0.0394","0.0047","5.42","17.65","32.73","26.49"
"2005-04-12T04:00:00.000Z","5.35","5.40","5.32","5.40","22,400","-105.21","5.48","5.39","5.50","-0.0767","5.51","-0.0340","-0.0383","0.0044","5.42","15.73","37.17","27.49"
"2005-04-13T04:00:00.000Z","5.37","5.37","5.32","5.32","4,800.00","-127.19","5.47","5.36","5.49","-0.0884","5.51","-0.0391","-0.0385","-0.0006","5.41","14.08","33.27","28.42"
"2005-04-14T04:00:00.000Z","5.31","5.31","5.25","5.25","55,200","-167.50","5.46","5.29","5.48","-0.1124","5.50","-0.0481","-0.0404","-0.0077","5.40","12.83","38.84","29.99"
"2005-04-15T04:00:00.000Z","5.15","5.17","5.08","5.08","41,600","-272.71","5.44","5.16","5.47","-0.1635","5.50","-0.0688","-0.0461","-0.0227","5.39","10.30","50.77","32.58"
"2005-04-18T04:00:00.000Z","5.08","5.11","5.08","5.11","16,800","-257.92","5.42","5.09","5.46","-0.2118","5.49","-0.0817","-0.0532","-0.0285","5.36","9.90","48.94","34.99"
"2005-04-19T04:00:00.000Z","5.15","5.16","5.13","5.16","50,400","-204.56","5.41","5.13","5.45","-0.2412","5.48","-0.0866","-0.0599","-0.0267","5.34","15.38","45.89","36.05"
"2005-04-20T04:00:00.000Z","5.19","5.19","5.13","5.13","23,200","-191.04","5.39","5.14","5.44","-0.2642","5.48","-0.0923","-0.0664","-0.0260","5.32","17.91","42.25","36.36"
"2005-04-21T04:00:00.000Z","5.20","5.26","5.20","5.26","26,400","-123.39","5.38","5.19","5.43","-0.2646","5.48","-0.0849","-0.0701","-0.0148","5.30","22.69","36.05","35.39"
"2005-04-22T04:00:00.000Z","5.23","5.23","5.17","5.17","16,000","-146.02","5.36","5.21","5.42","-0.2376","5.47","-0.0858","-0.0732","-0.0126","5.29","20.45","35.70","34.80"
"2005-04-25T04:00:00.000Z","5.25","5.25","5.24","5.24","14,400","-105.28","5.35","5.20","5.42","-0.1946","5.47","-0.0793","-0.0744","-0.0049","5.28","20.54","32.55","33.93"
"2005-04-26T04:00:00.000Z","5.22","5.26","5.21","5.21","32,000","-111.70","5.34","5.22","5.41","-0.1645","5.46","-0.0764","-0.0748","-0.0015","5.26","19.35","34.51","33.52"
"2005-04-27T04:00:00.000Z","5.20","5.20","5.20","5.20","4,000.00","-118.02","5.33","5.20","5.40","-0.1439","5.46","-0.0736","-0.0746","0.0010","5.24","19.25","34.87","33.18"
"2005-04-28T04:00:00.000Z","5.17","5.17","5.13","5.13","55,200","-139.04","5.32","5.16","5.38","-0.1469","5.45","-0.0762","-0.0749","-0.0013","5.22","17.76","39.92","33.56"
"2005-04-29T04:00:00.000Z","5.17","5.19","5.12","5.19","73,600","-117.73","5.31","5.16","5.38","-0.1441","5.44","-0.0727","-0.0745","0.0017","5.21","17.94","36.99","33.64"
"2005-05-02T04:00:00.000Z","5.21","5.21","5.18","5.18","3,200.00","-95.87","5.31","5.19","5.36","-0.1439","5.44","-0.0695","-0.0735","0.0040","5.20","19.96","35.89","33.27"
"2005-05-03T04:00:00.000Z","5.21","5.24","5.20","5.20","8,000.00","-77.60","5.30","5.19","5.35","-0.1371","5.43","-0.0645","-0.0717","0.0071","5.19","22.11","33.58","32.37"
"2005-05-04T04:00:00.000Z","5.24","5.28","5.24","5.27","33,600","-47.93","5.30","5.24","5.34","-0.1190","5.43","-0.0545","-0.0682","0.0138","5.19","24.61","30.74","30.85"
"2005-05-05T04:00:00.000Z","5.27","5.29","5.26","5.27","12,800","-38.19","5.29","5.27","5.34","-0.0887","5.42","-0.0461","-0.0638","0.0177","5.21","25.10","29.70","29.24"
"2005-05-06T04:00:00.000Z","5.29","5.30","5.28","5.30","22,400","-24.75","5.29","5.28","5.33","-0.0579","5.42","-0.0370","-0.0585","0.0215","5.22","25.06","28.75","27.64"
"2005-05-09T04:00:00.000Z","5.29","5.30","5.26","5.29","26,400","-24.61","5.28","5.29","5.32","-0.0366","5.41","-0.0298","-0.0527","0.0229","5.23","23.80","29.50","26.43"
"2005-05-10T04:00:00.000Z","5.29","5.29","5.24","5.24","19,200","-40.06","5.28","5.27","5.31","-0.0240","5.40","-0.0279","-0.0478","0.0198","5.23","22.27","30.59","25.67"
"2005-05-11T04:00:00.000Z","5.25","5.30","5.23","5.30","10,400","-24.08","5.27","5.27","5.31","-0.0185","5.40","-0.0215","-0.0425","0.0210","5.24","21.74","28.15","24.75"
"2005-05-12T04:00:00.000Z","5.33","5.34","5.27","5.27","8,800.00","-10.01","5.27","5.28","5.30","-0.0090","5.39","-0.0183","-0.0377","0.0194","5.24","24.82","25.92","23.14"
"2005-05-13T04:00:00.000Z","5.33","5.39","5.33","5.36","67,200","36.71","5.27","5.32","5.30","0.0068","5.39","-0.0087","-0.0319","0.0232","5.25","27.45","22.47","22.20"
"2005-05-16T04:00:00.000Z","5.37","5.41","5.36","5.41","42,400","63.26","5.27","5.39","5.30","0.0271","5.38","0.0033","-0.0248","0.0281","5.26","28.65","21.06","21.70"
"2005-05-17T04:00:00.000Z","5.39","5.43","5.38","5.42","17,600","72.27","5.27","5.42","5.30","0.0551","5.38","0.0130","-0.0173","0.0303","5.28","28.58","19.82","21.45"
"2005-05-18T04:00:00.000Z","5.47","5.54","5.46","5.52","48,800","137.31","5.27","5.47","5.31","0.1000","5.38","0.0287","-0.0081","0.0368","5.30","37.09","17.19","22.53"
"2005-05-19T04:00:00.000Z","5.52","5.56","5.52","5.56","22,400","154.50","5.27","5.54","5.31","0.1434","5.38","0.0435","0.0022","0.0413","5.33","37.64","16.45","23.72"
"2005-05-20T04:00:00.000Z","5.55","5.58","5.54","5.58","12,000","161.63","5.28","5.57","5.31","0.1787","5.38","0.0564","0.0131","0.0433","5.35","38.57","15.70","25.04"
"2005-05-23T04:00:00.000Z","5.58","5.61","5.58","5.61","24,000","171.53","5.29","5.59","5.32","0.2148","5.39","0.0681","0.0241","0.0440","5.38","40.63","15.18","26.51"
"2005-05-24T04:00:00.000Z","5.58","5.63","5.58","5.63","51,200","167.18","5.29","5.62","5.32","0.2499","5.39","0.0782","0.0349","0.0433","5.40","40.90","14.24","28.07"
"2005-05-25T04:00:00.000Z","5.60","5.60","5.56","5.60","102,400","144.26","5.30","5.61","5.33","0.2619","5.39","0.0827","0.0445","0.0382","5.43","37.47","15.34","29.06"
"2005-05-26T04:00:00.000Z","5.62","5.67","5.62","5.67","55,200","171.05","5.32","5.63","5.33","0.2777","5.39","0.0910","0.0538","0.0373","5.45","42.30","14.01","30.57"
"2005-05-27T04:00:00.000Z","5.66","5.66","5.64","5.64","36,800","156.59","5.34","5.66","5.34","0.2883","5.39","0.0946","0.0619","0.0327","5.48","40.78","13.51","31.98"
"2005-05-31T04:00:00.000Z","5.66","5.67","5.63","5.64","22,400","145.51","5.35","5.64","5.35","0.2915","5.39","0.0958","0.0687","0.0271","5.51","40.52","12.84","33.40"
"2005-06-01T04:00:00.000Z","5.62","5.70","5.62","5.67","24,800","143.28","5.37","5.65","5.35","0.2940","5.39","0.0978","0.0745","0.0232","5.53","40.54","11.57","34.98"
"2005-06-02T04:00:00.000Z","5.69","5.70","5.68","5.70","40,000","146.28","5.39","5.68","5.36","0.3045","5.39","0.1007","0.0798","0.0210","5.56","38.62","11.02","36.45"
"2005-06-03T04:00:00.000Z","5.69","5.69","5.63","5.64","60,000","120.60","5.40","5.67","5.37","0.2912","5.39","0.0974","0.0833","0.0141","5.59","35.36","17.11","36.33"
"2005-06-06T04:00:00.000Z","5.64","5.65","5.62","5.64","18,400","107.92","5.42","5.64","5.37","0.2723","5.39","0.0938","0.0854","0.0084","5.61","34.00","17.74","35.98"
"2005-06-07T04:00:00.000Z","5.65","5.70","5.63","5.64","32,800","108.56","5.43","5.64","5.38","0.2598","5.39","0.0896","0.0862","0.0033","5.62","37.52","16.32","36.23"
"2005-06-08T04:00:00.000Z","5.65","5.65","5.60","5.61","76,800","88.55","5.45","5.62","5.38","0.2388","5.39","0.0828","0.0855","-0.0028","5.63","35.21","19.37","35.71"
"2005-06-09T04:00:00.000Z","5.61","5.64","5.60","5.64","19,200","85.46","5.46","5.62","5.39","0.2125","5.40","0.0792","0.0843","-0.0051","5.63","33.35","18.83","35.15"
"2005-06-10T04:00:00.000Z","5.65","5.65","5.59","5.61","38,400","77.01","5.48","5.62","5.40","0.1927","5.40","0.0727","0.0819","-0.0093","5.64","32.25","17.29","34.80"
"2005-06-13T04:00:00.000Z","5.65","5.66","5.64","5.65","18,400","83.99","5.49","5.63","5.41","0.1841","5.40","0.0700","0.0796","-0.0095","5.64","30.80","16.07","34.55"
"2005-06-14T04:00:00.000Z","5.64","5.64","5.60","5.60","48,800","68.46","5.51","5.63","5.43","0.1638","5.41","0.0638","0.0764","-0.0126","5.65","29.02","20.28","33.35"
"2005-06-15T04:00:00.000Z","5.64","5.64","5.56","5.60","63,200","59.98","5.52","5.60","5.44","0.1467","5.41","0.0581","0.0727","-0.0147","5.65","26.00","23.61","31.31"
"2005-06-16T04:00:00.000Z","5.65","5.67","5.64","5.65","35,200","75.26","5.53","5.63","5.45","0.1388","5.41","0.0567","0.0695","-0.0128","5.65","26.94","21.74","29.84"
"2005-06-17T04:00:00.000Z","5.67","5.68","5.65","5.67","41,600","76.37","5.54","5.66","5.46","0.1328","5.42","0.0562","0.0669","-0.0107","5.65","28.23","20.68","28.81"
"2005-06-20T04:00:00.000Z","5.63","5.65","5.62","5.64","36,800","63.13","5.56","5.65","5.47","0.1168","5.42","0.0535","0.0642","-0.0107","5.65","26.52","23.19","27.23"
"2005-06-21T04:00:00.000Z","5.67","5.68","5.65","5.68","30,400","72.89","5.57","5.66","5.48","0.1126","5.43","0.0536","0.0621","-0.0085","5.65","29.38","22.02","26.31"
"2005-06-22T04:00:00.000Z","5.71","5.71","5.67","5.70","31,200","78.71","5.58","5.69","5.49","0.1179","5.43","0.0545","0.0606","-0.0061","5.65","31.56","21.07","25.85"
"2005-06-23T04:00:00.000Z","5.71","5.76","5.65","5.65","78,400","72.58","5.60","5.67","5.51","0.1147","5.43","0.0504","0.0585","-0.0081","5.66","33.59","18.05","26.16"
"2005-06-24T04:00:00.000Z","5.63","5.63","5.56","5.56","298,400","29.32","5.61","5.60","5.52","0.0912","5.44","0.0400","0.0548","-0.0148","5.65","30.16","26.42","24.76"
"2005-06-27T04:00:00.000Z","5.55","5.55","5.51","5.53","48,000","2.51","5.61","5.55","5.53","0.0633","5.44","0.0288","0.0496","-0.0208","5.65","28.09","31.46","23.40"
"2005-06-28T04:00:00.000Z","5.55","5.60","5.55","5.59","78,400","22.98","5.62","5.56","5.54","0.0355","5.44","0.0248","0.0447","-0.0198","5.64","31.07","28.82","21.99"
"2005-06-29T04:00:00.000Z","5.61","5.61","5.59","5.59","90,400","28.67","5.62","5.59","5.55","0.0076","5.45","0.0210","0.0399","-0.0189","5.64","31.89","27.81","20.91"
"2005-06-30T04:00:00.000Z","5.60","5.60","5.55","5.55","32,800","9.44","5.62","5.57","5.55","-0.0254","5.45","0.0147","0.0349","-0.0202","5.63","29.71","30.52","19.51"
"2005-07-01T04:00:00.000Z","5.55","5.57","5.53","5.53","132,800","-9.49","5.62","5.54","5.56","-0.0398","5.45","0.0083","0.0296","-0.0213","5.63","28.44","31.35","18.47"
"2005-07-05T04:00:00.000Z","5.53","5.60","5.53","5.59","47,200","6.47","5.62","5.56","5.57","-0.0383","5.45","0.0081","0.0253","-0.0172","5.62","30.40","28.25","17.41"
"2005-07-06T04:00:00.000Z","5.59","5.63","5.59","5.59","72,800","22.44","5.62","5.59","5.57","-0.0372","5.45","0.0072","0.0216","-0.0145","5.61","32.14","26.69","16.83"
"2005-07-07T04:00:00.000Z","5.56","5.59","5.55","5.59","32,800","-1.94","5.62","5.59","5.58","-0.0448","5.46","0.0069","0.0187","-0.0118","5.61","30.39","29.86","15.69"
"2005-07-08T04:00:00.000Z","5.61","5.70","5.61","5.70","44,800","84.53","5.63","5.65","5.59","-0.0323","5.46","0.0153","0.0180","-0.0027","5.60","39.71","25.86","16.07"
"2005-07-11T04:00:00.000Z","5.74","5.77","5.73","5.75","80,800","169.83","5.63","5.73","5.60","0.0017","5.47","0.0256","0.0195","0.0060","5.61","44.58","23.77","17.10"
"2005-07-12T04:00:00.000Z","5.77","5.83","5.76","5.81","70,400","225.06","5.63","5.78","5.62","0.0411","5.49","0.0380","0.0232","0.0148","5.61","47.46","21.64","18.55"
"2005-07-13T04:00:00.000Z","5.82","5.84","5.80","5.84","80,800","252.41","5.64","5.82","5.63","0.0775","5.50","0.0496","0.0285","0.0211","5.62","47.20","20.61","20.02"
"2005-07-14T04:00:00.000Z","5.89","5.90","5.87","5.88","184,000","300.12","5.65","5.86","5.64","0.1309","5.51","0.0614","0.0351","0.0263","5.64","50.92","18.98","21.86"
"2005-07-15T04:00:00.000Z","5.88","5.88","5.84","5.88","63,200","256.53","5.65","5.88","5.65","0.1657","5.52","0.0698","0.0420","0.0277","5.67","48.54","20.90","23.14"
"2005-07-18T04:00:00.000Z","5.87","5.87","5.84","5.85","91,200","218.92","5.66","5.86","5.65","0.1815","5.53","0.0734","0.0483","0.0251","5.69","46.43","19.99","24.33"
"2005-07-19T04:00:00.000Z","5.85","5.96","5.85","5.95","600,800","249.64","5.67","5.90","5.66","0.1962","5.54","0.0834","0.0553","0.0281","5.71","50.74","17.42","26.08"
"2005-07-20T04:00:00.000Z","5.86","5.94","5.86","5.94","63,200","213.24","5.68","5.94","5.67","0.2042","5.56","0.0893","0.0621","0.0272","5.73","45.23","15.53","27.71"
"2005-07-21T04:00:00.000Z","5.92","5.93","5.88","5.88","52,000","177.32","5.69","5.91","5.68","0.2021","5.57","0.0880","0.0673","0.0207","5.76","42.01","14.43","29.22"
"2005-07-22T04:00:00.000Z","5.90","5.91","5.86","5.88","124,800","149.47","5.70","5.88","5.69","0.1994","5.58","0.0863","0.0711","0.0152","5.79","39.49","16.05","30.15"
"2005-07-25T04:00:00.000Z","5.88","5.90","5.85","5.85","96,800","125.41","5.71","5.87","5.69","0.1958","5.59","0.0815","0.0732","0.0083","5.81","37.25","15.89","30.87"
"2005-07-26T04:00:00.000Z","5.86","5.89","5.86","5.89","40,000","123.62","5.71","5.87","5.70","0.1844","5.60","0.0798","0.0745","0.0053","5.84","35.38","15.09","31.53"
"2005-07-27T04:00:00.000Z","5.86","5.91","5.85","5.90","43,200","115.47","5.72","5.89","5.70","0.1728","5.61","0.0783","0.0753","0.0030","5.85","34.61","13.99","32.31"
"2005-07-28T04:00:00.000Z","5.88","5.91","5.88","5.91","44,000","117.81","5.73","5.91","5.71","0.1630","5.63","0.0776","0.0757","0.0019","5.87","34.15","13.42","33.12"
"2005-07-29T04:00:00.000Z","5.90","5.91","5.87","5.88","92,000","99.55","5.74","5.90","5.71","0.1564","5.64","0.0735","0.0753","-0.0018","5.88","32.08","14.51","33.44"
"2005-08-01T04:00:00.000Z","5.89","5.91","5.88","5.90","31,200","98.21","5.75","5.89","5.72","0.1534","5.65","0.0707","0.0744","-0.0037","5.88","30.87","13.90","33.76"
"2005-08-02T04:00:00.000Z","5.90","5.95","5.90","5.95","133,600","111.48","5.76","5.92","5.73","0.1546","5.66","0.0720","0.0739","-0.0019","5.88","34.01","12.87","34.57"
"2005-08-03T04:00:00.000Z","5.95","5.98","5.95","5.97","52,800","119.50","5.77","5.96","5.74","0.1614","5.67","0.0738","0.0739","-0.0001","5.89","36.18","12.35","35.61"
"2005-08-04T04:00:00.000Z","5.96","5.96","5.92","5.92","65,600","97.21","5.78","5.95","5.74","0.1613","5.68","0.0708","0.0733","-0.0025","5.89","33.49","16.00","35.59"
"2005-08-05T04:00:00.000Z","5.92","5.92","5.89","5.91","44,800","79.41","5.79","5.92","5.75","0.1581","5.69","0.0662","0.0719","-0.0056","5.90","32.09","18.11","35.04"
"2005-08-08T04:00:00.000Z","5.92","5.92","5.86","5.86","83,200","62.13","5.80","5.88","5.76","0.1496","5.70","0.0580","0.0691","-0.0111","5.90","29.34","21.53","33.63"
"2005-08-09T04:00:00.000Z","5.88","5.91","5.88","5.89","72,000","65.96","5.81","5.87","5.76","0.1369","5.71","0.0532","0.0659","-0.0127","5.90","27.14","19.91","32.33"
"2005-08-10T04:00:00.000Z","5.92","5.93","5.81","5.83","91,200","44.87","5.82","5.86","5.77","0.1129","5.72","0.0441","0.0615","-0.0174","5.90","23.21","25.52","30.36"
"2005-08-11T04:00:00.000Z","5.83","5.87","5.82","5.87","34,400","39.87","5.82","5.85","5.77","0.0896","5.72","0.0395","0.0571","-0.0176","5.90","21.71","23.86","28.53"
"2005-08-12T04:00:00.000Z","5.83","5.83","5.78","5.81","44,800","13.86","5.83","5.84","5.78","0.0622","5.73","0.0309","0.0519","-0.0209","5.90","19.34","26.26","27.57"
"2005-08-15T04:00:00.000Z","5.80","5.87","5.79","5.86","58,400","31.15","5.84","5.83","5.78","0.0416","5.73","0.0276","0.0470","-0.0194","5.89","23.06","23.70","25.70"
"2005-08-16T04:00:00.000Z","5.84","5.84","5.76","5.78","122,400","4.85","5.85","5.82","5.79","0.0158","5.74","0.0187","0.0414","-0.0227","5.89","20.66","24.09","24.41"
"2005-08-17T04:00:00.000Z","5.80","5.85","5.79","5.84","108,800","21.96","5.86","5.81","5.79","-0.0004","5.74","0.0161","0.0363","-0.0202","5.88","20.47","22.21","22.96"
"2005-08-18T04:00:00.000Z","5.81","5.82","5.79","5.80","44,800","5.87","5.87","5.82","5.79","-0.0151","5.74","0.0109","0.0312","-0.0203","5.87","19.27","21.48","21.71"
"2005-08-19T04:00:00.000Z","5.82","5.83","5.80","5.80","50,400","7.70","5.87","5.80","5.80","-0.0206","5.75","0.0067","0.0263","-0.0196","5.87","19.61","20.71","20.35"
"2005-08-22T04:00:00.000Z","5.81","5.85","5.79","5.81","1,026,400","9.66","5.87","5.81","5.80","-0.0306","5.75","0.0041","0.0219","-0.0178","5.86","21.16","19.06","19.27"
"2005-08-23T04:00:00.000Z","5.83","5.83","5.79","5.82","91,200","3.98","5.87","5.81","5.81","-0.0343","5.75","0.0025","0.0180","-0.0155","5.85","20.07","18.08","18.27"
"2005-08-24T04:00:00.000Z","5.79","5.87","5.79","5.79","123,200","-2.18","5.87","5.80","5.82","-0.0411","5.75","-0.0014","0.0141","-0.0155","5.84","21.85","16.38","17.98"
"2005-08-25T04:00:00.000Z","5.78","5.81","5.78","5.80","100,000","-19.93","5.87","5.79","5.82","-0.0468","5.76","-0.0034","0.0106","-0.0140","5.83","21.24","16.08","17.69"
"2005-08-26T04:00:00.000Z","5.79","5.79","5.76","5.77","41,600","-47.39","5.86","5.78","5.83","-0.0548","5.76","-0.0072","0.0071","-0.0143","5.82","20.14","18.71","16.69"
"2005-08-29T04:00:00.000Z","5.76","5.82","5.74","5.82","95,200","-36.07","5.86","5.79","5.83","-0.0617","5.76","-0.0061","0.0044","-0.0105","5.81","21.71","16.91","16.38"
"2005-08-30T04:00:00.000Z","5.78","5.79","5.76","5.79","23,200","-60.60","5.86","5.81","5.84","-0.0677","5.76","-0.0072","0.0021","-0.0093","5.80","20.06","15.62","16.10"
"2005-08-31T04:00:00.000Z","5.80","5.84","5.78","5.84","32,000","-21.59","5.85","5.82","5.84","-0.0679","5.77","-0.0039","0.0009","-0.0048","5.80","24.75","14.44","16.83"
"2005-09-01T04:00:00.000Z","5.84","5.84","5.81","5.83","44,800","-27.50","5.85","5.84","5.85","-0.0605","5.77","-0.0024","0.0003","-0.0026","5.80","23.63","13.79","17.51"
"2005-09-02T04:00:00.000Z","5.83","5.84","5.82","5.82","46,400","-41.02","5.85","5.82","5.85","-0.0487","5.77","-0.0024","-0.0003","-0.0021","5.80","22.71","13.25","18.14"
"2005-09-06T04:00:00.000Z","5.83","5.88","5.83","5.88","22,400","14.47","5.85","5.85","5.86","-0.0326","5.78","0.0024","0.0003","0.0022","5.81","25.53","12.12","19.39"
"2005-09-07T04:00:00.000Z","5.88","5.91","5.87","5.89","82,400","58.44","5.85","5.88","5.86","-0.0093","5.78","0.0076","0.0017","0.0059","5.81","27.93","11.49","20.98"
"2005-09-08T04:00:00.000Z","5.90","5.93","5.90","5.91","46,400","88.27","5.85","5.90","5.86","0.0106","5.79","0.0129","0.0040","0.0089","5.82","28.96","10.95","22.70"
"2005-09-09T04:00:00.000Z","5.91","5.94","5.91","5.93","106,400","106.28","5.85","5.92","5.86","0.0285","5.79","0.0188","0.0069","0.0119","5.83","29.12","10.43","24.46"
"2005-09-12T04:00:00.000Z","5.94","5.96","5.93","5.95","54,400","132.70","5.85","5.94","5.86","0.0498","5.80","0.0247","0.0105","0.0142","5.83","30.98","10.02","26.36"
"2005-09-13T04:00:00.000Z","5.94","5.99","5.93","5.95","101,600","133.63","5.86","5.95","5.87","0.0677","5.80","0.0290","0.0142","0.0148","5.85","31.99","9.27","28.41"
"2005-09-14T04:00:00.000Z","5.94","5.95","5.89","5.89","69,600","63.31","5.85","5.92","5.86","0.0718","5.81","0.0268","0.0167","0.0101","5.86","29.07","14.62","28.75"
"2005-09-15T04:00:00.000Z","5.89","5.89","5.85","5.86","98,400","5.81","5.85","5.87","5.86","0.0636","5.81","0.0228","0.0179","0.0049","5.86","27.21","19.23","27.92"
"2005-09-16T04:00:00.000Z","5.89","5.90","5.86","5.89","123,200","34.43","5.85","5.88","5.86","0.0557","5.81","0.0220","0.0187","0.0032","5.88","27.11","18.05","27.36"
"2005-09-19T04:00:00.000Z","5.90","5.90","5.84","5.86","121,600","7.42","5.85","5.88","5.86","0.0412","5.82","0.0183","0.0187","-0.0003","5.88","24.94","19.04","26.36"
"2005-09-20T04:00:00.000Z","5.87","5.92","5.83","5.84","48,800","4.89","5.85","5.85","5.86","0.0265","5.82","0.0139","0.0177","-0.0038","5.89","24.86","16.84","25.85"
"2005-09-21T04:00:00.000Z","5.80","5.80","5.76","5.77","80,800","-118.71","5.84","5.81","5.86","0.0049","5.83","0.0044","0.0150","-0.0107","5.89","22.32","24.24","24.30"
"2005-09-22T04:00:00.000Z","5.75","5.78","5.72","5.78","193,600","-137.98","5.84","5.77","5.86","-0.0136","5.83","-0.0025","0.0115","-0.0141","5.88","20.52","27.99","23.66"
"2005-09-23T04:00:00.000Z","5.75","5.79","5.75","5.78","17,600","-113.56","5.84","5.78","5.85","-0.0324","5.83","-0.0077","0.0077","-0.0154","5.87","20.34","26.41","22.90"
"2005-09-26T04:00:00.000Z","5.81","5.82","5.76","5.78","69,600","-88.13","5.84","5.78","5.85","-0.0461","5.84","-0.0114","0.0039","-0.0153","5.87","22.37","24.46","21.59"
"2005-09-27T04:00:00.000Z","5.79","5.79","5.75","5.76","35,200","-108.39","5.83","5.77","5.85","-0.0641","5.84","-0.0158","-0.0001","-0.0158","5.86","21.27","24.41","20.54"
"2005-09-28T04:00:00.000Z","5.76","5.81","5.76","5.78","40,000","-84.41","5.83","5.77","5.84","-0.0619","5.84","-0.0176","-0.0036","-0.0140","5.85","22.47","22.76","19.11"
"2005-09-29T04:00:00.000Z","5.78","5.86","5.78","5.84","848,800","-22.51","5.83","5.81","5.84","-0.0477","5.85","-0.0138","-0.0056","-0.0082","5.84","26.32","20.50","18.64"
"2005-09-30T04:00:00.000Z","5.86","5.89","5.86","5.89","26,400","60.18","5.84","5.86","5.84","-0.0281","5.85","-0.0072","-0.0059","-0.0013","5.83","29.35","19.21","18.80"
"2005-10-03T04:00:00.000Z","5.90","5.92","5.90","5.91","209,600","102.32","5.84","5.90","5.84","-0.0060","5.85","-0.0005","-0.0048","0.0044","5.83","31.74","18.37","19.36"
"2005-10-04T04:00:00.000Z","5.91","5.92","5.83","5.83","99,200","38.66","5.84","5.87","5.84","0.0138","5.86","-0.0008","-0.0040","0.0033","5.83","28.16","24.57","18.46"
"2005-10-05T04:00:00.000Z","5.84","5.84","5.74","5.74","76,800","-94.52","5.84","5.79","5.83","0.0163","5.86","-0.0085","-0.0049","-0.0036","5.82","24.87","33.05","18.15"
"2005-10-06T04:00:00.000Z","5.75","5.75","5.66","5.70","657,600","-183.57","5.84","5.72","5.83","-0.0026","5.85","-0.0178","-0.0075","-0.0103","5.81","22.30","38.67","18.77"
"2005-10-07T04:00:00.000Z","5.71","5.72","5.69","5.71","140,800","-169.51","5.83","5.70","5.83","-0.0333","5.85","-0.0244","-0.0109","-0.0135","5.80","21.49","37.26","19.35"
"2005-10-10T04:00:00.000Z","5.69","5.70","5.66","5.66","55,200","-200.43","5.83","5.68","5.82","-0.0751","5.85","-0.0330","-0.0153","-0.0177","5.79","20.26","39.29","20.25"
"2005-10-11T04:00:00.000Z","5.69","5.69","5.61","5.63","59,200","-217.79","5.82","5.64","5.82","-0.1162","5.84","-0.0420","-0.0206","-0.0213","5.79","18.43","41.32","21.54"
"2005-10-12T04:00:00.000Z","5.61","5.61","5.57","5.59","55,200","-253.26","5.82","5.61","5.81","-0.1491","5.84","-0.0516","-0.0268","-0.0248","5.78","17.21","43.57","23.10"
"2005-10-13T04:00:00.000Z","5.59","5.63","5.57","5.62","145,600","-208.85","5.81","5.60","5.81","-0.1648","5.83","-0.0558","-0.0326","-0.0232","5.76","18.88","40.15","24.03"
"2005-10-14T04:00:00.000Z","5.63","5.65","5.61","5.64","32,000","-164.88","5.80","5.63","5.80","-0.1759","5.83","-0.0568","-0.0375","-0.0193","5.75","19.88","38.36","24.58"
"2005-10-17T04:00:00.000Z","5.67","5.67","5.63","5.64","41,600","-142.98","5.80","5.64","5.80","-0.1785","5.82","-0.0571","-0.0414","-0.0157","5.74","21.31","36.24","24.67"
"2005-10-18T04:00:00.000Z","5.67","5.67","5.65","5.66","52,000","-118.47","5.79","5.65","5.80","-0.1726","5.82","-0.0551","-0.0441","-0.0110","5.73","21.15","34.60","24.63"
"2005-10-19T04:00:00.000Z","5.63","5.71","5.59","5.71","118,400","-105.21","5.78","5.68","5.79","-0.1559","5.82","-0.0491","-0.0451","-0.0040","5.71","18.14","37.01","25.32"
"2005-10-20T04:00:00.000Z","5.75","5.75","5.67","5.68","56,000","-73.13","5.78","5.70","5.79","-0.1303","5.81","-0.0459","-0.0453","-0.0006","5.70","21.39","33.74","25.11"
"2005-10-21T04:00:00.000Z","5.75","5.75","5.71","5.73","189,600","-48.32","5.77","5.71","5.79","-0.1074","5.81","-0.0392","-0.0441","0.0049","5.69","19.70","31.09","24.92"
"2005-10-24T04:00:00.000Z","5.75","5.80","5.73","5.80","87,200","-12.86","5.76","5.76","5.79","-0.0815","5.81","-0.0281","-0.0409","0.0128","5.68","23.51","28.66","23.84"
"2005-10-25T04:00:00.000Z","5.78","5.78","5.72","5.75","152,000","-31.85","5.76","5.77","5.79","-0.0600","5.81","-0.0229","-0.0373","0.0143","5.68","21.50","27.06","22.96"
"2005-10-26T04:00:00.000Z","5.76","5.79","5.74","5.74","87,200","-21.89","5.75","5.75","5.79","-0.0319","5.80","-0.0189","-0.0336","0.0147","5.69","22.15","25.49","21.82"
"2005-10-27T04:00:00.000Z","5.74","5.74","5.67","5.67","107,200","-71.76","5.75","5.71","5.78","-0.0271","5.80","-0.0213","-0.0311","0.0098","5.69","20.31","31.67","21.82"
"2005-10-28T04:00:00.000Z","5.69","5.69","5.65","5.69","80,000","-79.98","5.74","5.68","5.78","-0.0309","5.79","-0.0213","-0.0292","0.0079","5.69","19.30","32.58","22.09"
"2005-10-31T05:00:00.000Z","5.75","5.81","5.75","5.77","143,200","-4.27","5.74","5.73","5.78","-0.0224","5.79","-0.0152","-0.0264","0.0112","5.70","29.60","28.42","20.66"
"2005-11-01T05:00:00.000Z","5.76","5.78","5.76","5.77","60,800","-6.19","5.73","5.77","5.77","-0.0137","5.79","-0.0102","-0.0231","0.0129","5.72","29.00","27.84","19.33"
"2005-11-02T05:00:00.000Z","5.79","5.86","5.78","5.84","131,200","42.47","5.74","5.81","5.77","-0.0024","5.79","0","-0.0185","0.0185","5.73","34.54","25.07","19.08"
"2005-11-03T05:00:00.000Z","5.92","5.93","5.89","5.91","76,000","113.85","5.74","5.88","5.77","0.0385","5.79","0.0134","-0.0121","0.0255","5.75","39.82","22.58","19.69"
"2005-11-04T05:00:00.000Z","5.94","5.95","5.90","5.94","196,800","128.81","5.75","5.93","5.77","0.0876","5.79","0.0262","-0.0045","0.0307","5.77","39.19","21.50","20.37"
"2005-11-07T05:00:00.000Z","5.97","5.99","5.94","5.97","265,600","156.91","5.75","5.96","5.77","0.1219","5.80","0.0385","0.0041","0.0344","5.79","41.56","20.31","21.37"
"2005-11-08T05:00:00.000Z","5.95","5.98","5.94","5.96","333,600","151.76","5.76","5.97","5.77","0.1545","5.80","0.0466","0.0126","0.0340","5.81","39.39","19.25","22.29"
"2005-11-09T05:00:00.000Z","5.95","5.98","5.94","5.97","154,400","148.80","5.77","5.96","5.78","0.1764","5.80","0.0530","0.0207","0.0323","5.82","37.52","18.33","23.16"
"2005-11-10T05:00:00.000Z","5.96","6.00","5.92","6.00","64,800","151.30","5.77","5.98","5.78","0.1806","5.80","0.0598","0.0285","0.0313","5.84","36.72","16.72","24.17"
"2005-11-11T05:00:00.000Z","6.03","6.04","6.01","6.01","60,000","176.77","5.77","6.01","5.78","0.1936","5.81","0.0658","0.0360","0.0298","5.86","39.42","15.97","25.47"
"2005-11-14T05:00:00.000Z","6.01","6.03","6.01","6.02","96,000","163.24","5.78","6.02","5.79","0.1978","5.81","0.0700","0.0428","0.0272","5.88","38.18","16.31","26.52"
"2005-11-15T05:00:00.000Z","6.03","6.05","5.98","6.00","340,000","148.48","5.78","6.01","5.79","0.2023","5.81","0.0713","0.0485","0.0228","5.90","35.04","17.92","26.93"
"2005-11-16T05:00:00.000Z","6.02","6.04","6.00","6.04","724,000","142.09","5.79","6.02","5.80","0.2082","5.82","0.0741","0.0536","0.0205","5.93","33.43","17.10","27.32"
"2005-11-17T05:00:00.000Z","6.06","6.12","6.03","6.12","597,600","165.03","5.81","6.08","5.81","0.2249","5.82","0.0819","0.0593","0.0226","5.95","39.89","15.36","28.54"
"2005-11-18T05:00:00.000Z","6.14","6.16","6.11","6.13","251,200","173.84","5.82","6.13","5.82","0.2405","5.83","0.0884","0.0651","0.0233","5.98","43.06","14.47","30.05"
"2005-11-21T05:00:00.000Z","6.13","6.14","6.09","6.13","492,800","152.58","5.84","6.13","5.82","0.2529","5.83","0.0927","0.0706","0.0220","6.01","40.67","16.04","31.00"
"2005-11-22T05:00:00.000Z","6.13","6.20","6.13","6.18","316,800","160.98","5.86","6.16","5.83","0.2713","5.84","0.0987","0.0762","0.0225","6.02","44.56","14.78","32.38"
"2005-11-23T05:00:00.000Z","6.19","6.25","6.19","6.22","231,200","167.37","5.88","6.20","5.85","0.2962","5.85","0.1052","0.0820","0.0232","6.04","47.50","13.58","34.03"
"2005-11-25T05:00:00.000Z","6.23","6.24","6.21","6.23","280,000","156.38","5.90","6.23","5.86","0.3107","5.85","0.1101","0.0876","0.0224","6.06","46.03","13.16","35.57"
"2005-11-28T05:00:00.000Z","6.23","6.23","6.19","6.20","194,400","136.97","5.92","6.21","5.86","0.3098","5.86","0.1098","0.0921","0.0177","6.09","43.36","15.37","36.43"
"2005-11-29T05:00:00.000Z","6.22","6.24","6.17","6.18","220,000","125.05","5.93","6.19","5.87","0.3109","5.87","0.1075","0.0951","0.0123","6.11","39.69","16.35","36.80"
"2005-11-30T05:00:00.000Z","6.18","6.21","6.17","6.17","135,200","111.15","5.95","6.18","5.88","0.2981","5.87","0.1034","0.0968","0.0066","6.12","37.58","15.97","37.06"
"2005-12-01T05:00:00.000Z","6.24","6.30","6.23","6.29","480,000","133.81","5.97","6.23","5.89","0.2875","5.88","0.1086","0.0992","0.0094","6.14","42.89","13.53","38.13"
"2005-12-02T05:00:00.000Z","6.29","6.32","6.28","6.29","328,800","134.11","5.99","6.29","5.91","0.2829","5.88","0.1117","0.1017","0.0100","6.16","43.17","12.84","39.27"
"2005-12-05T05:00:00.000Z","6.29","6.29","6.23","6.25","116,800","113.87","6.01","6.27","5.92","0.2747","5.89","0.1091","0.1032","0.0060","6.18","39.79","17.51","39.24"
"2005-12-06T05:00:00.000Z","6.29","6.32","6.25","6.25","1,044,800","114.56","6.02","6.25","5.94","0.2730","5.89","0.1063","0.1038","0.0025","6.20","40.13","16.00","39.51"
"2005-12-07T05:00:00.000Z","6.28","6.28","6.23","6.24","172,800","101.26","6.04","6.25","5.95","0.2686","5.90","0.1019","0.1034","-0.0015","6.22","37.51","18.16","39.17"
"2005-12-08T05:00:00.000Z","6.25","6.26","6.16","6.20","110,400","84.03","6.06","6.22","5.97","0.2438","5.90","0.0942","0.1016","-0.0074","6.23","32.99","23.84","37.53"
"2005-12-09T05:00:00.000Z","6.22","6.25","6.18","6.24","120,000","85.19","6.07","6.22","5.98","0.2133","5.91","0.0897","0.0992","-0.0095","6.24","30.57","22.09","36.00"
"2005-12-12T05:00:00.000Z","6.25","6.27","6.24","6.24","136,000","90.79","6.09","6.24","6.00","0.1978","5.92","0.0858","0.0965","-0.0107","6.24","32.07","21.14","34.89"
"2005-12-13T05:00:00.000Z","6.24","6.26","6.21","6.25","136,000","84.21","6.11","6.25","6.01","0.1738","5.92","0.0823","0.0937","-0.0114","6.25","30.23","22.64","33.43"
"2005-12-14T05:00:00.000Z","6.26","6.26","6.21","6.24","148,800","78.85","6.12","6.24","6.03","0.1565","5.93","0.0776","0.0905","-0.0129","6.25","28.43","21.60","32.01"
"2005-12-15T05:00:00.000Z","6.24","6.25","6.20","6.23","118,400","69.83","6.14","6.23","6.04","0.1431","5.94","0.0722","0.0868","-0.0146","6.25","26.68","22.42","30.35"
"2005-12-16T05:00:00.000Z","6.24","6.24","6.21","6.22","135,200","66.89","6.15","6.22","6.05","0.1287","5.94","0.0663","0.0827","-0.0164","6.25","25.54","21.46","28.80"
"2005-12-19T05:00:00.000Z","6.22","6.22","6.13","6.14","185,600","39.60","6.15","6.18","6.06","0.1005","5.95","0.0545","0.0771","-0.0225","6.26","22.63","29.33","27.66"
"2005-12-20T05:00:00.000Z","6.11","6.15","6.11","6.12","142,400","23.05","6.16","6.13","6.07","0.0679","5.96","0.0434","0.0703","-0.0270","6.25","21.48","30.00","26.87"
"2005-12-21T05:00:00.000Z","6.15","6.18","6.13","6.14","103,200","29.32","6.16","6.13","6.08","0.0410","5.96","0.0355","0.0634","-0.0278","6.23","23.52","27.86","25.55"
"2005-12-22T05:00:00.000Z","6.13","6.17","6.13","6.17","746,400","32.08","6.17","6.15","6.09","0.0205","5.97","0.0316","0.0570","-0.0254","6.22","22.29","26.40","24.33"
"2005-12-23T05:00:00.000Z","6.19","6.20","6.16","6.17","765,600","38.52","6.18","6.17","6.10","0.0037","5.97","0.0285","0.0513","-0.0228","6.21","24.28","25.28","22.74"
"2005-12-27T05:00:00.000Z","6.20","6.21","6.12","6.12","384,800","18.47","6.18","6.15","6.11","-0.0043","5.98","0.0213","0.0453","-0.0240","6.21","21.49","28.44","22.11"
"2005-12-28T05:00:00.000Z","6.15","6.15","6.10","6.13","160,800","1.38","6.18","6.13","6.12","-0.0102","5.98","0.0164","0.0395","-0.0231","6.20","20.20","28.79","21.78"
"2005-12-29T05:00:00.000Z","6.14","6.14","6.07","6.08","204,000","-23.66","6.19","6.11","6.13","-0.0236","5.99","0.0082","0.0333","-0.0250","6.19","18.50","29.63","21.88"
"2005-12-30T05:00:00.000Z","6.05","6.05","6.03","6.05","146,400","-70.28","6.19","6.06","6.14","-0.0487","5.99","-0.0008","0.0265","-0.0273","6.18","17.32","33.36","22.58"
"2006-01-03T05:00:00.000Z","6.08","6.18","6.01","6.16","793,600","-19.61","6.19","6.10","6.14","-0.0677","6.00","0.0011","0.0214","-0.0203","6.17","28.32","27.26","21.10"
"2006-01-04T05:00:00.000Z","6.21","6.24","6.19","6.24","293,600","63.52","6.19","6.20","6.15","-0.0622","6.01","0.0091","0.0189","-0.0098","6.16","32.59","24.86","20.56"
"2006-01-05T05:00:00.000Z","6.27","6.30","6.26","6.30","256,800","110.60","6.20","6.27","6.16","-0.0386","6.02","0.0198","0.0191","0.0007","6.16","36.91","23.27","20.71"
"2006-01-06T05:00:00.000Z","6.33","6.41","6.32","6.40","427,200","179.65","6.21","6.35","6.17","0.0025","6.03","0.0360","0.0225","0.0135","6.17","43.85","20.66","21.80"
"2006-01-09T05:00:00.000Z","6.41","6.44","6.38","6.43","752,000","207.07","6.21","6.41","6.18","0.0674","6.04","0.0504","0.0281","0.0223","6.19","44.90","19.36","23.08"
"2006-01-10T05:00:00.000Z","6.38","6.44","6.38","6.44","385,600","198.46","6.22","6.43","6.19","0.1220","6.06","0.0622","0.0349","0.0273","6.21","42.05","18.52","24.20"
"2006-01-11T05:00:00.000Z","6.46","6.50","6.45","6.50","252,800","237.18","6.23","6.47","6.20","0.1629","6.07","0.0754","0.0430","0.0324","6.23","46.06","17.24","25.73"
"2006-01-12T05:00:00.000Z","6.48","6.50","6.44","6.46","399,200","209.35","6.24","6.48","6.21","0.1921","6.09","0.0815","0.0507","0.0308","6.26","42.81","16.82","27.00"
"2006-01-13T05:00:00.000Z","6.47","6.47","6.42","6.43","116,000","177.44","6.25","6.45","6.23","0.2012","6.10","0.0837","0.0573","0.0264","6.28","40.44","18.32","27.76"
"2006-01-17T05:00:00.000Z","6.39","6.39","6.36","6.38","403,200","121.58","6.25","6.41","6.23","0.1898","6.11","0.0805","0.0619","0.0186","6.29","37.33","22.44","27.56"
"2006-01-18T05:00:00.000Z","6.29","6.32","6.27","6.32","184,000","55.38","6.25","6.35","6.24","0.1650","6.12","0.0718","0.0639","0.0079","6.30","33.03","29.20","26.03"
"2006-01-19T05:00:00.000Z","6.38","6.40","6.35","6.37","138,400","105.09","6.26","6.34","6.25","0.1400","6.13","0.0683","0.0648","0.0035","6.32","38.24","26.76","25.43"
"2006-01-20T05:00:00.000Z","6.35","6.35","6.18","6.18","268,800","-9.19","6.25","6.27","6.25","0.0965","6.14","0.0494","0.0617","-0.0123","6.35","31.57","37.40","24.22"
"2006-01-23T05:00:00.000Z","6.21","6.22","6.16","6.18","1,075,200","-51.05","6.25","6.18","6.25","0.0485","6.15","0.0340","0.0562","-0.0222","6.36","29.91","36.92","23.24"
"2006-01-24T05:00:00.000Z","6.25","6.26","6.21","6.22","460,000","-17.46","6.25","6.20","6.25","0.0209","6.15","0.0247","0.0499","-0.0252","6.36","31.18","34.25","21.91"
"2006-01-25T05:00:00.000Z","6.23","6.24","6.19","6.23","145,600","-24.23","6.25","6.22","6.25","0.0054","6.16","0.0180","0.0435","-0.0255","6.36","29.74","34.21","20.85"
"2006-01-26T05:00:00.000Z","6.25","6.28","6.25","6.26","218,400","8.87","6.25","6.24","6.25","-0.0167","6.17","0.0148","0.0378","-0.0230","6.35","32.01","32.64","19.43"
"2006-01-27T05:00:00.000Z","6.31","6.35","6.29","6.32","251,200","58.19","6.25","6.29","6.25","-0.0071","6.18","0.0171","0.0336","-0.0165","6.34","36.50","29.63","18.78"
"2006-01-30T05:00:00.000Z","6.34","6.35","6.31","6.34","113,600","65.08","6.26","6.33","6.26","0.0174","6.19","0.0206","0.0310","-0.0104","6.34","35.24","28.61","18.18"
"2006-01-31T05:00:00.000Z","6.33","6.33","6.29","6.29","194,400","38.62","6.26","6.32","6.26","0.0304","6.20","0.0190","0.0286","-0.0096","6.33","33.31","29.53","17.31"
"2006-02-01T05:00:00.000Z","6.26","6.33","6.24","6.32","128,000","34.02","6.26","6.31","6.26","0.0439","6.21","0.0202","0.0269","-0.0068","6.31","30.41","31.60","16.21"
"2006-02-02T05:00:00.000Z","6.31","6.31","6.23","6.24","248,800","2.94","6.27","6.28","6.26","0.0448","6.21","0.0142","0.0244","-0.0102","6.30","27.56","30.00","15.36"
"2006-02-03T05:00:00.000Z","6.19","6.20","6.15","6.16","516,800","-66.81","6.27","6.20","6.25","0.0173","6.21","0.0028","0.0201","-0.0172","6.28","25.21","34.67","15.39"
"2006-02-06T05:00:00.000Z","6.17","6.17","6.13","6.16","192,000","-77.09","6.27","6.16","6.25","-0.0166","6.22","-0.0063","0.0148","-0.0211","6.28","24.25","35.19","15.61"
"2006-02-07T05:00:00.000Z","6.15","6.18","6.11","6.14","288,800","-80.73","6.27","6.15","6.25","-0.0470","6.22","-0.0144","0.0090","-0.0233","6.26","22.69","34.78","15.99"
"2006-02-08T05:00:00.000Z","6.20","6.24","6.17","6.24","155,200","-26.82","6.27","6.19","6.25","-0.0643","6.22","-0.0132","0.0045","-0.0177","6.25","26.36","31.66","15.50"
"2006-02-09T05:00:00.000Z","6.25","6.29","6.21","6.21","248,800","-8.94","6.27","6.22","6.25","-0.0718","6.23","-0.0140","0.0008","-0.0148","6.25","29.31","29.40","14.41"
"2006-02-10T05:00:00.000Z","6.21","6.24","6.14","6.23","151,200","-33.19","6.28","6.22","6.25","-0.0698","6.23","-0.0131","-0.0020","-0.0112","6.25","26.63","33.24","14.17"
"2006-02-13T05:00:00.000Z","6.20","6.20","6.13","6.16","200,000","-60.88","6.28","6.19","6.25","-0.0668","6.23","-0.0179","-0.0052","-0.0128","6.24","24.31","31.15","14.04"
"2006-02-14T05:00:00.000Z","6.16","6.24","6.16","6.23","90,400","-25.99","6.28","6.19","6.25","-0.0562","6.24","-0.0158","-0.0073","-0.0085","6.24","26.19","28.80","13.37"
"2006-02-15T05:00:00.000Z","6.22","6.26","6.21","6.25","56,000","-4.84","6.29","6.24","6.25","-0.0520","6.24","-0.0124","-0.0083","-0.0041","6.23","26.73","27.56","12.53"
"2006-02-16T05:00:00.000Z","6.29","6.32","6.28","6.31","202,400","39.72","6.29","6.28","6.25","-0.0475","6.24","-0.0046","-0.0076","0.0030","6.23","30.82","25.71","12.28"
"2006-02-17T05:00:00.000Z","6.29","6.30","6.26","6.27","100,800","16.97","6.29","6.29","6.26","-0.0354","6.24","-0.0016","-0.0064","0.0047","6.22","29.16","26.17","11.79"
"2006-02-21T05:00:00.000Z","6.25","6.25","6.18","6.20","1,080,800","-36.10","6.28","6.24","6.26","-0.0314","6.24","-0.0050","-0.0061","0.0011","6.22","26.50","31.57","11.57"
"2006-02-22T05:00:00.000Z","6.20","6.27","6.18","6.26","335,200","-15.81","6.28","6.23","6.26","-0.0302","6.24","-0.0030","-0.0055","0.0025","6.21","26.17","29.06","11.12"
"2006-02-23T05:00:00.000Z","6.24","6.27","6.21","6.21","148,800","-22.46","6.27","6.24","6.26","-0.0299","6.24","-0.0050","-0.0054","0.0004","6.22","24.81","27.55","10.70"
"2006-02-24T05:00:00.000Z","6.19","6.24","6.19","6.22","85,600","-34.68","6.26","6.22","6.26","-0.0442","6.24","-0.0059","-0.0055","-0.0004","6.22","23.66","28.15","10.55"
"2006-02-27T05:00:00.000Z","6.28","6.32","6.25","6.30","196,000","19.89","6.25","6.26","6.27","-0.0409","6.25","-0.0004","-0.0045","0.0041","6.23","28.77","25.54","10.22"
"2006-02-28T05:00:00.000Z","6.29","6.29","6.21","6.22","174,400","-23.56","6.25","6.26","6.27","-0.0286","6.25","-0.0021","-0.0040","0.0019","6.24","26.26","27.50","9.66"
"2006-03-01T05:00:00.000Z","6.28","6.37","6.27","6.36","174,400","51.59","6.25","6.29","6.28","-0.0077","6.25","0.0073","-0.0017","0.0091","6.24","29.32","23.90","9.69"
"2006-03-02T05:00:00.000Z","6.33","6.38","6.32","6.36","112,000","69.35","6.25","6.36","6.28","0.0184","6.25","0.0149","0.0016","0.0133","6.25","28.95","22.67","9.87"
"2006-03-03T05:00:00.000Z","6.32","6.40","6.32","6.32","150,400","58.70","6.25","6.34","6.29","0.0501","6.25","0.0177","0.0048","0.0129","6.26","28.69","20.87","10.29"
"2006-03-06T05:00:00.000Z","6.33","6.36","6.25","6.27","289,600","8.74","6.25","6.30","6.28","0.0585","6.25","0.0156","0.0070","0.0086","6.27","26.11","24.44","9.79"
"2006-03-07T05:00:00.000Z","6.25","6.25","6.19","6.24","137,600","-50.02","6.25","6.25","6.28","0.0577","6.25","0.0109","0.0078","0.0031","6.27","24.28","28.18","9.62"
"2006-03-08T05:00:00.000Z","6.19","6.24","6.17","6.23","168,800","-61.58","6.25","6.23","6.28","0.0378","6.25","0.0065","0.0075","-0.0010","6.27","22.81","28.38","9.72"
"2006-03-09T05:00:00.000Z","6.25","6.27","6.17","6.17","124,800","-69.48","6.25","6.20","6.27","0.0156","6.25","-0.0017","0.0057","-0.0074","6.26","23.42","25.85","9.37"
"2006-03-10T05:00:00.000Z","6.15","6.20","6.15","6.18","62,400","-92.35","6.25","6.18","6.26","-0.0186","6.25","-0.0069","0.0032","-0.0100","6.25","22.23","26.45","9.32"
"2006-03-13T05:00:00.000Z","6.22","6.22","6.18","6.20","124,800","-65.21","6.24","6.19","6.25","-0.0392","6.25","-0.0100","0.0005","-0.0105","6.26","23.38","25.46","8.96"
"2006-03-14T05:00:00.000Z","6.21","6.29","6.21","6.29","99,200","11.22","6.24","6.24","6.25","-0.0350","6.25","-0.0052","-0.0006","-0.0046","6.25","27.36","23.26","8.90"
"2006-03-15T05:00:00.000Z","6.31","6.33","6.27","6.32","224,000","81.98","6.24","6.30","6.25","-0.0181","6.25","0.0017","-0.0002","0.0018","6.26","29.96","21.90","9.37"
"2006-03-16T05:00:00.000Z","6.34","6.36","6.28","6.28","168,000","74.09","6.24","6.30","6.25","0","6.25","0.0033","0.0005","0.0028","6.27","29.90","20.25","10.08"
"2006-03-17T05:00:00.000Z","6.28","6.31","6.25","6.29","87,200","53.09","6.24","6.28","6.25","0.0224","6.25","0.0057","0.0016","0.0041","6.27","28.31","21.43","10.35"
"2006-03-20T05:00:00.000Z","6.32","6.33","6.30","6.33","179,200","96.02","6.25","6.31","6.25","0.0448","6.26","0.0104","0.0033","0.0071","6.27","29.11","20.64","10.82"
"2006-03-21T05:00:00.000Z","6.33","6.39","6.27","6.27","348,800","82.65","6.25","6.30","6.25","0.0609","6.26","0.0098","0.0046","0.0051","6.27","31.79","18.29","11.98"
"2006-03-22T05:00:00.000Z","6.25","6.29","6.24","6.29","137,600","27.22","6.26","6.28","6.25","0.0538","6.26","0.0105","0.0058","0.0047","6.26","30.12","20.55","12.47"
"2006-03-23T05:00:00.000Z","6.29","6.30","6.25","6.27","90,400","28.41","6.26","6.28","6.26","0.0454","6.26","0.0096","0.0066","0.0030","6.26","29.49","19.62","13.01"
"2006-03-24T05:00:00.000Z","6.28","6.32","6.28","6.31","106,400","65.83","6.26","6.29","6.26","0.0456","6.27","0.0118","0.0076","0.0042","6.26","30.52","18.63","13.81"
"2006-03-27T05:00:00.000Z","6.32","6.34","6.30","6.32","101,600","86.03","6.26","6.31","6.26","0.0420","6.27","0.0136","0.0088","0.0048","6.27","30.84","17.95","14.71"
"2006-03-28T05:00:00.000Z","6.32","6.34","6.25","6.25","143,200","37.80","6.27","6.29","6.25","0.0303","6.27","0.0101","0.0091","0.0011","6.28","28.04","21.69","14.57"
"2006-03-29T05:00:00.000Z","6.29","6.39","6.27","6.37","154,400","122.18","6.27","6.31","6.26","0.0403","6.28","0.0162","0.0105","0.0057","6.29","29.40","18.86","15.09"
"2006-03-30T05:00:00.000Z","6.39","6.42","6.36","6.39","268,000","177.12","6.28","6.38","6.26","0.0592","6.28","0.0228","0.0130","0.0098","6.30","30.74","17.63","15.95"
"2006-03-31T05:00:00.000Z","6.41","6.41","6.37","6.37","59,200","149.00","6.28","6.38","6.26","0.0707","6.28","0.0257","0.0155","0.0102","6.32","29.51","16.93","16.75"
"2006-04-03T04:00:00.000Z","6.39","6.45","6.38","6.38","185,600","165.43","6.28","6.37","6.27","0.0818","6.29","0.0288","0.0182","0.0107","6.32","31.09","15.63","17.92"
"2006-04-04T04:00:00.000Z","6.41","6.43","6.38","6.41","158,400","160.49","6.29","6.40","6.27","0.0972","6.29","0.0331","0.0212","0.0120","6.33","29.48","15.07","18.95"
"2006-04-05T04:00:00.000Z","6.44","6.48","6.41","6.47","281,600","209.31","6.30","6.44","6.28","0.1137","6.29","0.0410","0.0251","0.0159","6.34","32.80","13.99","20.47"
"2006-04-06T04:00:00.000Z","6.47","6.50","6.45","6.48","59,200","217.88","6.31","6.48","6.29","0.1256","6.29","0.0478","0.0297","0.0181","6.35","33.30","13.32","22.07"
"2006-04-07T04:00:00.000Z","6.51","6.51","6.41","6.42","164,800","164.50","6.31","6.45","6.29","0.1349","6.29","0.0471","0.0332","0.0140","6.37","30.15","16.23","22.63"
"2006-04-10T04:00:00.000Z","6.39","6.42","6.37","6.37","106,400","96.44","6.31","6.39","6.30","0.1259","6.28","0.0428","0.0351","0.0077","6.38","28.63","19.93","22.30"
"2006-04-11T04:00:00.000Z","6.40","6.40","6.32","6.33","150,400","52.21","6.32","6.35","6.30","0.1139","6.28","0.0350","0.0351","-0.0001","6.39","26.23","23.33","21.12"
"2006-04-12T04:00:00.000Z","6.33","6.35","6.33","6.34","104,000","40.26","6.32","6.33","6.30","0.0897","6.28","0.0298","0.0340","-0.0043","6.39","25.44","22.62","20.03"
"2006-04-13T04:00:00.000Z","6.35","6.39","6.33","6.36","43,200","57.03","6.32","6.35","6.31","0.0617","6.28","0.0267","0.0325","-0.0058","6.39","27.43","21.17","19.52"
"2006-04-17T04:00:00.000Z","6.36","6.39","6.28","6.30","214,400","15.92","6.32","6.33","6.31","0.0351","6.28","0.0193","0.0299","-0.0106","6.40","24.46","23.65","18.25"
"2006-04-18T04:00:00.000Z","6.33","6.44","6.33","6.44","50,400","98.87","6.32","6.37","6.31","0.0292","6.29","0.0242","0.0288","-0.0046","6.40","26.32","20.46","17.84"
"2006-04-19T04:00:00.000Z","6.44","6.45","6.41","6.45","68,800","131.79","6.33","6.44","6.32","0.0401","6.29","0.0288","0.0288","0.0001","6.40","26.39","19.65","17.61"
"2006-04-20T04:00:00.000Z","6.43","6.50","6.43","6.46","128,800","151.83","6.34","6.46","6.32","0.0620","6.29","0.0333","0.0297","0.0036","6.40","29.51","18.35","18.02"
"2006-04-21T04:00:00.000Z","6.48","6.48","6.38","6.40","1,171,200","95.47","6.34","6.43","6.33","0.0740","6.30","0.0311","0.0300","0.0012","6.41","26.52","22.16","17.37"
"2006-04-24T04:00:00.000Z","6.38","6.38","6.34","6.38","116,800","36.19","6.35","6.39","6.33","0.0774","6.30","0.0273","0.0294","-0.0021","6.41","24.90","24.60","16.17"
"2006-04-25T04:00:00.000Z","6.38","6.38","6.34","6.36","103,200","29.01","6.36","6.37","6.33","0.0687","6.30","0.0227","0.0281","-0.0054","6.40","23.80","23.51","15.06"
"2006-04-26T04:00:00.000Z","6.38","6.40","6.37","6.37","271,200","47.30","6.36","6.36","6.33","0.0539","6.30","0.0196","0.0264","-0.0068","6.40","24.67","22.57","14.30"
"2006-04-27T04:00:00.000Z","6.34","6.46","6.34","6.44","157,600","84.14","6.36","6.40","6.34","0.0359","6.30","0.0226","0.0256","-0.0031","6.38","28.11","19.94","14.50"
"2006-04-28T04:00:00.000Z","6.34","6.36","6.31","6.31","258,400","-12.79","6.36","6.38","6.34","0.0122","6.30","0.0146","0.0234","-0.0088","6.38","24.66","20.89","14.05"
"2006-05-01T04:00:00.000Z","6.32","6.33","6.26","6.27","146,400","-50.39","6.36","6.29","6.33","-0.0026","6.30","0.0048","0.0197","-0.0149","6.37","23.03","23.74","13.16"
"2006-05-02T04:00:00.000Z","6.30","6.31","6.27","6.28","748,800","-52.36","6.36","6.28","6.33","-0.0177","6.30","-0.0021","0.0153","-0.0174","6.37","22.22","22.90","12.33"
"2006-05-03T04:00:00.000Z","6.27","6.29","6.25","6.28","266,400","-68.74","6.36","6.28","6.34","-0.0390","6.31","-0.0078","0.0107","-0.0185","6.37","21.29","23.97","11.87"
"2006-05-04T04:00:00.000Z","6.28","6.33","6.28","6.33","58,400","-32.80","6.36","6.30","6.34","-0.0585","6.31","-0.0084","0.0069","-0.0153","6.36","23.66","22.74","11.16"
"2006-05-05T04:00:00.000Z","6.35","6.36","6.33","6.36","80,000","10.01","6.37","6.34","6.34","-0.0575","6.31","-0.0059","0.0043","-0.0102","6.36","26.55","21.80","11.07"
"2006-05-08T04:00:00.000Z","6.33","6.37","6.33","6.36","110,400","8.74","6.37","6.36","6.35","-0.0481","6.31","-0.0038","0.0027","-0.0065","6.35","26.21","20.84","11.09"
"2006-05-09T04:00:00.000Z","6.33","6.35","6.31","6.33","140,800","-28.39","6.37","6.35","6.35","-0.0401","6.32","-0.0045","0.0013","-0.0057","6.35","24.75","21.77","10.76"
"2006-05-10T04:00:00.000Z","6.32","6.32","6.24","6.25","135,200","-115.72","6.37","6.29","6.35","-0.0393","6.32","-0.0119","-0.0014","-0.0106","6.33","22.37","27.12","10.67"
"2006-05-11T04:00:00.000Z","6.20","6.21","6.09","6.11","1,038,400","-266.19","6.36","6.18","6.34","-0.0662","6.32","-0.0282","-0.0067","-0.0215","6.32","19.03","37.86","12.27"
"2006-05-12T04:00:00.000Z","6.07","6.10","6.04","6.05","489,600","-314.58","6.35","6.08","6.34","-0.1144","6.31","-0.0455","-0.0145","-0.0310","6.29","17.73","40.37","14.18"
"2006-05-15T04:00:00.000Z","6.06","6.06","5.98","6.03","1,464,000","-317.45","6.34","6.04","6.33","-0.1722","6.31","-0.0601","-0.0236","-0.0365","6.27","16.31","43.68","16.43"
"2006-05-16T04:00:00.000Z","6.02","6.04","5.97","5.99","467,200","-294.64","6.32","6.01","6.32","-0.2290","6.30","-0.0745","-0.0338","-0.0407","6.24","15.12","41.62","18.59"
"2006-05-17T04:00:00.000Z","5.98","5.98","5.91","5.92","254,400","-296.75","6.31","5.95","6.31","-0.2849","6.30","-0.0904","-0.0451","-0.0453","6.22","13.92","44.29","20.99"
"2006-05-18T04:00:00.000Z","5.95","5.96","5.88","5.88","128,000","-271.12","6.29","5.90","6.30","-0.3169","6.29","-0.1045","-0.0570","-0.0475","6.19","12.84","43.04","23.35"
"2006-05-19T04:00:00.000Z","5.89","5.92","5.84","5.92","372,000","-243.35","6.27","5.90","6.30","-0.3403","6.29","-0.1119","-0.0680","-0.0439","6.16","11.78","43.67","25.79"
"2006-05-22T04:00:00.000Z","5.89","5.90","5.83","5.88","878,400","-223.07","6.25","5.90","6.28","-0.3553","6.28","-0.1195","-0.0783","-0.0412","6.13","10.78","41.26","28.13"
"2006-05-23T04:00:00.000Z","5.91","5.94","5.82","5.82","122,400","-196.20","6.23","5.85","6.27","-0.3640","6.27","-0.1283","-0.0883","-0.0400","6.10","13.47","36.81","29.44"
"2006-05-24T04:00:00.000Z","5.82","5.89","5.79","5.86","216,000","-179.63","6.22","5.84","6.26","-0.3668","6.27","-0.1310","-0.0969","-0.0342","6.06","12.31","36.56","30.88"
"2006-05-25T04:00:00.000Z","5.92","5.93","5.87","5.93","176,800","-136.10","6.20","5.90","6.25","-0.3539","6.26","-0.1257","-0.1026","-0.0231","6.03","15.52","34.10","31.35"
"2006-05-26T04:00:00.000Z","5.95","5.96","5.92","5.95","116,800","-113.56","6.19","5.94","6.24","-0.3273","6.25","-0.1185","-0.1058","-0.0127","6.00","17.21","32.94","31.35"
"2006-05-30T04:00:00.000Z","5.90","5.90","5.83","5.83","103,200","-133.94","6.17","5.89","6.23","-0.3114","6.25","-0.1211","-0.1089","-0.0122","5.97","15.36","37.25","32.08"
"2006-05-31T04:00:00.000Z","5.86","5.88","5.83","5.84","208,800","-123.78","6.15","5.84","6.21","-0.3022","6.24","-0.1208","-0.1112","-0.0096","5.94","14.52","35.89","32.82"
"2006-06-01T04:00:00.000Z","5.86","5.96","5.86","5.96","131,200","-92.13","6.14","5.90","6.20","-0.2756","6.23","-0.1102","-0.1110","0.0009","5.92","19.47","32.28","32.24"
"2006-06-02T04:00:00.000Z","6.00","6.00","5.91","5.93","109,600","-80.24","6.12","5.94","6.19","-0.2535","6.23","-0.1029","-0.1094","0.0065","5.92","21.62","29.67","31.06"
"2006-06-05T04:00:00.000Z","5.90","5.92","5.81","5.81","107,200","-104.23","6.10","5.87","6.17","-0.2539","6.22","-0.1052","-0.1086","0.0034","5.91","19.52","34.78","30.85"
"2006-06-06T04:00:00.000Z","5.82","5.82","5.76","5.81","114,400","-113.17","6.08","5.81","6.16","-0.2510","6.22","-0.1061","-0.1081","0.0020","5.90","18.61","37.40","31.04"
"2006-06-07T04:00:00.000Z","5.82","5.84","5.74","5.74","195,200","-113.99","6.06","5.78","6.14","-0.2458","6.21","-0.1109","-0.1086","-0.0023","5.89","17.01","36.66","31.44"
"2006-06-08T04:00:00.000Z","5.70","5.72","5.58","5.70","189,600","-136.36","6.04","5.72","6.13","-0.2733","6.20","-0.1171","-0.1103","-0.0068","5.87","14.81","44.34","32.76"
"2006-06-09T04:00:00.000Z","5.73","5.75","5.67","5.67","121,600","-120.51","6.01","5.68","6.11","-0.3015","6.19","-0.1230","-0.1129","-0.0101","5.86","15.99","41.50","33.59"
"2006-06-12T04:00:00.000Z","5.66","5.67","5.55","5.56","166,400","-140.62","5.99","5.61","6.09","-0.3312","6.18","-0.1347","-0.1172","-0.0175","5.84","14.44","46.97","34.97"
"2006-06-13T04:00:00.000Z","5.53","5.60","5.51","5.52","217,600","-145.60","5.96","5.54","6.07","-0.3551","6.16","-0.1457","-0.1229","-0.0228","5.82","13.36","46.71","36.44"
"2006-06-14T04:00:00.000Z","5.55","5.59","5.53","5.58","84,800","-132.46","5.94","5.55","6.05","-0.3769","6.15","-0.1474","-0.1278","-0.0196","5.79","12.64","44.17","37.80"
"2006-06-15T04:00:00.000Z","5.63","5.74","5.59","5.74","720,800","-95.00","5.92","5.66","6.03","-0.3524","6.14","-0.1349","-0.1292","-0.0057","5.77","22.63","39.03","37.00"
"2006-06-16T04:00:00.000Z","5.75","5.75","5.68","5.71","87,200","-84.65","5.90","5.73","6.01","-0.3324","6.13","-0.1254","-0.1285","0.0031","5.75","22.46","37.05","36.11"
"2006-06-19T04:00:00.000Z","5.72","5.73","5.67","5.68","162,400","-88.23","5.88","5.70","5.99","-0.2967","6.12","-0.1193","-0.1267","0.0073","5.74","21.29","36.52","35.41"
"2006-06-20T04:00:00.000Z","5.69","5.72","5.66","5.67","176,000","-87.76","5.86","5.67","5.98","-0.2520","6.11","-0.1139","-0.1241","0.0102","5.73","20.18","35.33","34.83"
"2006-06-21T04:00:00.000Z","5.70","5.80","5.70","5.76","705,600","-64.25","5.84","5.72","5.96","-0.1978","6.10","-0.1007","-0.1194","0.0187","5.71","24.24","31.75","33.30"
"2006-06-22T04:00:00.000Z","5.78","5.78","5.68","5.71","824,000","-72.64","5.82","5.74","5.94","-0.1682","6.09","-0.0940","-0.1143","0.0203","5.70","22.37","30.96","32.07"
"2006-06-23T04:00:00.000Z","5.70","5.73","5.68","5.69","136,000","-77.61","5.80","5.70","5.93","-0.1518","6.08","-0.0889","-0.1093","0.0203","5.69","21.37","29.79","30.96"
"2006-06-26T04:00:00.000Z","5.66","5.73","5.66","5.71","96,000","-75.61","5.79","5.70","5.91","-0.1338","6.07","-0.0824","-0.1039","0.0215","5.68","20.13","29.68","30.12"
"2006-06-27T04:00:00.000Z","5.73","5.73","5.62","5.62","115,200","-88.49","5.78","5.66","5.89","-0.1180","6.06","-0.0838","-0.0999","0.0160","5.68","18.32","30.31","29.73"
"2006-06-28T04:00:00.000Z","5.64","5.64","5.57","5.63","105,600","-98.84","5.77","5.63","5.88","-0.1271","6.05","-0.0825","-0.0964","0.0139","5.67","17.31","32.21","29.75"
"2006-06-29T04:00:00.000Z","5.66","5.80","5.66","5.79","199,200","-46.10","5.76","5.71","5.87","-0.1142","6.04","-0.0681","-0.0907","0.0227","5.67","27.55","28.11","27.70"
"2006-06-30T04:00:00.000Z","5.79","5.81","5.75","5.78","197,600","-31.74","5.76","5.78","5.85","-0.0905","6.02","-0.0569","-0.0840","0.0270","5.69","26.87","26.81","25.73"
"2006-07-03T04:00:00.000Z","5.75","5.84","5.75","5.84","283,200","-13.90","5.76","5.81","5.84","-0.0630","6.01","-0.0426","-0.0757","0.0331","5.71","27.48","24.96","24.23"
"2006-07-05T04:00:00.000Z","5.77","5.77","5.71","5.71","675,200","-47.31","5.75","5.78","5.82","-0.0418","6.00","-0.0413","-0.0688","0.0275","5.72","24.75","25.73","22.64"
"2006-07-06T04:00:00.000Z","5.73","5.76","5.71","5.72","154,400","-42.42","5.75","5.72","5.81","-0.0095","5.99","-0.0389","-0.0628","0.0240","5.72","23.75","24.68","21.16"
"2006-07-07T04:00:00.000Z","5.67","5.70","5.64","5.65","78,400","-76.07","5.74","5.69","5.79","-0.0141","5.98","-0.0420","-0.0587","0.0166","5.71","22.12","28.94","20.60"
"2006-07-10T04:00:00.000Z","5.67","5.67","5.55","5.57","113,600","-113.03","5.73","5.61","5.78","-0.0401","5.97","-0.0509","-0.0571","0.0062","5.71","20.03","33.01","20.88"
"2006-07-11T04:00:00.000Z","5.53","5.61","5.52","5.60","345,600","-120.00","5.72","5.58","5.77","-0.0776","5.95","-0.0545","-0.0566","0.0021","5.70","18.60","32.93","21.37"
"2006-07-12T04:00:00.000Z","5.58","5.58","5.49","5.49","112,000","-149.09","5.71","5.55","5.75","-0.1078","5.94","-0.0657","-0.0584","-0.0073","5.68","17.01","32.40","22.07"
"2006-07-13T04:00:00.000Z","5.44","5.51","5.41","5.41","96,800","-189.19","5.69","5.45","5.74","-0.1521","5.92","-0.0803","-0.0628","-0.0175","5.66","15.66","36.05","23.31"
"2006-07-14T04:00:00.000Z","5.39","5.41","5.36","5.38","331,200","-210.95","5.67","5.39","5.73","-0.1940","5.91","-0.0928","-0.0688","-0.0240","5.64","15.06","38.29","24.76"
"2006-07-17T04:00:00.000Z","5.41","5.41","5.37","5.39","67,200","-191.66","5.65","5.38","5.71","-0.2211","5.89","-0.1010","-0.0752","-0.0257","5.62","14.98","37.04","26.02"
"2006-07-18T04:00:00.000Z","5.43","5.43","5.32","5.41","432,000","-183.05","5.64","5.40","5.70","-0.2454","5.87","-0.1047","-0.0811","-0.0236","5.60","13.66","38.38","27.55"
"2006-07-19T04:00:00.000Z","5.45","5.51","5.45","5.49","57,600","-119.77","5.63","5.45","5.69","-0.2459","5.86","-0.1000","-0.0849","-0.0151","5.59","19.03","35.34","27.73"
"2006-07-20T04:00:00.000Z","5.52","5.52","5.41","5.41","105,600","-130.64","5.62","5.45","5.68","-0.2316","5.84","-0.1015","-0.0882","-0.0133","5.56","17.32","35.48","28.21"
"2006-07-21T04:00:00.000Z","5.35","5.36","5.31","5.33","148,000","-176.87","5.61","5.37","5.67","-0.2233","5.82","-0.1082","-0.0922","-0.0160","5.53","16.03","40.20","29.26"
"2006-07-24T04:00:00.000Z","5.37","5.42","5.35","5.42","338,400","-132.39","5.60","5.37","5.66","-0.2103","5.81","-0.1046","-0.0947","-0.0099","5.50","19.84","37.17","29.34"
"2006-07-25T04:00:00.000Z","5.43","5.47","5.41","5.45","121,600","-101.91","5.60","5.44","5.64","-0.1859","5.79","-0.0981","-0.0954","-0.0027","5.48","22.78","35.44","28.80"
"2006-07-26T04:00:00.000Z","5.43","5.50","5.42","5.46","150,400","-90.84","5.59","5.46","5.63","-0.1809","5.78","-0.0914","-0.0946","0.0032","5.46","23.22","33.18","28.00"
"2006-07-27T04:00:00.000Z","5.49","5.52","5.43","5.43","625,600","-83.80","5.59","5.45","5.62","-0.1739","5.76","-0.0872","-0.0931","0.0059","5.45","23.35","30.91","27.00"
"2006-07-28T04:00:00.000Z","5.46","5.55","5.46","5.54","212,800","-51.10","5.58","5.49","5.61","-0.1335","5.75","-0.0744","-0.0894","0.0149","5.44","23.99","28.01","25.62"
"2006-07-31T04:00:00.000Z","5.53","5.56","5.51","5.54","190,400","-36.20","5.58","5.54","5.60","-0.1013","5.74","-0.0633","-0.0842","0.0208","5.44","23.87","26.93","24.22"
"2006-08-01T04:00:00.000Z","5.51","5.51","5.43","5.45","92,800","-75.20","5.57","5.49","5.59","-0.0934","5.72","-0.0615","-0.0796","0.0181","5.44","21.72","31.45","23.80"
"2006-08-02T04:00:00.000Z","5.49","5.52","5.47","5.50","59,200","-52.79","5.56","5.47","5.59","-0.0836","5.71","-0.0553","-0.0748","0.0195","5.45","21.47","29.50","23.23"
"2006-08-03T04:00:00.000Z","5.44","5.57","5.44","5.54","213,600","-39.35","5.55","5.52","5.58","-0.0731","5.70","-0.0464","-0.0691","0.0226","5.45","22.65","26.57","22.13"
"2006-08-04T04:00:00.000Z","5.58","5.59","5.48","5.51","124,800","-30.06","5.55","5.53","5.58","-0.0626","5.68","-0.0409","-0.0635","0.0225","5.47","22.47","24.33","20.84"
"2006-08-07T04:00:00.000Z","5.50","5.51","5.48","5.50","52,800","-46.21","5.54","5.51","5.57","-0.0653","5.67","-0.0376","-0.0583","0.0207","5.47","21.83","23.64","19.63"
"2006-08-08T04:00:00.000Z","5.50","5.53","5.47","5.47","124,000","-48.28","5.53","5.48","5.57","-0.0538","5.66","-0.0367","-0.0540","0.0173","5.47","22.17","22.46","18.28"
"2006-08-09T04:00:00.000Z","5.56","5.60","5.49","5.50","138,400","-23.15","5.53","5.48","5.57","-0.0372","5.65","-0.0333","-0.0498","0.0165","5.48","25.68","20.10","17.84"
"2006-08-10T04:00:00.000Z","5.47","5.55","5.47","5.54","148,800","-28.83","5.53","5.52","5.57","-0.0291","5.65","-0.0272","-0.0453","0.0181","5.49","23.90","20.79","17.06"
"2006-08-11T04:00:00.000Z","5.51","5.51","5.47","5.49","59,200","-44.31","5.52","5.51","5.56","-0.0313","5.64","-0.0262","-0.0415","0.0153","5.50","22.61","19.67","16.34"
"2006-08-14T04:00:00.000Z","5.54","5.61","5.54","5.55","68,000","2.44","5.51","5.52","5.56","-0.0127","5.63","-0.0197","-0.0371","0.0175","5.51","27.84","17.79","16.75"
"2006-08-15T04:00:00.000Z","5.63","5.71","5.62","5.70","108,800","70.92","5.50","5.63","5.56","0.0205","5.63","-0.0024","-0.0302","0.0277","5.52","32.09","15.77","17.99"
"2006-08-16T04:00:00.000Z","5.73","5.82","5.72","5.82","360,800","135.63","5.51","5.76","5.56","0.0607","5.63","0.0207","-0.0200","0.0407","5.54","37.97","14.36","19.92"
"2006-08-17T04:00:00.000Z","5.83","5.88","5.83","5.85","123,200","166.73","5.51","5.84","5.56","0.1255","5.63","0.0407","-0.0079","0.0485","5.56","40.73","13.72","22.04"
"2006-08-18T04:00:00.000Z","5.83","5.88","5.79","5.87","103,200","157.36","5.52","5.86","5.57","0.1927","5.63","0.0577","0.0052","0.0525","5.58","37.72","15.58","23.44"
"2006-08-21T04:00:00.000Z","5.83","5.83","5.80","5.82","130,400","134.38","5.53","5.85","5.57","0.2411","5.63","0.0664","0.0175","0.0489","5.61","35.61","14.71","24.73"
"2006-08-22T04:00:00.000Z","5.84","5.87","5.79","5.82","69,600","133.39","5.54","5.82","5.57","0.2719","5.63","0.0722","0.0284","0.0438","5.64","36.46","13.89","26.17"
"2006-08-23T04:00:00.000Z","5.84","5.86","5.76","5.78","116,000","113.86","5.55","5.80","5.58","0.2770","5.63","0.0731","0.0374","0.0357","5.66","33.56","15.59","26.91"
"2006-08-24T04:00:00.000Z","5.80","5.81","5.76","5.80","292,800","101.95","5.56","5.79","5.58","0.2602","5.63","0.0742","0.0447","0.0294","5.69","32.12","14.92","27.60"
"2006-08-25T04:00:00.000Z","5.79","5.85","5.79","5.83","68,000","113.97","5.57","5.81","5.58","0.2506","5.62","0.0762","0.0510","0.0252","5.71","33.52","14.10","28.54"
"2006-08-28T04:00:00.000Z","5.82","5.88","5.82","5.87","123,200","127.91","5.59","5.85","5.59","0.2487","5.62","0.0809","0.0570","0.0239","5.73","33.89","13.43","29.59"
"2006-08-29T04:00:00.000Z","5.87","5.92","5.84","5.92","490,400","142.83","5.61","5.90","5.59","0.2487","5.62","0.0876","0.0631","0.0245","5.76","35.48","12.45","30.91"
"2006-08-30T04:00:00.000Z","5.92","5.99","5.92","5.98","164,000","162.24","5.62","5.95","5.59","0.2623","5.63","0.0965","0.0698","0.0267","5.79","38.45","11.72","32.51"
"2006-08-31T04:00:00.000Z","5.97","5.99","5.95","5.96","139,200","155.34","5.64","5.97","5.60","0.2821","5.63","0.1007","0.0760","0.0247","5.82","37.73","11.33","34.03"
"2006-09-01T04:00:00.000Z","5.98","5.99","5.95","5.97","113,600","144.49","5.66","5.97","5.61","0.2956","5.63","0.1040","0.0816","0.0224","5.85","36.35","11.15","35.39"
"2006-09-05T04:00:00.000Z","5.95","6.01","5.93","6.00","264,800","135.69","5.68","5.99","5.62","0.3029","5.64","0.1077","0.0868","0.0209","5.87","35.58","10.39","36.77"
"2006-09-06T04:00:00.000Z","5.95","5.96","5.88","5.89","168,800","101.03","5.70","5.95","5.63","0.2977","5.65","0.1004","0.0895","0.0109","5.88","31.82","13.69","36.99"
"2006-09-07T04:00:00.000Z","5.86","5.90","5.82","5.85","142,400","77.39","5.71","5.87","5.64","0.2684","5.65","0.0901","0.0896","0.0005","5.88","29.60","18.26","36.04"
"2006-09-08T04:00:00.000Z","5.88","5.91","5.86","5.91","69,600","84.04","5.73","5.88","5.65","0.2346","5.66","0.0855","0.0888","-0.0033","5.88","28.68","17.27","35.24"
"2006-09-11T04:00:00.000Z","5.88","5.98","5.88","5.95","219,200","94.58","5.74","5.93","5.66","0.2107","5.66","0.0846","0.0880","-0.0034","5.89","32.54","15.75","35.21"
"2006-09-12T04:00:00.000Z","6.00","6.09","6.00","6.07","319,200","125.82","5.76","6.01","5.68","0.2069","5.67","0.0926","0.0889","0.0037","5.90","37.75","13.94","35.98"
"2006-09-13T04:00:00.000Z","6.07","6.10","6.05","6.09","189,600","127.57","5.78","6.08","5.70","0.2195","5.67","0.0994","0.0910","0.0084","5.92","37.06","13.36","36.77"
"2006-09-14T04:00:00.000Z","6.07","6.11","6.07","6.11","84,800","125.32","5.80","6.10","5.71","0.2470","5.68","0.1048","0.0938","0.0111","5.94","36.92","12.85","37.60"
"2006-09-15T04:00:00.000Z","6.16","6.17","6.11","6.12","182,400","130.75","5.82","6.11","5.73","0.2801","5.69","0.1087","0.0967","0.0119","5.97","40.39","12.06","38.77"
"2006-09-18T04:00:00.000Z","6.13","6.17","6.11","6.13","180,800","126.44","5.84","6.12","5.75","0.3044","5.69","0.1111","0.0996","0.0115","5.99","38.23","11.41","39.86"
"2006-09-19T04:00:00.000Z","6.13","6.13","6.03","6.09","235,200","105.75","5.86","6.11","5.77","0.2944","5.70","0.1086","0.1014","0.0072","6.00","34.85","17.56","39.37"
"2006-09-20T04:00:00.000Z","6.16","6.19","6.15","6.18","252,800","131.33","5.88","6.14","5.79","0.2938","5.71","0.1133","0.1038","0.0095","6.02","36.79","15.96","39.38"
"2006-09-21T04:00:00.000Z","6.20","6.20","6.10","6.12","182,400","115.15","5.90","6.15","5.80","0.2865","5.72","0.1100","0.1050","0.0050","6.03","33.79","18.96","38.57"
"2006-09-22T04:00:00.000Z","6.09","6.09","6.03","6.06","121,600","85.76","5.92","6.09","5.82","0.2545","5.72","0.1017","0.1044","-0.0027","6.04","31.30","23.83","36.79"
"2006-09-25T04:00:00.000Z","6.09","6.17","6.06","6.17","177,600","107.33","5.94","6.11","5.83","0.2313","5.73","0.1027","0.1040","-0.0013","6.05","35.41","21.44","35.91"
"2006-09-26T04:00:00.000Z","6.17","6.21","6.14","6.20","151,200","119.68","5.96","6.19","5.85","0.2294","5.74","0.1053","0.1043","0.0010","6.08","36.04","20.19","35.36"
"2006-09-27T04:00:00.000Z","6.21","6.23","6.16","6.20","164,800","119.39","5.98","6.20","5.87","0.2153","5.74","0.1057","0.1046","0.0011","6.10","35.83","19.03","35.02"
"2006-09-28T04:00:00.000Z","6.20","6.22","6.17","6.22","104,800","116.80","5.99","6.21","5.89","0.2045","5.75","0.1066","0.1050","0.0016","6.13","34.14","18.13","34.71"
"2006-09-29T04:00:00.000Z","6.21","6.23","6.18","6.18","388,000","109.66","6.01","6.20","5.90","0.2124","5.76","0.1029","0.1046","-0.0017","6.14","33.33","17.34","34.48"
"2006-10-02T04:00:00.000Z","6.18","6.21","6.15","6.15","84,800","96.01","6.02","6.17","5.92","0.2073","5.77","0.0966","0.1030","-0.0063","6.15","31.26","19.42","33.69"
"2006-10-03T04:00:00.000Z","6.11","6.18","6.10","6.16","216,000","82.38","6.03","6.16","5.94","0.1863","5.78","0.0911","0.1006","-0.0095","6.16","28.96","22.66","32.15"
"2006-10-04T04:00:00.000Z","6.14","6.28","6.14","6.27","202,400","111.76","6.04","6.22","5.96","0.1765","5.79","0.0948","0.0995","-0.0046","6.15","34.40","20.04","31.74"
"2006-10-05T04:00:00.000Z","6.28","6.29","6.25","6.29","283,200","124.08","6.06","6.28","5.97","0.1789","5.80","0.0976","0.0991","-0.0015","6.17","34.25","19.42","31.45"
"2006-10-06T04:00:00.000Z","6.24","6.29","6.24","6.27","249,600","116.09","6.07","6.28","5.99","0.1779","5.82","0.0976","0.0988","-0.0012","6.17","32.79","19.61","31.00"
"2006-10-09T04:00:00.000Z","6.26","6.31","6.26","6.30","104,800","121.24","6.09","6.28","6.01","0.1852","5.83","0.0984","0.0987","-0.0003","6.18","33.80","18.61","30.85"
"2006-10-10T04:00:00.000Z","6.30","6.31","6.27","6.30","418,400","117.83","6.10","6.30","6.03","0.2020","5.85","0.0980","0.0986","-0.0006","6.19","32.47","17.88","30.72"
"2006-10-11T04:00:00.000Z","6.29","6.34","6.28","6.30","120,000","121.15","6.12","6.30","6.05","0.2075","5.86","0.0971","0.0983","-0.0012","6.21","33.97","16.74","30.95"
"2006-10-12T04:00:00.000Z","6.33","6.40","6.33","6.40","178,400","143.40","6.13","6.35","6.06","0.2091","5.88","0.1026","0.0992","0.0035","6.23","36.20","15.19","31.66"
"2006-10-13T04:00:00.000Z","6.41","6.46","6.41","6.45","581,600","162.72","6.15","6.42","6.08","0.2249","5.89","0.1098","0.1013","0.0085","6.24","40.21","14.24","32.81"
"2006-10-16T04:00:00.000Z","6.46","6.49","6.46","6.47","312,800","169.82","6.16","6.46","6.09","0.2445","5.91","0.1162","0.1043","0.0119","6.26","41.69","13.58","34.10"
"2006-10-17T04:00:00.000Z","6.40","6.41","6.35","6.39","380,000","124.76","6.18","6.43","6.11","0.2482","5.93","0.1137","0.1062","0.0076","6.28","36.64","23.18","33.27"
"2006-10-18T04:00:00.000Z","6.45","6.45","6.34","6.36","185,600","118.32","6.19","6.38","6.12","0.2519","5.94","0.1075","0.1064","0.0010","6.30","36.31","20.87","32.82"
"2006-10-19T04:00:00.000Z","6.33","6.38","6.33","6.37","222,400","106.09","6.21","6.36","6.13","0.2400","5.96","0.1025","0.1056","-0.0031","6.31","34.51","20.80","32.25"
"2006-10-20T04:00:00.000Z","6.37","6.37","6.35","6.37","252,800","104.48","6.22","6.37","6.15","0.2149","5.98","0.0977","0.1040","-0.0064","6.33","33.80","20.37","31.71"
"2006-10-23T04:00:00.000Z","6.37","6.45","6.37","6.43","172,000","122.21","6.24","6.40","6.16","0.1891","5.99","0.0971","0.1027","-0.0055","6.35","39.00","18.77","31.95"
"2006-10-24T04:00:00.000Z","6.41","6.42","6.36","6.38","311,200","103.14","6.25","6.40","6.18","0.1774","6.00","0.0915","0.1004","-0.0089","6.36","36.41","18.56","31.99"
"2006-10-25T04:00:00.000Z","6.38","6.43","6.38","6.43","152,800","112.39","6.26","6.41","6.19","0.1642","6.02","0.0906","0.0985","-0.0079","6.37","35.92","17.45","32.17"
"2006-10-26T04:00:00.000Z","6.46","6.47","6.41","6.47","377,600","120.97","6.27","6.45","6.20","0.1641","6.04","0.0917","0.0971","-0.0054","6.38","37.34","16.25","32.69"
"2006-10-27T04:00:00.000Z","6.46","6.46","6.34","6.37","192,000","86.83","6.28","6.42","6.21","0.1575","6.05","0.0831","0.0943","-0.0112","6.39","32.69","20.46","31.99"
"2006-10-30T05:00:00.000Z","6.25","6.44","6.25","6.42","144,000","72.58","6.29","6.39","6.22","0.1345","6.07","0.0796","0.0914","-0.0118","6.39","27.16","25.53","29.93"
"2006-10-31T05:00:00.000Z","6.45","6.46","6.41","6.43","89,600","98.47","6.30","6.42","6.23","0.1321","6.08","0.0768","0.0884","-0.0117","6.40","27.63","24.43","28.23"
"2006-11-01T05:00:00.000Z","6.46","6.46","6.35","6.36","309,600","76.52","6.31","6.39","6.24","0.1226","6.10","0.0684","0.0844","-0.0160","6.40","25.00","26.85","26.47"
"2006-11-02T05:00:00.000Z","6.34","6.37","6.34","6.36","132,000","54.48","6.32","6.36","6.26","0.0992","6.11","0.0609","0.0797","-0.0188","6.39","24.28","27.64","25.04"
"2006-11-03T05:00:00.000Z","6.40","6.40","6.32","6.35","156,000","51.90","6.33","6.35","6.27","0.0847","6.12","0.0536","0.0745","-0.0209","6.39","25.42","25.44","23.25"
"2006-11-06T05:00:00.000Z","6.37","6.45","6.37","6.43","136,000","84.76","6.34","6.39","6.28","0.0891","6.14","0.0541","0.0704","-0.0163","6.39","27.64","23.08","22.23"
"2006-11-07T05:00:00.000Z","6.46","6.51","6.46","6.46","888,800","113.62","6.34","6.45","6.29","0.0901","6.15","0.0560","0.0676","-0.0115","6.40","30.81","21.54","21.91"
"2006-11-08T05:00:00.000Z","6.44","6.51","6.44","6.48","443,200","108.56","6.35","6.47","6.30","0.0935","6.17","0.0584","0.0657","-0.0073","6.40","28.83","21.95","21.31"
"2006-11-09T05:00:00.000Z","6.53","6.55","6.48","6.50","745,600","122.93","6.36","6.49","6.31","0.1126","6.18","0.0607","0.0647","-0.0040","6.42","30.95","20.40","21.26"
"2006-11-10T05:00:00.000Z","6.49","6.52","6.48","6.52","95,200","115.64","6.37","6.51","6.32","0.1294","6.19","0.0637","0.0645","-0.0008","6.42","29.79","19.63","21.21"
"2006-11-13T05:00:00.000Z","6.53","6.58","6.53","6.58","422,400","144.95","6.39","6.55","6.33","0.1472","6.20","0.0701","0.0656","0.0045","6.43","34.11","18.43","21.83"
"2006-11-14T05:00:00.000Z","6.60","6.67","6.56","6.67","340,800","178.26","6.41","6.62","6.35","0.1606","6.22","0.0812","0.0688","0.0125","6.44","38.33","16.57","23.10"
"2006-11-15T05:00:00.000Z","6.69","6.71","6.66","6.68","454,400","201.55","6.42","6.67","6.36","0.1888","6.23","0.0903","0.0731","0.0172","6.46","40.66","15.75","24.60"
"2006-11-16T05:00:00.000Z","6.69","6.72","6.66","6.71","180,800","199.74","6.43","6.70","6.37","0.2095","6.25","0.0986","0.0782","0.0204","6.50","39.11","14.83","26.06"
"2006-11-17T05:00:00.000Z","6.68","6.70","6.66","6.68","493,600","181.46","6.45","6.70","6.39","0.2304","6.26","0.1020","0.0829","0.0191","6.51","37.16","14.31","27.37"
"2006-11-20T05:00:00.000Z","6.67","6.73","6.66","6.71","194,400","179.68","6.46","6.70","6.40","0.2409","6.28","0.1055","0.0874","0.0180","6.53","37.68","13.33","28.83"
"2006-11-21T05:00:00.000Z","6.72","6.72","6.69","6.71","125,600","172.66","6.47","6.71","6.41","0.2450","6.29","0.1073","0.0914","0.0159","6.56","36.25","12.82","30.18"
"2006-11-22T05:00:00.000Z","6.74","6.77","6.71","6.77","2,057,600","181.73","6.49","6.74","6.43","0.2423","6.30","0.1117","0.0955","0.0163","6.59","38.72","12.07","31.77"
"2006-11-24T05:00:00.000Z","6.72","6.77","6.72","6.76","82,400","167.70","6.50","6.77","6.44","0.2390","6.32","0.1139","0.0992","0.0147","6.61","36.80","11.35","33.27"
"2006-11-27T05:00:00.000Z","6.73","6.73","6.57","6.58","400,000","95.79","6.51","6.67","6.45","0.2235","6.33","0.0996","0.0992","0.0003","6.63","30.25","22.64","31.93"
"2006-11-28T05:00:00.000Z","6.53","6.61","6.53","6.60","351,200","65.49","6.51","6.59","6.46","0.1906","6.34","0.0890","0.0972","-0.0082","6.64","28.19","24.79","30.10"
"2006-11-29T05:00:00.000Z","6.64","6.66","6.60","6.63","317,600","87.18","6.52","6.62","6.48","0.1658","6.35","0.0822","0.0942","-0.0120","6.65","31.56","23.51","29.00"
"2006-11-30T05:00:00.000Z","6.65","6.69","6.61","6.65","313,600","91.11","6.53","6.64","6.48","0.1383","6.36","0.0773","0.0908","-0.0136","6.66","32.05","21.77","28.29"
"2006-12-01T05:00:00.000Z","6.64","6.64","6.54","6.58","220,000","54.29","6.54","6.62","6.49","0.1026","6.37","0.0670","0.0861","-0.0190","6.67","28.68","26.04","26.61"
"2006-12-04T05:00:00.000Z","6.64","6.71","6.64","6.69","212,800","97.93","6.55","6.64","6.50","0.1012","6.39","0.0666","0.0822","-0.0155","6.67","31.32","23.10","25.79"
"2006-12-05T05:00:00.000Z","6.71","6.72","6.68","6.70","324,000","103.56","6.56","6.69","6.51","0.1184","6.40","0.0666","0.0791","-0.0124","6.67","30.89","22.32","25.10"
"2006-12-06T05:00:00.000Z","6.67","6.69","6.65","6.66","109,600","81.44","6.56","6.68","6.52","0.1192","6.41","0.0627","0.0758","-0.0131","6.67","29.53","24.01","24.04"
"2006-12-07T05:00:00.000Z","6.69","6.69","6.61","6.61","133,600","59.32","6.57","6.64","6.53","0.1107","6.42","0.0550","0.0716","-0.0166","6.67","27.37","26.57","22.43"
"2006-12-08T05:00:00.000Z","6.60","6.65","6.58","6.62","127,200","46.58","6.58","6.62","6.54","0.1084","6.43","0.0490","0.0671","-0.0181","6.67","25.61","27.26","21.05"
"2006-12-11T05:00:00.000Z","6.63","6.68","6.62","6.65","135,200","60.54","6.59","6.63","6.54","0.0963","6.43","0.0458","0.0628","-0.0171","6.66","27.01","25.61","19.74"
"2006-12-12T05:00:00.000Z","6.64","6.65","6.57","6.61","102,400","36.88","6.59","6.63","6.54","0.0714","6.44","0.0397","0.0582","-0.0185","6.65","24.81","28.37","18.81"
"2006-12-13T05:00:00.000Z","6.64","6.64","6.59","6.62","135,200","37.97","6.60","6.61","6.55","0.0535","6.45","0.0350","0.0536","-0.0186","6.65","23.65","27.05","17.94"
"2006-12-14T05:00:00.000Z","6.61","6.70","6.61","6.69","224,800","64.77","6.61","6.65","6.56","0.0491","6.46","0.0370","0.0502","-0.0133","6.64","27.49","24.81","17.03"
"2006-12-15T05:00:00.000Z","6.72","6.72","6.67","6.69","149,600","78.04","6.62","6.69","6.57","0.0568","6.47","0.0381","0.0478","-0.0097","6.65","28.32","23.69","16.45"
"2006-12-18T05:00:00.000Z","6.69","6.71","6.60","6.63","152,800","47.29","6.63","6.66","6.57","0.0492","6.48","0.0334","0.0449","-0.0115","6.66","25.40","28.05","15.63"
"2006-12-19T05:00:00.000Z","6.54","6.63","6.54","6.60","264,800","9.44","6.63","6.61","6.58","0.0394","6.49","0.0274","0.0414","-0.0140","6.65","23.34","31.69","15.59"
"2006-12-20T05:00:00.000Z","6.62","6.65","6.59","6.60","233,600","25.21","6.64","6.60","6.58","0.0350","6.49","0.0226","0.0377","-0.0151","6.65","24.67","29.97","15.17"
"2006-12-21T05:00:00.000Z","6.62","6.62","6.54","6.57","98,400","-5.98","6.64","6.59","6.58","0.0128","6.50","0.0155","0.0332","-0.0177","6.64","22.97","32.89","15.36"
"2006-12-22T05:00:00.000Z","6.55","6.57","6.51","6.52","136,800","-38.53","6.64","6.54","6.59","-0.0242","6.50","0.0058","0.0278","-0.0219","6.63","21.80","34.00","15.82"
"2006-12-26T05:00:00.000Z","6.51","6.55","6.51","6.55","200,800","-37.76","6.64","6.54","6.59","-0.0529","6.51","0.0012","0.0224","-0.0213","6.62","20.85","32.89","16.29"
"2006-12-27T05:00:00.000Z","6.58","6.61","6.58","6.60","393,600","1.14","6.64","6.58","6.60","-0.0539","6.52","0.0014","0.0182","-0.0168","6.61","25.08","31.13","15.90"
"2006-12-28T05:00:00.000Z","6.60","6.60","6.58","6.58","158,400","-10.69","6.64","6.59","6.60","-0.0645","6.52","0.0001","0.0146","-0.0145","6.61","24.34","30.71","15.59"
"2006-12-29T05:00:00.000Z","6.59","6.62","6.57","6.57","124,000","-16.77","6.64","6.58","6.60","-0.0636","6.53","-0.0024","0.0112","-0.0136","6.61","25.40","28.81","14.92"
"2007-01-03T05:00:00.000Z","6.63","6.68","6.50","6.58","296,000","-23.47","6.63","6.57","6.61","-0.0561","6.53","-0.0033","0.0083","-0.0116","6.61","21.11","30.09","15.11"
"2007-01-04T05:00:00.000Z","6.57","6.71","6.57","6.70","192,000","46.37","6.63","6.64","6.62","-0.0375","6.54","0.0057","0.0078","-0.0021","6.60","20.96","26.36","14.85"
"2007-01-05T05:00:00.000Z","6.63","6.65","6.60","6.65","425,600","13.66","6.63","6.67","6.62","-0.0313","6.55","0.0085","0.0079","0.0006","6.60","19.10","24.03","14.60"
"2007-01-08T05:00:00.000Z","6.66","6.69","6.63","6.66","523,200","39.63","6.63","6.65","6.63","-0.0165","6.55","0.0113","0.0086","0.0027","6.60","21.21","22.69","13.80"
"2007-01-09T05:00:00.000Z","6.69","6.71","6.63","6.69","650,400","67.05","6.63","6.67","6.63","-0.0004","6.56","0.0163","0.0101","0.0061","6.60","21.96","21.07","12.96"
"2007-01-10T05:00:00.000Z","6.66","6.74","6.66","6.74","476,800","109.45","6.63","6.71","6.64","0.0213","6.56","0.0234","0.0128","0.0106","6.61","23.09","19.55","12.63"
"2007-01-11T05:00:00.000Z","6.78","6.81","6.77","6.79","709,600","208.04","6.63","6.76","6.65","0.0491","6.57","0.0332","0.0169","0.0164","6.62","27.89","18.15","13.24"
"2007-01-12T05:00:00.000Z","6.79","6.83","6.77","6.83","550,400","212.87","6.64","6.81","6.65","0.0809","6.58","0.0433","0.0222","0.0211","6.63","27.71","17.13","13.98"
"2007-01-16T05:00:00.000Z","6.83","6.83","6.79","6.80","379,200","189.72","6.65","6.81","6.66","0.1088","6.58","0.0489","0.0275","0.0214","6.66","26.65","16.47","14.67"
"2007-01-17T05:00:00.000Z","6.77","6.79","6.71","6.72","549,600","105.19","6.65","6.76","6.66","0.1246","6.59","0.0458","0.0312","0.0147","6.68","24.37","21.98","13.99"
"2007-01-18T05:00:00.000Z","6.66","6.67","6.58","6.59","620,000","-46.69","6.65","6.65","6.65","0.1105","6.59","0.0328","0.0315","0.0013","6.68","21.44","30.91","14.28"
"2007-01-19T05:00:00.000Z","6.57","6.61","6.55","6.59","511,200","-81.56","6.65","6.59","6.65","0.0679","6.60","0.0225","0.0297","-0.0072","6.68","20.26","32.25","14.89"
"2007-01-22T05:00:00.000Z","6.59","6.59","6.51","6.54","354,400","-124.08","6.64","6.57","6.65","0.0200","6.60","0.0096","0.0257","-0.0160","6.68","18.68","33.46","15.85"
"2007-01-23T05:00:00.000Z","6.54","6.58","6.53","6.53","317,600","-112.68","6.64","6.53","6.64","-0.0269","6.60","-0.0011","0.0203","-0.0215","6.67","17.74","31.77","16.74"
"2007-01-24T05:00:00.000Z","6.61","6.66","6.58","6.65","308,800","-15.17","6.64","6.59","6.64","-0.0550","6.60","0","0.0163","-0.0163","6.68","22.04","28.24","16.43"
"2007-01-25T05:00:00.000Z","6.68","6.70","6.58","6.59","374,400","-18.60","6.64","6.62","6.64","-0.0516","6.61","-0.0039","0.0122","-0.0161","6.68","23.45","25.40","15.54"
"2007-01-26T05:00:00.000Z","6.58","6.62","6.56","6.60","214,400","-52.43","6.64","6.60","6.64","-0.0458","6.61","-0.0058","0.0086","-0.0144","6.67","22.28","25.63","14.93"
"2007-01-29T05:00:00.000Z","6.60","6.64","6.59","6.60","439,200","-37.10","6.64","6.60","6.64","-0.0310","6.61","-0.0072","0.0055","-0.0127","6.67","22.71","24.44","14.12"
"2007-01-30T05:00:00.000Z","6.61","6.64","6.61","6.64","240,000","-10.05","6.64","6.62","6.64","-0.0169","6.62","-0.0055","0.0033","-0.0087","6.66","22.53","23.51","13.27"
"2007-01-31T05:00:00.000Z","6.61","6.69","6.59","6.67","311,200","17.77","6.64","6.65","6.64","-0.0127","6.62","-0.0018","0.0023","-0.0040","6.65","24.85","21.32","12.87"
"2007-02-01T05:00:00.000Z","6.69","6.71","6.64","6.67","363,200","45.11","6.63","6.67","6.64","-0.0062","6.63","0.0013","0.0021","-0.0008","6.64","24.93","19.91","12.74"
"2007-02-02T05:00:00.000Z","6.67","6.70","6.67","6.68","206,400","53.19","6.64","6.67","6.64","0.0095","6.63","0.0043","0.0025","0.0018","6.63","24.18","19.32","12.63"
"2007-02-05T05:00:00.000Z","6.68","6.69","6.66","6.68","343,200","51.38","6.64","6.68","6.64","0.0207","6.64","0.0067","0.0034","0.0034","6.62","23.43","19.22","12.44"
"2007-02-06T05:00:00.000Z","6.70","6.70","6.62","6.67","233,600","29.13","6.64","6.67","6.64","0.0271","6.64","0.0077","0.0042","0.0035","6.62","21.66","21.96","11.60"
"2007-02-07T05:00:00.000Z","6.70","6.75","6.69","6.72","803,200","101.14","6.65","6.70","6.64","0.0415","6.64","0.0128","0.0059","0.0069","6.63","25.30","20.19","11.57"
"2007-02-08T05:00:00.000Z","6.73","6.74","6.70","6.72","158,400","94.08","6.65","6.72","6.64","0.0481","6.65","0.0164","0.0080","0.0084","6.65","24.12","19.25","11.55"
"2007-02-09T05:00:00.000Z","6.74","6.75","6.63","6.65","328,800","40.18","6.66","6.69","6.64","0.0464","6.65","0.0136","0.0092","0.0044","6.66","21.48","23.16","10.99"
"2007-02-12T05:00:00.000Z","6.65","6.65","6.61","6.62","240,296","-23.52","6.66","6.64","6.64","0.0365","6.65","0.0088","0.0091","-0.0003","6.66","20.49","24.82","10.89"
"2007-02-13T05:00:00.000Z","6.64","6.66","6.62","6.64","182,400","-7.92","6.66","6.63","6.64","0.0313","6.65","0.0062","0.0085","-0.0023","6.66","20.73","23.75","10.60"
"2007-02-14T05:00:00.000Z","6.67","6.75","6.67","6.74","193,200","87.55","6.66","6.69","6.65","0.0245","6.65","0.0120","0.0092","0.0028","6.67","27.31","21.06","10.76"
"2007-02-15T05:00:00.000Z","6.76","6.77","6.73","6.76","467,200","127.76","6.67","6.75","6.65","0.0250","6.65","0.0183","0.0110","0.0073","6.68","28.26","20.23","11.17"
"2007-02-16T05:00:00.000Z","6.74","6.75","6.72","6.75","200,800","105.00","6.67","6.76","6.65","0.0306","6.65","0.0223","0.0133","0.0090","6.69","27.22","20.40","11.40"
"2007-02-20T05:00:00.000Z","6.73","6.78","6.70","6.78","186,400","109.48","6.68","6.76","6.66","0.0485","6.65","0.0274","0.0161","0.0113","6.70","27.78","18.69","11.98"
"2007-02-21T05:00:00.000Z","6.75","6.77","6.74","6.76","484,000","108.47","6.68","6.77","6.66","0.0669","6.66","0.0298","0.0188","0.0110","6.70","26.63","17.92","12.52"
"2007-02-22T05:00:00.000Z","6.80","6.82","6.76","6.80","119,200","140.01","6.68","6.78","6.67","0.0779","6.66","0.0345","0.0220","0.0125","6.71","30.48","16.75","13.70"
"2007-02-23T05:00:00.000Z","6.80","6.80","6.77","6.79","127,200","121.29","6.69","6.79","6.67","0.0797","6.66","0.0367","0.0249","0.0117","6.72","29.36","16.13","14.80"
"2007-02-26T05:00:00.000Z","6.80","6.80","6.72","6.76","292,896","93.94","6.68","6.77","6.68","0.0808","6.66","0.0358","0.0271","0.0087","6.73","26.76","19.60","14.85"
"2007-02-27T05:00:00.000Z","6.64","6.68","6.46","6.50","633,600","-131.17","6.67","6.63","6.67","0.0496","6.66","0.0143","0.0245","-0.0102","6.73","19.84","37.14","15.96"
"2007-02-28T05:00:00.000Z","6.51","6.57","6.46","6.52","305,600","-158.64","6.66","6.51","6.67","0.0061","6.66","-0.0015","0.0193","-0.0208","6.71","18.02","34.06","17.02"
"2007-03-01T05:00:00.000Z","6.37","6.53","6.36","6.49","396,800","-201.56","6.66","6.51","6.67","-0.0555","6.65","-0.0163","0.0122","-0.0285","6.68","15.57","37.26","18.73"
"2007-03-02T05:00:00.000Z","6.45","6.48","6.38","6.40","240,000","-224.85","6.65","6.44","6.67","-0.1155","6.65","-0.0350","0.0028","-0.0377","6.67","14.27","34.16","20.33"
"2007-03-05T05:00:00.000Z","6.35","6.44","6.34","6.35","293,600","-233.53","6.64","6.38","6.66","-0.1782","6.64","-0.0528","-0.0083","-0.0444","6.64","13.19","34.79","22.09"
"2007-03-06T05:00:00.000Z","6.44","6.48","6.42","6.46","167,200","-157.21","6.64","6.41","6.65","-0.1919","6.64","-0.0574","-0.0182","-0.0393","6.63","14.89","31.49","23.07"
"2007-03-07T05:00:00.000Z","6.47","6.48","6.43","6.43","1,409,600","-147.89","6.64","6.45","6.65","-0.1950","6.64","-0.0626","-0.0271","-0.0356","6.60","14.62","30.10","23.90"
"2007-03-08T05:00:00.000Z","6.51","6.51","6.45","6.46","111,200","-119.59","6.63","6.45","6.64","-0.1839","6.63","-0.0640","-0.0344","-0.0296","6.59","16.01","28.26","24.17"
"2007-03-09T05:00:00.000Z","6.52","6.52","6.44","6.48","284,000","-110.16","6.63","6.47","6.64","-0.1712","6.63","-0.0631","-0.0402","-0.0229","6.57","14.94","27.57","24.56"
"2007-03-12T04:00:00.000Z","6.46","6.53","6.46","6.52","97,600","-88.91","6.62","6.50","6.63","-0.1490","6.63","-0.0582","-0.0438","-0.0144","6.55","14.92","25.88","24.73"
"2007-03-13T04:00:00.000Z","6.47","6.51","6.40","6.40","578,400","-126.02","6.62","6.46","6.62","-0.1448","6.63","-0.0630","-0.0476","-0.0154","6.52","13.56","27.74","25.41"
"2007-03-14T04:00:00.000Z","6.41","6.47","6.37","6.47","552,800","-120.46","6.61","6.44","6.61","-0.1466","6.62","-0.0608","-0.0503","-0.0105","6.49","12.47","28.35","26.37"
"2007-03-15T04:00:00.000Z","6.46","6.49","6.45","6.47","264,000","-90.95","6.60","6.47","6.60","-0.1445","6.62","-0.0579","-0.0518","-0.0061","6.47","13.44","27.54","26.95"
"2007-03-16T04:00:00.000Z","6.46","6.49","6.44","6.47","230,400","-87.81","6.60","6.47","6.60","-0.1435","6.62","-0.0557","-0.0526","-0.0031","6.45","12.83","27.24","27.59"
"2007-03-19T04:00:00.000Z","6.49","6.53","6.49","6.51","123,200","-58.11","6.59","6.49","6.60","-0.1380","6.61","-0.0497","-0.0520","0.0023","6.45","15.15","25.81","27.48"
"2007-03-20T04:00:00.000Z","6.51","6.56","6.51","6.54","123,200","-38.59","6.59","6.52","6.60","-0.1188","6.61","-0.0423","-0.0501","0.0077","6.46","17.53","24.62","26.72"
"2007-03-21T04:00:00.000Z","6.57","6.67","6.54","6.67","204,800","15.33","6.59","6.60","6.60","-0.0805","6.61","-0.0256","-0.0452","0.0196","6.47","24.54","21.90","25.22"
"2007-03-22T04:00:00.000Z","6.65","6.65","6.61","6.64","175,200","21.33","6.59","6.66","6.60","-0.0468","6.62","-0.0141","-0.0390","0.0249","6.49","23.23","20.72","23.82"
"2007-03-23T04:00:00.000Z","6.63","6.65","6.62","6.63","300,000","21.04","6.58","6.64","6.60","-0.0113","6.62","-0.0060","-0.0324","0.0264","6.51","22.59","20.08","22.54"
"2007-03-26T04:00:00.000Z","6.64","6.66","6.57","6.66","334,400","17.83","6.58","6.64","6.60","0.0127","6.62","0.0023","-0.0254","0.0277","6.52","20.81","22.50","21.21"
"2007-03-27T04:00:00.000Z","6.64","6.64","6.61","6.62","219,200","12.79","6.58","6.64","6.60","0.0311","6.62","0.0057","-0.0192","0.0249","6.53","19.93","21.54","19.97"
"2007-03-28T04:00:00.000Z","6.59","6.61","6.56","6.56","199,200","-15.37","6.58","6.59","6.60","0.0315","6.62","0.0038","-0.0146","0.0184","6.54","18.89","24.97","19.54"
"2007-03-29T04:00:00.000Z","6.60","6.60","6.49","6.55","141,600","-34.13","6.57","6.55","6.60","0.0195","6.62","0.0012","-0.0114","0.0126","6.55","17.00","28.94","20.00"
"2007-03-30T04:00:00.000Z","6.53","6.57","6.50","6.55","149,600","-34.94","6.57","6.55","6.60","0.0040","6.62","-0.0008","-0.0093","0.0085","6.55","15.99","27.21","20.42"
"2007-04-02T04:00:00.000Z","6.58","6.58","6.53","6.57","351,200","-19.48","6.56","6.56","6.59","-0.0058","6.62","-0.0007","-0.0076","0.0069","6.56","16.65","25.95","20.52"
"2007-04-03T04:00:00.000Z","6.59","6.66","6.59","6.65","78,400","27.65","6.56","6.61","6.59","-0.0051","6.62","0.0056","-0.0050","0.0106","6.58","22.47","23.67","19.24"
"2007-04-04T04:00:00.000Z","6.64","6.69","6.64","6.68","309,600","49.96","6.55","6.66","6.59","0.0121","6.62","0.0130","-0.0014","0.0144","6.59","24.07","22.49","18.11"
"2007-04-05T04:00:00.000Z","6.67","6.71","6.67","6.71","124,000","69.23","6.55","6.70","6.59","0.0433","6.62","0.0214","0.0032","0.0182","6.60","25.13","21.53","17.37"
"2007-04-09T04:00:00.000Z","6.72","6.73","6.68","6.71","252,800","73.25","6.55","6.71","6.59","0.0775","6.62","0.0273","0.0080","0.0193","6.62","25.28","20.48","16.88"
"2007-04-10T04:00:00.000Z","6.69","6.71","6.68","6.71","153,600","71.55","6.55","6.71","6.59","0.1064","6.62","0.0320","0.0128","0.0192","6.63","24.55","19.89","16.42"
"2007-04-11T04:00:00.000Z","6.73","6.73","6.65","6.65","168,800","52.65","6.55","6.68","6.59","0.1203","6.61","0.0304","0.0163","0.0141","6.63","22.58","21.92","15.35"
"2007-04-12T04:00:00.000Z","6.64","6.72","6.64","6.71","141,600","60.66","6.56","6.68","6.60","0.1264","6.61","0.0338","0.0198","0.0140","6.63","20.68","21.21","14.35"
"2007-04-13T04:00:00.000Z","6.69","6.74","6.65","6.73","112,000","71.55","6.56","6.72","6.60","0.1299","6.61","0.0375","0.0233","0.0141","6.64","20.67","19.40","13.55"
"2007-04-16T04:00:00.000Z","6.77","6.79","6.75","6.78","166,400","115.14","6.58","6.76","6.60","0.1440","6.61","0.0442","0.0275","0.0167","6.65","25.04","18.14","13.72"
"2007-04-17T04:00:00.000Z","6.79","6.81","6.78","6.80","203,200","125.35","6.59","6.79","6.60","0.1571","6.62","0.0502","0.0321","0.0181","6.67","26.04","17.62","14.12"
"2007-04-18T04:00:00.000Z","6.79","6.81","6.75","6.80","117,600","116.86","6.60","6.80","6.60","0.1678","6.62","0.0542","0.0365","0.0177","6.68","24.30","20.08","13.79"
"2007-04-19T04:00:00.000Z","6.76","6.81","6.76","6.78","320,800","113.53","6.62","6.79","6.60","0.1792","6.63","0.0550","0.0402","0.0148","6.70","22.98","18.99","13.48"
"2007-04-20T04:00:00.000Z","6.85","6.85","6.79","6.83","620,000","137.07","6.63","6.80","6.60","0.1930","6.63","0.0589","0.0439","0.0150","6.72","25.47","17.49","13.85"
"2007-04-23T04:00:00.000Z","6.83","6.83","6.80","6.81","141,600","131.13","6.64","6.82","6.60","0.1893","6.63","0.0600","0.0472","0.0129","6.74","24.64","16.92","14.19"
"2007-04-24T04:00:00.000Z","6.86","6.88","6.82","6.86","160,000","150.84","6.65","6.84","6.60","0.1885","6.64","0.0644","0.0506","0.0138","6.75","28.27","15.51","15.25"
"2007-04-25T04:00:00.000Z","6.87","6.92","6.85","6.92","153,600","162.65","6.67","6.89","6.61","0.1974","6.64","0.0715","0.0548","0.0167","6.77","30.51","14.26","16.76"
"2007-04-26T04:00:00.000Z","6.96","6.96","6.92","6.94","249,600","172.85","6.68","6.93","6.62","0.2150","6.65","0.0778","0.0594","0.0184","6.79","33.13","13.52","18.56"
"2007-04-27T04:00:00.000Z","6.95","6.98","6.94","6.95","184,800","170.55","6.70","6.94","6.63","0.2287","6.65","0.0827","0.0640","0.0186","6.81","33.47","12.85","20.42"
"2007-04-30T04:00:00.000Z","6.94","6.96","6.88","6.88","225,600","134.21","6.71","6.91","6.65","0.2362","6.66","0.0798","0.0672","0.0126","6.82","30.26","19.00","20.59"
"2007-05-01T04:00:00.000Z","6.88","6.91","6.84","6.90","157,600","116.34","6.72","6.89","6.66","0.2282","6.66","0.0786","0.0695","0.0091","6.84","28.10","21.42","20.08"
"2007-05-02T04:00:00.000Z","6.91","6.97","6.91","6.96","160,000","140.99","6.74","6.93","6.67","0.2233","6.66","0.0815","0.0719","0.0096","6.86","33.33","19.66","20.49"
"2007-05-03T04:00:00.000Z","6.96","7.01","6.96","7.00","148,000","153.25","6.75","6.98","6.69","0.2174","6.67","0.0859","0.0747","0.0112","6.87","35.56","18.48","21.29"
"2007-05-04T04:00:00.000Z","7.03","7.04","7.00","7.02","396,000","156.45","6.76","7.01","6.70","0.2127","6.67","0.0902","0.0778","0.0124","6.89","37.11","17.58","22.32"
"2007-05-07T04:00:00.000Z","7.03","7.03","7.01","7.02","404,000","146.47","6.78","7.02","6.71","0.2186","6.68","0.0922","0.0807","0.0116","6.91","36.38","17.24","23.27"
"2007-05-08T04:00:00.000Z","6.99","7.06","6.99","7.06","299,200","141.58","6.79","7.04","6.73","0.2342","6.69","0.0961","0.0838","0.0124","6.93","33.35","19.07","23.55"
"2007-05-09T04:00:00.000Z","7.01","7.08","7.00","7.07","950,400","140.24","6.80","7.07","6.74","0.2415","6.69","0.0994","0.0869","0.0125","6.94","32.86","17.45","24.06"
"2007-05-10T04:00:00.000Z","7.05","7.06","6.97","6.98","210,400","113.48","6.82","7.03","6.76","0.2364","6.70","0.0934","0.0882","0.0052","6.96","29.17","19.00","23.85"
"2007-05-11T04:00:00.000Z","7.01","7.07","7.01","7.06","179,200","124.39","6.84","7.02","6.77","0.2282","6.70","0.0941","0.0894","0.0047","6.97","26.63","17.26","23.67"
"2007-05-14T04:00:00.000Z","7.09","7.09","7.00","7.03","198,400","115.44","6.85","7.04","6.79","0.2197","6.71","0.0907","0.0896","0.0011","6.99","26.44","15.66","23.81"
"2007-05-15T04:00:00.000Z","7.02","7.06","6.97","6.97","252,000","93.61","6.86","7.00","6.80","0.2065","6.71","0.0829","0.0883","-0.0054","6.99","23.92","17.57","23.20"
"2007-05-16T04:00:00.000Z","6.99","7.04","6.95","7.04","394,400","94.07","6.88","7.01","6.81","0.1855","6.72","0.0812","0.0869","-0.0057","6.99","21.70","17.58","22.29"
"2007-05-17T04:00:00.000Z","7.03","7.05","7.01","7.03","129,600","96.34","6.89","7.04","6.82","0.1734","6.72","0.0778","0.0851","-0.0072","7.00","21.70","16.73","21.62"
"2007-05-18T04:00:00.000Z","7.06","7.07","7.03","7.06","295,200","100.91","6.90","7.05","6.83","0.1602","6.73","0.0771","0.0835","-0.0064","7.01","22.31","15.97","21.26"
"2007-05-21T04:00:00.000Z","7.08","7.14","7.08","7.10","364,800","117.79","6.91","7.08","6.84","0.1570","6.73","0.0786","0.0825","-0.0039","7.03","28.17","14.65","22.00"
"2007-05-22T04:00:00.000Z","7.12","7.15","7.09","7.13","248,800","119.40","6.93","7.12","6.85","0.1639","6.74","0.0813","0.0822","-0.0010","7.04","27.32","13.79","22.78"
"2007-05-23T04:00:00.000Z","7.12","7.15","7.07","7.07","798,400","102.79","6.94","7.10","6.86","0.1734","6.75","0.0777","0.0813","-0.0037","7.04","25.00","15.01","22.93"
"2007-05-24T04:00:00.000Z","7.05","7.09","6.93","6.94","308,800","53.06","6.95","7.01","6.87","0.1607","6.75","0.0638","0.0778","-0.0140","7.05","21.21","25.83","22.00"
"2007-05-25T04:00:00.000Z","6.99","7.02","6.97","7.02","239,200","57.58","6.96","6.98","6.89","0.1423","6.76","0.0585","0.0739","-0.0155","7.05","19.60","23.87","21.13"
"2007-05-29T04:00:00.000Z","7.03","7.08","7.03","7.06","207,200","79.82","6.97","7.04","6.90","0.1218","6.77","0.0565","0.0705","-0.0139","7.05","24.59","22.39","19.95"
"2007-05-30T04:00:00.000Z","7.02","7.12","7.02","7.12","155,200","89.15","6.98","7.09","6.91","0.0999","6.79","0.0589","0.0682","-0.0092","7.05","25.22","20.27","19.31"
"2007-05-31T04:00:00.000Z","7.15","7.17","7.14","7.16","484,000","122.66","6.99","7.14","6.93","0.0944","6.80","0.0638","0.0673","-0.0034","7.06","29.00","19.21","19.38"
"2007-06-01T04:00:00.000Z","7.19","7.22","7.17","7.17","223,200","135.34","7.00","7.17","6.94","0.1161","6.81","0.0680","0.0674","0.0005","7.07","32.40","18.09","20.02"
"2007-06-04T04:00:00.000Z","7.17","7.20","7.16","7.20","148,800","130.07","7.02","7.19","6.95","0.1405","6.82","0.0724","0.0684","0.0040","7.08","31.12","18.27","20.45"
"2007-06-05T04:00:00.000Z","7.19","7.19","7.13","7.18","277,600","115.81","7.03","7.19","6.96","0.1502","6.83","0.0736","0.0695","0.0041","7.09","29.00","19.87","20.32"
"2007-06-06T04:00:00.000Z","7.13","7.15","7.10","7.11","100,000","87.20","7.04","7.15","6.97","0.1515","6.84","0.0684","0.0692","-0.0009","7.10","26.59","21.71","19.59"
"2007-06-07T04:00:00.000Z","7.10","7.11","7.00","7.00","229,600","35.98","7.04","7.06","6.98","0.1240","6.85","0.0544","0.0663","-0.0118","7.10","23.67","28.74","18.89"
"2007-06-08T04:00:00.000Z","7.00","7.09","6.99","7.09","275,200","46.78","7.05","7.04","6.99","0.0871","6.86","0.0499","0.0630","-0.0131","7.10","21.49","26.68","18.31"
"2007-06-11T04:00:00.000Z","7.09","7.12","7.08","7.08","332,800","68.25","7.05","7.08","7.00","0.0627","6.87","0.0449","0.0594","-0.0145","7.09","23.54","25.45","17.28"
"2007-06-12T04:00:00.000Z","7.06","7.10","7.02","7.03","448,000","34.63","7.06","7.05","7.00","0.0365","6.88","0.0367","0.0548","-0.0182","7.09","21.65","28.93","17.07"
"2007-06-13T04:00:00.000Z","7.05","7.11","7.04","7.11","278,400","60.61","7.06","7.07","7.01","0.0212","6.89","0.0361","0.0511","-0.0150","7.09","20.70","26.72","16.76"
"2007-06-14T04:00:00.000Z","7.14","7.18","7.14","7.18","168,000","126.60","7.07","7.14","7.02","0.0362","6.90","0.0409","0.0491","-0.0082","7.10","26.38","24.80","15.78"
"2007-06-15T04:00:00.000Z","7.25","7.25","7.22","7.24","302,400","179.15","7.08","7.21","7.03","0.0665","6.91","0.0487","0.0490","-0.0003","7.12","30.93","23.11","15.69"
"2007-06-18T04:00:00.000Z","7.26","7.26","7.23","7.25","303,200","182.29","7.09","7.25","7.04","0.0861","6.92","0.0558","0.0504","0.0055","7.14","30.92","22.44","15.70"
"2007-06-19T04:00:00.000Z","7.23","7.26","7.21","7.25","340,000","168.75","7.09","7.25","7.06","0.1109","6.93","0.0607","0.0524","0.0082","7.14","29.23","23.24","15.40"
"2007-06-20T04:00:00.000Z","7.27","7.27","7.18","7.18","190,400","133.10","7.10","7.22","7.06","0.1330","6.94","0.0583","0.0536","0.0047","7.15","26.80","23.84","14.71"
"2007-06-21T04:00:00.000Z","7.18","7.26","7.17","7.26","207,200","141.58","7.10","7.23","7.07","0.1371","6.95","0.0621","0.0553","0.0068","7.15","24.30","23.09","13.85"
"2007-06-22T04:00:00.000Z","7.25","7.26","7.17","7.19","558,400","113.02","7.11","7.23","7.08","0.1276","6.96","0.0587","0.0560","0.0028","7.16","22.15","21.05","13.04"
"2007-06-25T04:00:00.000Z","7.20","7.23","7.13","7.16","423,200","75.25","7.11","7.17","7.08","0.1097","6.97","0.0523","0.0552","-0.0029","7.16","19.97","23.56","12.70"
"2007-06-26T04:00:00.000Z","7.18","7.19","7.11","7.14","160,800","51.79","7.12","7.15","7.09","0.0888","6.98","0.0455","0.0533","-0.0078","7.17","18.51","23.06","12.57"
"2007-06-27T04:00:00.000Z","7.09","7.22","7.09","7.22","599,200","77.94","7.13","7.18","7.10","0.0719","7.00","0.0464","0.0519","-0.0055","7.17","19.47","20.37","11.83"
"2007-06-28T04:00:00.000Z","7.23","7.26","7.22","7.23","196,000","123.94","7.13","7.23","7.11","0.0703","7.01","0.0472","0.0510","-0.0038","7.18","22.15","19.66","11.41"
"2007-06-29T04:00:00.000Z","7.25","7.27","7.16","7.20","358,400","93.08","7.14","7.22","7.11","0.0650","7.01","0.0449","0.0498","-0.0049","7.20","20.05","23.20","11.12"
"2007-07-02T04:00:00.000Z","7.24","7.26","7.24","7.25","264,800","119.02","7.14","7.23","7.12","0.0729","7.02","0.0465","0.0491","-0.0026","7.21","19.03","22.03","10.85"
"2007-07-03T04:00:00.000Z","7.27","7.31","7.27","7.30","144,000","148.90","7.15","7.28","7.12","0.0923","7.03","0.0514","0.0496","0.0018","7.22","22.64","20.88","10.36"
"2007-07-05T04:00:00.000Z","7.30","7.36","7.30","7.34","388,800","169.75","7.16","7.32","7.13","0.1163","7.04","0.0578","0.0512","0.0066","7.23","26.22","19.75","10.62"
"2007-07-06T04:00:00.000Z","7.35","7.39","7.33","7.37","257,600","178.94","7.17","7.36","7.14","0.1298","7.06","0.0643","0.0538","0.0105","7.23","27.74","18.69","11.26"
"2007-07-09T04:00:00.000Z","7.38","7.38","7.35","7.38","373,600","174.02","7.18","7.37","7.15","0.1505","7.07","0.0693","0.0569","0.0124","7.25","26.86","18.10","11.85"
"2007-07-10T04:00:00.000Z","7.36","7.38","7.32","7.32","292,000","140.59","7.19","7.35","7.15","0.1638","7.08","0.0678","0.0591","0.0087","7.25","25.19","20.33","11.76"
"2007-07-11T04:00:00.000Z","7.31","7.36","7.30","7.36","285,600","133.98","7.20","7.34","7.16","0.1661","7.09","0.0691","0.0611","0.0080","7.26","23.58","21.03","11.33"
"2007-07-12T04:00:00.000Z","7.39","7.50","7.38","7.50","508,800","209.09","7.22","7.43","7.18","0.1794","7.10","0.0803","0.0650","0.0154","7.27","34.15","18.12","12.71"
"2007-07-13T04:00:00.000Z","7.50","7.51","7.47","7.50","572,800","215.62","7.23","7.50","7.19","0.1922","7.11","0.0886","0.0697","0.0189","7.30","33.66","17.40","14.08"
"2007-07-16T04:00:00.000Z","7.50","7.54","7.50","7.51","395,200","208.67","7.24","7.51","7.20","0.2072","7.12","0.0948","0.0747","0.0201","7.32","34.88","16.58","15.61"
"2007-07-17T04:00:00.000Z","7.53","7.60","7.53","7.57","579,200","219.20","7.25","7.54","7.21","0.2352","7.13","0.1032","0.0804","0.0228","7.35","37.56","15.16","17.53"
"2007-07-18T04:00:00.000Z","7.49","7.52","7.45","7.52","413,600","160.64","7.26","7.54","7.22","0.2535","7.15","0.1044","0.0852","0.0192","7.37","33.12","21.12","17.86"
"2007-07-19T04:00:00.000Z","7.59","7.63","7.59","7.60","439,200","203.65","7.28","7.56","7.23","0.2732","7.16","0.1105","0.0903","0.0202","7.40","40.07","18.89","19.15"
"2007-07-20T04:00:00.000Z","7.59","7.59","7.50","7.54","420,000","155.36","7.30","7.57","7.25","0.2733","7.17","0.1092","0.0940","0.0151","7.43","36.56","25.09","19.11"
"2007-07-23T04:00:00.000Z","7.59","7.60","7.53","7.56","342,400","151.59","7.31","7.55","7.26","0.2712","7.18","0.1085","0.0969","0.0116","7.45","35.07","23.53","19.15"
"2007-07-24T04:00:00.000Z","7.50","7.56","7.42","7.45","708,000","102.29","7.32","7.51","7.27","0.2470","7.19","0.0985","0.0973","0.0013","7.47","31.01","30.00","17.90"
"2007-07-25T04:00:00.000Z","7.48","7.48","7.40","7.44","678,400","77.18","7.34","7.45","7.28","0.2286","7.20","0.0882","0.0955","-0.0072","7.48","28.79","30.29","16.81"
"2007-07-26T04:00:00.000Z","7.37","7.42","7.22","7.33","637,600","19.55","7.35","7.38","7.29","0.1635","7.20","0.0702","0.0904","-0.0202","7.48","23.98","38.72","17.28"
"2007-07-27T04:00:00.000Z","7.33","7.36","7.19","7.19","663,200","-22.25","7.35","7.26","7.29","0.1020","7.21","0.0443","0.0812","-0.0369","7.47","21.03","36.59","17.98"
"2007-07-30T04:00:00.000Z","7.22","7.27","7.18","7.26","607,200","-26.45","7.35","7.22","7.29","0.0307","7.21","0.0290","0.0708","-0.0417","7.47","19.61","34.58","18.67"
"2007-07-31T04:00:00.000Z","7.31","7.33","7.11","7.11","655,200","-54.77","7.34","7.18","7.29","-0.0287","7.21","0.0049","0.0576","-0.0527","7.46","16.73","34.43","19.81"
"2007-08-01T04:00:00.000Z","7.17","7.21","7.08","7.19","689,600","-66.52","7.34","7.15","7.29","-0.0899","7.22","-0.0075","0.0446","-0.0521","7.44","15.28","33.62","21.07"
"2007-08-02T04:00:00.000Z","7.23","7.27","7.19","7.26","604,800","-26.18","7.34","7.22","7.29","-0.1104","7.22","-0.0118","0.0333","-0.0451","7.41","18.90","31.77","21.38"
"2007-08-03T04:00:00.000Z","7.26","7.26","7.08","7.09","431,200","-80.22","7.34","7.17","7.29","-0.1290","7.22","-0.0285","0.0209","-0.0494","7.39","16.72","35.48","22.42"
"2007-08-06T04:00:00.000Z","7.12","7.18","7.06","7.18","925,600","-82.41","7.34","7.14","7.30","-0.1464","7.22","-0.0338","0.0100","-0.0438","7.37","15.44","33.90","23.49"
"2007-08-07T04:00:00.000Z","7.15","7.22","7.07","7.22","338,400","-68.35","7.34","7.20","7.30","-0.1578","7.23","-0.0345","0.0011","-0.0356","7.33","16.61","30.63","23.93"
"2007-08-08T04:00:00.000Z","7.26","7.33","7.25","7.26","630,400","-11.79","7.34","7.24","7.31","-0.1293","7.23","-0.0313","-0.0054","-0.0259","7.31","22.41","28.44","23.07"
"2007-08-09T04:00:00.000Z","7.27","7.32","7.13","7.13","876,800","-67.58","7.34","7.19","7.31","-0.1319","7.23","-0.0394","-0.0122","-0.0272","7.28","19.86","32.76","23.17"
"2007-08-10T04:00:00.000Z","7.03","7.19","7.00","7.12","720,800","-114.46","7.33","7.12","7.30","-0.1432","7.23","-0.0456","-0.0189","-0.0267","7.25","17.73","36.45","23.99"
"2007-08-13T04:00:00.000Z","7.19","7.24","7.16","7.17","735,200","-64.30","7.33","7.14","7.30","-0.1281","7.24","-0.0465","-0.0244","-0.0221","7.22","19.73","33.90","24.16"
"2007-08-14T04:00:00.000Z","7.18","7.20","7.04","7.04","361,600","-112.10","7.33","7.10","7.30","-0.1324","7.24","-0.0563","-0.0308","-0.0255","7.21","18.01","37.52","24.94"
"2007-08-15T04:00:00.000Z","7.02","7.09","6.91","6.91","304,800","-169.02","7.31","6.98","7.29","-0.1865","7.23","-0.0738","-0.0394","-0.0344","7.18","16.29","41.17","26.26"
"2007-08-16T04:00:00.000Z","6.88","6.92","6.70","6.88","1,480,000","-222.75","7.30","6.90","7.28","-0.2564","7.23","-0.0892","-0.0493","-0.0398","7.16","14.40","47.78","28.21"
"2007-08-17T04:00:00.000Z","7.03","7.03","6.89","7.00","674,400","-143.03","7.29","6.94","7.27","-0.2749","7.23","-0.0910","-0.0577","-0.0334","7.14","19.39","43.98","28.97"
"2007-08-20T04:00:00.000Z","7.00","7.05","6.97","7.01","312,800","-121.21","7.27","7.00","7.27","-0.3067","7.23","-0.0905","-0.0642","-0.0263","7.12","19.23","42.12","29.57"
"2007-08-21T04:00:00.000Z","7.01","7.08","6.99","7.04","240,000","-104.00","7.26","7.03","7.27","-0.3168","7.23","-0.0861","-0.0686","-0.0175","7.11","20.00","40.03","29.84"
"2007-08-22T04:00:00.000Z","7.12","7.14","7.08","7.13","726,400","-68.91","7.26","7.09","7.27","-0.2888","7.23","-0.0752","-0.0699","-0.0053","7.10","22.33","37.95","29.56"
"2007-08-23T04:00:00.000Z","7.13","7.14","7.08","7.13","606,400","-66.58","7.24","7.13","7.26","-0.2207","7.23","-0.0659","-0.0691","0.0032","7.10","21.75","36.60","29.26"
"2007-08-24T04:00:00.000Z","7.11","7.23","7.11","7.22","299,200","-35.49","7.23","7.17","7.26","-0.1739","7.23","-0.0506","-0.0654","0.0148","7.09","25.23","34.08","28.24"
"2007-08-27T04:00:00.000Z","7.21","7.22","7.17","7.18","315,200","-32.77","7.22","7.20","7.26","-0.1320","7.23","-0.0409","-0.0605","0.0196","7.09","24.54","33.14","27.29"
"2007-08-28T04:00:00.000Z","7.15","7.15","7.02","7.02","660,800","-83.40","7.20","7.10","7.26","-0.1143","7.23","-0.0456","-0.0575","0.0119","7.08","22.16","39.09","27.31"
"2007-08-29T04:00:00.000Z","7.09","7.21","7.08","7.20","726,400","-39.24","7.19","7.11","7.26","-0.0982","7.23","-0.0341","-0.0529","0.0187","7.09","22.99","34.87","26.83"
"2007-08-30T04:00:00.000Z","7.16","7.30","7.16","7.23","580,000","-9.28","7.18","7.22","7.25","-0.0662","7.23","-0.0224","-0.0468","0.0243","7.08","26.46","32.07","25.60"
"2007-08-31T04:00:00.000Z","7.29","7.33","7.28","7.31","508,800","23.42","7.17","7.27","7.25","-0.0328","7.24","-0.0065","-0.0387","0.0322","7.09","26.61","30.25","24.23"
"2007-09-04T04:00:00.000Z","7.33","7.47","7.33","7.43","846,400","66.77","7.17","7.37","7.25","0.0133","7.24","0.0151","-0.0280","0.0430","7.12","32.30","27.50","23.07"
"2007-09-05T04:00:00.000Z","7.40","7.41","7.34","7.38","881,600","51.38","7.17","7.40","7.25","0.0739","7.25","0.0281","-0.0168","0.0449","7.16","30.60","26.06","21.99"
"2007-09-06T04:00:00.000Z","7.38","7.40","7.31","7.39","490,400","48.00","7.17","7.39","7.25","0.1242","7.25","0.0387","-0.0057","0.0444","7.18","29.02","26.04","20.81"
"2007-09-07T04:00:00.000Z","7.26","7.29","7.21","7.24","502,400","-0.3680","7.16","7.32","7.25","0.1367","7.25","0.0349","0.0025","0.0325","7.20","26.04","29.31","19.75"
"2007-09-10T04:00:00.000Z","7.30","7.30","7.17","7.23","308,000","-3.93","7.17","7.24","7.24","0.1332","7.26","0.0304","0.0080","0.0223","7.23","24.16","29.18","19.01"
"2007-09-11T04:00:00.000Z","7.29","7.35","7.27","7.34","272,800","39.38","7.17","7.28","7.24","0.1205","7.26","0.0352","0.0135","0.0217","7.24","25.32","27.15","17.90"
"2007-09-12T04:00:00.000Z","7.32","7.37","7.29","7.30","311,200","45.95","7.17","7.32","7.23","0.1158","7.26","0.0357","0.0179","0.0178","7.25","25.41","25.84","16.68"
"2007-09-13T04:00:00.000Z","7.31","7.33","7.29","7.30","336,000","42.01","7.18","7.30","7.22","0.1066","7.26","0.0357","0.0215","0.0142","7.27","24.77","25.34","15.57"
"2007-09-14T04:00:00.000Z","7.24","7.29","7.24","7.29","224,000","30.83","7.18","7.30","7.22","0.1098","7.26","0.0341","0.0240","0.0101","7.27","23.77","27.48","14.97"
"2007-09-17T04:00:00.000Z","7.27","7.27","7.23","7.25","356,000","22.51","7.18","7.27","7.21","0.1113","7.26","0.0296","0.0251","0.0044","7.28","22.82","27.19","14.53"
"2007-09-18T04:00:00.000Z","7.28","7.40","7.25","7.40","511,200","89.41","7.19","7.32","7.21","0.1109","7.26","0.0372","0.0275","0.0097","7.30","28.77","24.67","14.04"
"2007-09-19T04:00:00.000Z","7.45","7.48","7.39","7.43","644,800","145.84","7.20","7.41","7.21","0.1228","7.27","0.0456","0.0312","0.0145","7.32","32.43","23.35","14.20"
"2007-09-20T04:00:00.000Z","7.43","7.47","7.42","7.44","340,800","151.66","7.20","7.44","7.21","0.1436","7.27","0.0524","0.0354","0.0170","7.33","31.49","22.68","14.35"
"2007-09-21T04:00:00.000Z","7.47","7.51","7.47","7.48","733,600","170.57","7.22","7.46","7.21","0.1793","7.28","0.0599","0.0403","0.0196","7.34","33.13","21.53","14.84"
"2007-09-24T04:00:00.000Z","7.51","7.56","7.47","7.49","846,400","169.77","7.23","7.48","7.22","0.2218","7.28","0.0664","0.0455","0.0209","7.35","34.66","20.16","15.67"
"2007-09-25T04:00:00.000Z","7.49","7.56","7.47","7.56","627,200","168.35","7.24","7.53","7.22","0.2501","7.29","0.0763","0.0517","0.0246","7.36","32.47","18.89","16.44"
"2007-09-26T04:00:00.000Z","7.61","7.62","7.57","7.58","396,800","182.67","7.26","7.57","7.24","0.2732","7.29","0.0849","0.0583","0.0266","7.38","35.26","18.05","17.57"
"2007-09-27T04:00:00.000Z","7.62","7.62","7.59","7.60","745,600","173.36","7.28","7.59","7.25","0.2941","7.30","0.0919","0.0650","0.0269","7.41","34.22","17.51","18.62"
"2007-09-28T04:00:00.000Z","7.60","7.62","7.56","7.58","431,200","149.45","7.31","7.59","7.25","0.2982","7.30","0.0945","0.0709","0.0236","7.43","32.62","19.33","19.12"
"2007-10-01T04:00:00.000Z","7.61","7.71","7.61","7.69","883,200","173.10","7.33","7.63","7.27","0.3129","7.31","0.1044","0.0776","0.0268","7.45","36.26","17.39","20.27"
"2007-10-02T04:00:00.000Z","7.70","7.71","7.67","7.71","398,400","169.43","7.35","7.70","7.28","0.3301","7.31","0.1124","0.0846","0.0278","7.48","35.22","16.89","21.33"
"2007-10-03T04:00:00.000Z","7.66","7.67","7.61","7.64","342,400","136.22","7.37","7.67","7.29","0.3203","7.32","0.1118","0.0900","0.0218","7.51","32.58","20.45","21.44"
"2007-10-04T04:00:00.000Z","7.62","7.63","7.59","7.63","905,600","118.00","7.39","7.63","7.30","0.2973","7.32","0.1093","0.0939","0.0154","7.54","31.28","21.47","21.24"
"2007-10-05T04:00:00.000Z","7.68","7.75","7.67","7.73","406,400","143.93","7.41","7.68","7.32","0.2994","7.33","0.1141","0.0979","0.0162","7.57","37.34","19.43","21.98"
"2007-10-08T04:00:00.000Z","7.73","7.78","7.73","7.78","357,600","150.01","7.43","7.75","7.33","0.2961","7.33","0.1207","0.1025","0.0182","7.59","38.57","18.57","22.91"
"2007-10-09T04:00:00.000Z","7.80","7.83","7.76","7.82","557,600","152.61","7.45","7.80","7.35","0.2950","7.34","0.1282","0.1076","0.0205","7.62","40.56","17.53","24.10"
"2007-10-10T04:00:00.000Z","7.83","7.86","7.81","7.85","613,600","152.65","7.48","7.84","7.37","0.3124","7.34","0.1348","0.1131","0.0218","7.65","41.27","16.81","25.39"
"2007-10-11T04:00:00.000Z","7.88","7.92","7.70","7.74","820,000","127.89","7.49","7.80","7.39","0.3318","7.34","0.1297","0.1164","0.0133","7.68","34.13","22.60","25.02"
"2007-10-12T04:00:00.000Z","7.79","7.84","7.77","7.84","355,200","131.31","7.51","7.79","7.41","0.3334","7.35","0.1321","0.1195","0.0126","7.70","31.50","20.86","24.69"
"2007-10-15T04:00:00.000Z","7.79","7.85","7.74","7.79","837,600","115.86","7.53","7.81","7.43","0.3238","7.35","0.1280","0.1212","0.0068","7.72","28.89","21.68","23.94"
"2007-10-16T04:00:00.000Z","7.76","7.80","7.75","7.76","300,800","103.33","7.54","7.77","7.45","0.2994","7.36","0.1210","0.1212","-0.0002","7.73","27.69","20.77","23.25"
"2007-10-17T04:00:00.000Z","7.87","7.88","7.76","7.86","496,000","116.87","7.56","7.81","7.47","0.2766","7.36","0.1222","0.1214","0.0008","7.75","30.83","18.86","23.31"
"2007-10-18T04:00:00.000Z","7.83","7.89","7.81","7.87","434,400","118.41","7.57","7.87","7.49","0.2661","7.37","0.1231","0.1217","0.0013","7.76","29.67","17.74","23.44"
"2007-10-19T04:00:00.000Z","7.82","7.83","7.66","7.66","785,600","69.62","7.59","7.77","7.51","0.2401","7.38","0.1053","0.1184","-0.0131","7.77","25.21","25.52","21.81"
"2007-10-22T04:00:00.000Z","7.66","7.74","7.65","7.74","610,400","64.68","7.60","7.70","7.52","0.2117","7.38","0.0967","0.1141","-0.0174","7.77","23.52","24.70","20.43"
"2007-10-23T04:00:00.000Z","7.80","7.84","7.75","7.83","705,600","92.23","7.62","7.78","7.53","0.2034","7.39","0.0957","0.1104","-0.0147","7.79","28.90","22.93","19.79"
"2007-10-24T04:00:00.000Z","7.77","7.78","7.60","7.74","883,200","55.45","7.64","7.79","7.55","0.1672","7.40","0.0872","0.1058","-0.0186","7.79","24.62","29.33","19.00"
"2007-10-25T04:00:00.000Z","7.75","7.80","7.66","7.71","470,400","59.11","7.65","7.73","7.57","0.1297","7.41","0.0770","0.1000","-0.0230","7.80","24.07","26.70","18.02"
"2007-10-26T04:00:00.000Z","7.87","7.89","7.82","7.88","965,600","105.12","7.67","7.80","7.58","0.1340","7.42","0.0814","0.0963","-0.0149","7.80","26.72","23.86","17.13"
"2007-10-29T04:00:00.000Z","7.92","7.95","7.89","7.92","756,000","121.12","7.69","7.90","7.60","0.1609","7.44","0.0875","0.0945","-0.0070","7.81","29.41","22.83","16.81"
"2007-10-30T04:00:00.000Z","7.92","7.98","7.91","7.95","764,800","124.14","7.71","7.94","7.61","0.1723","7.45","0.0937","0.0944","-0.0007","7.81","30.11","21.74","16.76"
"2007-10-31T04:00:00.000Z","8.00","8.10","7.98","8.09","798,400","154.20","7.73","8.02","7.63","0.2209","7.47","0.1082","0.0971","0.0111","7.83","34.80","19.77","17.53"
"2007-11-01T04:00:00.000Z","8.03","8.07","7.95","7.96","725,600","125.45","7.75","8.02","7.64","0.2544","7.48","0.1078","0.0993","0.0085","7.85","31.77","19.83","17.93"
"2007-11-02T04:00:00.000Z","8.01","8.03","7.92","8.01","612,000","120.44","7.77","7.98","7.66","0.2575","7.49","0.1102","0.1015","0.0088","7.86","29.66","19.92","18.05"
"2007-11-05T05:00:00.000Z","8.00","8.01","7.92","7.99","748,456","112.85","7.78","8.00","7.68","0.2484","7.51","0.1095","0.1031","0.0064","7.87","27.94","18.93","18.14"
"2007-11-06T05:00:00.000Z","8.00","8.06","7.94","8.05","1,128,960","124.67","7.80","8.02","7.70","0.2427","7.52","0.1130","0.1051","0.0079","7.89","28.56","17.52","18.55"
"2007-11-07T05:00:00.000Z","8.06","8.06","7.83","7.83","661,096","81.52","7.81","7.95","7.71","0.2103","7.53","0.0969","0.1034","-0.0066","7.91","24.73","21.29","17.76"
"2007-11-08T05:00:00.000Z","7.82","7.82","7.47","7.58","1,857,600","-39.51","7.81","7.71","7.72","0.1328","7.54","0.0629","0.0953","-0.0324","7.92","20.03","36.25","18.55"
"2007-11-09T05:00:00.000Z","7.42","7.48","7.35","7.36","921,440","-138.32","7.80","7.47","7.72","0.0230","7.55","0.0181","0.0799","-0.0618","7.89","17.73","37.86","19.81"
"2007-11-12T05:00:00.000Z","7.36","7.42","7.24","7.25","827,920","-180.99","7.79","7.31","7.72","-0.0992","7.56","-0.0262","0.0587","-0.0848","7.86","16.18","39.83","21.42"
"2007-11-13T05:00:00.000Z","7.41","7.52","7.34","7.51","736,000","-116.62","7.78","7.38","7.72","-0.2076","7.57","-0.0397","0.0390","-0.0787","7.83","18.83","34.90","22.02"
"2007-11-14T05:00:00.000Z","7.58","7.60","7.39","7.42","689,840","-111.86","7.77","7.47","7.72","-0.2948","7.57","-0.0570","0.0198","-0.0767","7.81","20.50","31.72","21.98"
"2007-11-15T05:00:00.000Z","7.43","7.45","7.32","7.37","797,600","-149.31","7.76","7.40","7.72","-0.3398","7.58","-0.0737","0.0011","-0.0748","7.77","19.29","33.11","22.30"
"2007-11-16T05:00:00.000Z","7.41","7.45","7.34","7.44","428,000","-134.03","7.75","7.41","7.72","-0.3357","7.58","-0.0804","-0.0152","-0.0652","7.73","18.30","31.35","22.58"
"2007-11-19T05:00:00.000Z","7.38","7.45","7.31","7.33","629,600","-149.16","7.74","7.39","7.72","-0.3163","7.58","-0.0935","-0.0309","-0.0626","7.68","17.11","30.57","22.99"
"2007-11-20T05:00:00.000Z","7.45","7.46","7.22","7.34","855,360","-152.88","7.72","7.34","7.71","-0.3258","7.59","-0.1023","-0.0451","-0.0572","7.64","15.35","31.23","23.78"
"2007-11-21T05:00:00.000Z","7.45","7.45","7.20","7.24","284,800","-159.56","7.70","7.29","7.70","-0.3520","7.59","-0.1159","-0.0593","-0.0566","7.60","13.68","29.06","24.65"
"2007-11-23T05:00:00.000Z","7.33","7.34","7.26","7.32","231,320","-144.57","7.69","7.28","7.70","-0.3576","7.59","-0.1187","-0.0712","-0.0475","7.55","13.07","27.76","25.46"
"2007-11-26T05:00:00.000Z","7.40","7.40","7.17","7.17","505,200","-154.78","7.67","7.25","7.69","-0.3660","7.59","-0.1314","-0.0832","-0.0482","7.50","11.80","28.77","26.63"
"2007-11-27T05:00:00.000Z","7.28","7.29","7.17","7.26","787,408","-142.74","7.65","7.22","7.67","-0.3790","7.59","-0.1329","-0.0932","-0.0397","7.44","11.17","27.23","27.72"
"2007-11-28T05:00:00.000Z","7.41","7.56","7.36","7.56","666,880","-57.09","7.64","7.41","7.67","-0.3439","7.59","-0.1087","-0.0963","-0.0124","7.41","20.78","23.87","26.23"
"2007-11-29T05:00:00.000Z","7.64","7.64","7.47","7.51","474,536","-41.05","7.63","7.54","7.67","-0.2905","7.59","-0.0921","-0.0954","0.0033","7.42","22.50","22.22","24.40"
"2007-11-30T05:00:00.000Z","7.54","7.58","7.38","7.44","361,680","-60.82","7.62","7.48","7.66","-0.2442","7.59","-0.0838","-0.0931","0.0093","7.44","20.68","23.89","23.17"
"2007-12-03T05:00:00.000Z","7.48","7.48","7.38","7.38","300,120","-73.07","7.61","7.41","7.65","-0.2043","7.60","-0.0809","-0.0907","0.0097","7.44","19.78","23.07","22.07"
"2007-12-04T05:00:00.000Z","7.31","7.42","7.31","7.36","334,000","-83.77","7.59","7.37","7.64","-0.1657","7.60","-0.0799","-0.0885","0.0086","7.42","18.87","24.90","21.47"
"2007-12-05T05:00:00.000Z","7.50","7.56","7.46","7.55","281,904","-34.69","7.59","7.45","7.64","-0.1467","7.60","-0.0630","-0.0834","0.0204","7.43","23.28","22.76","20.02"
"2007-12-06T05:00:00.000Z","7.49","7.66","7.49","7.65","494,800","-10.03","7.58","7.60","7.63","-0.1339","7.61","-0.0406","-0.0749","0.0342","7.43","25.92","21.15","19.31"
"2007-12-07T05:00:00.000Z","7.65","7.67","7.61","7.64","464,000","2.97","7.58","7.65","7.63","-0.0994","7.61","-0.0233","-0.0646","0.0412","7.46","25.70","20.61","18.72"
"2007-12-10T05:00:00.000Z","7.65","7.72","7.65","7.70","363,200","18.66","7.57","7.67","7.63","-0.0482","7.62","-0.0053","-0.0527","0.0474","7.47","27.13","19.91","18.48"
"2007-12-11T05:00:00.000Z","7.74","7.76","7.53","7.53","641,968","-4.74","7.56","7.62","7.62","0.0127","7.63","-0.0043","-0.0430","0.0387","7.49","24.32","23.25","17.32"
"2007-12-12T05:00:00.000Z","7.80","7.80","7.52","7.61","258,024","7.37","7.55","7.57","7.62","0.0437","7.63","0.0026","-0.0339","0.0365","7.53","23.05","20.50","16.50"
"2007-12-13T05:00:00.000Z","7.70","7.70","7.55","7.62","293,000","2.93","7.53","7.62","7.61","0.0568","7.63","0.0090","-0.0253","0.0343","7.55","21.55","19.17","15.74"
"2007-12-14T05:00:00.000Z","7.62","7.62","7.50","7.51","477,600","-21.65","7.52","7.57","7.60","0.0491","7.63","0.0053","-0.0192","0.0245","7.58","20.40","20.39","14.62"
"2007-12-17T05:00:00.000Z","7.49","7.49","7.35","7.36","521,696","-66.90","7.50","7.44","7.59","0.0103","7.63","-0.0101","-0.0174","0.0073","7.59","18.91","25.63","14.65"
"2007-12-18T05:00:00.000Z","7.46","7.46","7.29","7.38","1,934,680","-69.80","7.48","7.37","7.59","-0.0273","7.63","-0.0202","-0.0179","-0.0022","7.57","17.56","26.05","15.00"
"2007-12-19T05:00:00.000Z","7.42","7.45","7.37","7.43","429,568","-55.17","7.46","7.40","7.58","-0.0594","7.63","-0.0242","-0.0192","-0.0050","7.56","16.96","25.16","15.32"
"2007-12-20T05:00:00.000Z","7.44","7.54","7.44","7.54","476,632","-24.10","7.45","7.48","7.57","-0.0719","7.63","-0.0183","-0.0190","0.0007","7.56","20.33","23.86","14.79"
"2007-12-21T05:00:00.000Z","7.69","7.69","7.60","7.63","334,968","21.74","7.45","7.58","7.57","-0.0449","7.63","-0.0059","-0.0164","0.0105","7.59","25.94","22.18","14.29"
"2007-12-24T05:00:00.000Z","7.63","7.72","7.63","7.71","464,400","40.87","7.46","7.67","7.56","0.0157","7.63","0.0102","-0.0111","0.0213","7.60","26.46","21.20","14.06"
"2007-12-26T05:00:00.000Z","7.72","7.74","7.68","7.73","712,120","53.37","7.48","7.72","7.56","0.0909","7.63","0.0239","-0.0041","0.0280","7.62","26.46","20.59","13.95"
"2007-12-27T05:00:00.000Z","7.73","7.73","7.60","7.61","639,528","33.27","7.48","7.67","7.55","0.1506","7.63","0.0252","0.0018","0.0234","7.62","24.71","23.31","13.16"
"2007-12-28T05:00:00.000Z","7.81","7.81","7.56","7.60","418,400","44.11","7.49","7.61","7.54","0.1890","7.63","0.0252","0.0065","0.0187","7.64","25.60","20.53","13.00"
"2007-12-31T05:00:00.000Z","7.63","7.63","7.51","7.51","444,800","6.77","7.49","7.56","7.53","0.1700","7.63","0.0180","0.0088","0.0092","7.63","24.18","21.71","12.46"
"2008-01-02T05:00:00.000Z","7.60","7.60","7.33","7.38","1,911,200","-40.45","7.49","7.45","7.51","0.1234","7.62","0.0011","0.0072","-0.0062","7.61","21.21","27.49","12.49"
"2008-01-03T05:00:00.000Z","7.33","7.40","7.30","7.34","663,264","-78.68","7.49","7.36","7.49","0.0539","7.61","-0.0152","0.0027","-0.0179","7.58","20.29","27.55","12.68"
"2008-01-04T05:00:00.000Z","7.26","7.26","7.01","7.03","921,800","-194.23","7.48","7.18","7.47","-0.0414","7.60","-0.0526","-0.0083","-0.0443","7.56","17.40","36.41","14.30"
"2008-01-07T05:00:00.000Z","7.01","7.04","6.88","6.96","2,861,424","-251.30","7.47","7.00","7.45","-0.1747","7.59","-0.0865","-0.0240","-0.0625","7.52","16.14","39.80","16.30"
"2008-01-08T05:00:00.000Z","6.98","7.03","6.75","6.75","2,605,192","-275.94","7.45","6.86","7.43","-0.2960","7.57","-0.1291","-0.0450","-0.0841","7.48","14.23","40.33","18.55"
"2008-01-09T05:00:00.000Z","6.79","6.89","6.72","6.89","1,363,200","-248.20","7.44","6.82","7.41","-0.4107","7.55","-0.1494","-0.0659","-0.0835","7.43","13.19","38.63","20.73"
"2008-01-10T05:00:00.000Z","6.83","6.96","6.82","6.92","1,274,800","-203.23","7.43","6.91","7.41","-0.4893","7.54","-0.1614","-0.0850","-0.0765","7.39","15.24","36.32","22.17"
"2008-01-11T05:00:00.000Z","6.88","6.88","6.74","6.77","780,080","-217.41","7.40","6.85","7.39","-0.5401","7.52","-0.1810","-0.1042","-0.0768","7.32","14.06","37.01","23.80"
"2008-01-14T05:00:00.000Z","6.87","6.96","6.87","6.92","817,040","-158.82","7.38","6.84","7.38","-0.5374","7.51","-0.1827","-0.1199","-0.0628","7.26","16.35","34.16","24.62"
"2008-01-15T05:00:00.000Z","6.86","6.89","6.76","6.78","800,400","-174.81","7.36","6.85","7.36","-0.5377","7.49","-0.1925","-0.1344","-0.0581","7.20","15.26","36.67","25.80"
"2008-01-16T05:00:00.000Z","6.67","6.76","6.56","6.66","2,062,000","-196.61","7.34","6.72","7.34","-0.5501","7.47","-0.2082","-0.1492","-0.0590","7.12","13.88","41.27","27.51"
"2008-01-17T05:00:00.000Z","6.70","6.71","6.52","6.54","1,023,200","-191.77","7.31","6.60","7.32","-0.5805","7.45","-0.2276","-0.1649","-0.0627","7.03","12.78","39.85","29.22"
"2008-01-18T05:00:00.000Z","6.59","6.67","6.52","6.53","3,154,568","-174.84","7.27","6.53","7.30","-0.5947","7.43","-0.2407","-0.1800","-0.0607","6.95","12.02","37.48","30.80"
"2008-01-22T05:00:00.000Z","6.64","6.64","6.17","6.37","1,247,768","-192.11","7.23","6.45","7.28","-0.6645","7.41","-0.2611","-0.1962","-0.0648","6.88","9.96","43.84","33.10"
"2008-01-23T05:00:00.000Z","6.16","6.38","6.04","6.37","1,519,872","-194.54","7.19","6.37","7.26","-0.7505","7.38","-0.2744","-0.2119","-0.0625","6.79","8.78","43.16","35.47"
"2008-01-24T05:00:00.000Z","6.44","6.58","6.43","6.58","821,480","-130.52","7.15","6.48","7.24","-0.7561","7.36","-0.2642","-0.2223","-0.0419","6.72","15.06","39.89","36.16"
"2008-01-25T05:00:00.000Z","6.75","6.75","6.46","6.47","1,109,600","-116.00","7.12","6.53","7.22","-0.7317","7.34","-0.2626","-0.2304","-0.0322","6.70","19.06","36.02","35.78"
"2008-01-28T05:00:00.000Z","6.42","6.50","6.41","6.49","570,400","-121.88","7.08","6.48","7.19","-0.7271","7.31","-0.2565","-0.2356","-0.0209","6.66","18.44","36.69","35.59"
"2008-01-29T05:00:00.000Z","6.50","6.52","6.44","6.50","695,520","-110.13","7.04","6.50","7.17","-0.6783","7.29","-0.2476","-0.2380","-0.0096","6.64","18.57","35.69","35.30"
"2008-01-30T05:00:00.000Z","6.50","6.61","6.44","6.44","1,215,200","-101.40","7.01","6.47","7.14","-0.5812","7.26","-0.2428","-0.2390","-0.0038","6.61","20.96","33.44","34.41"
"2008-01-31T05:00:00.000Z","6.45","6.63","6.40","6.52","1,119,320","-92.88","6.98","6.48","7.12","-0.5460","7.24","-0.2298","-0.2371","0.0073","6.58","19.16","32.25","33.77"
"2008-02-01T05:00:00.000Z","6.62","6.68","6.54","6.67","588,504","-72.22","6.95","6.60","7.11","-0.5138","7.22","-0.2055","-0.2308","0.0253","6.56","19.62","30.44","32.91"
"2008-02-04T05:00:00.000Z","6.70","6.70","6.56","6.56","632,000","-71.78","6.93","6.62","7.08","-0.4492","7.19","-0.1925","-0.2231","0.0307","6.55","19.45","28.87","31.95"
"2008-02-05T05:00:00.000Z","6.46","6.49","6.37","6.37","703,752","-96.28","6.89","6.47","7.05","-0.4265","7.17","-0.1955","-0.2176","0.0222","6.53","18.01","34.04","31.87"
"2008-02-06T05:00:00.000Z","6.42","6.44","6.27","6.28","767,200","-102.97","6.84","6.32","7.01","-0.4301","7.15","-0.2029","-0.2147","0.0118","6.51","16.84","35.58","32.14"
"2008-02-07T05:00:00.000Z","6.24","6.35","6.17","6.26","1,820,200","-108.45","6.79","6.27","6.98","-0.4483","7.13","-0.2079","-0.2133","0.0054","6.48","15.66","36.89","32.73"
"2008-02-08T05:00:00.000Z","6.29","6.37","6.28","6.33","520,000","-94.88","6.75","6.30","6.95","-0.4733","7.11","-0.2037","-0.2114","0.0077","6.46","15.71","35.29","33.14"
"2008-02-11T05:00:00.000Z","6.35","6.43","6.34","6.41","433,112","-81.67","6.71","6.37","6.92","-0.4894","7.09","-0.1916","-0.2074","0.0158","6.47","17.52","33.88","33.04"
"2008-02-12T05:00:00.000Z","6.42","6.49","6.37","6.41","512,584","-74.80","6.67","6.41","6.89","-0.4527","7.08","-0.1805","-0.2021","0.0215","6.47","19.15","32.22","32.50"
"2008-02-13T05:00:00.000Z","6.49","6.57","6.47","6.56","399,200","-54.79","6.64","6.48","6.86","-0.3848","7.06","-0.1577","-0.1932","0.0355","6.45","21.24","29.98","31.40"
"2008-02-14T05:00:00.000Z","6.57","6.57","6.43","6.43","580,680","-62.22","6.60","6.49","6.84","-0.3015","7.05","-0.1485","-0.1842","0.0358","6.46","19.93","30.19","30.62"
"2008-02-15T05:00:00.000Z","6.38","6.42","6.36","6.39","694,408","-73.17","6.57","6.41","6.82","-0.2507","7.03","-0.1421","-0.1758","0.0337","6.45","19.34","32.26","30.22"
"2008-02-19T05:00:00.000Z","6.49","6.52","6.32","6.34","741,976","-70.34","6.55","6.37","6.79","-0.2065","7.01","-0.1400","-0.1687","0.0287","6.45","21.86","29.52","29.12"
"2008-02-20T05:00:00.000Z","6.32","6.45","6.32","6.40","992,000","-68.46","6.53","6.37","6.76","-0.1809","7.00","-0.1318","-0.1613","0.0295","6.44","20.62","27.94","28.12"
"2008-02-21T05:00:00.000Z","6.48","6.52","6.36","6.37","728,968","-62.50","6.52","6.38","6.73","-0.1683","6.98","-0.1266","-0.1544","0.0277","6.43","22.02","25.96","26.70"
"2008-02-22T05:00:00.000Z","6.39","6.40","6.28","6.38","1,015,200","-72.23","6.50","6.37","6.70","-0.1706","6.97","-0.1198","-0.1474","0.0276","6.41","20.80","28.00","25.84"
"2008-02-25T05:00:00.000Z","6.40","6.46","6.36","6.44","1,353,200","-57.73","6.48","6.41","6.66","-0.1458","6.96","-0.1087","-0.1397","0.0310","6.40","22.50","26.70","24.61"
"2008-02-26T05:00:00.000Z","6.41","6.55","6.38","6.50","784,016","-42.26","6.48","6.47","6.64","-0.1228","6.94","-0.0935","-0.1305","0.0370","6.40","24.85","24.67","22.88"
"2008-02-27T05:00:00.000Z","6.47","6.58","6.46","6.55","878,504","-25.97","6.46","6.53","6.61","-0.0854","6.92","-0.0771","-0.1198","0.0427","6.42","24.88","23.32","21.47"
"2008-02-28T05:00:00.000Z","6.51","6.54","6.46","6.48","782,480","-31.60","6.45","6.52","6.58","-0.0632","6.91","-0.0684","-0.1095","0.0411","6.44","23.87","22.36","20.17"
"2008-02-29T05:00:00.000Z","6.42","6.43","6.31","6.33","650,672","-76.53","6.44","6.41","6.56","-0.0414","6.89","-0.0729","-0.1022","0.0293","6.44","21.94","27.57","19.54"
"2008-03-03T05:00:00.000Z","6.34","6.34","6.24","6.29","696,000","-102.79","6.43","6.31","6.53","-0.0491","6.87","-0.0791","-0.0976","0.0185","6.44","20.86","29.62","19.39"
"2008-03-04T05:00:00.000Z","6.23","6.32","6.19","6.31","1,138,400","-110.21","6.43","6.30","6.51","-0.0713","6.85","-0.0812","-0.0943","0.0131","6.42","19.48","30.32","19.56"
"2008-03-05T05:00:00.000Z","6.33","6.41","6.30","6.36","1,661,600","-71.28","6.43","6.34","6.50","-0.0902","6.83","-0.0780","-0.0910","0.0130","6.40","22.60","28.78","19.02"
"2008-03-06T05:00:00.000Z","6.43","6.43","6.23","6.24","736,000","-96.33","6.42","6.30","6.49","-0.1148","6.81","-0.0842","-0.0897","0.0055","6.40","20.44","29.56","18.97"
"2008-03-07T05:00:00.000Z","6.19","6.32","6.16","6.23","1,412,000","-124.72","6.41","6.24","6.47","-0.1299","6.78","-0.0887","-0.0895","0.0008","6.38","18.89","30.72","19.31"
"2008-03-10T04:00:00.000Z","6.25","6.28","6.17","6.17","1,756,680","-137.98","6.40","6.20","6.45","-0.1331","6.76","-0.0961","-0.0908","-0.0053","6.37","17.88","29.09","19.64"
"2008-03-11T04:00:00.000Z","6.27","6.37","6.22","6.37","1,072,800","-73.66","6.40","6.27","6.44","-0.1225","6.74","-0.0850","-0.0896","0.0047","6.36","20.63","26.30","19.10"
"2008-03-12T04:00:00.000Z","6.40","6.46","6.34","6.34","449,856","-32.69","6.39","6.36","6.43","-0.1189","6.72","-0.0773","-0.0872","0.0099","6.36","23.81","24.82","17.88"
"2008-03-13T04:00:00.000Z","6.28","6.41","6.22","6.36","1,141,200","-64.47","6.39","6.35","6.42","-0.1165","6.70","-0.0690","-0.0835","0.0145","6.35","21.71","28.47","17.57"
"2008-03-14T04:00:00.000Z","6.40","6.41","6.18","6.24","962,480","-98.47","6.38","6.30","6.41","-0.0962","6.68","-0.0716","-0.0812","0.0096","6.35","19.44","27.22","17.50"
"2008-03-17T04:00:00.000Z","6.09","6.25","6.07","6.21","696,104","-163.73","6.36","6.23","6.40","-0.1003","6.66","-0.0747","-0.0799","0.0052","6.32","17.76","30.34","18.12"
"2008-03-18T04:00:00.000Z","6.32","6.44","6.28","6.43","1,421,600","-9.62","6.36","6.32","6.39","-0.0834","6.64","-0.0588","-0.0756","0.0169","6.30","24.24","27.29","17.25"
"2008-03-19T04:00:00.000Z","6.54","6.54","6.28","6.29","518,400","-19.43","6.36","6.36","6.39","-0.0777","6.62","-0.0574","-0.0720","0.0146","6.31","25.89","24.25","16.25"
"2008-03-20T04:00:00.000Z","6.25","6.37","6.25","6.34","615,200","-58.96","6.36","6.31","6.39","-0.0721","6.60","-0.0512","-0.0678","0.0166","6.31","24.51","24.30","15.12"
"2008-03-24T04:00:00.000Z","6.42","6.60","6.42","6.55","696,208","96.14","6.37","6.44","6.39","-0.0271","6.58","-0.0295","-0.0602","0.0307","6.32","31.21","21.73","15.32"
"2008-03-25T04:00:00.000Z","6.56","6.60","6.52","6.56","1,060,800","127.28","6.38","6.55","6.39","0.0549","6.56","-0.0110","-0.0503","0.0394","6.34","30.24","20.98","15.52"
"2008-03-26T04:00:00.000Z","6.55","6.55","6.46","6.49","736,000","78.78","6.38","6.53","6.39","0.0817","6.54","-0.0020","-0.0407","0.0386","6.35","28.90","22.66","15.27"
"2008-03-27T04:00:00.000Z","6.48","6.48","6.36","6.38","432,000","7.55","6.38","6.44","6.39","0.0810","6.52","-0.0038","-0.0333","0.0295","6.37","27.21","25.89","14.36"
"2008-03-28T04:00:00.000Z","6.41","6.45","6.32","6.34","412,000","-18.51","6.37","6.36","6.39","0.0921","6.50","-0.0083","-0.0283","0.0200","6.38","25.67","26.08","13.39"
"2008-03-31T04:00:00.000Z","6.34","6.40","6.32","6.36","480,280","-26.31","6.37","6.35","6.38","0.0614","6.49","-0.0105","-0.0247","0.0142","6.39","24.68","25.32","12.53"
"2008-04-01T04:00:00.000Z","6.46","6.59","6.44","6.58","492,848","132.60","6.37","6.47","6.38","0.0494","6.47","0.0057","-0.0186","0.0244","6.39","30.85","22.56","12.74"
"2008-04-02T04:00:00.000Z","6.62","6.64","6.53","6.58","517,600","174.65","6.38","6.58","6.38","0.0611","6.47","0.0187","-0.0112","0.0298","6.42","31.46","21.39","13.19"
"2008-04-03T04:00:00.000Z","6.53","6.62","6.50","6.59","478,560","150.88","6.39","6.59","6.39","0.0885","6.46","0.0295","-0.0030","0.0325","6.43","29.75","21.52","13.40"
"2008-04-04T04:00:00.000Z","6.59","6.65","6.54","6.60","547,456","155.91","6.40","6.60","6.40","0.1275","6.46","0.0378","0.0051","0.0327","6.47","29.70","20.32","13.78"
"2008-04-07T04:00:00.000Z","6.65","6.66","6.56","6.57","783,680","147.76","6.40","6.59","6.40","0.1716","6.45","0.0421","0.0125","0.0296","6.49","28.68","19.36","14.18"
"2008-04-08T04:00:00.000Z","6.53","6.57","6.50","6.54","395,200","94.52","6.41","6.56","6.41","0.1716","6.45","0.0424","0.0185","0.0239","6.49","27.65","21.79","14.01"
"2008-04-09T04:00:00.000Z","6.54","6.54","6.46","6.50","300,800","63.75","6.41","6.52","6.41","0.1510","6.44","0.0391","0.0226","0.0165","6.51","26.46","23.17","13.49"
"2008-04-10T04:00:00.000Z","6.51","6.63","6.51","6.58","502,400","108.51","6.41","6.54","6.41","0.1485","6.44","0.0425","0.0266","0.0159","6.52","29.20","21.66","13.58"
"2008-04-11T04:00:00.000Z","6.51","6.52","6.38","6.41","15,419,200","18.00","6.41","6.50","6.41","0.1172","6.43","0.0309","0.0275","0.0035","6.52","26.21","25.99","12.64"
"2008-04-14T04:00:00.000Z","6.40","6.44","6.37","6.38","835,048","-12.87","6.41","6.39","6.41","0.0758","6.42","0.0186","0.0257","-0.0071","6.51","25.27","25.79","11.81"
"2008-04-15T04:00:00.000Z","6.41","6.41","6.31","6.39","360,912","-30.39","6.41","6.38","6.41","0.0438","6.42","0.0098","0.0225","-0.0127","6.50","23.93","27.62","11.48"
"2008-04-16T04:00:00.000Z","6.47","6.59","6.47","6.58","680,784","90.78","6.42","6.48","6.42","0.0498","6.42","0.0177","0.0216","-0.0039","6.51","31.00","24.62","11.48"
"2008-04-17T04:00:00.000Z","6.60","6.64","6.53","6.64","346,064","120.24","6.43","6.61","6.42","0.0507","6.43","0.0287","0.0230","0.0057","6.53","31.55","23.27","11.74"
"2008-04-18T04:00:00.000Z","6.77","6.82","6.72","6.78","565,176","207.74","6.45","6.71","6.43","0.1021","6.43","0.0484","0.0281","0.0203","6.55","37.94","21.09","12.94"
"2008-04-21T04:00:00.000Z","6.78","6.84","6.76","6.84","430,416","208.76","6.47","6.81","6.44","0.1665","6.44","0.0677","0.0360","0.0317","6.56","37.63","20.14","14.18"
"2008-04-22T04:00:00.000Z","6.80","6.80","6.70","6.75","338,720","158.93","6.49","6.79","6.45","0.2299","6.44","0.0752","0.0438","0.0314","6.58","34.86","21.88","14.80"
"2008-04-23T04:00:00.000Z","6.80","6.86","6.77","6.83","1,271,472","177.99","6.50","6.79","6.46","0.2727","6.45","0.0866","0.0524","0.0342","6.60","35.83","20.58","15.67"
"2008-04-24T04:00:00.000Z","6.83","6.98","6.79","6.92","401,728","197.50","6.52","6.87","6.47","0.3162","6.46","0.1016","0.0622","0.0394","6.61","38.55","18.54","17.06"
"2008-04-25T04:00:00.000Z","6.91","6.91","6.77","6.85","748,864","159.78","6.54","6.89","6.48","0.3129","6.46","0.1069","0.0712","0.0358","6.64","35.55","18.14","18.15"
"2008-04-28T04:00:00.000Z","6.86","6.88","6.83","6.83","500,440","148.88","6.56","6.84","6.49","0.3048","6.47","0.1083","0.0786","0.0297","6.67","34.62","17.66","19.17"
"2008-04-29T04:00:00.000Z","6.83","6.90","6.83","6.89","572,824","149.73","6.58","6.86","6.51","0.3109","6.47","0.1124","0.0854","0.0270","6.69","34.61","16.91","20.26"
"2008-04-30T04:00:00.000Z","6.91","6.96","6.81","6.81","808,968","135.92","6.59","6.85","6.52","0.3107","6.48","0.1083","0.0900","0.0184","6.72","34.82","15.46","21.56"
"2008-05-01T04:00:00.000Z","6.84","7.05","6.84","7.05","666,632","169.53","6.62","6.93","6.53","0.3041","6.49","0.1226","0.0965","0.0261","6.76","34.97","13.56","23.17"
"2008-05-02T04:00:00.000Z","7.09","7.09","6.97","7.02","648,104","174.17","6.64","7.03","6.55","0.3205","6.50","0.1303","0.1032","0.0270","6.81","35.23","12.68","24.88"
"2008-05-05T04:00:00.000Z","7.04","7.06","6.98","7.00","661,120","156.76","6.65","7.01","6.57","0.3283","6.51","0.1330","0.1092","0.0238","6.85","33.61","12.10","26.46"
"2008-05-06T04:00:00.000Z","6.97","7.13","6.94","7.13","443,608","161.72","6.67","7.06","6.60","0.3417","6.52","0.1439","0.1161","0.0278","6.88","33.66","10.91","28.22"
"2008-05-07T04:00:00.000Z","7.15","7.15","6.96","6.96","511,296","136.42","6.69","7.04","6.61","0.3569","6.53","0.1377","0.1205","0.0173","6.91","31.68","9.83","29.96"
"2008-05-08T04:00:00.000Z","7.01","7.04","6.96","7.01","224,184","120.64","6.71","6.99","6.63","0.3481","6.54","0.1355","0.1235","0.0120","6.93","30.35","9.42","31.58"
"2008-05-09T04:00:00.000Z","6.95","7.01","6.94","6.98","206,584","104.35","6.73","7.00","6.64","0.3230","6.55","0.1297","0.1247","0.0050","6.94","29.15","10.19","32.77"
"2008-05-12T04:00:00.000Z","7.00","7.09","6.98","7.07","143,752","117.00","6.75","7.03","6.67","0.3121","6.56","0.1305","0.1259","0.0046","6.95","31.66","9.59","34.25"
"2008-05-13T04:00:00.000Z","7.06","7.10","7.02","7.08","302,072","116.45","6.77","7.07","6.69","0.3014","6.57","0.1304","0.1268","0.0036","6.97","30.90","9.18","35.67"
"2008-05-14T04:00:00.000Z","7.13","7.20","7.10","7.10","488,624","129.35","6.79","7.09","6.70","0.2994","6.59","0.1309","0.1276","0.0033","6.99","34.72","8.52","37.45"
"2008-05-15T04:00:00.000Z","7.11","7.25","7.10","7.25","627,344","139.45","6.81","7.17","6.73","0.3111","6.60","0.1411","0.1303","0.0108","7.01","34.43","7.81","39.28"
"2008-05-16T04:00:00.000Z","7.26","7.26","7.17","7.25","304,216","140.21","6.83","7.25","6.75","0.3340","6.61","0.1479","0.1338","0.0141","7.04","33.38","7.38","41.03"
"2008-05-19T04:00:00.000Z","7.25","7.32","7.18","7.21","478,568","134.34","6.85","7.23","6.77","0.3554","6.63","0.1486","0.1368","0.0119","7.07","33.68","6.80","42.84"
"2008-05-20T04:00:00.000Z","7.14","7.16","7.07","7.12","456,320","96.29","6.87","7.17","6.78","0.3516","6.64","0.1404","0.1375","0.0029","7.09","31.03","12.16","42.90"
"2008-05-21T04:00:00.000Z","7.13","7.14","6.98","6.99","571,496","69.41","6.89","7.06","6.79","0.3182","6.65","0.1216","0.1343","-0.0127","7.09","28.25","16.38","41.74"
"2008-05-22T04:00:00.000Z","7.00","7.06","6.99","7.02","613,936","62.84","6.90","7.01","6.81","0.2749","6.66","0.1079","0.1290","-0.0211","7.09","27.03","15.67","40.66"
"2008-05-23T04:00:00.000Z","7.00","7.01","6.94","6.98","694,632","46.84","6.92","7.00","6.83","0.2157","6.66","0.0929","0.1218","-0.0289","7.09","25.72","17.68","39.08"
"2008-05-27T04:00:00.000Z","7.00","7.12","6.99","7.11","563,392","72.95","6.95","7.04","6.84","0.1616","6.68","0.0901","0.1155","-0.0254","7.08","29.98","16.29","38.40"
"2008-05-28T04:00:00.000Z","7.16","7.16","7.08","7.15","266,416","87.15","6.97","7.13","6.86","0.1436","6.69","0.0900","0.1104","-0.0204","7.09","30.92","15.59","38.01"
"2008-05-29T04:00:00.000Z","7.15","7.24","7.15","7.21","191,728","104.34","6.99","7.18","6.87","0.1518","6.71","0.0940","0.1071","-0.0131","7.11","34.11","14.75","38.13"
"2008-05-30T04:00:00.000Z","7.24","7.29","7.23","7.25","423,312","116.24","7.01","7.23","6.89","0.1748","6.72","0.0988","0.1054","-0.0066","7.12","35.62","14.06","38.50"
"2008-06-02T04:00:00.000Z","7.24","7.24","7.10","7.15","483,000","84.46","7.03","7.20","6.90","0.1916","6.74","0.0940","0.1031","-0.0091","7.14","32.47","20.60","37.35"
"2008-06-03T04:00:00.000Z","7.19","7.24","7.08","7.14","721,432","78.21","7.04","7.15","6.92","0.1894","6.75","0.0886","0.1002","-0.0117","7.14","29.49","19.76","36.09"
"2008-06-04T04:00:00.000Z","7.11","7.23","7.11","7.19","388,184","82.38","7.05","7.17","6.93","0.1808","6.77","0.0867","0.0975","-0.0108","7.14","27.33","18.31","34.93"
"2008-06-05T04:00:00.000Z","7.24","7.32","7.19","7.31","554,568","113.67","7.07","7.25","6.95","0.1743","6.78","0.0944","0.0969","-0.0025","7.14","30.57","16.83","34.50"
"2008-06-06T04:00:00.000Z","7.25","7.27","7.12","7.12","683,592","74.09","7.07","7.22","6.97","0.1492","6.80","0.0838","0.0943","-0.0105","7.14","27.20","19.07","33.29"
"2008-06-09T04:00:00.000Z","7.13","7.13","6.99","7.09","417,968","36.58","7.08","7.11","6.99","0.1199","6.81","0.0725","0.0899","-0.0174","7.14","25.07","24.73","30.96"
"2008-06-10T04:00:00.000Z","7.03","7.12","7.00","7.07","1,647,544","27.81","7.09","7.08","7.00","0.0904","6.82","0.0606","0.0840","-0.0235","7.13","23.42","23.11","28.80"
"2008-06-11T04:00:00.000Z","7.07","7.07","6.89","6.89","581,288","-31.19","7.09","6.98","7.02","0.0471","6.83","0.0367","0.0746","-0.0379","7.14","21.14","26.90","27.60"
"2008-06-12T04:00:00.000Z","6.95","7.01","6.90","6.95","361,608","-38.19","7.09","6.92","7.02","-0.0159","6.84","0.0222","0.0641","-0.0419","7.13","19.79","25.19","26.49"
"2008-06-13T04:00:00.000Z","7.00","7.11","6.97","7.06","225,824","8.67","7.10","7.01","7.04","-0.0525","6.86","0.0196","0.0552","-0.0356","7.13","23.56","23.04","24.67"
"2008-06-16T04:00:00.000Z","7.04","7.15","7.04","7.12","332,216","39.45","7.10","7.09","7.04","-0.0530","6.87","0.0220","0.0486","-0.0265","7.13","24.41","21.70","23.33"
"2008-06-17T04:00:00.000Z","7.16","7.16","7.08","7.08","253,944","38.59","7.10","7.10","7.05","-0.0484","6.88","0.0208","0.0430","-0.0222","7.13","23.88","20.73","22.17"
"2008-06-18T04:00:00.000Z","7.02","7.05","6.97","7.00","424,352","-34.75","7.10","7.04","7.06","-0.0458","6.89","0.0125","0.0369","-0.0244","7.11","22.27","25.63","21.08"
"2008-06-19T04:00:00.000Z","6.97","7.12","6.93","7.08","403,400","-14.43","7.10","7.04","7.06","-0.0340","6.89","0.0122","0.0320","-0.0197","7.09","23.60","22.94","19.68"
"2008-06-20T04:00:00.000Z","7.03","7.03","6.83","6.88","348,968","-111.13","7.10","6.98","7.06","-0.0526","6.90","-0.0042","0.0247","-0.0289","7.08","20.60","25.02","18.96"
"2008-06-23T04:00:00.000Z","6.93","6.94","6.84","6.86","322,304","-135.75","7.09","6.87","7.06","-0.0892","6.91","-0.0179","0.0162","-0.0341","7.06","19.47","23.65","18.30"
"2008-06-24T04:00:00.000Z","6.81","6.90","6.77","6.82","510,672","-175.14","7.08","6.84","7.06","-0.1399","6.92","-0.0320","0.0066","-0.0386","7.03","18.12","25.78","18.24"
"2008-06-25T04:00:00.000Z","6.85","6.99","6.85","6.92","1,940,296","-108.47","7.08","6.87","7.06","-0.1538","6.93","-0.0346","-0.0017","-0.0329","7.00","21.21","23.47","17.30"
"2008-06-26T04:00:00.000Z","6.83","6.83","6.68","6.69","980,800","-240.54","7.07","6.80","7.06","-0.1999","6.93","-0.0546","-0.0122","-0.0424","6.98","18.75","28.92","17.59"
"2008-06-27T04:00:00.000Z","6.68","6.69","6.58","6.66","1,214,416","-276.24","7.05","6.67","7.05","-0.2492","6.93","-0.0722","-0.0242","-0.0479","6.95","17.64","32.67","18.46"
"2008-06-30T04:00:00.000Z","6.65","6.69","6.59","6.59","1,260,320","-253.28","7.02","6.63","7.04","-0.2877","6.93","-0.0902","-0.0374","-0.0528","6.92","16.78","31.08","19.28"
"2008-07-01T04:00:00.000Z","6.50","6.63","6.44","6.61","2,146,992","-257.18","7.00","6.60","7.03","-0.3327","6.93","-0.1023","-0.0504","-0.0519","6.88","15.19","36.03","20.81"
"2008-07-02T04:00:00.000Z","6.63","6.65","6.49","6.49","992,480","-230.18","6.98","6.55","7.01","-0.3855","6.93","-0.1196","-0.0642","-0.0554","6.85","15.27","33.14","21.96"
"2008-07-03T04:00:00.000Z","6.53","6.53","6.42","6.49","1,285,680","-229.45","6.97","6.49","7.00","-0.4214","6.93","-0.1326","-0.0779","-0.0547","6.81","14.47","34.87","23.35"
"2008-07-07T04:00:00.000Z","6.54","6.61","6.43","6.51","1,681,872","-188.05","6.95","6.50","6.99","-0.4240","6.93","-0.1389","-0.0901","-0.0488","6.77","17.32","31.76","23.78"
"2008-07-08T04:00:00.000Z","6.50","6.59","6.45","6.58","2,333,328","-161.25","6.94","6.55","6.98","-0.4269","6.93","-0.1370","-0.0995","-0.0375","6.73","16.17","29.65","24.18"
"2008-07-09T04:00:00.000Z","6.58","6.58","6.38","6.39","1,624,496","-173.83","6.91","6.49","6.96","-0.4180","6.93","-0.1489","-0.1094","-0.0395","6.70","14.63","30.22","24.94"
"2008-07-10T04:00:00.000Z","6.38","6.48","6.35","6.46","1,653,624","-163.85","6.89","6.43","6.95","-0.4306","6.93","-0.1508","-0.1177","-0.0331","6.65","13.67","30.06","25.83"
"2008-07-11T04:00:00.000Z","6.40","6.50","6.31","6.41","514,280","-156.57","6.86","6.44","6.93","-0.4264","6.93","-0.1552","-0.1252","-0.0300","6.60","12.43","29.19","26.87"
"2008-07-14T04:00:00.000Z","6.47","6.47","6.30","6.30","847,864","-154.78","6.83","6.36","6.91","-0.4353","6.92","-0.1650","-0.1331","-0.0319","6.58","11.43","27.04","27.84"
"2008-07-15T04:00:00.000Z","6.26","6.44","6.21","6.35","1,802,328","-148.60","6.80","6.33","6.88","-0.4530","6.92","-0.1674","-0.1400","-0.0274","6.53","10.23","28.47","29.22"
"2008-07-16T04:00:00.000Z","6.34","6.50","6.30","6.49","1,353,768","-113.67","6.78","6.42","6.86","-0.4486","6.91","-0.1557","-0.1431","-0.0125","6.50","11.80","25.98","29.81"
"2008-07-17T04:00:00.000Z","6.52","6.63","6.47","6.60","1,537,696","-73.42","6.76","6.55","6.85","-0.4027","6.91","-0.1361","-0.1417","0.0056","6.48","16.82","24.20","28.97"
"2008-07-18T04:00:00.000Z","6.52","6.53","6.45","6.50","1,201,712","-87.01","6.74","6.55","6.84","-0.3632","6.90","-0.1273","-0.1388","0.0116","6.47","15.64","23.76","28.37"
"2008-07-21T04:00:00.000Z","6.53","6.54","6.44","6.47","1,113,512","-84.57","6.71","6.48","6.83","-0.3235","6.89","-0.1215","-0.1354","0.0138","6.48","14.93","23.04","27.87"
"2008-07-22T04:00:00.000Z","6.38","6.47","6.35","6.47","1,504,992","-90.77","6.69","6.47","6.81","-0.2845","6.89","-0.1153","-0.1314","0.0161","6.46","14.06","25.91","28.00"
"2008-07-23T04:00:00.000Z","6.51","6.62","6.48","6.56","1,140,992","-58.64","6.68","6.52","6.80","-0.2362","6.88","-0.1021","-0.1255","0.0234","6.46","20.03","24.11","26.66"
"2008-07-24T04:00:00.000Z","6.60","6.60","6.42","6.43","1,914,856","-70.99","6.66","6.50","6.78","-0.2220","6.88","-0.1007","-0.1205","0.0199","6.46","18.38","24.68","25.80"
"2008-07-25T04:00:00.000Z","6.46","6.52","6.43","6.51","1,632,456","-66.40","6.65","6.47","6.76","-0.2025","6.87","-0.0921","-0.1148","0.0227","6.46","17.58","23.61","25.00"
"2008-07-28T04:00:00.000Z","6.54","6.54","6.36","6.36","565,608","-79.12","6.62","6.44","6.74","-0.1912","6.86","-0.0963","-0.1111","0.0148","6.45","16.07","24.91","24.76"
"2008-07-29T04:00:00.000Z","6.42","6.54","6.41","6.52","1,059,328","-59.56","6.60","6.44","6.73","-0.1609","6.85","-0.0857","-0.1060","0.0204","6.46","14.76","22.88","24.53"
"2008-07-30T04:00:00.000Z","6.58","6.58","6.48","6.55","1,243,496","-44.99","6.59","6.54","6.71","-0.1511","6.84","-0.0738","-0.0996","0.0258","6.47","16.19","21.78","23.83"
"2008-07-31T04:00:00.000Z","6.49","6.61","6.49","6.51","1,760,936","-43.78","6.57","6.53","6.69","-0.1316","6.83","-0.0674","-0.0932","0.0257","6.47","16.40","20.57","22.93"
"2008-08-01T04:00:00.000Z","6.54","6.54","6.41","6.49","1,237,264","-57.35","6.55","6.50","6.67","-0.1162","6.83","-0.0634","-0.0872","0.0238","6.50","15.32","23.42","22.79"
"2008-08-04T04:00:00.000Z","6.49","6.50","6.43","6.46","949,656","-59.39","6.54","6.47","6.66","-0.0950","6.82","-0.0621","-0.0822","0.0201","6.51","14.81","22.65","22.66"
"2008-08-05T04:00:00.000Z","6.52","6.62","6.49","6.61","1,244,976","-23.08","6.53","6.53","6.65","-0.0626","6.81","-0.0476","-0.0753","0.0277","6.51","19.56","20.78","21.25"
"2008-08-06T04:00:00.000Z","6.64","6.72","6.58","6.71","554,312","11.04","6.52","6.66","6.64","-0.0284","6.80","-0.0284","-0.0659","0.0375","6.52","23.38","19.25","20.43"
"2008-08-07T04:00:00.000Z","6.67","6.77","6.65","6.70","951,960","27.28","6.52","6.70","6.63","0.0132","6.80","-0.0136","-0.0554","0.0419","6.53","24.38","18.04","20.04"
"2008-08-08T04:00:00.000Z","6.70","6.85","6.70","6.84","1,825,904","62.17","6.52","6.77","6.63","0.0781","6.79","0.0093","-0.0425","0.0518","6.55","26.47","16.61","20.24"
"2008-08-11T04:00:00.000Z","6.85","6.97","6.82","6.89","2,095,320","101.75","6.53","6.87","6.62","0.1627","6.79","0.0316","-0.0277","0.0592","6.58","30.15","15.36","21.12"
"2008-08-12T04:00:00.000Z","6.84","6.92","6.84","6.89","1,685,040","104.93","6.54","6.89","6.62","0.2266","6.78","0.0482","-0.0125","0.0607","6.60","28.90","14.73","21.93"
"2008-08-13T04:00:00.000Z","6.89","6.92","6.82","6.87","823,896","107.72","6.55","6.88","6.61","0.2726","6.78","0.0595","0.0019","0.0576","6.63","27.41","14.88","22.48"
"2008-08-14T04:00:00.000Z","6.85","6.96","6.85","6.93","1,321,536","127.60","6.56","6.90","6.61","0.3072","6.77","0.0722","0.0160","0.0562","6.65","27.96","13.94","23.26"
"2008-08-15T04:00:00.000Z","6.95","6.97","6.90","6.94","2,493,320","141.70","6.58","6.93","6.61","0.3312","6.77","0.0819","0.0292","0.0527","6.69","27.35","13.40","24.05"
"2008-08-18T04:00:00.000Z","6.96","6.96","6.80","6.85","3,004,400","113.73","6.59","6.89","6.61","0.3221","6.77","0.0814","0.0396","0.0418","6.72","24.99","17.80","23.53"
"2008-08-19T04:00:00.000Z","6.80","6.83","6.72","6.78","5,327,912","76.92","6.60","6.81","6.61","0.2938","6.77","0.0748","0.0466","0.0281","6.75","23.28","20.87","22.24"
"2008-08-20T04:00:00.000Z","6.80","6.83","6.73","6.77","3,144,432","77.46","6.61","6.78","6.60","0.2688","6.76","0.0678","0.0509","0.0170","6.77","21.97","19.70","21.04"
"2008-08-21T04:00:00.000Z","6.73","6.76","6.68","6.75","3,456,576","61.58","6.62","6.76","6.60","0.2246","6.75","0.0597","0.0526","0.0071","6.78","20.86","21.38","19.63"
"2008-08-22T04:00:00.000Z","6.80","6.86","6.79","6.84","439,896","103.49","6.63","6.79","6.60","0.1924","6.75","0.0599","0.0541","0.0058","6.81","24.96","20.03","19.01"
"2008-08-25T04:00:00.000Z","6.79","6.82","6.71","6.72","1,457,728","65.88","6.65","6.78","6.61","0.1619","6.74","0.0502","0.0533","-0.0031","6.82","23.15","22.98","17.67"
"2008-08-26T04:00:00.000Z","6.72","6.73","6.65","6.72","495,536","42.91","6.66","6.72","6.61","0.1389","6.73","0.0421","0.0511","-0.0090","6.82","22.07","25.26","16.89"
"2008-08-27T04:00:00.000Z","6.78","6.79","6.63","6.78","833,040","54.80","6.67","6.75","6.61","0.1173","6.72","0.0398","0.0488","-0.0091","6.83","23.64","22.97","15.79"
"2008-08-28T04:00:00.000Z","6.80","6.83","6.78","6.79","1,169,528","76.20","6.67","6.78","6.62","0.1217","6.72","0.0381","0.0467","-0.0086","6.82","24.88","22.30","15.05"
"2008-08-29T04:00:00.000Z","6.73","6.74","6.65","6.68","964,880","29.90","6.68","6.73","6.62","0.0875","6.71","0.0278","0.0429","-0.0151","6.82","22.86","28.10","14.71"
"2008-09-02T04:00:00.000Z","6.77","6.78","6.56","6.58","481,184","7.80","6.68","6.63","6.63","0.0587","6.70","0.0117","0.0367","-0.0250","6.81","20.04","29.59","15.04"
"2008-09-03T04:00:00.000Z","6.57","6.57","6.44","6.48","635,184","-52.77","6.68","6.53","6.62","0.0184","6.69","-0.0092","0.0275","-0.0367","6.79","18.43","33.98","16.08"
"2008-09-04T04:00:00.000Z","6.43","6.43","6.26","6.26","1,646,712","-125.44","6.67","6.37","6.62","-0.0497","6.68","-0.0431","0.0134","-0.0564","6.75","16.30","39.39","17.90"
"2008-09-05T04:00:00.000Z","6.22","6.29","6.17","6.25","1,167,528","-152.53","6.67","6.26","6.62","-0.1569","6.66","-0.0699","-0.0033","-0.0666","6.69","15.24","41.81","19.94"
"2008-09-08T04:00:00.000Z","6.33","6.38","6.19","6.29","966,048","-128.81","6.66","6.27","6.61","-0.2335","6.65","-0.0870","-0.0200","-0.0670","6.65","18.46","37.62","20.96"
"2008-09-09T04:00:00.000Z","6.29","6.34","6.14","6.14","700,568","-153.81","6.65","6.22","6.61","-0.3139","6.64","-0.1110","-0.0382","-0.0728","6.61","16.62","35.99","22.09"
"2008-09-10T04:00:00.000Z","6.21","6.25","6.17","6.19","309,664","-153.00","6.64","6.17","6.60","-0.3636","6.62","-0.1248","-0.0556","-0.0692","6.57","15.76","34.14","23.15"
"2008-09-11T04:00:00.000Z","6.13","6.26","6.08","6.25","1,042,400","-147.05","6.63","6.22","6.60","-0.3879","6.61","-0.1291","-0.0703","-0.0588","6.52","14.36","35.41","24.51"
"2008-09-12T04:00:00.000Z","6.19","6.27","6.15","6.26","788,240","-127.81","6.62","6.26","6.59","-0.3831","6.60","-0.1305","-0.0823","-0.0482","6.48","14.12","33.20","25.64"
"2008-09-15T04:00:00.000Z","6.06","6.22","6.04","6.04","2,231,832","-161.88","6.61","6.15","6.58","-0.4045","6.58","-0.1477","-0.0954","-0.0523","6.42","12.62","34.98","27.17"
"2008-09-16T04:00:00.000Z","6.00","6.12","5.88","6.05","1,647,944","-176.52","6.60","6.05","6.57","-0.4400","6.57","-0.1586","-0.1080","-0.0506","6.36","11.20","38.74","29.16"
"2008-09-17T04:00:00.000Z","5.99","6.01","5.77","5.78","1,251,272","-208.44","6.57","5.91","6.55","-0.4842","6.55","-0.1871","-0.1239","-0.0633","6.30","9.84","38.46","31.31"
"2008-09-18T04:00:00.000Z","5.83","6.03","5.70","6.00","2,561,448","-174.60","6.54","5.89","6.54","-0.5255","6.53","-0.1898","-0.1371","-0.0528","6.23","8.49","36.30","33.51"
"2008-09-19T04:00:00.000Z","7.13","7.13","5.94","6.20","688,960","-31.98","6.53","6.10","6.53","-0.4632","6.52","-0.1741","-0.1445","-0.0296","6.26","37.10","23.87","32.67"
"2008-09-22T04:00:00.000Z","6.28","6.28","5.96","5.97","1,463,952","-119.82","6.50","6.08","6.52","-0.4547","6.51","-0.1776","-0.1511","-0.0265","6.24","33.73","21.71","31.88"
"2008-09-23T04:00:00.000Z","6.01","6.09","5.90","5.92","1,518,936","-136.28","6.47","5.95","6.51","-0.4382","6.50","-0.1820","-0.1573","-0.0248","6.21","31.95","22.18","30.90"
"2008-09-24T04:00:00.000Z","5.89","6.00","5.89","5.95","1,702,264","-131.96","6.43","5.94","6.49","-0.4070","6.49","-0.1817","-0.1622","-0.0195","6.18","30.92","21.84","29.92"
"2008-09-25T04:00:00.000Z","5.93","6.11","5.93","6.05","1,194,856","-103.65","6.41","6.00","6.48","-0.3551","6.48","-0.1709","-0.1639","-0.0070","6.15","32.73","20.65","29.40"
"2008-09-26T04:00:00.000Z","5.91","6.07","5.91","6.07","1,487,784","-100.52","6.38","6.06","6.47","-0.4406","6.47","-0.1590","-0.1629","0.0039","6.12","31.04","20.44","28.77"
"2008-09-29T04:00:00.000Z","5.88","5.95","5.54","5.59","1,919,360","-156.68","6.33","5.83","6.45","-0.4818","6.46","-0.1865","-0.1676","-0.0189","6.09","26.35","27.78","26.90"
"2008-09-30T04:00:00.000Z","5.57","5.82","5.57","5.80","1,600,040","-137.68","6.30","5.69","6.43","-0.5075","6.44","-0.1889","-0.1719","-0.0170","6.05","24.46","25.79","25.17"
"2008-10-01T04:00:00.000Z","5.74","5.77","5.64","5.70","1,263,368","-132.53","6.26","5.75","6.41","-0.5215","6.43","-0.1966","-0.1768","-0.0197","6.02","23.31","24.58","23.56"
"2008-10-02T04:00:00.000Z","5.68","5.68","5.42","5.44","692,896","-155.26","6.22","5.57","6.37","-0.5761","6.41","-0.2213","-0.1857","-0.0356","5.99","21.42","28.93","22.94"
"2008-10-03T04:00:00.000Z","5.53","5.64","5.37","5.37","1,029,208","-153.83","6.17","5.40","6.34","-0.6311","6.39","-0.2437","-0.1973","-0.0464","5.95","19.74","28.18","22.56"
"2008-10-06T04:00:00.000Z","5.25","5.25","4.92","5.16","1,833,848","-197.88","6.12","5.27","6.30","-0.7098","6.37","-0.2750","-0.2128","-0.0621","5.89","17.35","36.87","23.52"
"2008-10-07T04:00:00.000Z","5.21","5.22","4.84","4.84","1,561,992","-206.01","6.05","5.00","6.25","-0.7907","6.35","-0.3217","-0.2346","-0.0871","5.85","15.64","35.37","24.61"
"2008-10-08T04:00:00.000Z","4.73","5.00","4.69","4.80","1,584,224","-211.01","5.99","4.82","6.20","-0.9054","6.32","-0.3578","-0.2593","-0.0986","5.66","14.34","36.54","25.97"
"2008-10-09T04:00:00.000Z","4.87","4.97","4.60","4.68","1,427,656","-203.82","5.92","4.74","6.14","-1.00","6.29","-0.3917","-0.2857","-0.1060","5.55","12.99","35.23","27.41"
"2008-10-10T04:00:00.000Z","4.50","4.78","4.29","4.64","2,729,584","-210.73","5.85","4.66","6.08","-1.13","6.26","-0.4174","-0.3121","-0.1053","5.44","11.45","38.54","29.32"
"2008-10-13T04:00:00.000Z","4.87","5.17","4.79","5.15","1,987,584","-137.84","5.80","4.89","6.04","-1.10","6.24","-0.3922","-0.3281","-0.0641","5.36","18.90","33.87","29.25"
"2008-10-14T04:00:00.000Z","5.43","5.43","4.88","4.95","1,481,984","-122.88","5.74","5.05","5.99","-1.03","6.21","-0.3840","-0.3393","-0.0447","5.32","22.42","29.78","28.17"
"2008-10-15T04:00:00.000Z","4.87","4.89","4.55","4.55","1,576,592","-164.43","5.68","4.75","5.94","-0.9932","6.18","-0.4045","-0.3523","-0.0522","5.24","20.54","34.26","27.95"
"2008-10-16T04:00:00.000Z","4.59","4.78","4.35","4.78","1,694,480","-154.27","5.63","4.67","5.89","-0.9717","6.15","-0.3979","-0.3614","-0.0364","5.14","18.70","35.38","28.15"
"2008-10-17T04:00:00.000Z","4.71","4.97","4.64","4.77","3,092,632","-125.21","5.58","4.77","5.84","-0.8618","6.12","-0.3890","-0.3669","-0.0221","5.08","21.50","32.93","27.64"
"2008-10-20T04:00:00.000Z","4.88","4.92","4.72","4.92","645,232","-110.66","5.53","4.84","5.79","-0.8392","6.10","-0.3657","-0.3667","0.0010","5.01","20.53","31.44","27.17"
"2008-10-21T04:00:00.000Z","4.87","4.88","4.65","4.66","2,054,192","-116.83","5.48","4.79","5.74","-0.8663","6.07","-0.3641","-0.3662","0.0021","4.95","19.34","30.97","26.88"
"2008-10-22T04:00:00.000Z","4.60","4.63","4.34","4.47","1,458,744","-135.34","5.43","4.56","5.68","-0.8586","6.03","-0.3735","-0.3676","-0.0059","4.88","18.01","35.63","27.31"
"2008-10-23T04:00:00.000Z","4.49","4.53","4.23","4.44","3,913,920","-133.92","5.37","4.45","5.62","-0.8415","6.00","-0.3794","-0.3700","-0.0094","4.82","16.82","35.81","27.93"
"2008-10-24T04:00:00.000Z","4.22","4.41","4.14","4.31","1,620,024","-136.07","5.30","4.37","5.56","-0.8893","5.96","-0.3899","-0.3740","-0.0159","4.74","15.71","35.43","28.69"
"2008-10-27T04:00:00.000Z","4.25","4.39","4.19","4.20","1,908,504","-130.17","5.24","4.25","5.50","-0.9375","5.92","-0.4027","-0.3797","-0.0229","4.70","14.97","33.76","29.40"
"2008-10-28T04:00:00.000Z","4.33","4.63","4.22","4.63","1,749,440","-99.85","5.19","4.41","5.45","-0.9526","5.89","-0.3735","-0.3785","0.0050","4.66","18.82","30.48","28.99"
"2008-10-29T04:00:00.000Z","4.61","4.76","4.56","4.62","1,478,960","-79.57","5.15","4.62","5.40","-0.8730","5.86","-0.3472","-0.3722","0.0251","4.67","20.83","29.12","28.10"
"2008-10-30T04:00:00.000Z","4.74","4.77","4.62","4.72","2,335,584","-70.00","5.11","4.67","5.36","-0.7654","5.83","-0.3149","-0.3607","0.0459","4.66","20.31","28.10","27.24"
"2008-10-31T04:00:00.000Z","4.67","4.82","4.63","4.76","2,183,496","-62.81","5.06","4.74","5.33","-0.6335","5.80","-0.2826","-0.3451","0.0625","4.60","20.75","26.81","26.21"
"2008-11-03T05:00:00.000Z","4.74","4.78","4.69","4.72","3,387,168","-60.57","5.02","4.74","5.29","-0.5077","5.76","-0.2570","-0.3275","0.0705","4.59","20.29","26.21","25.25"
"2008-11-04T05:00:00.000Z","4.82","4.89","4.75","4.88","4,370,304","-46.28","4.99","4.80","5.26","-0.3975","5.73","-0.2213","-0.3062","0.0850","4.61","22.36","25.04","23.85"
"2008-11-05T05:00:00.000Z","4.82","4.84","4.61","4.62","6,166,000","-60.04","4.94","4.75","5.22","-0.3513","5.69","-0.2114","-0.2873","0.0759","4.62","20.76","26.93","23.07"
"2008-11-06T05:00:00.000Z","4.56","4.59","4.36","4.38","3,359,352","-84.74","4.89","4.50","5.17","-0.3351","5.65","-0.2206","-0.2739","0.0533","4.59","19.31","31.72","23.16"
"2008-11-07T05:00:00.000Z","4.43","4.51","4.39","4.48","3,518,544","-80.21","4.83","4.43","5.13","-0.3420","5.61","-0.2172","-0.2626","0.0454","4.56","18.64","30.62","23.24"
"2008-11-10T05:00:00.000Z","4.59","4.59","4.35","4.40","2,611,160","-79.25","4.79","4.44","5.09","-0.3499","5.56","-0.2184","-0.2538","0.0354","4.56","19.74","28.61","22.89"
"2008-11-11T05:00:00.000Z","4.36","4.39","4.25","4.30","2,043,880","-92.93","4.74","4.35","5.04","-0.4025","5.52","-0.2246","-0.2479","0.0233","4.55","18.86","30.37","22.93"
"2008-11-12T05:00:00.000Z","4.22","4.25","4.09","4.10","2,337,272","-110.76","4.69","4.20","5.00","-0.4591","5.48","-0.2436","-0.2471","0.0034","4.55","17.67","33.10","23.46"
"2008-11-13T05:00:00.000Z","4.07","4.34","3.87","4.34","4,890,384","-103.46","4.65","4.22","4.96","-0.4776","5.44","-0.2366","-0.2450","0.0084","4.53","15.43","34.78","24.54"
"2008-11-14T05:00:00.000Z","4.22","4.33","4.11","4.12","804,976","-102.49","4.61","4.23","4.91","-0.4791","5.39","-0.2459","-0.2452","-0.0007","4.53","14.47","32.62","25.54"
"2008-11-17T05:00:00.000Z","4.06","4.14","4.00","4.02","862,672","-119.93","4.57","4.07","4.86","-0.5115","5.35","-0.2582","-0.2478","-0.0104","4.48","13.89","34.37","26.74"
"2008-11-18T05:00:00.000Z","4.05","4.08","3.91","4.05","1,410,984","-124.53","4.55","4.04","4.81","-0.5260","5.30","-0.2622","-0.2506","-0.0116","4.43","13.19","35.27","28.09"
"2008-11-19T05:00:00.000Z","4.04","4.11","3.83","3.83","1,453,712","-137.36","4.52","3.94","4.76","-0.5195","5.25","-0.2800","-0.2565","-0.0235","4.38","12.15","34.75","29.52"
"2008-11-20T05:00:00.000Z","3.78","3.93","3.64","3.66","1,858,824","-164.04","4.48","3.74","4.70","-0.5323","5.20","-0.3045","-0.2661","-0.0384","4.31","11.15","37.25","31.27"
"2008-11-21T05:00:00.000Z","3.71","3.85","3.61","3.84","1,553,512","-155.90","4.46","3.75","4.64","-0.5904","5.15","-0.3056","-0.2740","-0.0316","4.22","10.39","35.68","32.95"
"2008-11-24T05:00:00.000Z","3.90","4.11","3.88","4.06","2,249,984","-106.45","4.42","3.95","4.60","-0.5750","5.11","-0.2853","-0.2763","-0.0091","4.15","17.07","32.99","32.87"
"2008-11-25T05:00:00.000Z","4.13","4.13","3.96","4.05","1,536,432","-97.83","4.39","4.05","4.56","-0.5419","5.07","-0.2676","-0.2745","0.0070","4.12","16.76","31.42","32.70"
"2008-11-26T05:00:00.000Z","3.97","4.21","3.97","4.21","1,032,656","-78.11","4.38","4.13","4.52","-0.4968","5.03","-0.2374","-0.2671","0.0297","4.08","18.08","29.19","32.04"
"2008-11-28T05:00:00.000Z","4.17","4.21","4.16","4.21","1,705,992","-63.41","4.36","4.21","4.49","-0.4071","4.99","-0.2116","-0.2560","0.0444","4.05","17.78","28.71","31.43"
"2008-12-01T05:00:00.000Z","4.11","4.12","3.89","3.90","2,321,312","-104.69","4.33","4.05","4.46","-0.3221","4.95","-0.2133","-0.2475","0.0342","4.03","16.12","33.95","31.73"
"2008-12-02T05:00:00.000Z","3.95","4.03","3.88","4.03","2,602,744","-98.11","4.30","3.96","4.43","-0.2951","4.92","-0.2022","-0.2384","0.0363","4.01","15.35","32.89","32.06"
"2008-12-03T05:00:00.000Z","3.91","4.12","3.91","4.12","1,910,448","-77.85","4.28","4.07","4.41","-0.2796","4.88","-0.1836","-0.2275","0.0438","4.00","17.17","30.74","31.80"
"2008-12-04T05:00:00.000Z","4.04","4.12","3.90","3.97","653,440","-85.66","4.27","4.05","4.39","-0.2799","4.85","-0.1789","-0.2177","0.0388","3.99","15.99","29.07","31.60"
"2008-12-05T05:00:00.000Z","3.90","4.12","3.83","4.12","2,112,120","-74.72","4.26","4.05","4.37","-0.2961","4.81","-0.1610","-0.2064","0.0454","3.97","14.57","28.46","31.65"
"2008-12-08T05:00:00.000Z","4.21","4.36","4.20","4.31","2,038,720","-15.89","4.26","4.22","4.37","-0.2258","4.78","-0.1305","-0.1912","0.0608","3.99","20.77","26.39","30.24"
"2008-12-09T05:00:00.000Z","4.25","4.43","4.23","4.31","2,094,656","-4.91","4.26","4.31","4.34","-0.1378","4.75","-0.1050","-0.1740","0.0689","4.00","21.54","24.81","28.58"
"2008-12-10T05:00:00.000Z","4.32","4.38","4.27","4.30","1,088,464","-1.15","4.25","4.31","4.33","-0.0713","4.72","-0.0842","-0.1560","0.0718","4.04","20.77","23.92","27.04"
"2008-12-11T05:00:00.000Z","4.27","4.34","4.16","4.18","1,107,872","-22.92","4.23","4.24","4.32","-0.0190","4.69","-0.0771","-0.1402","0.0632","4.09","19.61","26.09","26.13"
"2008-12-12T05:00:00.000Z","4.10","4.28","4.09","4.27","1,257,536","-23.74","4.22","4.22","4.31","0.0255","4.66","-0.0635","-0.1249","0.0614","4.10","18.39","26.77","25.58"
"2008-12-15T05:00:00.000Z","4.29","4.29","4.16","4.21","876,080","-19.29","4.20","4.24","4.29","0.0163","4.63","-0.0565","-0.1112","0.0547","4.12","17.91","25.51","25.01"
"2008-12-16T05:00:00.000Z","4.23","4.41","4.23","4.40","1,327,384","21.77","4.19","4.31","4.28","0.0176","4.61","-0.0351","-0.0960","0.0609","4.14","20.67","23.79","23.72"
"2008-12-17T05:00:00.000Z","4.35","4.42","4.30","4.36","2,197,752","28.81","4.17","4.38","4.27","0.0325","4.58","-0.0214","-0.0811","0.0597","4.15","20.00","22.81","22.50"
"2008-12-18T05:00:00.000Z","4.36","4.37","4.20","4.25","1,586,512","3.86","4.16","4.30","4.27","0.0518","4.55","-0.0193","-0.0687","0.0494","4.17","18.82","24.88","21.88"
"2008-12-19T05:00:00.000Z","4.28","4.36","4.28","4.31","1,705,488","18.30","4.16","4.28","4.26","0.0900","4.52","-0.0126","-0.0575","0.0449","4.19","18.04","23.85","21.31"
"2008-12-22T05:00:00.000Z","4.25","4.25","4.08","4.16","2,049,384","-28.70","4.15","4.24","4.26","0.0956","4.49","-0.0188","-0.0497","0.0309","4.22","16.58","28.85","21.72"
"2008-12-23T05:00:00.000Z","4.17","4.21","4.10","4.13","1,522,088","-34.20","4.14","4.15","4.26","0.0820","4.47","-0.0263","-0.0451","0.0187","4.23","15.87","27.61","22.09"
"2008-12-24T05:00:00.000Z","4.13","4.15","4.11","4.14","1,253,816","-36.63","4.13","4.13","4.25","0.0539","4.44","-0.0312","-0.0423","0.0111","4.25","15.64","27.22","22.45"
"2008-12-26T05:00:00.000Z","4.15","4.15","4.12","4.14","931,280","-31.99","4.13","4.14","4.23","0.0339","4.41","-0.0343","-0.0407","0.0064","4.24","15.67","26.82","22.72"
"2008-12-29T05:00:00.000Z","4.15","4.15","4.06","4.11","1,628,640","-40.28","4.13","4.13","4.22","0.0011","4.39","-0.0388","-0.0403","0.0015","4.23","15.05","28.40","23.29"
"2008-12-30T05:00:00.000Z","4.13","4.21","4.13","4.21","1,817,824","-7.17","4.13","4.16","4.21","0.0103","4.37","-0.0338","-0.0390","0.0052","4.22","17.19","27.09","23.22"
"2008-12-31T05:00:00.000Z","4.20","4.30","4.20","4.26","1,261,920","27.23","4.14","4.23","4.19","0.0318","4.36","-0.0259","-0.0364","0.0105","4.21","20.51","25.84","22.38"
"2009-01-02T05:00:00.000Z","4.26","4.44","4.25","4.43","903,240","90.71","4.15","4.34","4.18","0.0698","4.35","-0.0058","-0.0303","0.0245","4.23","24.94","23.63","20.98"
"2009-01-05T05:00:00.000Z","4.39","4.48","4.38","4.42","1,747,432","124.60","4.17","4.43","4.18","0.1186","4.34","0.0099","-0.0222","0.0321","4.24","25.62","22.47","19.95"
"2009-01-06T05:00:00.000Z","4.48","4.62","4.48","4.56","3,171,064","181.13","4.20","4.49","4.18","0.1975","4.34","0.0331","-0.0112","0.0442","4.25","29.49","20.53","19.80"
"2009-01-07T05:00:00.000Z","4.48","4.49","4.38","4.41","2,264,744","121.45","4.22","4.49","4.18","0.2395","4.34","0.0384","-0.0013","0.0397","4.26","27.10","23.16","18.95"
"2009-01-08T05:00:00.000Z","4.40","4.45","4.35","4.45","2,067,744","117.53","4.23","4.43","4.18","0.2572","4.32","0.0452","0.0080","0.0371","4.27","25.89","23.55","17.93"
"2009-01-09T05:00:00.000Z","4.45","4.45","4.32","4.34","2,387,128","94.07","4.24","4.39","4.18","0.2528","4.31","0.0416","0.0147","0.0269","4.28","24.31","23.64","16.75"
"2009-01-12T05:00:00.000Z","4.34","4.34","4.23","4.27","1,173,904","48.59","4.24","4.30","4.19","0.2097","4.31","0.0326","0.0183","0.0143","4.29","22.95","26.72","16.10"
"2009-01-13T05:00:00.000Z","4.26","4.31","4.22","4.27","2,000,048","39.73","4.24","4.27","4.18","0.1373","4.30","0.0251","0.0197","0.0054","4.29","21.94","25.97","15.55"
"2009-01-14T05:00:00.000Z","4.19","4.22","4.09","4.12","1,255,944","-17.00","4.25","4.19","4.18","0.0765","4.29","0.0072","0.0172","-0.0100","4.30","20.05","30.00","15.86"
"2009-01-15T05:00:00.000Z","4.10","4.18","4.01","4.14","2,615,952","-33.32","4.26","4.13","4.19","0.0136","4.28","-0.0051","0.0127","-0.0178","4.30","18.46","31.38","16.58"
"2009-01-16T05:00:00.000Z","4.21","4.23","4.08","4.18","1,135,040","-9.67","4.26","4.16","4.19","-0.0343","4.27","-0.0115","0.0079","-0.0193","4.30","19.71","29.12","16.77"
"2009-01-20T05:00:00.000Z","4.18","4.18","3.96","3.97","2,363,520","-74.42","4.26","4.08","4.19","-0.0738","4.26","-0.0336","-0.0004","-0.0332","4.30","17.70","31.54","17.58"
"2009-01-21T05:00:00.000Z","4.04","4.17","4.00","4.16","2,469,704","-45.43","4.26","4.07","4.21","-0.1119","4.26","-0.0349","-0.0073","-0.0276","4.29","16.08","28.65","18.33"
"2009-01-22T05:00:00.000Z","4.07","4.32","4.00","4.07","3,129,656","-42.69","4.25","4.12","4.21","-0.1170","4.25","-0.0426","-0.0144","-0.0283","4.28","20.23","24.80","17.75"
"2009-01-23T05:00:00.000Z","4.00","4.18","3.99","4.13","3,241,216","-62.85","4.24","4.10","4.21","-0.1206","4.25","-0.0440","-0.0203","-0.0237","4.25","18.57","23.33","17.29"
"2009-01-26T05:00:00.000Z","4.14","4.23","4.12","4.16","2,009,824","-24.31","4.24","4.14","4.22","-0.1217","4.24","-0.0418","-0.0246","-0.0172","4.22","19.76","22.15","16.46"
"2009-01-27T05:00:00.000Z","4.17","4.25","4.16","4.23","2,092,928","-0.0660","4.24","4.19","4.22","-0.1017","4.24","-0.0343","-0.0265","-0.0078","4.20","19.65","21.29","15.57"
"2009-01-28T05:00:00.000Z","4.29","4.39","4.28","4.36","1,574,024","73.85","4.24","4.29","4.22","-0.0532","4.23","-0.0179","-0.0248","0.0069","4.19","24.45","19.78","15.22"
"2009-01-29T05:00:00.000Z","4.30","4.30","4.21","4.22","1,144,032","13.54","4.25","4.29","4.23","-0.0315","4.22","-0.0154","-0.0229","0.0075","4.18","22.91","21.57","14.34"
"2009-01-30T05:00:00.000Z","4.24","4.25","4.10","4.11","1,049,232","-47.66","4.24","4.17","4.23","-0.0091","4.21","-0.0221","-0.0228","0.0007","4.17","21.38","25.23","13.91"
"2009-02-02T05:00:00.000Z","4.07","4.20","4.07","4.17","1,185,360","-57.48","4.23","4.14","4.23","-0.0143","4.20","-0.0228","-0.0228","0","4.15","20.11","25.32","13.73"
"2009-02-03T05:00:00.000Z","4.18","4.25","4.11","4.23","1,167,352","-27.03","4.23","4.20","4.24","-0.0197","4.19","-0.0176","-0.0217","0.0041","4.15","21.11","23.71","13.17"
"2009-02-04T05:00:00.000Z","4.25","4.35","4.24","4.26","1,777,088","29.86","4.23","4.24","4.24","-0.0295","4.19","-0.0116","-0.0197","0.0081","4.16","24.96","22.38","12.62"
"2009-02-05T05:00:00.000Z","4.20","4.38","4.19","4.34","2,304,728","45.00","4.23","4.30","4.24","-0.0223","4.19","-0.0001","-0.0158","0.0157","4.16","22.75","22.63","11.73"
"2009-02-06T05:00:00.000Z","4.37","4.52","4.36","4.49","744,984","142.22","4.24","4.41","4.25","0.0277","4.19","0.0207","-0.0085","0.0292","4.18","26.88","20.82","11.80"
"2009-02-09T05:00:00.000Z","4.50","4.53","4.46","4.51","556,528","162.28","4.26","4.50","4.25","0.0944","4.19","0.0382","0.0008","0.0374","4.21","26.58","20.18","11.94"
"2009-02-10T05:00:00.000Z","4.48","4.53","4.30","4.33","1,974,496","83.13","4.26","4.42","4.26","0.1388","4.20","0.0375","0.0082","0.0293","4.25","23.85","25.53","11.33"
"2009-02-11T05:00:00.000Z","4.34","4.37","4.28","4.34","874,520","45.75","4.27","4.34","4.26","0.1397","4.20","0.0373","0.0140","0.0233","4.27","22.83","25.43","10.90"
"2009-02-12T05:00:00.000Z","4.27","4.37","4.24","4.37","1,282,128","41.17","4.28","4.36","4.26","0.1383","4.20","0.0391","0.0190","0.0201","4.28","21.35","25.86","10.81"
"2009-02-13T05:00:00.000Z","4.36","4.42","4.35","4.37","722,104","73.37","4.28","4.37","4.26","0.1207","4.21","0.0396","0.0231","0.0165","4.30","23.10","24.92","10.31"
"2009-02-17T05:00:00.000Z","4.22","4.24","4.17","4.17","831,416","-39.55","4.27","4.27","4.26","0.0604","4.21","0.0242","0.0233","0.0008","4.29","20.89","31.33","11.00"
"2009-02-18T05:00:00.000Z","4.20","4.24","4.13","4.19","618,528","-41.39","4.26","4.18","4.26","0.0127","4.22","0.0131","0.0213","-0.0082","4.28","19.79","31.27","11.82"
"2009-02-19T05:00:00.000Z","4.20","4.20","4.05","4.06","1,232,296","-88.99","4.25","4.12","4.25","-0.0259","4.22","-0.0061","0.0158","-0.0219","4.28","18.31","33.08","13.03"
"2009-02-20T05:00:00.000Z","3.99","4.09","3.99","4.06","875,968","-117.37","4.23","4.06","4.25","-0.0719","4.23","-0.0211","0.0084","-0.0295","4.27","17.38","34.19","14.43"
"2009-02-23T05:00:00.000Z","4.07","4.08","3.88","3.89","935,520","-165.45","4.22","3.97","4.24","-0.1422","4.22","-0.0460","-0.0025","-0.0435","4.27","15.62","36.33","16.24"
"2009-02-24T05:00:00.000Z","3.90","4.04","3.89","4.00","593,624","-143.11","4.21","3.95","4.24","-0.1764","4.22","-0.0558","-0.0131","-0.0427","4.24","14.51","33.75","17.93"
"2009-02-25T05:00:00.000Z","3.99","4.08","3.92","4.01","677,664","-123.51","4.20","4.01","4.23","-0.1974","4.22","-0.0624","-0.0230","-0.0395","4.22","15.61","31.03","19.01"
"2009-02-26T05:00:00.000Z","4.04","4.09","3.95","3.96","657,056","-120.60","4.19","3.99","4.23","-0.2057","4.22","-0.0707","-0.0325","-0.0382","4.20","14.91","28.93","19.94"
"2009-02-27T05:00:00.000Z","3.90","4.00","3.90","3.95","1,465,832","-138.55","4.18","3.95","4.22","-0.2104","4.22","-0.0777","-0.0416","-0.0361","4.15","14.19","29.85","21.05"
"2009-03-02T05:00:00.000Z","3.88","3.95","3.80","3.82","1,484,384","-171.46","4.17","3.88","4.21","-0.2162","4.21","-0.0926","-0.0518","-0.0408","4.11","13.18","32.64","22.58"
"2009-03-03T05:00:00.000Z","3.85","3.89","3.78","3.83","1,459,360","-172.00","4.16","3.82","4.20","-0.2290","4.21","-0.1026","-0.0619","-0.0406","4.07","12.47","32.07","24.12"
"2009-03-04T05:00:00.000Z","3.86","3.97","3.86","3.91","897,856","-127.38","4.16","3.87","4.18","-0.2361","4.21","-0.1021","-0.0700","-0.0321","4.04","15.64","29.76","24.62"
"2009-03-05T05:00:00.000Z","3.85","3.90","3.77","3.78","756,656","-163.19","4.14","3.85","4.17","-0.2634","4.20","-0.1110","-0.0782","-0.0328","4.00","14.54","31.94","25.53"
"2009-03-06T05:00:00.000Z","3.80","3.84","3.66","3.76","825,536","-180.92","4.13","3.77","4.15","-0.2936","4.19","-0.1183","-0.0862","-0.0321","3.96","13.26","34.59","26.89"
"2009-03-09T04:00:00.000Z","3.70","3.80","3.64","3.67","665,392","-189.29","4.12","3.72","4.13","-0.3118","4.18","-0.1301","-0.0950","-0.0351","3.93","12.22","32.93","28.25"
"2009-03-10T04:00:00.000Z","3.72","3.91","3.72","3.90","664,024","-121.80","4.11","3.78","4.12","-0.3085","4.17","-0.1198","-0.0999","-0.0199","3.89","15.78","29.29","28.37"
"2009-03-11T04:00:00.000Z","3.96","4.04","3.90","4.00","1,904,104","-57.84","4.10","3.95","4.11","-0.2941","4.17","-0.1017","-0.1003","-0.0014","3.89","20.81","27.38","27.32"
"2009-03-12T04:00:00.000Z","4.02","4.13","3.97","4.11","1,225,968","-18.98","4.09","4.06","4.11","-0.2493","4.17","-0.0782","-0.0959","0.0177","3.88","23.50","25.35","25.64"
"2009-03-13T04:00:00.000Z","4.13","4.13","4.06","4.11","1,021,664","-3.59","4.09","4.11","4.11","-0.1811","4.17","-0.0585","-0.0884","0.0299","3.90","23.04","24.40","24.01"
"2009-03-16T04:00:00.000Z","4.14","4.15","4.04","4.04","1,419,408","-13.04","4.09","4.08","4.11","-0.1040","4.16","-0.0478","-0.0803","0.0325","3.91","21.84","23.81","22.60"
"2009-03-17T04:00:00.000Z","4.08","4.18","4.05","4.18","744,952","14.11","4.09","4.11","4.11","-0.0402","4.16","-0.0279","-0.0698","0.0419","3.91","22.08","22.18","21.01"
"2009-03-18T04:00:00.000Z","4.17","4.32","4.17","4.26","1,120,832","58.65","4.09","4.22","4.11","0.0172","4.16","-0.0058","-0.0570","0.0512","3.93","27.15","20.49","20.50"
"2009-03-19T04:00:00.000Z","4.34","4.34","4.26","4.27","993,208","74.05","4.09","4.27","4.12","0.0671","4.16","0.0125","-0.0431","0.0556","3.97","27.21","19.61","20.20"
"2009-03-20T04:00:00.000Z","4.29","4.34","4.17","4.19","653,472","48.03","4.08","4.23","4.12","0.0969","4.16","0.0205","-0.0304","0.0509","4.00","24.99","22.43","19.14"
"2009-03-23T04:00:00.000Z","4.30","4.45","4.27","4.45","1,405,440","106.59","4.08","4.32","4.13","0.1433","4.16","0.0472","-0.0149","0.0621","4.04","27.44","19.66","18.95"
"2009-03-24T04:00:00.000Z","4.42","4.46","4.38","4.39","1,059,424","107.48","4.08","4.42","4.13","0.1963","4.17","0.0624","0.0006","0.0618","4.08","26.75","18.82","18.84"
"2009-03-25T04:00:00.000Z","4.41","4.49","4.30","4.41","778,040","98.83","4.08","4.40","4.14","0.2235","4.17","0.0753","0.0155","0.0598","4.13","24.30","20.89","18.03"
"2009-03-26T04:00:00.000Z","4.46","4.57","4.45","4.56","1,753,072","142.53","4.09","4.48","4.14","0.2583","4.18","0.0964","0.0317","0.0647","4.19","26.35","19.30","17.85"
"2009-03-27T04:00:00.000Z","4.52","4.52","4.44","4.45","1,915,824","116.04","4.09","4.50","4.15","0.3022","4.18","0.1028","0.0459","0.0569","4.25","24.86","18.69","17.59"
"2009-03-30T04:00:00.000Z","4.38","4.38","4.27","4.33","946,656","61.47","4.09","4.39","4.15","0.3001","4.19","0.0974","0.0562","0.0412","4.28","22.77","25.34","16.71"
"2009-03-31T04:00:00.000Z","4.38","4.49","4.37","4.40","1,054,240","89.31","4.10","4.37","4.16","0.3017","4.18","0.0981","0.0646","0.0335","4.31","26.17","23.41","15.92"
"2009-04-01T04:00:00.000Z","4.36","4.51","4.34","4.50","1,889,272","94.39","4.11","4.45","4.17","0.3054","4.19","0.1054","0.0727","0.0326","4.33","24.01","23.01","14.93"
"2009-04-02T04:00:00.000Z","4.59","4.73","4.57","4.63","1,677,608","149.56","4.13","4.57","4.17","0.3235","4.19","0.1204","0.0823","0.0381","4.36","31.39","20.65","15.34"
"2009-04-03T04:00:00.000Z","4.65","4.72","4.63","4.72","1,261,936","153.12","4.15","4.68","4.18","0.3530","4.19","0.1374","0.0933","0.0441","4.41","30.01","19.74","15.72"
"2009-04-06T04:00:00.000Z","4.66","4.67","4.58","4.66","1,055,208","133.40","4.18","4.69","4.19","0.4007","4.20","0.1442","0.1035","0.0407","4.44","28.08","20.54","15.70"
"2009-04-07T04:00:00.000Z","4.60","4.61","4.52","4.54","1,189,160","108.66","4.19","4.60","4.19","0.4167","4.20","0.1387","0.1105","0.0282","4.46","26.27","22.14","15.19"
"2009-04-08T04:00:00.000Z","4.58","4.65","4.55","4.62","1,905,208","118.82","4.21","4.58","4.20","0.4382","4.20","0.1388","0.1162","0.0226","4.49","26.81","20.95","14.98"
"2009-04-09T04:00:00.000Z","4.72","4.79","4.69","4.77","1,113,560","150.07","4.24","4.69","4.21","0.4356","4.21","0.1497","0.1229","0.0268","4.52","31.23","19.21","15.61"
"2009-04-13T04:00:00.000Z","4.76","4.78","4.69","4.75","1,042,912","138.66","4.27","4.76","4.22","0.4261","4.22","0.1552","0.1293","0.0258","4.54","29.81","18.40","16.19"
"2009-04-14T04:00:00.000Z","4.71","4.75","4.67","4.70","1,893,776","123.29","4.30","4.73","4.23","0.4211","4.23","0.1536","0.1342","0.0194","4.57","28.52","18.68","16.52"
"2009-04-15T04:00:00.000Z","4.66","4.68","4.61","4.68","1,109,968","103.17","4.33","4.69","4.24","0.4180","4.24","0.1489","0.1371","0.0117","4.58","27.08","21.05","16.24"
"2009-04-16T04:00:00.000Z","4.74","4.85","4.71","4.82","1,360,032","126.69","4.36","4.75","4.25","0.4309","4.26","0.1544","0.1406","0.0138","4.60","33.22","19.22","16.98"
"2009-04-17T04:00:00.000Z","4.83","4.85","4.76","4.82","1,280,576","122.32","4.39","4.82","4.27","0.4183","4.27","0.1575","0.1440","0.0135","4.63","31.67","18.33","17.68"
"2009-04-20T04:00:00.000Z","4.75","4.75","4.65","4.67","1,440,344","90.30","4.42","4.75","4.29","0.3865","4.28","0.1461","0.1444","0.0017","4.66","28.84","22.22","17.34"
"2009-04-21T04:00:00.000Z","4.65","4.76","4.64","4.76","1,990,120","92.44","4.46","4.72","4.31","0.3592","4.29","0.1422","0.1439","-0.0018","4.69","27.83","20.83","17.13"
"2009-04-22T04:00:00.000Z","4.72","4.88","4.71","4.78","2,402,872","101.96","4.49","4.77","4.33","0.3625","4.30","0.1391","0.1430","-0.0038","4.70","31.22","19.02","17.64"
"2009-04-23T04:00:00.000Z","4.80","4.80","4.70","4.79","2,061,608","92.58","4.51","4.79","4.35","0.3300","4.31","0.1364","0.1417","-0.0053","4.71","29.46","18.47","18.02"
"2009-04-24T04:00:00.000Z","4.84","4.93","4.80","4.91","1,495,984","112.19","4.54","4.85","4.37","0.3095","4.32","0.1416","0.1417","0","4.72","33.91","17.15","19.08"
"2009-04-27T04:00:00.000Z","4.84","4.94","4.84","4.88","1,672,192","109.89","4.56","4.89","4.40","0.3139","4.33","0.1418","0.1417","0.0001","4.74","32.71","16.28","20.11"
"2009-04-28T04:00:00.000Z","4.84","4.89","4.81","4.84","1,429,368","97.57","4.59","4.86","4.42","0.3131","4.34","0.1376","0.1409","-0.0033","4.76","31.20","17.50","20.68"
"2009-04-29T04:00:00.000Z","4.88","5.01","4.87","4.95","1,195,432","114.31","4.62","4.89","4.45","0.3142","4.35","0.1411","0.1409","0.0002","4.77","34.53","15.96","21.83"
"2009-04-30T04:00:00.000Z","5.01","5.09","4.95","4.97","2,788,304","123.13","4.64","4.96","4.48","0.3393","4.36","0.1444","0.1416","0.0028","4.79","36.32","14.73","23.29"
"2009-05-01T04:00:00.000Z","4.99","5.01","4.92","5.01","1,360,896","113.30","4.66","4.99","4.51","0.3340","4.38","0.1479","0.1429","0.0051","4.81","34.47","15.47","24.35"
"2009-05-04T04:00:00.000Z","5.06","5.11","5.02","5.10","2,082,296","132.17","4.69","5.05","4.54","0.3395","4.39","0.1563","0.1456","0.0108","4.84","37.77","14.62","25.76"
"2009-05-05T04:00:00.000Z","5.10","5.11","5.04","5.07","2,808,704","129.29","4.72","5.09","4.57","0.3560","4.40","0.1593","0.1483","0.0110","4.87","36.44","14.00","27.10"
"2009-05-06T04:00:00.000Z","5.14","5.14","5.01","5.08","2,028,056","126.92","4.74","5.08","4.60","0.3588","4.41","0.1600","0.1506","0.0093","4.89","35.41","13.00","28.47"
"2009-05-07T04:00:00.000Z","5.12","5.13","4.89","4.92","2,167,048","99.35","4.76","5.00","4.63","0.3367","4.42","0.1464","0.1498","-0.0034","4.92","30.74","17.95","28.31"
"2009-05-08T04:00:00.000Z","4.98","4.98","4.86","4.93","2,158,952","81.38","4.77","4.93","4.65","0.3087","4.43","0.1347","0.1468","-0.0121","4.95","28.79","18.09","27.92"
"2009-05-11T04:00:00.000Z","4.88","4.98","4.86","4.93","1,928,936","78.37","4.78","4.93","4.67","0.2638","4.44","0.1243","0.1423","-0.0179","4.96","26.83","17.27","27.47"
"2009-05-12T04:00:00.000Z","4.97","4.97","4.84","4.90","1,183,416","70.27","4.80","4.92","4.69","0.2165","4.45","0.1121","0.1363","-0.0241","4.97","24.96","16.73","26.92"
"2009-05-13T04:00:00.000Z","4.84","4.86","4.76","4.77","1,845,416","32.80","4.82","4.84","4.70","0.1511","4.46","0.0911","0.1272","-0.0361","4.97","23.09","19.86","25.54"
"2009-05-14T04:00:00.000Z","4.78","4.87","4.78","4.84","998,912","41.32","4.83","4.81","4.72","0.1050","4.47","0.0788","0.1175","-0.0388","4.97","22.79","18.77","24.40"
"2009-05-15T04:00:00.000Z","4.84","4.90","4.82","4.84","1,189,928","46.47","4.83","4.84","4.73","0.0811","4.48","0.0687","0.1078","-0.0391","4.97","23.15","17.91","23.57"
"2009-05-18T04:00:00.000Z","4.87","4.97","4.86","4.97","1,534,424","73.54","4.84","4.91","4.75","0.0628","4.50","0.0701","0.1002","-0.0301","4.97","25.59","16.64","23.40"
"2009-05-19T04:00:00.000Z","4.95","5.05","4.94","5.00","927,704","95.99","4.85","4.99","4.77","0.0640","4.51","0.0729","0.0948","-0.0219","4.96","28.69","15.56","23.85"
"2009-05-20T04:00:00.000Z","5.02","5.08","4.96","4.97","1,113,288","93.31","4.87","4.99","4.78","0.0883","4.53","0.0716","0.0901","-0.0186","4.96","28.03","14.51","24.41"
"2009-05-21T04:00:00.000Z","4.92","4.96","4.84","4.90","1,809,144","48.49","4.88","4.93","4.79","0.0955","4.55","0.0642","0.0850","-0.0207","4.95","26.03","20.01","23.60"
"2009-05-22T04:00:00.000Z","4.91","4.93","4.84","4.88","928,688","38.82","4.88","4.89","4.80","0.0949","4.56","0.0560","0.0792","-0.0232","4.94","24.65","19.10","22.82"
"2009-05-26T04:00:00.000Z","4.83","5.04","4.83","5.04","817,848","75.27","4.89","4.96","4.82","0.0907","4.58","0.0614","0.0756","-0.0142","4.92","27.96","16.89","22.96"
"2009-05-27T04:00:00.000Z","5.03","5.11","4.99","5.00","1,790,600","101.52","4.90","5.02","4.83","0.0868","4.60","0.0620","0.0729","-0.0109","4.91","29.75","15.79","23.51"
"2009-05-28T04:00:00.000Z","5.05","5.07","4.95","5.06","1,002,720","96.68","4.91","5.03","4.85","0.0733","4.62","0.0669","0.0717","-0.0048","4.92","27.69","17.06","23.52"
"2009-05-29T04:00:00.000Z","5.09","5.10","5.03","5.10","1,867,512","119.21","4.92","5.08","4.86","0.0966","4.64","0.0732","0.0720","0.0012","4.93","28.19","16.31","23.75"
"2009-06-01T04:00:00.000Z","5.19","5.31","5.17","5.29","1,786,984","203.63","4.94","5.20","4.88","0.1523","4.66","0.0921","0.0760","0.0161","4.95","36.32","14.46","25.13"
"2009-06-02T04:00:00.000Z","5.29","5.33","5.24","5.26","1,856,360","200.02","4.96","5.27","4.89","0.2044","4.69","0.1036","0.0815","0.0221","4.98","35.70","13.68","26.52"
"2009-06-03T04:00:00.000Z","5.25","5.25","5.17","5.23","981,616","160.18","4.97","5.25","4.91","0.2197","4.72","0.1092","0.0871","0.0221","5.02","33.89","16.70","27.05"
"2009-06-04T04:00:00.000Z","5.26","5.32","5.24","5.32","980,592","187.93","4.99","5.27","4.93","0.2589","4.74","0.1189","0.0934","0.0255","5.05","36.32","15.85","27.92"
"2009-06-05T04:00:00.000Z","5.37","5.38","5.30","5.34","979,088","197.99","5.01","5.33","4.95","0.2983","4.76","0.1274","0.1002","0.0272","5.09","38.18","15.18","29.01"
"2009-06-08T04:00:00.000Z","5.31","5.35","5.23","5.32","981,632","165.39","5.02","5.33","4.96","0.2915","4.78","0.1309","0.1064","0.0246","5.12","35.45","18.39","29.20"
"2009-06-09T04:00:00.000Z","5.35","5.41","5.33","5.38","1,000,296","183.13","5.04","5.35","4.98","0.2888","4.80","0.1367","0.1124","0.0242","5.14","36.95","17.41","29.68"
"2009-06-10T04:00:00.000Z","5.43","5.46","5.30","5.37","955,672","171.29","5.06","5.37","4.99","0.3054","4.82","0.1389","0.1177","0.0212","5.18","36.42","15.82","30.38"
"2009-06-11T04:00:00.000Z","5.37","5.45","5.37","5.40","551,768","170.36","5.07","5.38","5.01","0.3113","4.84","0.1414","0.1225","0.0189","5.22","34.65","15.05","31.03"
"2009-06-12T04:00:00.000Z","5.37","5.38","5.31","5.38","567,104","139.74","5.09","5.39","5.02","0.2986","4.86","0.1406","0.1261","0.0145","5.26","32.78","17.76","30.93"
"2009-06-15T04:00:00.000Z","5.33","5.34","5.25","5.29","842,464","106.48","5.10","5.34","5.04","0.2876","4.88","0.1312","0.1271","0.0041","5.28","30.08","20.03","30.15"
"2009-06-16T04:00:00.000Z","5.33","5.34","5.23","5.23","1,006,464","88.20","5.10","5.26","5.05","0.2577","4.90","0.1173","0.1252","-0.0079","5.30","28.07","20.01","29.20"
"2009-06-17T04:00:00.000Z","5.24","5.31","5.20","5.26","912,416","80.24","5.11","5.25","5.06","0.2238","4.91","0.1077","0.1217","-0.0139","5.31","26.24","20.36","28.01"
"2009-06-18T04:00:00.000Z","5.26","5.28","5.23","5.25","988,568","72.83","5.11","5.26","5.07","0.1859","4.93","0.0977","0.1169","-0.0192","5.32","25.44","19.73","26.92"
"2009-06-19T04:00:00.000Z","5.30","5.33","5.27","5.30","888,912","87.27","5.13","5.27","5.09","0.1667","4.94","0.0930","0.1121","-0.0191","5.32","27.67","18.64","26.39"
"2009-06-22T04:00:00.000Z","5.26","5.27","5.15","5.15","792,016","39.43","5.13","5.22","5.09","0.1447","4.95","0.0760","0.1049","-0.0289","5.32","24.94","24.82","24.52"
"2009-06-23T04:00:00.000Z","5.16","5.17","5.11","5.15","1,534,576","18.39","5.14","5.15","5.10","0.1141","4.96","0.0618","0.0963","-0.0344","5.31","23.80","26.42","23.14"
"2009-06-24T04:00:00.000Z","5.19","5.26","5.19","5.22","1,971,752","48.36","5.15","5.18","5.11","0.1034","4.98","0.0559","0.0882","-0.0323","5.30","27.76","24.42","21.94"
"2009-06-25T04:00:00.000Z","5.20","5.32","5.17","5.32","740,360","63.75","5.17","5.27","5.12","0.0950","4.99","0.0582","0.0822","-0.0240","5.29","28.68","22.15","21.29"
"2009-06-26T04:00:00.000Z","5.29","5.33","5.28","5.32","649,144","77.33","5.18","5.32","5.13","0.0845","5.01","0.0600","0.0778","-0.0178","5.29","28.69","21.31","20.83"
"2009-06-29T04:00:00.000Z","5.35","5.38","5.30","5.35","600,208","86.21","5.20","5.34","5.14","0.0982","5.02","0.0627","0.0747","-0.0121","5.28","30.32","20.24","20.76"
"2009-06-30T04:00:00.000Z","5.37","5.38","5.29","5.32","502,376","77.45","5.21","5.34","5.14","0.1248","5.03","0.0619","0.0722","-0.0102","5.28","28.28","19.99","20.51"
"2009-07-01T04:00:00.000Z","5.35","5.42","5.35","5.36","1,916,328","90.37","5.23","5.34","5.15","0.1400","5.04","0.0635","0.0704","-0.0070","5.28","28.67","18.68","20.55"
"2009-07-02T04:00:00.000Z","5.30","5.30","5.22","5.24","662,568","40.51","5.23","5.30","5.15","0.1307","5.05","0.0545","0.0672","-0.0128","5.28","26.05","25.78","19.12"
"2009-07-06T04:00:00.000Z","5.20","5.23","5.15","5.21","613,192","15.66","5.24","5.22","5.16","0.0980","5.06","0.0443","0.0627","-0.0184","5.27","24.47","29.18","18.38"
"2009-07-07T04:00:00.000Z","5.20","5.21","5.07","5.08","658,680","-16.58","5.25","5.14","5.16","0.0518","5.07","0.0256","0.0552","-0.0297","5.26","22.18","31.55","18.31"
"2009-07-08T04:00:00.000Z","5.08","5.10","5.01","5.08","1,280,848","-44.65","5.25","5.08","5.17","-0.0066","5.07","0.0107","0.0463","-0.0356","5.25","20.81","34.18","18.74"
"2009-07-09T04:00:00.000Z","5.09","5.13","5.09","5.10","742,824","-28.37","5.26","5.09","5.17","-0.0642","5.08","0.0004","0.0371","-0.0367","5.23","22.57","32.89","18.73"
"2009-07-10T04:00:00.000Z","5.08","5.15","5.08","5.13","388,816","-29.24","5.26","5.11","5.18","-0.1004","5.09","-0.0055","0.0286","-0.0341","5.22","22.46","31.18","18.55"
"2009-07-13T04:00:00.000Z","5.13","5.23","5.06","5.22","824,992","-7.85","5.26","5.17","5.19","-0.1166","5.09","-0.0024","0.0224","-0.0248","5.22","25.48","27.57","17.51"
"2009-07-14T04:00:00.000Z","5.22","5.25","5.20","5.25","573,344","20.66","5.26","5.23","5.20","-0.1084","5.10","0.0019","0.0183","-0.0164","5.22","26.15","26.50","16.31"
"2009-07-15T04:00:00.000Z","5.36","5.47","5.35","5.47","1,488,768","128.06","5.27","5.36","5.21","-0.0468","5.11","0.0234","0.0193","0.0041","5.23","36.41","22.60","16.81"
"2009-07-16T04:00:00.000Z","5.45","5.57","5.44","5.56","1,025,456","173.64","5.28","5.52","5.23","0.0176","5.13","0.0473","0.0249","0.0223","5.25","39.70","20.64","17.87"
"2009-07-17T04:00:00.000Z","5.57","5.61","5.54","5.61","1,017,104","199.05","5.29","5.59","5.24","0.0952","5.14","0.0690","0.0337","0.0353","5.26","40.27","19.66","19.05"
"2009-07-20T04:00:00.000Z","5.64","5.67","5.62","5.67","1,627,904","228.33","5.30","5.64","5.26","0.1828","5.15","0.0898","0.0450","0.0449","5.28","42.66","18.82","20.46"
"2009-07-21T04:00:00.000Z","5.71","5.71","5.62","5.69","2,051,248","227.28","5.31","5.68","5.28","0.2585","5.17","0.1072","0.0574","0.0498","5.31","42.33","17.69","21.93"
"2009-07-22T04:00:00.000Z","5.69","5.75","5.67","5.73","1,136,344","232.79","5.32","5.71","5.30","0.3031","5.18","0.1223","0.0704","0.0519","5.34","43.02","16.81","23.49"
"2009-07-23T04:00:00.000Z","5.72","5.86","5.71","5.83","2,143,456","251.13","5.34","5.78","5.32","0.3446","5.20","0.1411","0.0845","0.0566","5.38","46.59","15.16","25.45"
"2009-07-24T04:00:00.000Z","5.75","5.81","5.71","5.81","1,251,032","214.05","5.35","5.82","5.34","0.3689","5.21","0.1524","0.0981","0.0543","5.42","42.74","14.41","27.17"
"2009-07-27T04:00:00.000Z","5.78","5.81","5.73","5.79","1,660,312","194.83","5.37","5.80","5.36","0.3802","5.23","0.1583","0.1102","0.0482","5.48","40.56","13.63","28.78"
"2009-07-28T04:00:00.000Z","5.76","5.82","5.72","5.81","1,451,464","176.49","5.38","5.80","5.37","0.3902","5.24","0.1624","0.1206","0.0418","5.53","37.78","13.47","30.11"
"2009-07-29T04:00:00.000Z","5.77","5.79","5.74","5.79","1,204,680","156.66","5.40","5.80","5.38","0.3903","5.25","0.1623","0.1289","0.0333","5.58","35.98","12.83","31.35"
"2009-07-30T04:00:00.000Z","5.86","5.92","5.82","5.83","1,849,088","167.65","5.42","5.81","5.40","0.3926","5.26","0.1631","0.1358","0.0273","5.64","41.25","11.72","33.09"
"2009-07-31T04:00:00.000Z","5.82","5.86","5.81","5.82","1,432,872","144.01","5.44","5.82","5.41","0.3936","5.28","0.1611","0.1408","0.0202","5.68","39.59","12.10","34.53"
"2009-08-03T04:00:00.000Z","5.87","5.90","5.83","5.89","2,496,848","144.91","5.46","5.85","5.42","0.3958","5.29","0.1639","0.1454","0.0185","5.72","39.69","11.39","36.02"
"2009-08-04T04:00:00.000Z","5.88","5.90","5.85","5.89","1,239,952","134.48","5.48","5.89","5.44","0.3995","5.31","0.1642","0.1492","0.0150","5.75","38.55","10.98","37.42"
"2009-08-05T04:00:00.000Z","5.91","5.91","5.81","5.84","1,357,152","116.93","5.51","5.87","5.45","0.4005","5.32","0.1588","0.1511","0.0077","5.78","35.73","13.08","38.06"
"2009-08-06T04:00:00.000Z","5.86","5.88","5.78","5.80","1,063,296","98.35","5.53","5.82","5.46","0.3754","5.34","0.1488","0.1507","-0.0018","5.80","33.04","14.89","38.05"
"2009-08-07T04:00:00.000Z","5.88","5.89","5.83","5.87","1,104,616","103.42","5.54","5.83","5.47","0.3642","5.36","0.1448","0.1495","-0.0047","5.81","31.86","13.82","38.15"
"2009-08-10T04:00:00.000Z","5.84","5.86","5.80","5.83","754,152","88.73","5.56","5.85","5.48","0.3383","5.37","0.1373","0.1470","-0.0097","5.82","30.22","15.59","37.71"
"2009-08-11T04:00:00.000Z","5.82","5.82","5.76","5.78","842,808","73.94","5.58","5.80","5.50","0.3020","5.39","0.1256","0.1428","-0.0171","5.83","28.52","17.74","36.68"
"2009-08-12T04:00:00.000Z","5.77","5.92","5.77","5.87","1,040,808","85.33","5.59","5.82","5.51","0.2801","5.40","0.1221","0.1386","-0.0165","5.83","32.49","15.77","36.53"
"2009-08-13T04:00:00.000Z","5.91","5.93","5.85","5.92","1,146,856","92.96","5.61","5.90","5.53","0.2740","5.42","0.1226","0.1354","-0.0128","5.84","31.39","14.88","36.47"
"2009-08-14T04:00:00.000Z","5.91","5.91","5.82","5.86","807,744","79.02","5.63","5.89","5.54","0.2579","5.43","0.1162","0.1316","-0.0154","5.85","28.83","16.41","35.83"
"2009-08-17T04:00:00.000Z","5.76","5.76","5.70","5.70","1,331,528","43.15","5.65","5.78","5.55","0.2276","5.45","0.0975","0.1248","-0.0273","5.85","25.61","22.85","33.68"
"2009-08-18T04:00:00.000Z","5.74","5.81","5.73","5.79","564,912","54.23","5.67","5.75","5.57","0.2110","5.46","0.0889","0.1176","-0.0287","5.84","26.71","21.15","32.10"
"2009-08-19T04:00:00.000Z","5.72","5.84","5.72","5.83","643,416","56.11","5.70","5.81","5.59","0.1868","5.48","0.0839","0.1109","-0.0270","5.84","26.62","19.45","30.92"
"2009-08-20T04:00:00.000Z","5.83","5.89","5.82","5.89","802,072","71.59","5.73","5.86","5.60","0.1621","5.49","0.0840","0.1055","-0.0215","5.83","29.08","18.44","30.31"
"2009-08-21T04:00:00.000Z","5.92","5.98","5.88","5.96","1,682,912","88.17","5.75","5.93","5.62","0.1535","5.51","0.0891","0.1022","-0.0131","5.84","33.32","17.14","30.44"
"2009-08-24T04:00:00.000Z","5.99","6.02","5.95","5.96","1,357,456","93.93","5.78","5.96","5.64","0.1789","5.52","0.0915","0.1001","-0.0086","5.84","34.60","16.20","30.85"
"2009-08-25T04:00:00.000Z","5.97","6.02","5.95","5.96","996,800","92.04","5.80","5.96","5.65","0.1943","5.53","0.0928","0.0986","-0.0058","5.85","32.94","15.42","31.24"
"2009-08-26T04:00:00.000Z","5.97","6.00","5.93","5.98","1,191,928","87.83","5.82","5.97","5.67","0.2063","5.54","0.0943","0.0977","-0.0035","5.86","31.37","16.11","31.30"
"2009-08-27T04:00:00.000Z","5.97","6.00","5.89","6.00","935,128","83.72","5.83","5.99","5.68","0.2001","5.56","0.0959","0.0974","-0.0014","5.87","28.72","18.11","30.68"
"2009-08-28T04:00:00.000Z","6.08","6.13","5.99","6.01","1,087,400","104.85","5.85","6.01","5.70","0.1991","5.57","0.0971","0.0973","-0.0002","5.89","34.98","16.31","31.09"
"2009-08-31T04:00:00.000Z","5.96","5.97","5.92","5.96","1,280,744","76.35","5.86","5.99","5.72","0.1704","5.58","0.0928","0.0964","-0.0036","5.90","32.49","20.59","30.47"
"2009-09-01T04:00:00.000Z","5.93","6.03","5.82","5.83","1,844,960","57.33","5.86","5.90","5.74","0.1434","5.59","0.0781","0.0927","-0.0147","5.90","28.00","24.07","28.83"
"2009-09-02T04:00:00.000Z","5.80","5.87","5.80","5.84","911,224","33.71","5.86","5.83","5.76","0.1075","5.59","0.0659","0.0874","-0.0215","5.90","26.76","24.49","27.09"
"2009-09-03T04:00:00.000Z","5.87","5.88","5.81","5.88","722,080","42.22","5.87","5.86","5.78","0.0800","5.60","0.0596","0.0818","-0.0222","5.90","26.73","23.20","25.66"
"2009-09-04T04:00:00.000Z","5.89","5.99","5.88","5.98","1,149,928","84.97","5.87","5.93","5.80","0.0464","5.61","0.0615","0.0778","-0.0163","5.92","31.83","21.44","25.22"
"2009-09-08T04:00:00.000Z","6.03","6.03","5.98","6.03","1,300,904","124.41","5.88","6.00","5.82","0.0487","5.62","0.0662","0.0754","-0.0093","5.94","34.05","20.62","25.17"
"2009-09-09T04:00:00.000Z","6.04","6.11","6.01","6.08","1,457,728","159.77","5.89","6.05","5.84","0.0647","5.64","0.0731","0.0750","-0.0018","5.96","37.01","19.12","25.65"
"2009-09-10T04:00:00.000Z","6.09","6.17","6.08","6.17","1,096,360","207.24","5.90","6.12","5.86","0.1124","5.65","0.0847","0.0769","0.0078","5.97","39.16","17.79","26.50"
"2009-09-11T04:00:00.000Z","6.17","6.18","6.12","6.15","1,011,760","207.46","5.91","6.16","5.87","0.1615","5.67","0.0916","0.0799","0.0117","5.98","38.32","16.98","27.36"
"2009-09-14T04:00:00.000Z","6.12","6.17","6.12","6.16","1,331,392","189.30","5.92","6.16","5.89","0.1924","5.68","0.0966","0.0832","0.0134","5.99","36.78","16.78","28.07"
"2009-09-15T04:00:00.000Z","6.17","6.21","6.15","6.20","3,039,368","200.23","5.93","6.18","5.90","0.2156","5.70","0.1029","0.0871","0.0157","6.01","38.85","15.94","29.06"
"2009-09-16T04:00:00.000Z","6.23","6.27","6.20","6.26","2,158,952","213.66","5.95","6.23","5.91","0.2378","5.72","0.1114","0.0920","0.0194","6.03","41.18","15.01","30.31"
"2009-09-17T04:00:00.000Z","6.24","6.29","6.23","6.25","1,724,296","200.97","5.96","6.26","5.93","0.2542","5.73","0.1159","0.0968","0.0191","6.04","40.83","14.28","31.58"
"2009-09-18T04:00:00.000Z","6.29","6.29","6.24","6.25","1,084,384","183.55","5.98","6.25","5.94","0.2639","5.75","0.1184","0.1011","0.0173","6.07","39.03","13.65","32.77"
"2009-09-21T04:00:00.000Z","6.22","6.29","6.22","6.26","1,443,016","165.69","5.99","6.26","5.95","0.2748","5.77","0.1193","0.1047","0.0146","6.09","36.61","14.65","33.49"
"2009-09-22T04:00:00.000Z","6.30","6.31","6.26","6.29","1,687,912","168.31","6.00","6.28","5.96","0.2831","5.78","0.1214","0.1081","0.0134","6.13","36.80","14.01","34.30"
"2009-09-23T04:00:00.000Z","6.31","6.38","6.27","6.27","1,908,552","162.59","6.02","6.28","5.97","0.2872","5.80","0.1199","0.1104","0.0095","6.16","39.54","12.62","35.54"
"2009-09-24T04:00:00.000Z","6.30","6.31","6.18","6.22","1,119,848","120.21","6.03","6.25","5.98","0.2719","5.81","0.1134","0.1110","0.0024","6.19","35.25","18.25","35.27"
"2009-09-25T04:00:00.000Z","6.18","6.22","6.16","6.18","818,040","88.90","6.04","6.20","5.99","0.2475","5.83","0.1035","0.1095","-0.0060","6.20","33.21","19.50","34.61"
"2009-09-28T04:00:00.000Z","6.21","6.32","6.21","6.29","787,104","119.97","6.06","6.23","6.01","0.2375","5.84","0.1037","0.1084","-0.0047","6.22","37.34","17.21","34.77"
"2009-09-29T04:00:00.000Z","6.29","6.31","6.22","6.24","1,224,440","105.56","6.07","6.26","6.01","0.2201","5.86","0.0983","0.1063","-0.0081","6.23","34.67","15.99","34.92"
"2009-09-30T04:00:00.000Z","6.26","6.30","6.15","6.24","1,034,104","87.39","6.09","6.24","6.02","0.1891","5.88","0.0930","0.1037","-0.0107","6.24","30.81","19.78","33.98"
"2009-10-01T04:00:00.000Z","6.22","6.22","6.06","6.07","1,816,896","38.52","6.10","6.15","6.03","0.1607","5.90","0.0742","0.0978","-0.0236","6.25","26.91","23.78","32.00"
"2009-10-02T04:00:00.000Z","6.01","6.09","6.01","6.04","1,566,968","6.96","6.10","6.05","6.03","0.1277","5.91","0.0563","0.0895","-0.0332","6.24","25.28","26.10","29.82"
"2009-10-05T04:00:00.000Z","6.07","6.12","6.03","6.10","1,194,992","19.68","6.11","6.07","6.04","0.0793","5.93","0.0464","0.0809","-0.0345","6.22","25.56","24.30","27.87"
"2009-10-06T04:00:00.000Z","6.13","6.23","6.13","6.22","1,464,552","65.47","6.11","6.16","6.05","0.0497","5.95","0.0476","0.0742","-0.0266","6.22","30.92","22.00","27.09"
"2009-10-07T04:00:00.000Z","6.20","6.24","6.20","6.24","1,375,384","76.11","6.12","6.23","6.06","0.0356","5.96","0.0499","0.0694","-0.0194","6.21","30.73","21.27","26.45"
"2009-10-08T04:00:00.000Z","6.28","6.31","6.24","6.26","1,501,952","92.21","6.13","6.25","6.07","0.0499","5.98","0.0530","0.0661","-0.0131","6.21","34.51","20.08","26.45"
"2009-10-09T04:00:00.000Z","6.25","6.35","6.25","6.35","1,802,040","106.20","6.14","6.31","6.08","0.0887","5.99","0.0614","0.0651","-0.0038","6.21","34.71","18.60","26.72"
"2009-10-12T04:00:00.000Z","6.37","6.40","6.32","6.36","1,295,328","119.01","6.16","6.35","6.09","0.1344","6.00","0.0683","0.0658","0.0025","6.21","36.23","17.51","27.30"
"2009-10-13T04:00:00.000Z","6.35","6.39","6.33","6.37","961,472","115.61","6.17","6.36","6.11","0.1586","6.01","0.0734","0.0673","0.0061","6.22","34.52","16.69","27.83"
"2009-10-14T04:00:00.000Z","6.46","6.47","6.42","6.46","2,709,136","150.99","6.19","6.41","6.13","0.1893","6.03","0.0844","0.0707","0.0137","6.24","37.99","15.36","28.88"
"2009-10-15T04:00:00.000Z","6.43","6.44","6.40","6.44","1,047,448","136.31","6.21","6.45","6.14","0.2044","6.04","0.0902","0.0746","0.0156","6.26","36.13","15.91","29.59"
"2009-10-16T04:00:00.000Z","6.42","6.42","6.34","6.38","1,295,000","108.19","6.23","6.41","6.15","0.2104","6.05","0.0886","0.0774","0.0112","6.27","33.28","19.59","29.33"
"2009-10-19T04:00:00.000Z","6.38","6.45","6.36","6.44","1,124,720","121.48","6.24","6.41","6.17","0.2065","6.06","0.0913","0.0802","0.0111","6.28","33.71","18.19","29.37"
"2009-10-20T04:00:00.000Z","6.48","6.49","6.40","6.44","1,150,304","126.80","6.26","6.44","6.18","0.2081","6.07","0.0924","0.0826","0.0098","6.30","34.10","16.88","29.68"
"2009-10-21T04:00:00.000Z","6.43","6.53","6.41","6.41","1,691,224","125.49","6.27","6.43","6.19","0.1943","6.08","0.0902","0.0842","0.0061","6.33","34.02","15.27","30.28"
"2009-10-22T04:00:00.000Z","6.41","6.46","6.35","6.44","1,434,384","104.49","6.28","6.43","6.20","0.1739","6.09","0.0895","0.0852","0.0043","6.35","31.11","18.44","29.94"
"2009-10-23T04:00:00.000Z","6.53","6.54","6.40","6.42","1,753,736","117.57","6.28","6.43","6.21","0.1759","6.10","0.0864","0.0855","0.0009","6.38","33.65","16.54","30.24"
"2009-10-26T04:00:00.000Z","6.42","6.51","6.37","6.39","2,305,352","100.02","6.29","6.40","6.22","0.1701","6.11","0.0805","0.0845","-0.0040","6.40","30.25","16.73","30.13"
"2009-10-27T04:00:00.000Z","6.39","6.42","6.31","6.33","2,011,664","62.48","6.30","6.36","6.23","0.1456","6.12","0.0699","0.0816","-0.0116","6.41","27.76","19.82","29.17"
"2009-10-28T04:00:00.000Z","6.30","6.33","6.19","6.21","1,821,448","1.32","6.29","6.27","6.24","0.1002","6.12","0.0512","0.0755","-0.0243","6.41","25.12","25.87","27.20"
"2009-10-29T04:00:00.000Z","6.26","6.33","6.24","6.33","1,184,520","29.12","6.30","6.27","6.25","0.0727","6.13","0.0456","0.0695","-0.0239","6.41","23.09","23.67","25.34"
"2009-10-30T04:00:00.000Z","6.31","6.36","6.15","6.16","2,050,848","-24.55","6.29","6.25","6.26","0.0266","6.13","0.0278","0.0612","-0.0334","6.40","20.07","26.25","24.49"
"2009-11-02T05:00:00.000Z","6.18","6.25","6.11","6.18","1,716,296","-59.68","6.29","6.17","6.26","-0.0256","6.14","0.0150","0.0519","-0.0370","6.38","18.42","26.27","23.99"
"2009-11-03T05:00:00.000Z","6.15","6.18","6.12","6.18","961,856","-78.63","6.29","6.18","6.27","-0.0659","6.15","0.0047","0.0425","-0.0378","6.36","17.69","25.23","23.53"
"2009-11-04T05:00:00.000Z","6.22","6.29","6.21","6.22","1,186,632","-23.80","6.29","6.20","6.27","-0.0669","6.15","-0.0002","0.0339","-0.0342","6.34","23.52","23.44","21.86"
"2009-11-05T05:00:00.000Z","6.30","6.37","6.28","6.37","1,200,960","47.34","6.29","6.29","6.28","-0.0603","6.16","0.0074","0.0286","-0.0212","6.34","26.39","21.22","21.08"
"2009-11-06T05:00:00.000Z","6.33","6.40","6.32","6.38","792,096","61.92","6.30","6.37","6.28","-0.0424","6.17","0.0143","0.0258","-0.0115","6.33","26.61","20.16","20.56"
"2009-11-09T05:00:00.000Z","6.43","6.51","6.42","6.51","1,314,200","141.72","6.31","6.44","6.29","0.0093","6.18","0.0301","0.0266","0.0034","6.33","31.69","18.44","20.98"
"2009-11-10T05:00:00.000Z","6.49","6.54","6.48","6.51","787,136","152.16","6.31","6.51","6.30","0.0756","6.19","0.0420","0.0297","0.0123","6.33","32.12","17.82","21.52"
"2009-11-11T05:00:00.000Z","6.56","6.58","6.52","6.55","5,246,616","167.50","6.32","6.53","6.31","0.1262","6.21","0.0544","0.0346","0.0198","6.34","33.72","16.94","22.35"
"2009-11-12T05:00:00.000Z","6.57","6.59","6.51","6.51","3,636,928","145.12","6.34","6.53","6.31","0.1597","6.22","0.0604","0.0398","0.0206","6.35","31.84","16.78","22.97"
"2009-11-13T05:00:00.000Z","6.53","6.59","6.51","6.58","1,486,816","146.77","6.36","6.54","6.32","0.1896","6.23","0.0692","0.0457","0.0235","6.36","30.11","15.88","23.54"
"2009-11-16T05:00:00.000Z","6.61","6.67","6.59","6.64","2,592,552","178.56","6.38","6.61","6.33","0.2120","6.24","0.0807","0.0527","0.0281","6.38","33.84","14.83","24.65"
"2009-11-17T05:00:00.000Z","6.63","6.68","6.63","6.68","2,706,096","179.49","6.39","6.66","6.34","0.2282","6.25","0.0921","0.0606","0.0315","6.41","33.42","14.21","25.77"
"2009-11-18T05:00:00.000Z","6.68","6.68","6.61","6.64","2,141,488","154.50","6.40","6.66","6.35","0.2318","6.26","0.0965","0.0677","0.0287","6.44","31.55","14.79","26.51"
"2009-11-19T05:00:00.000Z","6.60","6.60","6.49","6.54","1,587,344","96.73","6.41","6.59","6.36","0.2166","6.27","0.0907","0.0723","0.0183","6.47","28.14","21.60","25.55"
"2009-11-20T05:00:00.000Z","6.49","6.51","6.46","6.49","968,064","64.84","6.42","6.52","6.36","0.1918","6.28","0.0815","0.0742","0.0073","6.50","26.67","22.10","24.40"
"2009-11-23T05:00:00.000Z","6.56","6.62","6.56","6.59","1,140,336","111.70","6.43","6.54","6.37","0.1714","6.29","0.0814","0.0756","0.0058","6.52","32.26","20.14","24.31"
"2009-11-24T05:00:00.000Z","6.59","6.59","6.53","6.56","2,248,544","92.74","6.43","6.58","6.38","0.1431","6.30","0.0781","0.0761","0.0020","6.54","30.78","21.18","23.89"
"2009-11-25T05:00:00.000Z","6.58","6.59","6.57","6.58","875,440","95.76","6.44","6.57","6.39","0.1214","6.31","0.0759","0.0761","-0.0002","6.56","30.17","20.76","23.50"
"2009-11-27T05:00:00.000Z","6.42","6.51","6.39","6.47","661,632","32.71","6.44","6.53","6.40","0.0985","6.32","0.0649","0.0738","-0.0089","6.56","26.14","30.37","22.36"
"2009-11-30T05:00:00.000Z","6.47","6.49","6.41","6.49","1,176,760","31.55","6.44","6.48","6.41","0.0891","6.33","0.0564","0.0703","-0.0139","6.56","24.70","28.70","21.30"
"2009-12-01T05:00:00.000Z","6.54","6.61","6.54","6.58","999,136","92.80","6.45","6.54","6.42","0.0795","6.34","0.0570","0.0677","-0.0107","6.56","30.86","26.25","20.35"
"2009-12-02T05:00:00.000Z","6.59","6.64","6.57","6.58","1,284,120","102.04","6.45","6.58","6.43","0.0832","6.35","0.0567","0.0655","-0.0088","6.56","31.77","24.93","19.76"
"2009-12-03T05:00:00.000Z","6.61","6.64","6.56","6.57","1,228,856","92.94","6.46","6.57","6.44","0.0825","6.36","0.0544","0.0633","-0.0089","6.57","29.79","24.23","19.08"
"2009-12-04T05:00:00.000Z","6.65","6.70","6.55","6.63","1,646,176","110.57","6.46","6.60","6.45","0.1096","6.37","0.0570","0.0620","-0.0050","6.57","30.52","21.69","18.93"
"2009-12-07T05:00:00.000Z","6.62","6.66","6.59","6.61","1,308,280","101.71","6.47","6.62","6.46","0.1377","6.38","0.0568","0.0610","-0.0041","6.57","29.12","20.70","18.78"
"2009-12-08T05:00:00.000Z","6.59","6.61","6.53","6.56","1,425,976","66.00","6.47","6.59","6.46","0.1337","6.38","0.0524","0.0593","-0.0069","6.56","27.49","24.03","17.92"
"2009-12-09T05:00:00.000Z","6.55","6.62","6.51","6.62","780,264","73.54","6.48","6.59","6.47","0.1234","6.39","0.0530","0.0580","-0.0050","6.56","25.25","23.65","16.87"
"2009-12-10T05:00:00.000Z","6.65","6.67","6.63","6.64","897,264","103.54","6.50","6.63","6.47","0.1259","6.40","0.0541","0.0572","-0.0032","6.57","27.98","22.79","16.40"
"2009-12-11T05:00:00.000Z","6.67","6.67","6.59","6.62","1,502,592","89.37","6.51","6.63","6.48","0.1233","6.40","0.0529","0.0564","-0.0035","6.58","26.24","24.02","15.54"
"2009-12-14T05:00:00.000Z","6.67","6.69","6.64","6.69","1,663,648","108.92","6.53","6.65","6.48","0.1248","6.41","0.0568","0.0564","0.0004","6.59","26.10","22.62","14.94"
"2009-12-15T05:00:00.000Z","6.67","6.71","6.64","6.66","823,320","100.77","6.54","6.67","6.49","0.1366","6.42","0.0567","0.0565","0.0002","6.59","25.91","21.42","14.55"
"2009-12-16T05:00:00.000Z","6.68","6.72","6.68","6.69","1,065,704","110.47","6.56","6.67","6.50","0.1500","6.42","0.0588","0.0570","0.0019","6.61","25.63","20.28","14.35"
"2009-12-17T05:00:00.000Z","6.65","6.66","6.60","6.62","1,709,000","68.02","6.57","6.65","6.50","0.1360","6.43","0.0538","0.0563","-0.0025","6.63","23.73","25.12","13.52"
"2009-12-18T05:00:00.000Z","6.67","6.71","6.64","6.71","1,174,792","99.55","6.58","6.67","6.51","0.1323","6.44","0.0572","0.0565","0.0007","6.64","26.28","23.11","13.02"
"2009-12-21T05:00:00.000Z","6.75","6.80","6.74","6.79","1,599,592","138.40","6.60","6.75","6.52","0.1365","6.45","0.0647","0.0581","0.0066","6.65","31.64","21.43","13.46"
"2009-12-22T05:00:00.000Z","6.78","6.80","6.76","6.79","2,766,272","134.33","6.61","6.79","6.53","0.1390","6.46","0.0701","0.0605","0.0096","6.66","30.67","20.78","13.87"
"2009-12-23T05:00:00.000Z","6.81","6.84","6.79","6.84","2,732,968","151.71","6.62","6.81","6.54","0.1462","6.47","0.0775","0.0639","0.0136","6.67","33.10","19.79","14.68"
"2009-12-24T05:00:00.000Z","6.85","6.90","6.85","6.90","986,120","179.89","6.63","6.87","6.56","0.1792","6.48","0.0876","0.0687","0.0189","6.69","36.48","18.66","15.94"
"2009-12-28T05:00:00.000Z","6.92","6.93","6.88","6.91","2,696,904","186.12","6.64","6.91","6.57","0.2082","6.49","0.0954","0.0740","0.0214","6.72","37.37","17.74","17.35"
"2009-12-29T05:00:00.000Z","6.92","6.92","6.90","6.91","2,053,288","181.51","6.65","6.91","6.59","0.2223","6.51","0.1001","0.0792","0.0208","6.74","36.38","17.26","18.65"
"2009-12-30T05:00:00.000Z","6.89","6.94","6.89","6.93","1,525,240","179.85","6.66","6.92","6.61","0.2371","6.52","0.1046","0.0843","0.0203","6.76","35.94","16.43","19.98"
"2009-12-31T05:00:00.000Z","6.96","6.96","6.85","6.86","1,119,064","157.26","6.67","6.90","6.63","0.2439","6.53","0.1010","0.0876","0.0133","6.79","32.41","18.09","20.58"
"2010-01-04T05:00:00.000Z","6.94","6.99","6.93","6.97","2,164,704","189.93","6.68","6.92","6.64","0.2493","6.54","0.1062","0.0913","0.0148","6.81","31.66","15.94","21.47"
"2010-01-05T05:00:00.000Z","6.98","6.99","6.93","6.97","4,165,912","170.32","6.69","6.97","6.66","0.2475","6.55","0.1085","0.0948","0.0137","6.83","29.97","15.89","22.13"
"2010-01-06T05:00:00.000Z","6.97","6.98","6.90","6.92","1,783,824","144.90","6.71","6.94","6.67","0.2450","6.56","0.1052","0.0969","0.0083","6.85","27.83","16.79","22.31"
"2010-01-07T05:00:00.000Z","6.91","6.92","6.86","6.89","1,896,456","111.51","6.72","6.91","6.68","0.2334","6.57","0.0993","0.0973","0.0019","6.87","26.38","19.73","21.75"
"2010-01-08T05:00:00.000Z","6.87","6.95","6.86","6.95","1,350,936","116.99","6.73","6.92","6.69","0.2256","6.58","0.0978","0.0974","0.0004","6.89","27.12","18.21","21.60"
"2010-01-11T05:00:00.000Z","6.96","6.97","6.88","6.92","1,568,880","110.48","6.74","6.93","6.70","0.2069","6.59","0.0931","0.0966","-0.0034","6.90","27.27","16.64","21.78"
"2010-01-12T05:00:00.000Z","6.87","6.89","6.80","6.83","1,507,960","63.98","6.75","6.87","6.71","0.1740","6.60","0.0812","0.0935","-0.0123","6.91","24.45","21.97","20.61"
"2010-01-13T05:00:00.000Z","6.86","6.92","6.79","6.90","2,507,688","74.93","6.77","6.86","6.72","0.1485","6.60","0.0768","0.0902","-0.0133","6.92","24.09","19.74","19.85"
"2010-01-14T05:00:00.000Z","6.89","6.96","6.88","6.94","2,392,192","95.97","6.78","6.92","6.73","0.1439","6.61","0.0760","0.0873","-0.0113","6.92","26.22","18.36","19.69"
"2010-01-15T05:00:00.000Z","6.93","6.96","6.82","6.86","2,065,488","70.04","6.79","6.90","6.73","0.1322","6.62","0.0677","0.0834","-0.0157","6.92","23.32","20.69","18.71"
"2010-01-19T05:00:00.000Z","6.86","6.95","6.86","6.95","2,553,136","84.03","6.80","6.91","6.74","0.1148","6.63","0.0679","0.0803","-0.0124","6.91","21.53","19.11","17.80"
"2010-01-20T05:00:00.000Z","6.91","6.91","6.79","6.86","1,393,328","49.66","6.81","6.91","6.75","0.1036","6.64","0.0602","0.0763","-0.0161","6.92","18.79","22.37","17.15"
"2010-01-21T05:00:00.000Z","6.89","6.92","6.77","6.79","1,701,944","36.49","6.82","6.83","6.75","0.0937","6.64","0.0480","0.0706","-0.0226","6.91","16.69","21.06","16.75"
"2010-01-22T05:00:00.000Z","6.76","6.77","6.53","6.54","2,910,040","-66.47","6.82","6.67","6.75","0.0381","6.65","0.0176","0.0600","-0.0424","6.90","13.81","33.00","18.48"
"2010-01-25T05:00:00.000Z","6.59","6.62","6.54","6.58","2,847,920","-80.41","6.81","6.56","6.75","-0.0231","6.65","-0.0031","0.0474","-0.0505","6.87","13.06","31.21","20.09"
"2010-01-26T05:00:00.000Z","6.57","6.66","6.54","6.58","1,604,528","-75.47","6.81","6.58","6.75","-0.0835","6.66","-0.0193","0.0341","-0.0534","6.84","14.38","28.88","21.05"
"2010-01-27T05:00:00.000Z","6.56","6.64","6.52","6.62","2,282,920","-80.40","6.81","6.60","6.76","-0.1360","6.66","-0.0287","0.0215","-0.0502","6.81","13.25","28.39","22.14"
"2010-01-28T05:00:00.000Z","6.60","6.60","6.39","6.44","1,473,808","-135.91","6.80","6.53","6.76","-0.2036","6.67","-0.0499","0.0072","-0.0571","6.79","11.41","32.08","23.96"
"2010-01-29T05:00:00.000Z","6.48","6.50","6.27","6.30","2,575,568","-185.69","6.79","6.37","6.75","-0.2507","6.67","-0.0775","-0.0097","-0.0678","6.75","9.92","34.73","26.22"
"2010-02-01T05:00:00.000Z","6.33","6.40","6.32","6.40","3,422,176","-168.58","6.78","6.35","6.74","-0.2873","6.67","-0.0901","-0.0258","-0.0643","6.71","9.34","32.72","28.31"
"2010-02-02T05:00:00.000Z","6.41","6.47","6.37","6.45","2,774,416","-136.68","6.78","6.43","6.74","-0.3176","6.67","-0.0947","-0.0396","-0.0551","6.68","12.80","30.81","29.24"
"2010-02-03T05:00:00.000Z","6.42","6.49","6.41","6.47","938,280","-119.76","6.77","6.46","6.74","-0.3370","6.68","-0.0956","-0.0508","-0.0448","6.64","13.27","29.43","29.86"
"2010-02-04T05:00:00.000Z","6.42","6.44","6.28","6.28","1,404,976","-161.37","6.75","6.38","6.73","-0.3555","6.67","-0.1104","-0.0627","-0.0477","6.60","11.80","33.68","31.16"
"2010-02-05T05:00:00.000Z","6.29","6.35","6.22","6.34","3,046,176","-163.14","6.74","6.31","6.72","-0.3629","6.67","-0.1161","-0.0734","-0.0427","6.56","10.96","34.37","32.62"
"2010-02-08T05:00:00.000Z","6.34","6.39","6.31","6.31","1,321,008","-143.32","6.72","6.33","6.72","-0.3565","6.67","-0.1217","-0.0831","-0.0387","6.51","12.78","32.75","33.43"
"2010-02-09T05:00:00.000Z","6.38","6.43","6.33","6.38","1,357,040","-120.37","6.70","6.34","6.71","-0.3557","6.67","-0.1194","-0.0903","-0.0290","6.47","14.19","30.48","33.64"
"2010-02-10T05:00:00.000Z","6.38","6.40","6.32","6.36","2,507,960","-119.25","6.68","6.37","6.70","-0.3611","6.66","-0.1172","-0.0957","-0.0215","6.44","13.48","29.46","33.90"
"2010-02-11T05:00:00.000Z","6.36","6.46","6.33","6.45","751,736","-95.86","6.67","6.41","6.70","-0.3426","6.66","-0.1075","-0.0981","-0.0095","6.43","15.92","27.13","33.34"
"2010-02-12T05:00:00.000Z","6.38","6.47","6.35","6.46","2,122,880","-85.34","6.65","6.46","6.69","-0.3057","6.66","-0.0975","-0.0980","0.0004","6.41","15.35","25.27","32.70"
"2010-02-16T05:00:00.000Z","6.50","6.56","6.48","6.55","1,271,688","-48.95","6.64","6.51","6.69","-0.2605","6.66","-0.0812","-0.0946","0.0134","6.41","20.16","23.72","30.94"
"2010-02-17T05:00:00.000Z","6.59","6.59","6.55","6.58","1,456,600","-34.29","6.63","6.57","6.69","-0.2113","6.65","-0.0650","-0.0887","0.0236","6.41","21.51","23.15","29.00"
"2010-02-18T05:00:00.000Z","6.58","6.65","6.57","6.64","1,524,184","-20.24","6.62","6.61","6.69","-0.1527","6.66","-0.0471","-0.0804","0.0333","6.41","24.03","21.93","27.25"
"2010-02-19T05:00:00.000Z","6.61","6.66","6.60","6.64","1,163,712","-15.41","6.61","6.64","6.68","-0.0972","6.66","-0.0331","-0.0709","0.0378","6.44","23.84","21.01","25.75"
"2010-02-22T05:00:00.000Z","6.66","6.66","6.60","6.62","2,069,920","-15.24","6.60","6.63","6.68","-0.0451","6.66","-0.0228","-0.0613","0.0385","6.45","22.94","20.15","24.38"
"2010-02-23T05:00:00.000Z","6.60","6.61","6.50","6.53","1,488,640","-39.27","6.59","6.58","6.67","-0.0268","6.66","-0.0216","-0.0534","0.0317","6.47","20.96","25.74","23.37"
"2010-02-24T05:00:00.000Z","6.56","6.62","6.56","6.59","1,494,448","-23.58","6.58","6.56","6.66","-0.0131","6.66","-0.0155","-0.0458","0.0303","6.48","20.01","24.25","22.38"
"2010-02-25T05:00:00.000Z","6.50","6.58","6.46","6.57","1,138,152","-38.53","6.57","6.58","6.65","-0.0183","6.66","-0.0122","-0.0391","0.0269","6.50","18.19","28.83","22.40"
"2010-02-26T05:00:00.000Z","6.58","6.60","6.54","6.58","741,504","-24.43","6.56","6.58","6.65","-0.0208","6.66","-0.0088","-0.0330","0.0242","6.51","18.69","27.78","22.20"
"2010-03-01T05:00:00.000Z","6.61","6.69","6.60","6.69","891,832","8.00","6.55","6.63","6.64","-0.0103","6.66","0.0024","-0.0259","0.0283","6.53","23.77","25.69","20.89"
"2010-03-02T05:00:00.000Z","6.71","6.73","6.67","6.68","1,213,648","23.30","6.54","6.69","6.64","0.0257","6.67","0.0109","-0.0186","0.0295","6.56","25.79","24.56","19.57"
"2010-03-03T05:00:00.000Z","6.70","6.73","6.67","6.69","776,640","27.02","6.53","6.69","6.63","0.0521","6.67","0.0178","-0.0113","0.0291","6.58","24.65","23.58","18.33"
"2010-03-04T05:00:00.000Z","6.70","6.72","6.65","6.72","538,600","32.30","6.53","6.70","6.62","0.0907","6.67","0.0255","-0.0039","0.0294","6.61","23.32","23.55","17.06"
"2010-03-05T05:00:00.000Z","6.77","6.83","6.75","6.80","1,024,104","74.43","6.53","6.76","6.62","0.1381","6.67","0.0380","0.0045","0.0335","6.63","29.14","21.67","16.89"
"2010-03-08T05:00:00.000Z","6.82","6.85","6.82","6.84","1,084,304","92.71","6.54","6.82","6.62","0.1770","6.68","0.0499","0.0135","0.0363","6.65","29.90","20.93","16.94"
"2010-03-09T05:00:00.000Z","6.81","6.91","6.81","6.86","1,152,864","105.71","6.55","6.85","6.62","0.2101","6.68","0.0607","0.0230","0.0377","6.66","32.27","19.33","17.52"
"2010-03-10T05:00:00.000Z","6.87","6.93","6.86","6.92","1,643,184","124.55","6.56","6.89","6.62","0.2479","6.69","0.0729","0.0330","0.0400","6.68","32.09","18.34","18.22"
"2010-03-11T05:00:00.000Z","6.90","6.94","6.88","6.94","2,661,320","129.61","6.57","6.93","6.62","0.2909","6.69","0.0833","0.0430","0.0403","6.70","31.71","17.48","18.98"
"2010-03-12T05:00:00.000Z","6.96","6.96","6.91","6.94","2,139,280","134.34","6.59","6.94","6.62","0.3122","6.70","0.0905","0.0525","0.0380","6.73","32.12","16.78","19.87"
"2010-03-15T04:00:00.000Z","6.92","6.93","6.87","6.92","1,456,096","121.32","6.61","6.93","6.62","0.3163","6.70","0.0933","0.0607","0.0326","6.76","30.19","19.68","19.95"
"2010-03-16T04:00:00.000Z","6.94","6.97","6.91","6.97","1,133,408","138.31","6.63","6.94","6.62","0.3230","6.70","0.0985","0.0682","0.0303","6.79","32.32","18.60","20.45"
"2010-03-17T04:00:00.000Z","6.99","7.05","6.98","7.01","1,186,208","159.56","6.64","6.99","6.62","0.3337","6.71","0.1047","0.0755","0.0291","6.82","36.37","17.31","21.53"
"2010-03-18T04:00:00.000Z","7.01","7.03","6.99","7.01","766,312","152.42","6.66","7.01","6.63","0.3377","6.72","0.1083","0.0821","0.0262","6.85","35.22","16.76","22.53"
"2010-03-19T04:00:00.000Z","7.02","7.02","6.92","6.95","983,328","130.30","6.68","6.98","6.63","0.3272","6.72","0.1049","0.0867","0.0183","6.88","32.04","21.39","22.34"
"2010-03-22T04:00:00.000Z","6.91","7.03","6.90","7.01","1,579,112","126.51","6.71","6.98","6.64","0.3228","6.72","0.1063","0.0906","0.0157","6.89","28.47","20.66","21.88"
"2010-03-23T04:00:00.000Z","7.02","7.08","7.00","7.08","1,102,440","140.65","6.73","7.05","6.65","0.3240","6.73","0.1118","0.0948","0.0170","6.92","30.71","19.21","21.96"
"2010-03-24T04:00:00.000Z","7.05","7.06","7.02","7.03","1,060,360","124.39","6.75","7.05","6.67","0.3123","6.73","0.1105","0.0980","0.0125","6.94","29.18","18.25","22.04"
"2010-03-25T04:00:00.000Z","7.08","7.14","7.03","7.04","1,642,448","125.54","6.78","7.03","6.68","0.3066","6.73","0.1091","0.1002","0.0089","6.96","33.18","16.51","22.86"
"2010-03-26T04:00:00.000Z","7.07","7.08","7.00","7.03","784,184","107.36","6.80","7.03","6.69","0.2974","6.73","0.1062","0.1014","0.0048","6.98","30.95","18.61","23.01"
"2010-03-29T04:00:00.000Z","7.06","7.08","7.02","7.03","927,992","103.15","6.82","7.03","6.71","0.2927","6.73","0.1025","0.1016","0.0009","6.99","29.39","17.67","23.14"
"2010-03-30T04:00:00.000Z","7.05","7.08","7.01","7.07","1,162,816","101.14","6.83","7.05","6.73","0.2743","6.74","0.1014","0.1016","-0.0002","7.01","28.27","16.60","23.35"
"2010-03-31T04:00:00.000Z","7.03","7.07","7.01","7.02","553,920","90.44","6.85","7.04","6.74","0.2544","6.74","0.0960","0.1004","-0.0045","7.01","26.78","15.83","23.52"
"2010-04-01T04:00:00.000Z","7.06","7.10","6.97","7.02","2,180,128","84.47","6.86","7.02","6.75","0.2253","6.74","0.0906","0.0985","-0.0079","7.02","23.73","17.78","22.86"
"2010-04-05T04:00:00.000Z","7.04","7.12","7.03","7.12","1,097,096","97.67","6.88","7.07","6.77","0.2137","6.74","0.0929","0.0974","-0.0044","7.03","23.26","16.31","22.48"
"2010-04-06T04:00:00.000Z","7.09","7.15","7.07","7.13","1,311,264","101.76","6.89","7.12","6.79","0.2092","6.75","0.0944","0.0968","-0.0023","7.04","24.33","15.20","22.53"
"2010-04-07T04:00:00.000Z","7.11","7.14","7.07","7.11","1,757,168","96.15","6.91","7.12","6.81","0.2056","6.75","0.0932","0.0961","-0.0029","7.05","22.81","14.25","22.57"
"2010-04-08T04:00:00.000Z","7.09","7.12","7.04","7.11","1,073,896","87.45","6.93","7.11","6.83","0.1996","6.75","0.0912","0.0951","-0.0039","7.05","21.21","16.00","21.95"
"2010-04-09T04:00:00.000Z","7.12","7.17","7.10","7.17","786,336","102.27","6.95","7.14","6.85","0.2046","6.76","0.0930","0.0947","-0.0016","7.07","23.97","15.05","22.02"
"2010-04-12T04:00:00.000Z","7.18","7.22","7.16","7.19","901,024","114.67","6.97","7.18","6.87","0.2111","6.76","0.0957","0.0949","0.0008","7.08","27.02","14.33","22.64"
"2010-04-13T04:00:00.000Z","7.19","7.22","7.16","7.22","710,840","115.34","6.99","7.20","6.89","0.2089","6.77","0.0984","0.0956","0.0028","7.09","26.25","13.54","23.30"
"2010-04-14T04:00:00.000Z","7.28","7.36","7.27","7.35","2,744,248","156.19","7.01","7.28","6.91","0.2292","6.78","0.1098","0.0984","0.0114","7.11","34.77","11.85","25.15"
"2010-04-15T04:00:00.000Z","7.34","7.39","7.34","7.38","1,589,928","165.11","7.03","7.36","6.93","0.2608","6.78","0.1203","0.1028","0.0175","7.13","35.72","11.28","27.07"
"2010-04-16T04:00:00.000Z","7.36","7.37","7.25","7.29","2,749,528","135.42","7.05","7.34","6.95","0.2743","6.79","0.1198","0.1062","0.0136","7.15","31.77","17.28","27.24"
"2010-04-19T04:00:00.000Z","7.28","7.30","7.19","7.28","1,018,096","114.35","7.07","7.29","6.96","0.2681","6.80","0.1175","0.1085","0.0091","7.17","28.72","20.73","26.45"
"2010-04-20T04:00:00.000Z","7.33","7.34","7.27","7.33","2,118,304","131.03","7.08","7.31","6.98","0.2733","6.81","0.1182","0.1104","0.0078","7.19","30.24","19.51","26.10"
"2010-04-21T04:00:00.000Z","7.38","7.39","7.32","7.36","1,514,344","142.47","7.10","7.34","7.00","0.2614","6.82","0.1196","0.1123","0.0074","7.21","32.38","18.26","26.23"
"2010-04-22T04:00:00.000Z","7.29","7.39","7.23","7.39","1,714,672","130.69","7.12","7.37","7.02","0.2322","6.84","0.1216","0.1141","0.0075","7.23","28.32","22.83","25.12"
"2010-04-23T04:00:00.000Z","7.39","7.44","7.35","7.42","974,800","154.17","7.13","7.40","7.04","0.2311","6.85","0.1242","0.1161","0.0080","7.26","30.29","21.31","24.57"
"2010-04-26T04:00:00.000Z","7.42","7.45","7.41","7.41","1,099,072","153.73","7.15","7.41","7.06","0.2496","6.87","0.1240","0.1177","0.0063","7.28","30.01","20.60","24.14"
"2010-04-27T04:00:00.000Z","7.38","7.41","7.24","7.25","1,551,792","98.19","7.16","7.33","7.08","0.2393","6.88","0.1101","0.1162","-0.0061","7.30","25.98","30.79","23.03"
"2010-04-28T04:00:00.000Z","7.30","7.30","7.20","7.27","1,167,448","74.95","7.17","7.26","7.09","0.2079","6.90","0.0995","0.1129","-0.0133","7.32","24.02","31.33","22.32"
"2010-04-29T04:00:00.000Z","7.30","7.35","7.28","7.34","1,051,376","98.79","7.18","7.31","7.11","0.1975","6.91","0.0956","0.1094","-0.0138","7.33","26.57","29.40","21.09"
"2010-04-30T04:00:00.000Z","7.35","7.35","7.17","7.18","1,099,128","54.01","7.18","7.26","7.12","0.1608","6.92","0.0785","0.1032","-0.0248","7.34","23.13","33.65","20.91"
"2010-05-03T04:00:00.000Z","7.19","7.29","7.19","7.28","819,632","60.40","7.20","7.23","7.13","0.1143","6.94","0.0720","0.0970","-0.0250","7.33","21.19","30.83","20.74"
"2010-05-04T04:00:00.000Z","7.18","7.19","7.01","7.06","1,747,352","-22.96","7.20","7.17","7.14","0.0643","6.95","0.0487","0.0873","-0.0387","7.32","17.54","37.47","21.84"
"2010-05-05T04:00:00.000Z","6.98","7.06","6.95","7.01","2,843,720","-63.94","7.19","7.03","7.14","0.0158","6.96","0.0259","0.0750","-0.0491","7.29","16.27","38.41","23.18"
"2010-05-06T04:00:00.000Z","6.97","7.03","5.56","6.76","6,414,456","-313.38","7.19","6.88","7.14","-0.1681","6.97","-0.0121","0.0576","-0.0697","7.27","8.11","66.69","27.11"
"2010-05-07T04:00:00.000Z","6.73","6.80","6.46","6.62","4,373,568","-216.90","7.17","6.69","7.13","-0.2835","6.97","-0.0529","0.0355","-0.0884","7.22","7.22","59.37","30.77"
"2010-05-10T04:00:00.000Z","6.88","7.06","6.74","6.94","2,541,368","-88.82","7.17","6.78","7.13","-0.3499","6.98","-0.0587","0.0167","-0.0754","7.18","14.25","51.34","32.61"
"2010-05-11T04:00:00.000Z","6.88","7.03","6.86","6.92","1,579,504","-81.31","7.17","6.93","7.13","-0.3781","6.99","-0.0644","0.0004","-0.0649","7.15","13.49","48.58","34.32"
"2010-05-12T04:00:00.000Z","6.96","7.09","6.95","7.09","1,545,344","-34.68","7.17","7.00","7.13","-0.3746","7.00","-0.0546","-0.0106","-0.0441","7.12","14.74","45.87","35.54"
"2010-05-13T04:00:00.000Z","7.08","7.13","6.98","6.99","1,499,688","-38.54","7.17","7.04","7.13","-0.2210","7.01","-0.0537","-0.0192","-0.0345","7.09","15.24","43.62","36.44"
"2010-05-14T04:00:00.000Z","6.94","6.95","6.76","6.84","1,425,984","-117.55","7.16","6.92","7.13","-0.1713","7.01","-0.0646","-0.0283","-0.0363","7.06","14.10","47.34","37.71"
"2010-05-17T04:00:00.000Z","6.88","6.89","6.72","6.86","1,659,632","-125.20","7.15","6.85","7.12","-0.1835","7.01","-0.0712","-0.0369","-0.0344","7.02","13.32","46.02","38.95"
"2010-05-18T04:00:00.000Z","6.93","6.95","6.72","6.75","1,679,624","-127.30","7.14","6.80","7.12","-0.1989","7.02","-0.0841","-0.0463","-0.0378","7.00","14.21","42.58","39.74"
"2010-05-19T04:00:00.000Z","6.73","6.79","6.63","6.71","1,631,768","-156.65","7.12","6.73","7.11","-0.2511","7.02","-0.0967","-0.0564","-0.0403","6.95","13.46","43.30","40.65"
"2010-05-20T04:00:00.000Z","6.56","6.60","6.44","6.46","4,216,432","-216.91","7.10","6.58","7.09","-0.3425","7.02","-0.1249","-0.0701","-0.0548","6.90","12.31","45.74","41.86"
"2010-05-21T04:00:00.000Z","6.35","6.57","6.31","6.53","3,330,784","-203.96","7.08","6.50","7.08","-0.4062","7.02","-0.1401","-0.0841","-0.0560","6.84","11.27","46.14","43.21"
"2010-05-24T04:00:00.000Z","6.54","6.59","6.49","6.49","1,062,416","-170.54","7.06","6.51","7.07","-0.4431","7.01","-0.1538","-0.0980","-0.0558","6.80","11.42","44.57","44.35"
"2010-05-25T04:00:00.000Z","6.32","6.48","6.27","6.47","2,697,440","-185.95","7.03","6.48","7.05","-0.5139","7.01","-0.1638","-0.1112","-0.0526","6.75","10.58","48.66","45.78"
"2010-05-26T04:00:00.000Z","6.52","6.62","6.41","6.43","1,152,792","-148.13","7.00","6.45","7.04","-0.5366","7.01","-0.1734","-0.1236","-0.0498","6.74","14.60","45.19","46.16"
"2010-05-27T04:00:00.000Z","6.55","6.67","6.55","6.67","1,060,312","-101.04","6.98","6.55","7.03","-0.5038","7.01","-0.1600","-0.1309","-0.0291","6.71","15.06","41.60","46.21"
"2010-05-28T04:00:00.000Z","6.67","6.67","6.55","6.60","1,215,832","-99.05","6.96","6.64","7.02","-0.4533","7.00","-0.1527","-0.1353","-0.0174","6.70","14.56","39.85","46.23"
"2010-06-01T04:00:00.000Z","6.54","6.66","6.50","6.50","972,680","-104.05","6.93","6.55","7.00","-0.4264","7.00","-0.1533","-0.1389","-0.0145","6.66","13.73","39.25","46.37"
"2010-06-02T04:00:00.000Z","6.55","6.67","6.50","6.67","965,576","-85.53","6.91","6.58","6.99","-0.3627","7.00","-0.1391","-0.1389","-0.0002","6.62","12.98","36.97","46.49"
"2010-06-03T04:00:00.000Z","6.68","6.76","6.66","6.75","1,448,664","-56.68","6.89","6.71","6.98","-0.3041","6.99","-0.1198","-0.1351","0.0153","6.60","15.98","35.60","45.88"
"2010-06-04T04:00:00.000Z","6.63","6.68","6.49","6.51","1,916,088","-87.96","6.86","6.63","6.97","-0.2876","6.99","-0.1221","-0.1325","0.0104","6.58","14.48","38.47","45.84"
"2010-06-07T04:00:00.000Z","6.53","6.56","6.37","6.38","1,077,096","-108.50","6.82","6.45","6.95","-0.2935","6.98","-0.1331","-0.1326","-0.0005","6.55","13.51","39.94","46.10"
"2010-06-08T04:00:00.000Z","6.38","6.40","6.29","6.38","1,578,832","-118.02","6.79","6.38","6.93","-0.3128","6.97","-0.1399","-0.1341","-0.0059","6.53","12.92","41.42","46.55"
"2010-06-09T04:00:00.000Z","6.43","6.49","6.32","6.34","977,536","-106.61","6.76","6.36","6.91","-0.3206","6.96","-0.1475","-0.1368","-0.0107","6.52","15.38","38.69","46.31"
"2010-06-10T04:00:00.000Z","6.43","6.51","6.41","6.50","1,069,576","-83.46","6.73","6.42","6.88","-0.3456","6.95","-0.1383","-0.1371","-0.0013","6.52","15.03","36.15","45.95"
"2010-06-11T04:00:00.000Z","6.46","6.59","6.44","6.58","862,384","-67.76","6.71","6.54","6.86","-0.3341","6.94","-0.1234","-0.1343","0.0109","6.51","17.12","34.09","45.04"
"2010-06-14T04:00:00.000Z","6.65","6.67","6.56","6.56","980,816","-51.69","6.69","6.57","6.85","-0.2800","6.94","-0.1117","-0.1298","0.0181","6.54","19.74","32.57","43.57"
"2010-06-15T04:00:00.000Z","6.59","6.77","6.59","6.76","1,002,648","-26.05","6.67","6.66","6.83","-0.1938","6.93","-0.0853","-0.1209","0.0356","6.55","21.86","29.97","41.58"
"2010-06-16T04:00:00.000Z","6.74","6.80","6.71","6.78","1,308,872","-11.49","6.66","6.77","6.82","-0.1089","6.93","-0.0627","-0.1093","0.0466","6.56","22.35","28.91","39.52"
"2010-06-17T04:00:00.000Z","6.81","6.81","6.74","6.80","852,392","-3.76","6.65","6.79","6.81","-0.0298","6.92","-0.0426","-0.0959","0.0534","6.57","22.21","27.99","37.52"
"2010-06-18T04:00:00.000Z","6.82","6.85","6.78","6.80","549,768","6.84","6.66","6.80","6.79","0.0437","6.92","-0.0256","-0.0819","0.0562","6.59","23.02","27.20","35.44"
"2010-06-21T04:00:00.000Z","6.89","6.89","6.72","6.75","702,104","4.67","6.66","6.78","6.77","0.0940","6.92","-0.0163","-0.0688","0.0524","6.62","21.28","27.99","33.88"
"2010-06-22T04:00:00.000Z","6.77","6.83","6.67","6.68","613,696","-7.84","6.65","6.71","6.76","0.1180","6.91","-0.0148","-0.0580","0.0432","6.62","19.87","28.02","32.67"
"2010-06-23T04:00:00.000Z","6.68","6.71","6.60","6.65","580,752","-26.59","6.64","6.66","6.74","0.1077","6.90","-0.0155","-0.0495","0.0339","6.63","18.89","30.08","31.97"
"2010-06-24T04:00:00.000Z","6.62","6.64","6.51","6.53","818,272","-53.45","6.62","6.59","6.72","0.0594","6.89","-0.0258","-0.0448","0.0189","6.64","17.71","32.12","31.76"
"2010-06-25T04:00:00.000Z","6.56","6.58","6.48","6.53","767,664","-59.28","6.61","6.53","6.70","0.0062","6.89","-0.0331","-0.0424","0.0093","6.65","16.86","31.99","31.70"
"2010-06-28T04:00:00.000Z","6.53","6.58","6.49","6.54","1,141,432","-56.13","6.60","6.53","6.69","-0.0370","6.88","-0.0383","-0.0416","0.0033","6.66","16.15","30.65","31.65"
"2010-06-29T04:00:00.000Z","6.44","6.44","6.23","6.27","1,714,376","-137.32","6.58","6.40","6.66","-0.1018","6.86","-0.0628","-0.0458","-0.0170","6.66","13.97","38.01","32.69"
"2010-06-30T04:00:00.000Z","6.27","6.32","6.16","6.18","1,770,840","-169.79","6.56","6.23","6.64","-0.1614","6.85","-0.0885","-0.0544","-0.0341","6.64","13.00","38.53","33.89"
"2010-07-01T04:00:00.000Z","6.19","6.22","6.05","6.16","2,037,144","-193.16","6.54","6.17","6.62","-0.2224","6.83","-0.1098","-0.0654","-0.0443","6.61","11.98","40.69","35.37"
"2010-07-02T04:00:00.000Z","6.15","6.19","6.09","6.14","1,495,792","-182.87","6.53","6.15","6.60","-0.2802","6.82","-0.1263","-0.0776","-0.0487","6.57","11.45","38.88","36.73"
"2010-07-06T04:00:00.000Z","6.25","6.28","6.12","6.17","1,670,240","-149.83","6.52","6.16","6.59","-0.3285","6.80","-0.1355","-0.0892","-0.0463","6.54","15.02","36.01","37.05"
"2010-07-07T04:00:00.000Z","6.19","6.41","6.19","6.40","759,512","-93.12","6.52","6.29","6.58","-0.3203","6.79","-0.1227","-0.0959","-0.0268","6.49","18.84","32.26","36.28"
"2010-07-08T04:00:00.000Z","6.48","6.48","6.37","6.44","865,760","-55.12","6.51","6.42","6.57","-0.2755","6.77","-0.1085","-0.0984","-0.0101","6.46","21.19","30.62","34.99"
"2010-07-09T04:00:00.000Z","6.44","6.48","6.42","6.48","979,016","-38.22","6.52","6.46","6.55","-0.2100","6.76","-0.0927","-0.0973","0.0046","6.43","20.81","29.74","33.75"
"2010-07-12T04:00:00.000Z","6.47","6.55","6.47","6.52","560,504","-12.79","6.51","6.50","6.54","-0.1382","6.75","-0.0759","-0.0930","0.0171","6.41","23.17","28.55","32.08"
"2010-07-13T04:00:00.000Z","6.59","6.65","6.54","6.63","1,224,824","34.01","6.51","6.58","6.53","-0.0613","6.73","-0.0532","-0.0850","0.0319","6.40","26.77","26.71","29.80"
"2010-07-14T04:00:00.000Z","6.64","6.72","6.64","6.68","1,461,232","71.49","6.52","6.66","6.53","0.0059","6.72","-0.0306","-0.0741","0.0435","6.40","29.09","25.48","28.14"
"2010-07-15T04:00:00.000Z","6.68","6.69","6.58","6.68","989,760","59.51","6.52","6.68","6.53","0.0447","6.71","-0.0131","-0.0619","0.0489","6.41","27.34","27.09","26.17"
"2010-07-16T04:00:00.000Z","6.65","6.65","6.47","6.48","919,784","4.39","6.51","6.58","6.52","0.0675","6.70","-0.0152","-0.0526","0.0374","6.42","24.58","29.48","24.94"
"2010-07-19T04:00:00.000Z","6.50","6.56","6.47","6.55","1,671,120","1.29","6.51","6.51","6.52","0.0717","6.68","-0.0109","-0.0442","0.0334","6.42","23.42","28.30","23.84"
"2010-07-20T04:00:00.000Z","6.42","6.60","6.39","6.60","1,255,320","2.24","6.52","6.57","6.53","0.0540","6.67","-0.0034","-0.0361","0.0327","6.43","21.03","29.22","23.30"
"2010-07-21T04:00:00.000Z","6.64","6.64","6.48","6.50","643,760","8.58","6.52","6.55","6.53","0.0315","6.66","-0.0056","-0.0300","0.0244","6.47","21.65","26.94","22.41"
"2010-07-22T04:00:00.000Z","6.59","6.70","6.58","6.68","1,017,128","62.19","6.53","6.59","6.53","0.0343","6.65","0.0074","-0.0225","0.0299","6.50","22.21","24.33","21.14"
"2010-07-23T04:00:00.000Z","6.66","6.74","6.63","6.74","989,328","85.34","6.54","6.71","6.54","0.0569","6.64","0.0223","-0.0135","0.0358","6.54","23.01","23.07","19.63"
"2010-07-26T04:00:00.000Z","6.75","6.80","6.71","6.79","1,076,208","112.50","6.55","6.77","6.54","0.0964","6.63","0.0378","-0.0033","0.0411","6.58","24.87","22.10","18.65"
"2010-07-27T04:00:00.000Z","6.83","6.83","6.77","6.80","590,544","121.30","6.56","6.79","6.55","0.1441","6.62","0.0499","0.0074","0.0425","6.61","25.88","21.32","18.01"
"2010-07-28T04:00:00.000Z","6.78","6.80","6.70","6.72","605,240","88.25","6.56","6.76","6.55","0.1711","6.61","0.0527","0.0164","0.0362","6.63","24.41","23.76","16.82"
"2010-07-29T04:00:00.000Z","6.75","6.75","6.59","6.65","849,144","52.96","6.55","6.69","6.55","0.1721","6.61","0.0488","0.0229","0.0259","6.65","22.36","27.15","16.31"
"2010-07-30T04:00:00.000Z","6.59","6.66","6.55","6.63","775,248","30.49","6.55","6.64","6.55","0.1533","6.60","0.0433","0.0270","0.0163","6.65","21.03","27.78","16.13"
"2010-08-02T04:00:00.000Z","6.71","6.78","6.68","6.76","1,101,160","83.13","6.54","6.69","6.55","0.1443","6.60","0.0487","0.0313","0.0174","6.66","25.29","25.62","15.03"
"2010-08-03T04:00:00.000Z","6.74","6.75","6.70","6.72","768,256","73.25","6.54","6.74","6.56","0.1277","6.60","0.0497","0.0350","0.0147","6.66","24.47","24.80","14.00"
"2010-08-04T04:00:00.000Z","6.75","6.78","6.70","6.78","1,634,560","82.98","6.55","6.75","6.57","0.1261","6.60","0.0546","0.0389","0.0156","6.67","25.21","23.60","13.24"
"2010-08-05T04:00:00.000Z","6.75","6.76","6.70","6.74","765,416","70.86","6.55","6.76","6.58","0.1385","6.60","0.0548","0.0421","0.0127","6.69","24.05","22.51","12.53"
"2010-08-06T04:00:00.000Z","6.68","6.74","6.64","6.73","598,208","52.89","6.56","6.74","6.59","0.1581","6.59","0.0530","0.0443","0.0087","6.71","22.57","24.75","11.96"
"2010-08-09T04:00:00.000Z","6.74","6.78","6.72","6.77","660,824","74.91","6.56","6.75","6.59","0.1644","6.59","0.0542","0.0463","0.0079","6.72","24.48","23.80","11.21"
"2010-08-10T04:00:00.000Z","6.73","6.73","6.63","6.67","1,267,256","37.95","6.57","6.72","6.60","0.1577","6.58","0.0470","0.0464","0.0006","6.73","22.52","27.05","11.06"
"2010-08-11T04:00:00.000Z","6.56","6.56","6.47","6.49","9,057,000","-35.43","6.58","6.58","6.59","0.1168","6.58","0.0265","0.0424","-0.0159","6.72","19.90","33.27","12.07"
"2010-08-12T04:00:00.000Z","6.35","6.41","6.33","6.38","1,433,288","-90.58","6.58","6.44","6.58","0.0505","6.57","0.0014","0.0342","-0.0328","6.69","18.06","38.03","13.75"
"2010-08-13T04:00:00.000Z","6.36","6.39","6.34","6.34","1,376,072","-92.50","6.59","6.36","6.57","-0.0090","6.57","-0.0216","0.0231","-0.0447","6.65","17.57","37.01","15.31"
"2010-08-16T04:00:00.000Z","6.31","6.41","6.29","6.37","1,460,568","-88.22","6.60","6.35","6.56","-0.0837","6.56","-0.0373","0.0110","-0.0483","6.62","16.42","37.35","17.00"
"2010-08-17T04:00:00.000Z","6.42","6.50","6.41","6.45","564,360","-41.86","6.61","6.41","6.55","-0.1318","6.56","-0.0427","0.0003","-0.0429","6.59","20.66","34.45","17.57"
"2010-08-18T04:00:00.000Z","6.43","6.51","6.42","6.48","558,888","-33.23","6.61","6.46","6.55","-0.1487","6.56","-0.0441","-0.0086","-0.0355","6.58","20.02","32.64","18.02"
"2010-08-19T04:00:00.000Z","6.46","6.47","6.36","6.40","645,600","-56.74","6.61","6.44","6.54","-0.1468","6.56","-0.0513","-0.0172","-0.0341","6.56","18.65","33.82","18.80"
"2010-08-20T04:00:00.000Z","6.38","6.41","6.35","6.39","2,483,208","-66.64","6.60","6.39","6.54","-0.1511","6.56","-0.0567","-0.0251","-0.0316","6.53","17.93","33.53","19.62"
"2010-08-23T04:00:00.000Z","6.43","6.45","6.33","6.33","1,002,048","-69.42","6.60","6.36","6.53","-0.1492","6.55","-0.0652","-0.0331","-0.0321","6.51","18.87","31.13","19.97"
"2010-08-24T04:00:00.000Z","6.26","6.30","6.21","6.23","860,912","-114.11","6.58","6.28","6.52","-0.1882","6.55","-0.0793","-0.0423","-0.0370","6.47","17.51","36.06","21.02"
"2010-08-25T04:00:00.000Z","6.19","6.29","6.17","6.27","1,973,008","-112.32","6.57","6.25","6.52","-0.2288","6.54","-0.0861","-0.0511","-0.0350","6.43","16.20","35.81","22.21"
"2010-08-26T04:00:00.000Z","6.28","6.32","6.20","6.21","1,344,728","-114.54","6.55","6.24","6.52","-0.2552","6.54","-0.0954","-0.0599","-0.0354","6.40","16.38","33.26","23.05"
"2010-08-27T04:00:00.000Z","6.25","6.30","6.09","6.29","1,822,064","-121.72","6.55","6.25","6.53","-0.2820","6.53","-0.0945","-0.0669","-0.0277","6.36","14.37","35.42","24.43"
"2010-08-30T04:00:00.000Z","6.28","6.31","6.21","6.21","602,832","-118.57","6.54","6.25","6.53","-0.2972","6.52","-0.0994","-0.0734","-0.0260","6.34","13.99","33.37","25.60"
"2010-08-31T04:00:00.000Z","6.19","6.22","6.14","6.17","1,368,816","-147.06","6.52","6.19","6.53","-0.2972","6.52","-0.1055","-0.0798","-0.0257","6.33","13.30","36.02","27.07"
"2010-09-01T04:00:00.000Z","6.25","6.36","6.25","6.34","779,216","-85.66","6.52","6.26","6.53","-0.2725","6.52","-0.0951","-0.0829","-0.0122","6.32","19.94","31.98","26.79"
"2010-09-02T04:00:00.000Z","6.36","6.41","6.34","6.41","761,680","-56.81","6.51","6.38","6.53","-0.2437","6.52","-0.0807","-0.0824","0.0018","6.32","21.87","30.65","26.07"
"2010-09-03T04:00:00.000Z","6.47","6.52","6.46","6.52","1,631,448","-10.37","6.50","6.46","6.53","-0.1849","6.52","-0.0600","-0.0779","0.0180","6.33","27.06","28.61","24.41"
"2010-09-07T04:00:00.000Z","6.49","6.52","6.45","6.45","585,552","-20.18","6.49","6.48","6.53","-0.1404","6.52","-0.0481","-0.0720","0.0239","6.33","25.88","27.82","22.92"
"2010-09-08T04:00:00.000Z","6.46","6.50","6.45","6.48","1,637,528","-17.90","6.48","6.47","6.52","-0.0794","6.52","-0.0361","-0.0648","0.0287","6.33","24.99","26.93","21.55"
"2010-09-09T04:00:00.000Z","6.54","6.55","6.48","6.49","653,680","-2.55","6.47","6.49","6.52","-0.0344","6.51","-0.0254","-0.0569","0.0315","6.34","27.06","25.71","20.20"
"2010-09-10T04:00:00.000Z","6.50","6.50","6.45","6.49","1,349,160","-12.41","6.47","6.49","6.51","-0.0077","6.51","-0.0169","-0.0489","0.0320","6.35","26.05","26.97","18.88"
"2010-09-13T04:00:00.000Z","6.55","6.64","6.55","6.63","787,280","42.23","6.47","6.56","6.52","0.0185","6.51","0.0012","-0.0389","0.0401","6.37","32.48","24.23","18.57"
"2010-09-14T04:00:00.000Z","6.62","6.71","6.60","6.66","1,311,336","61.82","6.46","6.65","6.52","0.0573","6.50","0.0180","-0.0275","0.0455","6.40","34.71","22.39","18.78"
"2010-09-15T04:00:00.000Z","6.65","6.71","6.64","6.70","1,073,752","68.04","6.46","6.68","6.52","0.0997","6.50","0.0335","-0.0153","0.0488","6.43","32.97","21.27","18.98"
"2010-09-16T04:00:00.000Z","6.69","6.74","6.68","6.74","1,057,888","80.51","6.46","6.72","6.53","0.1380","6.50","0.0487","-0.0025","0.0512","6.47","33.74","20.42","19.38"
"2010-09-17T04:00:00.000Z","6.79","6.79","6.73","6.77","1,069,088","94.88","6.46","6.75","6.53","0.1904","6.51","0.0623","0.0105","0.0519","6.51","35.97","19.54","20.11"
"2010-09-20T04:00:00.000Z","6.79","6.89","6.78","6.87","1,380,496","123.69","6.47","6.82","6.53","0.2348","6.51","0.0809","0.0245","0.0563","6.55","39.59","17.87","21.38"
"2010-09-21T04:00:00.000Z","6.88","6.92","6.85","6.86","3,101,880","131.23","6.47","6.87","6.53","0.2755","6.52","0.0933","0.0383","0.0550","6.60","39.81","16.93","22.73"
"2010-09-22T04:00:00.000Z","6.84","6.87","6.78","6.83","1,290,176","111.50","6.47","6.84","6.54","0.3032","6.52","0.0992","0.0505","0.0487","6.64","37.28","20.55","23.17"
"2010-09-23T04:00:00.000Z","6.78","6.89","6.76","6.82","1,031,264","109.49","6.49","6.82","6.54","0.3234","6.53","0.1024","0.0609","0.0416","6.66","35.51","18.71","23.73"
"2010-09-24T04:00:00.000Z","6.90","6.97","6.90","6.97","764,112","146.11","6.51","6.90","6.55","0.3507","6.54","0.1157","0.0718","0.0439","6.69","37.53","16.74","24.77"
"2010-09-27T04:00:00.000Z","6.97","7.01","6.95","6.96","1,166,584","145.28","6.53","6.97","6.55","0.3735","6.56","0.1242","0.0823","0.0419","6.73","38.53","16.00","25.95"
"2010-09-28T04:00:00.000Z","6.98","6.99","6.86","6.98","1,364,208","129.06","6.55","6.97","6.56","0.3751","6.57","0.1306","0.0920","0.0386","6.76","35.07","20.61","25.95"
"2010-09-29T04:00:00.000Z","6.96","7.01","6.96","6.98","1,021,720","134.75","6.56","6.98","6.57","0.3927","6.58","0.1346","0.1005","0.0341","6.80","34.82","19.85","26.06"
"2010-09-30T04:00:00.000Z","7.02","7.06","6.91","6.95","1,114,640","126.01","6.58","6.97","6.57","0.4056","6.59","0.1335","0.1071","0.0264","6.83","34.67","17.82","26.49"
"2010-10-01T04:00:00.000Z","7.00","7.01","6.92","6.95","1,449,672","117.43","6.60","6.95","6.58","0.3940","6.60","0.1312","0.1119","0.0192","6.86","32.48","16.69","26.89"
"2010-10-04T04:00:00.000Z","6.93","6.94","6.83","6.87","861,712","89.72","6.61","6.91","6.58","0.3591","6.61","0.1215","0.1138","0.0076","6.89","29.74","21.75","26.08"
"2010-10-05T04:00:00.000Z","6.94","7.03","6.93","7.02","972,768","117.66","6.64","6.94","6.59","0.3543","6.62","0.1241","0.1159","0.0082","6.91","32.52","19.38","26.02"
"2010-10-06T04:00:00.000Z","7.00","7.03","6.91","6.96","660,600","105.44","6.66","6.99","6.59","0.3377","6.62","0.1205","0.1168","0.0037","6.92","29.96","18.65","25.83"
"2010-10-07T04:00:00.000Z","6.99","7.00","6.93","6.98","671,384","98.77","6.69","6.97","6.60","0.3179","6.63","0.1177","0.1170","0.0007","6.94","28.59","17.80","25.64"
"2010-10-08T04:00:00.000Z","6.99","7.04","6.94","7.03","572,040","101.66","6.71","7.00","6.62","0.3049","6.63","0.1178","0.1171","0.0007","6.95","29.72","16.51","25.85"
"2010-10-11T04:00:00.000Z","7.04","7.07","7.02","7.03","1,697,840","105.59","6.74","7.03","6.64","0.3174","6.64","0.1172","0.1172","0","6.96","30.49","15.90","26.25"
"2010-10-12T04:00:00.000Z","7.03","7.10","6.97","7.08","1,307,024","102.82","6.77","7.06","6.66","0.3056","6.65","0.1194","0.1176","0.0018","6.98","27.75","17.80","25.94"
"2010-10-13T04:00:00.000Z","7.14","7.19","7.11","7.15","1,408,432","120.76","6.80","7.12","6.67","0.3138","6.66","0.1253","0.1192","0.0062","7.00","31.76","16.54","26.34"
"2010-10-14T04:00:00.000Z","7.17","7.19","7.12","7.16","695,272","114.86","6.83","7.15","6.69","0.3255","6.67","0.1286","0.1210","0.0076","7.01","30.25","15.75","26.71"
"2010-10-15T04:00:00.000Z","7.24","7.29","7.19","7.28","1,213,192","131.38","6.86","7.22","6.71","0.3442","6.68","0.1398","0.1248","0.0150","7.03","34.32","14.33","27.73"
"2010-10-18T04:00:00.000Z","7.29","7.32","7.26","7.30","1,595,832","134.12","6.88","7.29","6.74","0.3629","6.69","0.1486","0.1296","0.0191","7.06","35.25","13.68","28.90"
"2010-10-19T04:00:00.000Z","7.19","7.26","7.14","7.19","1,027,808","105.69","6.91","7.25","6.76","0.3653","6.70","0.1447","0.1326","0.0121","7.07","31.31","20.28","28.36"
"2010-10-20T04:00:00.000Z","7.21","7.29","7.19","7.24","923,904","112.61","6.93","7.21","6.78","0.3562","6.71","0.1441","0.1349","0.0092","7.09","31.21","18.90","28.09"
"2010-10-21T04:00:00.000Z","7.28","7.30","7.18","7.25","870,456","110.00","6.96","7.24","6.81","0.3482","6.71","0.1426","0.1364","0.0062","7.12","29.68","17.32","27.96"
"2010-10-22T04:00:00.000Z","7.25","7.30","7.24","7.30","612,248","116.55","6.98","7.27","6.83","0.3318","6.72","0.1442","0.1380","0.0062","7.14","28.37","16.52","27.85"
"2010-10-25T04:00:00.000Z","7.33","7.38","7.33","7.34","972,144","130.31","7.01","7.32","6.86","0.3193","6.74","0.1465","0.1397","0.0068","7.17","32.27","15.56","28.36"
"2010-10-26T04:00:00.000Z","7.30","7.35","7.26","7.34","1,180,968","119.55","7.03","7.34","6.89","0.3168","6.75","0.1472","0.1412","0.0060","7.19","30.20","19.06","27.95"
"2010-10-27T04:00:00.000Z","7.31","7.39","7.30","7.39","680,192","127.82","7.05","7.37","6.92","0.3135","6.76","0.1496","0.1429","0.0067","7.21","30.90","17.87","27.86"
"2010-10-28T04:00:00.000Z","7.42","7.42","7.33","7.38","863,352","130.19","7.07","7.39","6.94","0.3140","6.77","0.1495","0.1442","0.0053","7.24","31.09","16.73","28.01"
"2010-10-29T04:00:00.000Z","7.39","7.43","7.39","7.39","654,176","135.03","7.10","7.39","6.97","0.3184","6.78","0.1487","0.1451","0.0036","7.27","30.95","16.11","28.27"
"2010-11-01T04:00:00.000Z","7.42","7.47","7.36","7.40","1,494,872","130.54","7.11","7.40","6.99","0.3088","6.79","0.1470","0.1455","0.0015","7.29","31.45","14.79","28.82"
"2010-11-02T04:00:00.000Z","7.46","7.49","7.45","7.47","1,120,144","139.25","7.13","7.44","7.02","0.3179","6.80","0.1495","0.1463","0.0033","7.32","30.67","13.82","29.47"
"2010-11-03T04:00:00.000Z","7.48","7.53","7.43","7.52","841,752","136.92","7.16","7.50","7.04","0.3218","6.82","0.1534","0.1477","0.0057","7.33","31.03","12.85","30.32"
"2010-11-04T04:00:00.000Z","7.61","7.64","7.59","7.64","1,027,736","164.73","7.18","7.58","7.07","0.3449","6.83","0.1642","0.1510","0.0132","7.36","36.71","11.67","31.85"
"2010-11-05T04:00:00.000Z","7.65","7.65","7.61","7.64","1,369,912","158.18","7.21","7.64","7.10","0.3651","6.86","0.1714","0.1551","0.0163","7.39","36.16","11.35","33.31"
"2010-11-08T05:00:00.000Z","7.64","7.67","7.63","7.66","854,128","153.23","7.23","7.65","7.13","0.3885","6.88","0.1762","0.1593","0.0169","7.43","36.63","10.92","34.79"
"2010-11-09T05:00:00.000Z","7.69","7.70","7.59","7.62","1,019,280","141.26","7.25","7.64","7.15","0.3998","6.90","0.1747","0.1624","0.0123","7.46","33.54","12.42","35.59"
"2010-11-10T05:00:00.000Z","7.63","7.65","7.56","7.64","1,568,104","128.64","7.27","7.63","7.17","0.4024","6.92","0.1737","0.1646","0.0090","7.49","31.34","13.95","35.79"
"2010-11-11T05:00:00.000Z","7.49","7.53","7.43","7.52","1,471,568","89.08","7.29","7.58","7.19","0.3594","6.94","0.1612","0.1640","-0.0027","7.50","26.57","21.25","34.03"
"2010-11-12T05:00:00.000Z","7.48","7.53","7.37","7.42","1,129,096","69.32","7.31","7.47","7.21","0.3093","6.95","0.1411","0.1594","-0.0182","7.51","23.74","23.02","31.71"
"2010-11-15T05:00:00.000Z","7.46","7.46","7.39","7.39","688,224","57.82","7.32","7.40","7.22","0.2493","6.97","0.1214","0.1518","-0.0304","7.52","22.59","21.90","29.55"
"2010-11-16T05:00:00.000Z","7.33","7.35","7.23","7.26","1,746,200","16.42","7.33","7.32","7.23","0.1687","6.99","0.0945","0.1403","-0.0458","7.52","20.20","30.16","28.85"
"2010-11-17T05:00:00.000Z","7.26","7.31","7.23","7.26","656,824","8.86","7.34","7.26","7.24","0.0928","7.00","0.0725","0.1268","-0.0543","7.51","19.10","28.70","28.22"
"2010-11-18T05:00:00.000Z","7.34","7.42","7.34","7.39","665,760","45.36","7.36","7.33","7.26","0.0607","7.02","0.0647","0.1144","-0.0496","7.50","24.78","25.64","26.33"
"2010-11-19T05:00:00.000Z","7.40","7.43","7.38","7.42","713,320","49.97","7.37","7.41","7.27","0.0358","7.04","0.0599","0.1035","-0.0436","7.50","24.20","24.69","24.52"
"2010-11-22T05:00:00.000Z","7.39","7.47","7.37","7.47","645,200","56.86","7.38","7.44","7.28","0.0223","7.06","0.0593","0.0946","-0.0353","7.49","25.20","23.07","23.09"
"2010-11-23T05:00:00.000Z","7.40","7.41","7.32","7.36","649,944","29.19","7.39","7.41","7.29","0.0257","7.08","0.0500","0.0857","-0.0357","7.47","22.75","24.17","21.65"
"2010-11-24T05:00:00.000Z","7.42","7.50","7.42","7.50","460,992","66.26","7.40","7.43","7.30","0.0497","7.10","0.0527","0.0791","-0.0265","7.46","26.83","21.94","20.82"
"2010-11-26T05:00:00.000Z","7.45","7.49","7.42","7.47","395,784","58.16","7.42","7.48","7.32","0.0504","7.12","0.0520","0.0737","-0.0217","7.44","25.48","20.84","20.05"
"2010-11-29T05:00:00.000Z","7.42","7.44","7.34","7.42","1,476,552","31.19","7.42","7.44","7.33","0.0372","7.14","0.0470","0.0684","-0.0213","7.42","23.25","24.55","18.81"
"2010-11-30T05:00:00.000Z","7.35","7.36","7.31","7.33","575,920","-1.22","7.42","7.37","7.34","0.0115","7.15","0.0350","0.0617","-0.0267","7.40","21.51","24.68","17.96"
"2010-12-01T05:00:00.000Z","7.43","7.51","7.43","7.49","675,192","61.45","7.43","7.41","7.35","0.0228","7.17","0.0384","0.0570","-0.0187","7.40","28.39","21.80","17.62"
"2010-12-02T05:00:00.000Z","7.51","7.59","7.50","7.59","1,482,800","98.51","7.44","7.54","7.37","0.0284","7.19","0.0483","0.0553","-0.0070","7.40","31.72","20.38","17.91"
"2010-12-03T05:00:00.000Z","7.56","7.63","7.55","7.62","768,896","114.23","7.45","7.60","7.38","0.0450","7.21","0.0580","0.0558","0.0021","7.41","32.27","19.43","18.41"
"2010-12-06T05:00:00.000Z","7.61","7.64","7.60","7.63","1,065,160","123.89","7.47","7.62","7.40","0.0824","7.22","0.0658","0.0578","0.0080","7.43","32.59","18.86","19.00"
"2010-12-07T05:00:00.000Z","7.72","7.72","7.63","7.63","969,264","138.93","7.48","7.63","7.41","0.1369","7.24","0.0713","0.0605","0.0108","7.46","35.99","17.62","20.09"
"2010-12-08T05:00:00.000Z","7.66","7.69","7.63","7.69","806,152","137.62","7.49","7.66","7.43","0.1631","7.26","0.0797","0.0644","0.0154","7.49","34.43","16.86","21.10"
"2010-12-09T05:00:00.000Z","7.74","7.74","7.67","7.70","647,104","145.25","7.50","7.69","7.44","0.1810","7.28","0.0857","0.0686","0.0171","7.51","36.01","16.10","22.32"
"2010-12-10T05:00:00.000Z","7.72","7.75","7.70","7.75","999,912","150.33","7.51","7.72","7.46","0.1943","7.29","0.0933","0.0736","0.0198","7.54","35.43","15.47","23.53"
"2010-12-13T05:00:00.000Z","7.78","7.78","7.71","7.71","1,092,080","144.45","7.52","7.73","7.47","0.2079","7.31","0.0958","0.0780","0.0178","7.57","36.20","14.68","24.87"
"2010-12-14T05:00:00.000Z","7.73","7.75","7.69","7.71","1,153,640","124.25","7.53","7.71","7.48","0.2041","7.32","0.0960","0.0816","0.0144","7.59","34.46","16.09","25.69"
"2010-12-15T05:00:00.000Z","7.70","7.74","7.65","7.67","999,880","103.00","7.54","7.69","7.49","0.2000","7.34","0.0922","0.0837","0.0084","7.61","32.01","18.07","25.84"
"2010-12-16T05:00:00.000Z","7.68","7.72","7.66","7.70","1,468,968","99.61","7.54","7.68","7.50","0.1876","7.35","0.0901","0.0850","0.0051","7.63","30.30","17.11","25.99"
"2010-12-17T05:00:00.000Z","7.72","7.74","7.71","7.72","984,632","109.76","7.55","7.71","7.51","0.1792","7.36","0.0896","0.0859","0.0037","7.66","30.88","16.42","26.32"
"2010-12-20T05:00:00.000Z","7.75","7.75","7.68","7.71","1,547,472","98.12","7.55","7.72","7.52","0.1635","7.38","0.0876","0.0863","0.0013","7.68","29.19","17.77","26.17"
"2010-12-21T05:00:00.000Z","7.75","7.77","7.73","7.76","1,386,064","111.53","7.55","7.74","7.53","0.1615","7.39","0.0886","0.0867","0.0019","7.70","29.86","16.93","26.28"
"2010-12-22T05:00:00.000Z","7.71","7.72","7.70","7.71","1,221,752","87.36","7.55","7.74","7.54","0.1586","7.40","0.0849","0.0864","-0.0015","7.71","28.30","18.63","25.87"
"2010-12-23T05:00:00.000Z","7.71","7.72","7.69","7.70","1,021,440","78.01","7.56","7.71","7.55","0.1588","7.41","0.0801","0.0851","-0.0050","7.72","27.49","19.42","25.26"
"2010-12-27T05:00:00.000Z","7.67","7.73","7.65","7.72","1,214,616","73.38","7.56","7.71","7.56","0.1498","7.43","0.0769","0.0835","-0.0066","7.72","25.36","21.56","24.03"
"2010-12-28T05:00:00.000Z","7.72","7.74","7.70","7.71","883,744","78.82","7.57","7.72","7.57","0.1492","7.44","0.0728","0.0813","-0.0085","7.72","25.26","20.68","23.02"
"2010-12-29T05:00:00.000Z","7.74","7.75","7.72","7.72","1,011,464","81.15","7.58","7.72","7.58","0.1432","7.45","0.0696","0.0790","-0.0094","7.72","24.85","20.05","22.14"
"2010-12-30T05:00:00.000Z","7.73","7.73","7.71","7.72","872,320","72.38","7.60","7.72","7.58","0.1411","7.47","0.0656","0.0763","-0.0107","7.72","24.17","20.80","21.10"
"2010-12-31T05:00:00.000Z","7.71","7.71","7.66","7.69","2,195,512","54.88","7.61","7.70","7.59","0.1323","7.48","0.0597","0.0730","-0.0133","7.72","22.81","24.17","19.80"
"2011-01-03T05:00:00.000Z","7.76","7.83","7.75","7.78","2,442,096","100.73","7.63","7.73","7.59","0.1425","7.49","0.0614","0.0707","-0.0093","7.72","30.78","20.95","19.74"
"2011-01-04T05:00:00.000Z","7.83","7.83","7.73","7.79","1,576,344","94.91","7.64","7.78","7.59","0.1438","7.50","0.0628","0.0691","-0.0063","7.73","27.98","21.13","19.33"
"2011-01-05T05:00:00.000Z","7.78","7.85","7.76","7.84","949,864","108.00","7.65","7.82","7.60","0.1433","7.52","0.0676","0.0688","-0.0012","7.74","27.66","19.45","19.19"
"2011-01-06T05:00:00.000Z","7.87","7.92","7.85","7.91","1,718,256","135.77","7.67","7.88","7.61","0.1575","7.53","0.0759","0.0702","0.0057","7.75","32.29","18.11","19.83"
"2011-01-07T05:00:00.000Z","7.92","7.92","7.81","7.89","1,118,920","121.00","7.68","7.90","7.61","0.1790","7.54","0.0801","0.0722","0.0079","7.76","29.07","19.42","19.83"
"2011-01-10T05:00:00.000Z","7.87","7.93","7.84","7.92","1,030,368","123.61","7.70","7.90","7.62","0.1834","7.56","0.0845","0.0746","0.0098","7.77","27.30","17.83","19.92"
"2011-01-11T05:00:00.000Z","7.96","7.96","7.90","7.93","1,399,680","134.17","7.71","7.92","7.63","0.1985","7.57","0.0880","0.0773","0.0107","7.79","28.56","16.97","20.31"
"2011-01-12T05:00:00.000Z","7.97","8.00","7.95","8.00","2,066,848","153.33","7.74","7.97","7.65","0.2148","7.58","0.0956","0.0810","0.0146","7.81","31.08","15.82","21.19"
"2011-01-13T05:00:00.000Z","8.00","8.02","7.97","8.00","1,365,536","156.61","7.75","8.00","7.67","0.2219","7.59","0.0998","0.0847","0.0151","7.84","31.07","15.14","22.14"
"2011-01-14T05:00:00.000Z","8.00","8.07","7.98","8.07","1,210,608","178.08","7.77","8.03","7.69","0.2369","7.61","0.1081","0.0894","0.0187","7.86","33.69","13.81","23.55"
"2011-01-18T05:00:00.000Z","8.03","8.11","8.00","8.11","2,240,528","188.11","7.79","8.09","7.71","0.2519","7.62","0.1162","0.0948","0.0215","7.88","33.77","12.42","25.16"
"2011-01-19T05:00:00.000Z","8.13","8.13","8.00","8.02","1,692,400","168.81","7.80","8.07","7.72","0.2571","7.63","0.1146","0.0987","0.0159","7.91","31.37","11.05","26.79"
"2011-01-20T05:00:00.000Z","7.99","7.99","7.88","7.95","2,467,936","106.27","7.81","7.99","7.73","0.2346","7.64","0.1061","0.1002","0.0059","7.93","27.48","20.09","25.98"
"2011-01-21T05:00:00.000Z","8.01","8.01","7.90","7.90","1,306,120","100.12","7.82","7.93","7.75","0.2149","7.65","0.0946","0.0991","-0.0045","7.95","26.88","18.31","25.48"
"2011-01-24T05:00:00.000Z","7.91","8.02","7.90","8.02","2,143,512","112.10","7.83","7.96","7.76","0.1903","7.66","0.0935","0.0980","-0.0044","7.96","24.91","16.56","25.10"
"2011-01-25T05:00:00.000Z","8.00","8.03","7.96","8.03","1,379,976","119.52","7.84","8.02","7.77","0.1680","7.67","0.0926","0.0969","-0.0043","7.97","24.84","15.64","24.93"
"2011-01-26T05:00:00.000Z","8.05","8.11","8.03","8.09","1,869,400","142.57","7.85","8.06","7.79","0.1577","7.69","0.0954","0.0966","-0.0012","7.99","29.34","14.62","25.54"
"2011-01-27T05:00:00.000Z","8.10","8.16","8.09","8.13","1,373,488","154.85","7.86","8.11","7.81","0.1821","7.70","0.0996","0.0972","0.0024","8.00","31.53","13.76","26.52"
"2011-01-28T05:00:00.000Z","8.14","8.14","7.91","7.94","2,124,688","88.99","7.87","8.03","7.82","0.1870","7.70","0.0869","0.0951","-0.0082","8.02","26.13","24.22","24.90"
"2011-01-31T05:00:00.000Z","7.96","8.00","7.91","7.99","1,912,920","69.79","7.88","7.97","7.83","0.1798","7.71","0.0802","0.0922","-0.0119","8.02","24.48","22.69","23.39"
"2011-02-01T05:00:00.000Z","8.04","8.16","8.04","8.15","2,310,336","134.21","7.90","8.07","7.85","0.1899","7.72","0.0863","0.0910","-0.0047","8.03","33.21","19.94","23.50"
"2011-02-02T05:00:00.000Z","8.14","8.20","8.13","8.17","1,204,544","147.95","7.91","8.16","7.86","0.1956","7.73","0.0922","0.0912","0.0009","8.04","33.90","18.90","23.85"
"2011-02-03T05:00:00.000Z","8.16","8.20","8.09","8.18","1,363,128","135.11","7.93","8.18","7.87","0.1869","7.74","0.0965","0.0923","0.0042","8.05","31.30","20.03","23.72"
"2011-02-04T05:00:00.000Z","8.20","8.25","8.18","8.25","1,210,360","156.47","7.94","8.22","7.89","0.2086","7.75","0.1041","0.0946","0.0095","8.06","33.44","18.96","24.00"
"2011-02-07T05:00:00.000Z","8.28","8.34","8.27","8.30","2,445,232","177.15","7.96","8.27","7.90","0.2609","7.76","0.1127","0.0983","0.0144","8.08","37.68","17.72","24.86"
"2011-02-08T05:00:00.000Z","8.32","8.33","8.28","8.33","2,802,968","168.91","7.98","8.31","7.92","0.2838","7.77","0.1208","0.1028","0.0180","8.10","36.08","16.97","25.65"
"2011-02-09T05:00:00.000Z","8.32","8.34","8.28","8.31","2,588,736","156.83","8.00","8.32","7.93","0.2968","7.79","0.1240","0.1070","0.0170","8.12","35.05","16.21","26.45"
"2011-02-10T05:00:00.000Z","8.23","8.29","8.21","8.28","1,124,256","129.70","8.02","8.29","7.95","0.3025","7.80","0.1228","0.1102","0.0126","8.15","32.38","20.58","26.15"
"2011-02-11T05:00:00.000Z","8.27","8.33","8.25","8.32","1,234,632","136.19","8.04","8.30","7.96","0.3003","7.82","0.1234","0.1128","0.0106","8.17","32.93","19.35","26.14"
"2011-02-14T05:00:00.000Z","8.33","8.37","8.32","8.34","3,215,560","145.62","8.06","8.33","7.98","0.2891","7.84","0.1246","0.1152","0.0094","8.19","34.84","18.57","26.45"
"2011-02-15T05:00:00.000Z","8.33","8.33","8.28","8.30","1,653,400","123.73","8.08","8.32","7.99","0.2725","7.85","0.1209","0.1163","0.0046","8.21","33.01","20.99","26.15"
"2011-02-16T05:00:00.000Z","8.34","8.37","8.31","8.37","1,702,040","133.47","8.10","8.33","8.01","0.2614","7.87","0.1216","0.1174","0.0042","8.22","34.40","19.72","26.22"
"2011-02-17T05:00:00.000Z","8.34","8.40","8.32","8.38","1,484,304","130.53","8.12","8.37","8.02","0.2643","7.88","0.1221","0.1183","0.0038","8.25","34.14","18.51","26.46"
"2011-02-18T05:00:00.000Z","8.40","8.40","8.35","8.38","1,528,560","126.09","8.13","8.38","8.04","0.2616","7.90","0.1207","0.1188","0.0019","8.28","33.12","17.64","26.75"
"2011-02-22T05:00:00.000Z","8.26","8.29","8.13","8.15","2,491,216","55.01","8.14","8.26","8.05","0.2232","7.91","0.0999","0.1150","-0.0151","8.29","26.99","30.83","25.32"
"2011-02-23T05:00:00.000Z","8.12","8.12","7.96","8.03","2,467,304","-6.67","8.15","8.09","8.06","0.1621","7.92","0.0730","0.1066","-0.0336","8.29","23.37","39.10","25.31"
"2011-02-24T05:00:00.000Z","8.04","8.09","7.97","8.07","1,196,528","-7.34","8.15","8.05","8.07","0.0929","7.93","0.0541","0.0961","-0.0420","8.27","21.45","35.90","25.30"
"2011-02-25T05:00:00.000Z","8.12","8.19","8.12","8.18","2,049,352","38.38","8.16","8.12","8.08","0.0433","7.95","0.0480","0.0865","-0.0385","8.26","26.42","32.83","24.26"
"2011-02-28T05:00:00.000Z","8.22","8.24","8.14","8.19","1,556,592","46.39","8.16","8.19","8.09","-0.0033","7.96","0.0431","0.0778","-0.0347","8.26","28.20","30.53","22.81"
"2011-03-01T05:00:00.000Z","8.23","8.23","8.02","8.04","1,626,624","1.63","8.16","8.11","8.10","-0.0280","7.97","0.0270","0.0676","-0.0407","8.25","24.48","34.02","22.35"
"2011-03-02T05:00:00.000Z","8.03","8.14","8.03","8.08","1,550,624","-7.87","8.16","8.06","8.11","-0.0233","7.97","0.0175","0.0576","-0.0401","8.23","22.61","31.43","21.92"
"2011-03-03T05:00:00.000Z","8.17","8.25","8.17","8.23","1,679,784","51.36","8.17","8.16","8.12","0.0048","7.98","0.0214","0.0504","-0.0290","8.23","26.63","28.25","20.56"
"2011-03-04T05:00:00.000Z","8.23","8.24","8.13","8.18","1,454,872","33.74","8.18","8.20","8.13","0.0063","7.99","0.0204","0.0444","-0.0240","8.22","24.77","28.46","19.59"
"2011-03-07T05:00:00.000Z","8.22","8.23","7.99","8.06","1,325,728","-18.65","8.18","8.12","8.13","-0.0123","8.00","0.0095","0.0374","-0.0279","8.21","21.36","32.69","19.69"
"2011-03-08T05:00:00.000Z","8.07","8.15","8.01","8.12","1,066,456","-22.12","8.18","8.09","8.14","-0.0219","8.01","0.0056","0.0310","-0.0255","8.19","19.68","30.12","19.78"
"2011-03-09T05:00:00.000Z","8.09","8.10","8.02","8.05","1,432,912","-47.65","8.19","8.08","8.14","-0.0275","8.01","-0.0028","0.0243","-0.0271","8.17","18.56","28.41","19.86"
"2011-03-10T05:00:00.000Z","7.95","7.95","7.87","7.88","1,984,032","-136.47","8.18","7.97","8.14","-0.0860","8.01","-0.0226","0.0149","-0.0375","8.13","16.66","33.89","20.88"
"2011-03-11T05:00:00.000Z","7.84","7.96","7.83","7.93","1,333,288","-130.02","8.17","7.91","8.14","-0.1428","8.02","-0.0341","0.0051","-0.0392","8.10","15.53","33.50","22.01"
"2011-03-14T04:00:00.000Z","7.89","7.94","7.85","7.89","1,263,200","-133.55","8.17","7.91","8.13","-0.1839","8.02","-0.0458","-0.0051","-0.0407","8.08","14.68","31.66","23.05"
"2011-03-15T04:00:00.000Z","7.67","7.82","7.62","7.78","3,977,152","-203.85","8.16","7.84","8.13","-0.2478","8.02","-0.0633","-0.0167","-0.0466","8.06","12.59","39.06","25.07"
"2011-03-16T04:00:00.000Z","7.74","7.78","7.54","7.58","2,811,272","-235.02","8.14","7.68","8.11","-0.3153","8.02","-0.0919","-0.0318","-0.0601","8.03","11.08","38.42","27.22"
"2011-03-17T04:00:00.000Z","7.69","7.73","7.64","7.65","3,178,408","-196.76","8.13","7.62","8.10","-0.3469","8.02","-0.1082","-0.0470","-0.0611","7.99","10.25","35.55","29.22"
"2011-03-18T04:00:00.000Z","7.76","7.76","7.66","7.67","1,417,464","-178.25","8.11","7.66","8.10","-0.3752","8.02","-0.1183","-0.0613","-0.0570","7.95","10.90","33.57","30.78"
"2011-03-21T04:00:00.000Z","7.78","7.86","7.76","7.82","1,437,256","-122.31","8.10","7.74","8.10","-0.3886","8.02","-0.1128","-0.0716","-0.0412","7.93","14.74","30.41","31.06"
"2011-03-22T04:00:00.000Z","7.83","7.83","7.78","7.80","1,451,936","-119.30","8.08","7.81","8.09","-0.3627","8.02","-0.1088","-0.0790","-0.0298","7.90","14.35","29.62","31.32"
"2011-03-23T04:00:00.000Z","7.78","7.86","7.74","7.84","1,217,712","-109.48","8.06","7.82","8.08","-0.3242","8.02","-0.1008","-0.0834","-0.0174","7.87","13.42","30.12","31.82"
"2011-03-24T04:00:00.000Z","7.89","7.98","7.86","7.97","1,754,912","-57.59","8.05","7.91","8.08","-0.2718","8.03","-0.0833","-0.0834","0","7.84","18.62","28.01","30.99"
"2011-03-25T04:00:00.000Z","8.02","8.04","7.98","7.99","1,621,768","-27.65","8.04","7.98","8.08","-0.2045","8.03","-0.0668","-0.0800","0.0133","7.84","21.54","26.87","29.56"
"2011-03-28T04:00:00.000Z","8.01","8.03","7.95","7.95","1,494,256","-38.75","8.03","7.97","8.08","-0.1585","8.04","-0.0562","-0.0753","0.0191","7.83","20.54","27.59","28.50"
"2011-03-29T04:00:00.000Z","7.94","8.01","7.91","8.01","1,653,896","-41.10","8.02","7.98","8.08","-0.1187","8.04","-0.0432","-0.0689","0.0257","7.83","19.39","28.46","27.82"
"2011-03-30T04:00:00.000Z","8.05","8.05","8.01","8.03","1,157,848","-17.22","8.01","8.02","8.08","-0.0642","8.05","-0.0302","-0.0611","0.0309","7.85","21.55","27.70","26.72"
"2011-03-31T04:00:00.000Z","8.04","8.04","8.01","8.03","843,536","-17.80","8.00","8.03","8.07","-0.0360","8.05","-0.0201","-0.0529","0.0328","7.86","21.04","27.24","25.73"
"2011-04-01T04:00:00.000Z","8.08","8.08","7.98","8.01","1,537,128","-18.36","7.99","8.02","8.07","-0.0252","8.05","-0.0138","-0.0451","0.0313","7.89","21.87","25.64","24.46"
"2011-04-04T04:00:00.000Z","8.03","8.03","7.94","7.97","811,240","-32.73","7.97","7.99","8.06","-0.0156","8.05","-0.0116","-0.0384","0.0268","7.91","20.63","26.94","23.66"
"2011-04-05T04:00:00.000Z","7.96","8.03","7.96","7.97","1,279,048","-26.62","7.97","7.97","8.05","0.0017","8.05","-0.0093","-0.0326","0.0233","7.93","19.85","25.71","22.89"
"2011-04-06T04:00:00.000Z","8.02","8.05","7.98","8.03","1,713,504","-11.43","7.97","8.00","8.05","0.0085","8.06","-0.0029","-0.0266","0.0238","7.95","20.12","24.41","21.94"
"2011-04-07T04:00:00.000Z","8.03","8.07","7.97","8.02","1,175,184","-8.18","7.97","8.03","8.04","0.0176","8.06","0.0016","-0.0210","0.0226","7.97","19.97","22.88","20.86"
"2011-04-08T04:00:00.000Z","8.06","8.06","7.95","7.98","1,172,672","-17.65","7.96","8.00","8.03","0.0233","8.06","0.0014","-0.0165","0.0180","7.99","18.40","23.08","20.17"
"2011-04-11T04:00:00.000Z","7.98","8.00","7.92","7.96","924,544","-32.01","7.95","7.97","8.02","0.0256","8.06","-0.0005","-0.0133","0.0128","8.01","17.49","23.45","19.77"
"2011-04-12T04:00:00.000Z","7.92","7.92","7.84","7.88","996,224","-65.80","7.95","7.92","8.01","0.0072","8.05","-0.0081","-0.0123","0.0042","8.01","16.13","27.16","20.18"
"2011-04-13T04:00:00.000Z","7.93","7.97","7.89","7.94","1,132,112","-35.71","7.94","7.91","8.00","-0.0062","8.05","-0.0092","-0.0117","0.0024","8.00","18.74","25.39","19.81"
"2011-04-14T04:00:00.000Z","7.89","7.92","7.84","7.92","1,452,392","-52.67","7.93","7.93","7.99","-0.0257","8.05","-0.0116","-0.0116","0","7.99","17.51","27.14","19.94"
"2011-04-15T04:00:00.000Z","7.90","7.92","7.86","7.90","871,584","-50.49","7.92","7.91","7.98","-0.0397","8.05","-0.0150","-0.0123","-0.0026","7.99","16.71","25.90","20.05"
"2011-04-18T04:00:00.000Z","7.82","7.83","7.73","7.83","2,813,032","-101.05","7.91","7.86","7.96","-0.0655","8.05","-0.0232","-0.0145","-0.0087","7.97","14.76","31.69","21.23"
"2011-04-19T04:00:00.000Z","7.84","7.86","7.80","7.86","860,944","-71.38","7.90","7.84","7.96","-0.0687","8.04","-0.0269","-0.0170","-0.0099","7.96","16.11","30.37","21.90"
"2011-04-20T04:00:00.000Z","8.00","8.06","7.98","8.05","1,664,608","43.23","7.90","7.95","7.96","-0.0461","8.04","-0.0140","-0.0164","0.0024","7.95","27.23","26.34","20.45"
"2011-04-21T04:00:00.000Z","8.12","8.13","8.08","8.12","1,353,568","88.75","7.91","8.09","7.96","0.0003","8.05","0.0019","-0.0127","0.0146","7.96","30.35","25.03","19.68"
"2011-04-25T04:00:00.000Z","8.13","8.15","8.11","8.14","1,223,880","105.05","7.92","8.13","7.96","0.0480","8.05","0.0160","-0.0070","0.0230","7.97","31.33","24.30","19.18"
"2011-04-26T04:00:00.000Z","8.16","8.23","8.14","8.20","1,128,208","139.50","7.93","8.17","7.96","0.1267","8.05","0.0317","0.0008","0.0310","7.98","35.13","22.77","19.33"
"2011-04-27T04:00:00.000Z","8.22","8.25","8.17","8.24","753,736","151.85","7.95","8.22","7.96","0.1992","8.05","0.0469","0.0100","0.0369","8.00","34.65","21.45","19.63"
"2011-04-28T04:00:00.000Z","8.23","8.26","8.21","8.24","950,744","152.74","7.97","8.24","7.97","0.2325","8.06","0.0583","0.0197","0.0387","8.01","33.59","20.74","19.92"
"2011-04-29T04:00:00.000Z","8.26","8.27","8.23","8.27","847,688","162.48","7.99","8.26","7.97","0.2515","8.06","0.0689","0.0295","0.0394","8.03","33.81","19.98","20.33"
"2011-05-02T04:00:00.000Z","8.30","8.30","8.21","8.22","1,697,816","151.24","8.01","8.25","7.97","0.2653","8.06","0.0722","0.0380","0.0342","8.06","33.29","18.57","20.91"
"2011-05-03T04:00:00.000Z","8.22","8.22","8.12","8.18","1,123,168","110.52","8.02","8.20","7.97","0.2486","8.06","0.0706","0.0445","0.0260","8.08","30.71","23.83","20.31"
"2011-05-04T04:00:00.000Z","8.17","8.20","8.09","8.15","1,888,552","93.96","8.03","8.17","7.97","0.2199","8.05","0.0666","0.0490","0.0177","8.11","28.17","24.45","19.37"
"2011-05-05T04:00:00.000Z","8.12","8.21","8.09","8.12","673,920","89.34","8.04","8.14","7.98","0.1902","8.05","0.0600","0.0512","0.0088","8.12","26.99","22.26","18.67"
"2011-05-06T04:00:00.000Z","8.21","8.25","8.13","8.15","1,778,016","102.37","8.05","8.14","7.98","0.1639","8.05","0.0569","0.0523","0.0046","8.15","27.15","20.14","18.39"
"2011-05-09T04:00:00.000Z","8.16","8.21","8.14","8.19","871,400","97.96","8.05","8.17","7.99","0.1377","8.05","0.0566","0.0532","0.0034","8.18","25.65","19.03","18.14"
"2011-05-10T04:00:00.000Z","8.22","8.27","8.20","8.26","1,275,128","122.06","8.06","8.23","8.00","0.1377","8.05","0.0615","0.0548","0.0067","8.19","28.51","17.87","18.48"
"2011-05-11T04:00:00.000Z","8.26","8.28","8.15","8.19","1,136,552","100.47","8.07","8.23","8.01","0.1404","8.04","0.0591","0.0557","0.0035","8.21","25.70","19.54","18.14"
"2011-05-12T04:00:00.000Z","8.16","8.26","8.12","8.24","845,832","97.11","8.08","8.22","8.03","0.1400","8.04","0.0607","0.0567","0.0040","8.21","23.07","19.65","17.41"
"2011-05-13T04:00:00.000Z","8.23","8.24","8.14","8.15","809,856","76.74","8.08","8.20","8.04","0.1356","8.04","0.0536","0.0561","-0.0025","8.21","21.43","18.26","16.74"
"2011-05-16T04:00:00.000Z","8.11","8.15","8.00","8.02","1,300,152","6.66","8.08","8.08","8.05","0.1128","8.03","0.0369","0.0522","-0.0153","8.20","19.18","26.40","16.68"
"2011-05-17T04:00:00.000Z","7.97","7.99","7.90","7.99","1,716,784","-48.59","8.08","8.01","8.05","0.0560","8.03","0.0216","0.0461","-0.0245","8.18","17.67","30.84","17.42"
"2011-05-18T04:00:00.000Z","7.99","8.09","7.99","8.07","733,008","-2.14","8.08","8.03","8.06","0.0203","8.03","0.0155","0.0400","-0.0245","8.16","22.87","28.77","16.99"
"2011-05-19T04:00:00.000Z","8.09","8.10","8.04","8.08","760,536","8.80","8.09","8.08","8.06","-0.0054","8.03","0.0115","0.0343","-0.0228","8.15","22.79","27.40","16.44"
"2011-05-20T04:00:00.000Z","8.08","8.09","8.03","8.03","718,072","-7.33","8.09","8.06","8.07","-0.0329","8.03","0.0043","0.0283","-0.0240","8.14","21.71","26.64","15.99"
"2011-05-23T04:00:00.000Z","7.94","7.94","7.88","7.90","1,139,024","-98.73","8.08","7.97","8.06","-0.0643","8.02","-0.0119","0.0202","-0.0322","8.12","19.34","34.20","16.83"
"2011-05-24T04:00:00.000Z","7.92","7.93","7.85","7.86","923,824","-109.53","8.08","7.88","8.06","-0.0725","8.02","-0.0277","0.0106","-0.0384","8.10","18.31","33.85","17.76"
"2011-05-25T04:00:00.000Z","7.84","7.94","7.84","7.91","722,536","-99.12","8.08","7.88","8.06","-0.0990","8.01","-0.0362","0.0013","-0.0375","8.07","16.99","32.65","18.74"
"2011-05-26T04:00:00.000Z","7.89","7.98","7.89","7.96","1,029,016","-66.26","8.08","7.93","8.06","-0.1233","8.01","-0.0381","-0.0066","-0.0315","8.05","18.62","30.68","19.15"
"2011-05-27T04:00:00.000Z","7.97","8.01","7.97","8.01","612,800","-33.89","8.09","7.98","8.06","-0.1367","8.01","-0.0356","-0.0124","-0.0232","8.03","20.47","29.53","19.08"
"2011-05-31T04:00:00.000Z","8.09","8.12","8.04","8.12","801,104","24.34","8.09","8.06","8.06","-0.1050","8.01","-0.0238","-0.0147","-0.0091","8.02","26.77","27.00","17.74"
"2011-06-01T04:00:00.000Z","8.10","8.13","7.94","7.94","1,577,584","-30.10","8.10","8.03","8.06","-0.0807","8.01","-0.0287","-0.0175","-0.0112","8.02","23.31","30.23","17.40"
"2011-06-02T04:00:00.000Z","7.97","7.99","7.92","7.95","1,273,600","-59.69","8.10","7.95","8.06","-0.0677","8.00","-0.0316","-0.0203","-0.0113","8.00","22.14","30.11","17.25"
"2011-06-03T04:00:00.000Z","7.85","7.91","7.82","7.83","1,201,104","-112.32","8.09","7.89","8.05","-0.0810","8.00","-0.0429","-0.0248","-0.0181","7.98","20.20","34.24","17.86"
"2011-06-06T04:00:00.000Z","7.82","7.85","7.76","7.77","1,123,136","-137.53","8.08","7.80","8.05","-0.1157","8.00","-0.0566","-0.0312","-0.0254","7.97","19.05","36.17","18.80"
"2011-06-07T04:00:00.000Z","7.79","7.81","7.75","7.75","540,136","-140.07","8.07","7.76","8.04","-0.1759","7.99","-0.0681","-0.0386","-0.0295","7.95","18.17","35.66","19.77"
"2011-06-08T04:00:00.000Z","7.72","7.73","7.65","7.67","1,120,984","-170.99","8.05","7.71","8.03","-0.2408","7.99","-0.0822","-0.0473","-0.0349","7.92","16.94","40.01","21.25"
"2011-06-09T04:00:00.000Z","7.68","7.72","7.66","7.69","921,112","-160.71","8.03","7.68","8.03","-0.2844","7.99","-0.0913","-0.0561","-0.0352","7.89","16.18","38.21","22.63"
"2011-06-10T04:00:00.000Z","7.65","7.67","7.57","7.58","1,331,048","-185.31","8.01","7.63","8.02","-0.3197","7.99","-0.1062","-0.0661","-0.0401","7.87","14.81","41.47","24.40"
"2011-06-13T04:00:00.000Z","7.58","7.61","7.54","7.56","1,419,592","-185.39","7.99","7.57","8.01","-0.3494","7.99","-0.1179","-0.0765","-0.0415","7.84","14.05","41.45","26.18"
"2011-06-14T04:00:00.000Z","7.63","7.70","7.63","7.67","1,424,584","-137.79","7.97","7.62","8.01","-0.3575","7.99","-0.1172","-0.0846","-0.0326","7.83","18.79","37.45","26.68"
"2011-06-15T04:00:00.000Z","7.61","7.64","7.51","7.53","1,097,248","-170.49","7.95","7.60","8.00","-0.3616","7.98","-0.1261","-0.0929","-0.0332","7.81","16.80","41.59","27.81"
"2011-06-16T04:00:00.000Z","7.53","7.55","7.43","7.49","1,420,416","-184.45","7.92","7.51","7.99","-0.3799","7.98","-0.1353","-0.1014","-0.0339","7.77","15.34","44.04","29.27"
"2011-06-17T04:00:00.000Z","7.55","7.57","7.45","7.47","992,936","-164.71","7.90","7.48","7.97","-0.3797","7.97","-0.1426","-0.1096","-0.0329","7.73","15.30","40.44","30.40"
"2011-06-20T04:00:00.000Z","7.44","7.52","7.43","7.50","501,752","-155.62","7.88","7.48","7.96","-0.3769","7.96","-0.1444","-0.1166","-0.0278","7.68","14.45","39.22","31.53"
"2011-06-21T04:00:00.000Z","7.53","7.67","7.51","7.65","1,043,488","-107.17","7.86","7.57","7.95","-0.3752","7.96","-0.1317","-0.1196","-0.0121","7.65","22.59","34.86","30.80"
"2011-06-22T04:00:00.000Z","7.63","7.67","7.60","7.60","1,098,560","-96.75","7.84","7.63","7.93","-0.3490","7.95","-0.1245","-0.1206","-0.0039","7.63","21.71","33.24","30.10"
"2011-06-23T04:00:00.000Z","7.52","7.68","7.50","7.68","900,632","-92.40","7.82","7.64","7.92","-0.3127","7.95","-0.1113","-0.1187","0.0075","7.60","19.25","35.82","30.10"
"2011-06-24T04:00:00.000Z","7.65","7.65","7.53","7.55","865,400","-98.81","7.80","7.61","7.90","-0.2789","7.94","-0.1097","-0.1169","0.0072","7.59","17.54","32.63","30.10"
"2011-06-27T04:00:00.000Z","7.54","7.68","7.53","7.65","838,704","-82.10","7.78","7.60","7.88","-0.2366","7.93","-0.0994","-0.1134","0.0140","7.58","17.74","29.57","29.73"
"2011-06-28T04:00:00.000Z","7.67","7.75","7.67","7.75","803,144","-46.26","7.77","7.70","7.87","-0.1965","7.93","-0.0818","-0.1071","0.0253","7.58","21.16","27.65","28.56"
"2011-06-29T04:00:00.000Z","7.77","7.81","7.73","7.81","981,320","-26.26","7.77","7.78","7.86","-0.1562","7.92","-0.0629","-0.0982","0.0354","7.59","23.78","26.13","26.86"
"2011-06-30T04:00:00.000Z","7.84","7.93","7.84","7.92","932,912","11.94","7.76","7.86","7.86","-0.0882","7.92","-0.0383","-0.0863","0.0480","7.61","29.18","24.14","25.61"
"2011-07-01T04:00:00.000Z","7.93","8.06","7.90","8.05","3,148,064","49.06","7.76","7.98","7.85","-0.0043","7.92","-0.0083","-0.0707","0.0623","7.63","34.36","21.85","25.37"
"2011-07-05T04:00:00.000Z","8.05","8.07","8.02","8.06","1,477,912","67.69","7.76","8.06","7.85","0.0854","7.92","0.0166","-0.0532","0.0698","7.67","34.14","21.20","25.23"
"2011-07-06T04:00:00.000Z","8.05","8.11","8.02","8.10","2,177,352","77.52","7.77","8.08","7.85","0.1529","7.93","0.0386","-0.0349","0.0734","7.71","34.80","19.96","25.37"
"2011-07-07T04:00:00.000Z","8.15","8.24","8.15","8.21","1,239,576","120.35","7.78","8.15","7.85","0.2333","7.93","0.0644","-0.0150","0.0794","7.75","39.65","18.21","26.20"
"2011-07-08T04:00:00.000Z","8.13","8.17","8.08","8.17","840,896","102.12","7.79","8.19","7.85","0.2807","7.94","0.0808","0.0041","0.0766","7.81","36.46","21.08","26.24"
"2011-07-11T04:00:00.000Z","8.09","8.13","7.99","8.02","1,367,368","71.19","7.79","8.09","7.84","0.2966","7.94","0.0801","0.0193","0.0608","7.85","32.51","24.32","25.39"
"2011-07-12T04:00:00.000Z","8.00","8.00","7.92","7.93","553,608","40.76","7.79","7.97","7.84","0.2777","7.94","0.0717","0.0298","0.0419","7.88","30.63","27.30","23.99"
"2011-07-13T04:00:00.000Z","7.97","8.04","7.93","7.95","763,688","50.20","7.78","7.94","7.84","0.2586","7.94","0.0659","0.0370","0.0288","7.91","31.13","25.35","23.01"
"2011-07-14T04:00:00.000Z","7.96","8.02","7.84","7.87","628,680","28.67","7.78","7.91","7.83","0.2049","7.94","0.0543","0.0405","0.0138","7.94","27.80","27.65","21.38"
"2011-07-15T04:00:00.000Z","7.96","7.97","7.90","7.97","785,776","43.27","7.78","7.92","7.83","0.1665","7.94","0.0526","0.0429","0.0097","7.97","26.11","25.98","19.87"
"2011-07-18T04:00:00.000Z","7.92","7.96","7.86","7.92","674,640","32.55","7.78","7.94","7.83","0.1387","7.94","0.0468","0.0437","0.0031","7.99","24.36","27.03","18.82"
"2011-07-19T04:00:00.000Z","8.00","8.14","8.00","8.13","2,582,264","100.53","7.80","8.03","7.83","0.1615","7.94","0.0589","0.0467","0.0121","8.00","31.56","23.64","18.50"
"2011-07-20T04:00:00.000Z","8.19","8.19","8.08","8.10","829,880","106.89","7.81","8.12","7.83","0.1889","7.94","0.0647","0.0503","0.0144","8.03","32.46","22.13","18.53"
"2011-07-21T04:00:00.000Z","8.10","8.16","8.03","8.13","1,096,624","96.25","7.82","8.11","7.84","0.2178","7.94","0.0710","0.0545","0.0166","8.04","30.05","23.25","18.12"
"2011-07-22T04:00:00.000Z","8.13","8.24","8.13","8.23","1,805,896","122.33","7.84","8.18","7.85","0.2588","7.94","0.0829","0.0601","0.0228","8.05","32.63","21.76","18.25"
"2011-07-25T04:00:00.000Z","8.14","8.25","8.13","8.20","967,656","114.61","7.86","8.22","7.85","0.3039","7.94","0.0895","0.0660","0.0235","8.06","30.84","20.29","18.42"
"2011-07-26T04:00:00.000Z","8.20","8.26","8.19","8.23","713,792","120.10","7.88","8.22","7.86","0.3213","7.93","0.0956","0.0719","0.0237","8.06","30.29","19.40","18.67"
"2011-07-27T04:00:00.000Z","8.15","8.15","7.96","7.98","1,177,800","57.48","7.89","8.10","7.86","0.2948","7.93","0.0794","0.0734","0.0060","8.06","25.89","28.88","17.73"
"2011-07-28T04:00:00.000Z","7.97","8.07","7.94","7.98","2,747,848","46.37","7.91","7.98","7.86","0.2674","7.93","0.0657","0.0719","-0.0062","8.05","23.97","28.04","17.02"
"2011-07-29T04:00:00.000Z","7.90","8.00","7.85","7.91","1,691,624","20.80","7.92","7.94","7.86","0.2055","7.92","0.0486","0.0672","-0.0186","8.05","22.01","30.65","16.98"
"2011-08-01T04:00:00.000Z","8.02","8.04","7.79","7.88","2,193,888","15.56","7.94","7.90","7.86","0.1405","7.92","0.0327","0.0603","-0.0276","8.05","19.31","29.62","17.27"
"2011-08-02T04:00:00.000Z","7.83","7.90","7.70","7.71","1,515,296","-28.16","7.94","7.80","7.86","0.0517","7.91","0.0059","0.0494","-0.0436","8.04","17.41","31.27","18.07"
"2011-08-03T04:00:00.000Z","7.71","7.82","7.60","7.81","5,162,160","-35.73","7.95","7.76","7.86","-0.0212","7.91","-0.0068","0.0382","-0.0450","8.02","15.61","32.67","19.30"
"2011-08-04T04:00:00.000Z","7.71","7.72","7.45","7.45","4,164,760","-100.77","7.94","7.63","7.85","-0.1089","7.89","-0.0459","0.0214","-0.0673","8.01","13.13","34.34","21.12"
"2011-08-05T04:00:00.000Z","7.53","7.54","7.16","7.38","4,933,296","-147.89","7.93","7.41","7.84","-0.2185","7.88","-0.0814","0.0008","-0.0822","7.97","11.16","40.34","23.65"
"2011-08-08T04:00:00.000Z","7.13","7.26","6.93","6.93","4,354,256","-226.23","7.91","7.15","7.83","-0.3714","7.86","-0.1441","-0.0282","-0.1159","7.89","9.37","42.18","26.51"
"2011-08-09T04:00:00.000Z","7.00","7.25","6.82","7.25","6,289,120","-193.30","7.90","7.09","7.82","-0.5083","7.84","-0.1664","-0.0558","-0.1106","7.80","8.04","39.82","29.36"
"2011-08-10T04:00:00.000Z","7.12","7.20","6.95","6.97","6,026,968","-193.60","7.87","7.11","7.80","-0.6195","7.82","-0.2043","-0.0855","-0.1187","7.72","7.28","36.08","32.01"
"2011-08-11T04:00:00.000Z","7.05","7.36","7.05","7.27","3,138,552","-138.96","7.86","7.12","7.80","-0.6840","7.81","-0.2071","-0.1098","-0.0973","7.64","11.37","31.77","33.10"
"2011-08-12T04:00:00.000Z","7.34","7.38","7.25","7.33","1,303,544","-112.99","7.84","7.30","7.79","-0.6835","7.80","-0.2023","-0.1283","-0.0740","7.57","11.60","30.46","33.94"
"2011-08-15T04:00:00.000Z","7.38","7.47","7.36","7.47","1,719,816","-84.80","7.82","7.40","7.79","-0.6136","7.79","-0.1853","-0.1397","-0.0456","7.52","14.01","29.10","34.01"
"2011-08-16T04:00:00.000Z","7.39","7.46","7.29","7.38","1,640,856","-96.73","7.79","7.42","7.79","-0.5357","7.78","-0.1769","-0.1472","-0.0298","7.47","13.21","29.62","34.32"
"2011-08-17T04:00:00.000Z","7.40","7.44","7.25","7.32","1,168,448","-101.92","7.77","7.35","7.78","-0.4689","7.77","-0.1734","-0.1524","-0.0210","7.43","12.37","29.22","34.76"
"2011-08-18T04:00:00.000Z","7.11","7.11","6.85","6.92","1,929,712","-173.56","7.73","7.12","7.76","-0.4870","7.75","-0.2007","-0.1621","-0.0387","7.36","10.61","37.23","36.25"
"2011-08-19T04:00:00.000Z","6.83","6.96","6.73","6.73","2,243,136","-187.23","7.68","6.82","7.74","-0.5481","7.73","-0.2342","-0.1765","-0.0577","7.29","9.86","38.51","37.89"
"2011-08-22T04:00:00.000Z","6.87","6.89","6.75","6.77","1,698,200","-171.60","7.64","6.75","7.72","-0.6319","7.71","-0.2547","-0.1921","-0.0625","7.22","9.39","36.67","39.42"
"2011-08-23T04:00:00.000Z","6.81","7.06","6.80","7.06","1,179,800","-129.56","7.61","6.92","7.71","-0.6880","7.70","-0.2453","-0.2028","-0.0425","7.15","13.83","33.47","39.57"
"2011-08-24T04:00:00.000Z","7.04","7.12","6.98","7.11","1,005,376","-103.80","7.58","7.08","7.69","-0.7133","7.68","-0.2312","-0.2085","-0.0228","7.11","15.37","31.91","39.24"
"2011-08-25T04:00:00.000Z","7.11","7.14","6.97","7.00","904,248","-101.47","7.55","7.05","7.67","-0.6662","7.66","-0.2261","-0.2120","-0.0141","7.11","15.13","30.15","38.81"
"2011-08-26T04:00:00.000Z","6.97","7.18","6.90","7.15","969,960","-89.15","7.52","7.08","7.65","-0.5965","7.65","-0.2071","-0.2110","0.0039","7.11","13.75","29.83","38.67"
"2011-08-29T04:00:00.000Z","7.24","7.38","7.24","7.38","900,352","-46.87","7.50","7.26","7.63","-0.4785","7.64","-0.1721","-0.2032","0.0311","7.12","18.98","27.69","37.24"
"2011-08-30T04:00:00.000Z","7.36","7.44","7.29","7.40","1,340,896","-37.59","7.48","7.39","7.62","-0.3726","7.64","-0.1409","-0.1908","0.0498","7.14","19.94","26.37","35.57"
"2011-08-31T04:00:00.000Z","7.45","7.50","7.35","7.40","3,991,080","-29.31","7.46","7.40","7.60","-0.2832","7.63","-0.1148","-0.1756","0.0608","7.15","20.97","25.04","33.66"
"2011-09-01T04:00:00.000Z","7.41","7.47","7.30","7.31","1,216,520","-35.58","7.43","7.35","7.58","-0.2014","7.63","-0.1003","-0.1605","0.0602","7.15","19.79","25.11","32.11"
"2011-09-02T04:00:00.000Z","7.17","7.21","7.08","7.12","970,328","-68.87","7.39","7.22","7.55","-0.1580","7.62","-0.1026","-0.1489","0.0463","7.14","18.30","30.60","31.61"
"2011-09-06T04:00:00.000Z","6.94","7.10","6.91","7.08","1,418,704","-82.63","7.36","7.10","7.53","-0.1876","7.61","-0.1063","-0.1404","0.0341","7.10","17.01","34.19","31.75"
"2011-09-07T04:00:00.000Z","7.20","7.29","7.19","7.29","1,819,584","-43.03","7.32","7.19","7.51","-0.1863","7.60","-0.0917","-0.1307","0.0390","7.11","22.35","31.82","30.73"
"2011-09-08T04:00:00.000Z","7.26","7.38","7.23","7.25","1,394,960","-36.05","7.30","7.27","7.49","-0.1867","7.60","-0.0825","-0.1210","0.0385","7.14","24.23","30.20","29.32"
"2011-09-09T04:00:00.000Z","7.20","7.23","7.04","7.08","1,203,400","-62.70","7.27","7.17","7.47","-0.2061","7.59","-0.0875","-0.1143","0.0268","7.17","22.47","34.70","28.75"
"2011-09-12T04:00:00.000Z","7.00","7.17","7.00","7.17","1,656,592","-60.95","7.25","7.13","7.45","-0.1853","7.58","-0.0833","-0.1081","0.0248","7.18","21.12","33.90","28.36"
"2011-09-13T04:00:00.000Z","7.21","7.29","7.16","7.27","1,399,088","-36.14","7.22","7.22","7.44","-0.1115","7.58","-0.0709","-0.1007","0.0298","7.19","24.40","32.34","27.33"
"2011-09-14T04:00:00.000Z","7.31","7.48","7.25","7.40","1,545,768","-8.37","7.21","7.34","7.42","-0.0664","7.58","-0.0502","-0.0906","0.0403","7.21","29.10","29.67","25.45"
"2011-09-15T04:00:00.000Z","7.48","7.54","7.41","7.53","1,777,464","18.97","7.21","7.46","7.41","-0.0163","7.58","-0.0236","-0.0772","0.0536","7.25","29.79","28.17","23.83"
"2011-09-16T04:00:00.000Z","7.55","7.60","7.53","7.58","1,060,712","40.29","7.21","7.55","7.39","0.0802","7.58","0.0020","-0.0614","0.0633","7.27","31.23","27.35","22.60"
"2011-09-19T04:00:00.000Z","7.49","7.61","7.42","7.57","1,044,344","38.92","7.22","7.58","7.38","0.1779","7.58","0.0214","-0.0448","0.0662","7.28","29.02","29.39","21.03"
"2011-09-20T04:00:00.000Z","7.62","7.67","7.52","7.53","2,062,024","55.82","7.24","7.55","7.36","0.2584","7.57","0.0328","-0.0293","0.0621","7.30","29.83","27.69","19.80"
"2011-09-21T04:00:00.000Z","7.56","7.62","7.42","7.43","1,153,408","41.73","7.24","7.48","7.34","0.2955","7.57","0.0332","-0.0168","0.0500","7.31","27.53","29.46","18.62"
"2011-09-22T04:00:00.000Z","7.21","7.28","7.07","7.17","1,966,576","-42.60","7.25","7.30","7.32","0.2467","7.56","0.0128","-0.0109","0.0237","7.31","24.02","38.27","18.93"
"2011-09-23T04:00:00.000Z","7.12","7.28","7.12","7.26","1,083,184","-24.23","7.25","7.22","7.30","0.1784","7.55","0.0037","-0.0080","0.0117","7.32","22.85","36.01","19.17"
"2011-09-26T04:00:00.000Z","7.30","7.36","7.15","7.35","1,139,648","1.68","7.25","7.31","7.29","0.1214","7.54","0.0040","-0.0056","0.0096","7.33","23.93","33.22","18.97"
"2011-09-27T04:00:00.000Z","7.49","7.57","7.41","7.45","8,513,944","73.32","7.25","7.40","7.28","0.0864","7.53","0.0120","-0.0020","0.0141","7.35","29.60","30.61","17.73"
"2011-09-28T04:00:00.000Z","7.48","7.52","7.31","7.32","1,268,176","44.97","7.25","7.38","7.27","0.0548","7.52","0.0076","-0.0001","0.0077","7.37","27.44","31.84","16.99"
"2011-09-29T04:00:00.000Z","7.44","7.45","7.17","7.30","1,788,784","22.10","7.25","7.31","7.25","0.0794","7.51","0.0023","0.0004","0.0020","7.41","24.74","33.65","16.87"
"2011-09-30T04:00:00.000Z","7.21","7.25","7.09","7.09","1,566,576","-38.64","7.25","7.20","7.24","0.0777","7.49","-0.0180","-0.0033","-0.0147","7.41","23.00","33.88","17.03"
"2011-10-03T04:00:00.000Z","7.04","7.14","6.90","6.90","2,235,728","-99.42","7.26","7.00","7.23","0.0426","7.47","-0.0490","-0.0124","-0.0366","7.38","21.13","37.73","17.83"
"2011-10-04T04:00:00.000Z","6.85","7.09","6.79","7.09","1,798,840","-94.03","7.27","7.00","7.24","-0.0544","7.45","-0.0577","-0.0215","-0.0362","7.34","19.04","37.58","18.89"
"2011-10-05T04:00:00.000Z","7.07","7.28","7.01","7.26","1,127,928","-19.37","7.27","7.17","7.24","-0.1018","7.44","-0.0507","-0.0273","-0.0233","7.30","23.60","34.31","18.87"
"2011-10-06T04:00:00.000Z","7.26","7.39","7.21","7.39","3,555,200","36.99","7.28","7.32","7.25","-0.1134","7.43","-0.0338","-0.0286","-0.0052","7.28","25.85","32.26","18.31"
"2011-10-07T04:00:00.000Z","7.41","7.44","7.31","7.34","1,506,064","47.02","7.30","7.37","7.25","-0.0891","7.42","-0.0245","-0.0278","0.0033","7.26","26.27","30.82","17.57"
"2011-10-10T04:00:00.000Z","7.46","7.59","7.46","7.59","786,952","114.23","7.31","7.46","7.26","-0.0100","7.42","0.0029","-0.0217","0.0245","7.26","29.09","28.25","16.42"
"2011-10-11T04:00:00.000Z","7.57","7.66","7.57","7.63","2,212,520","138.93","7.32","7.61","7.26","0.1038","7.41","0.0279","-0.0118","0.0396","7.28","30.71","27.34","15.66"
"2011-10-12T04:00:00.000Z","7.72","7.77","7.69","7.70","1,754,320","165.27","7.33","7.66","7.27","0.1999","7.40","0.0522","0.0010","0.0512","7.33","33.11","26.00","15.40"
"2011-10-13T04:00:00.000Z","7.67","7.78","7.66","7.77","1,395,120","160.57","7.34","7.73","7.28","0.2641","7.40","0.0767","0.0162","0.0605","7.36","31.55","25.93","15.00"
"2011-10-14T04:00:00.000Z","7.90","7.93","7.84","7.93","1,999,624","202.82","7.36","7.85","7.30","0.3423","7.40","0.1078","0.0345","0.0733","7.39","35.16","24.37","15.22"
"2011-10-17T04:00:00.000Z","7.90","7.90","7.74","7.78","1,703,640","162.53","7.38","7.85","7.33","0.3874","7.39","0.1187","0.0513","0.0674","7.42","32.63","26.54","14.87"
"2011-10-18T04:00:00.000Z","7.74","7.90","7.67","7.87","1,988,120","156.90","7.41","7.82","7.36","0.4099","7.38","0.1331","0.0677","0.0654","7.45","29.92","26.69","14.21"
"2011-10-19T04:00:00.000Z","7.82","7.82","7.67","7.68","1,299,808","120.72","7.42","7.77","7.37","0.4044","7.37","0.1281","0.0798","0.0483","7.49","27.78","24.85","13.60"
"2011-10-20T04:00:00.000Z","7.68","7.69","7.54","7.65","2,744,288","83.31","7.44","7.67","7.39","0.3769","7.37","0.1203","0.0879","0.0324","7.54","26.30","28.33","12.89"
"2011-10-21T04:00:00.000Z","7.74","7.80","7.70","7.76","2,819,200","116.63","7.46","7.71","7.41","0.3311","7.36","0.1214","0.0946","0.0269","7.61","29.08","26.75","12.27"
"2011-10-24T04:00:00.000Z","7.79","7.95","7.78","7.93","1,262,104","149.97","7.48","7.85","7.43","0.3145","7.36","0.1348","0.1026","0.0322","7.67","32.81","24.79","12.39"
"2011-10-25T04:00:00.000Z","7.91","7.91","7.78","7.79","796,272","121.32","7.50","7.86","7.44","0.3085","7.36","0.1320","0.1085","0.0235","7.72","30.87","23.33","12.50"
"2011-10-26T04:00:00.000Z","7.88","7.89","7.68","7.83","1,601,944","105.19","7.52","7.81","7.45","0.3013","7.37","0.1318","0.1132","0.0186","7.75","28.37","25.45","11.99"
"2011-10-27T04:00:00.000Z","8.01","8.14","7.98","8.09","1,469,904","169.20","7.53","7.96","7.46","0.3629","7.37","0.1509","0.1207","0.0302","7.80","34.44","22.55","12.63"
"2011-10-28T04:00:00.000Z","8.05","8.13","8.03","8.12","1,566,368","162.26","7.55","8.10","7.48","0.4007","7.38","0.1664","0.1298","0.0365","7.83","33.14","21.69","13.22"
"2011-10-31T04:00:00.000Z","8.05","8.06","7.97","7.97","1,552,760","129.55","7.57","8.04","7.50","0.4076","7.39","0.1644","0.1368","0.0277","7.86","31.21","22.97","13.36"
"2011-11-01T04:00:00.000Z","7.76","7.82","7.70","7.74","1,948,848","62.25","7.57","7.85","7.52","0.3783","7.40","0.1427","0.1379","0.0047","7.86","28.10","30.63","12.71"
"2011-11-02T04:00:00.000Z","7.83","7.87","7.76","7.82","738,624","76.25","7.59","7.78","7.53","0.3751","7.41","0.1310","0.1366","-0.0056","7.86","28.61","29.09","11.86"
"2011-11-03T04:00:00.000Z","7.91","8.04","7.82","8.03","2,217,552","107.93","7.61","7.93","7.55","0.3382","7.43","0.1366","0.1366","0","7.86","32.70","26.68","11.74"
"2011-11-04T04:00:00.000Z","7.97","8.02","7.91","8.00","951,760","106.60","7.64","8.01","7.58","0.3017","7.44","0.1372","0.1367","0.0005","7.88","31.23","25.48","11.63"
"2011-11-07T05:00:00.000Z","7.99","8.04","7.89","8.03","703,592","104.03","7.66","8.01","7.60","0.2809","7.46","0.1385","0.1371","0.0015","7.89","29.45","24.77","11.41"
"2011-11-08T05:00:00.000Z","8.08","8.14","8.01","8.13","680,832","125.47","7.68","8.08","7.62","0.3287","7.47","0.1459","0.1388","0.0071","7.92","32.17","23.48","11.71"
"2011-11-09T05:00:00.000Z","7.97","7.97","7.81","7.83","1,145,544","63.52","7.70","7.98","7.63","0.3219","7.47","0.1259","0.1362","-0.0103","7.94","28.24","28.47","10.90"
"2011-11-10T05:00:00.000Z","7.91","7.92","7.76","7.83","837,608","53.63","7.72","7.83","7.64","0.2856","7.48","0.1094","0.1309","-0.0215","7.95","26.45","28.48","10.39"
"2011-11-11T05:00:00.000Z","7.92","8.03","7.91","8.00","537,360","85.41","7.75","7.92","7.65","0.2654","7.50","0.1086","0.1264","-0.0178","7.95","28.41","26.37","9.91"
"2011-11-14T05:00:00.000Z","7.99","8.04","7.92","7.95","594,592","78.59","7.78","7.97","7.66","0.2542","7.52","0.1023","0.1216","-0.0193","7.96","27.50","25.22","9.51"
"2011-11-15T05:00:00.000Z","7.95","8.10","7.93","8.06","2,204,024","88.62","7.82","8.00","7.67","0.2233","7.54","0.1052","0.1183","-0.0131","7.95","28.03","23.58","9.45"
"2011-11-16T05:00:00.000Z","8.01","8.09","7.93","7.93","1,251,400","74.84","7.84","8.00","7.68","0.2272","7.56","0.0963","0.1139","-0.0177","7.95","26.33","22.15","9.39"
"2011-11-17T05:00:00.000Z","7.92","7.92","7.71","7.76","1,540,632","26.20","7.85","7.85","7.70","0.2024","7.57","0.0741","0.1060","-0.0318","7.94","23.98","29.10","9.41"
"2011-11-18T05:00:00.000Z","7.77","7.78","7.69","7.71","1,174,472","5.29","7.86","7.73","7.71","0.1338","7.58","0.0518","0.0951","-0.0433","7.94","23.12","28.80","9.52"
"2011-11-21T05:00:00.000Z","7.60","7.61","7.48","7.56","1,957,296","-45.43","7.86","7.63","7.71","0.0289","7.59","0.0220","0.0805","-0.0585","7.92","21.03","34.48","10.57"
"2011-11-22T05:00:00.000Z","7.55","7.57","7.46","7.53","1,550,336","-53.57","7.86","7.54","7.72","-0.0808","7.59","-0.0039","0.0636","-0.0675","7.89","20.10","33.57","11.60"
"2011-11-23T05:00:00.000Z","7.48","7.48","7.34","7.34","1,827,744","-91.65","7.85","7.44","7.72","-0.2034","7.59","-0.0392","0.0431","-0.0823","7.86","18.56","36.03","13.06"
"2011-11-25T05:00:00.000Z","7.31","7.40","7.29","7.30","872,136","-108.33","7.83","7.32","7.72","-0.2953","7.59","-0.0698","0.0205","-0.0903","7.80","17.72","36.35","14.59"
"2011-11-28T05:00:00.000Z","7.48","7.56","7.48","7.55","1,183,736","-57.78","7.82","7.42","7.73","-0.3375","7.59","-0.0731","0.0018","-0.0748","7.76","22.21","32.51","14.89"
"2011-11-29T05:00:00.000Z","7.57","7.60","7.48","7.50","783,968","-67.64","7.81","7.53","7.74","-0.3362","7.60","-0.0784","-0.0143","-0.0641","7.73","22.71","30.96","14.93"
"2011-11-30T05:00:00.000Z","7.70","7.82","7.68","7.81","830,896","5.08","7.81","7.66","7.76","-0.2908","7.61","-0.0574","-0.0229","-0.0345","7.71","28.50","27.17","14.03"
"2011-12-01T05:00:00.000Z","7.79","7.88","7.79","7.85","798,872","25.88","7.81","7.83","7.78","-0.2103","7.62","-0.0371","-0.0257","-0.0114","7.70","29.87","26.20","13.50"
"2011-12-02T05:00:00.000Z","7.94","7.95","7.84","7.85","1,114,992","40.22","7.82","7.85","7.79","-0.1012","7.63","-0.0206","-0.0247","0.0041","7.70","31.64","25.01","13.37"
"2011-12-05T05:00:00.000Z","7.97","8.02","7.91","7.95","958,792","71.63","7.83","7.90","7.80","-0.0165","7.64","0.0006","-0.0196","0.0202","7.70","32.23","23.26","13.57"
"2011-12-06T05:00:00.000Z","7.97","7.99","7.91","7.95","1,734,200","63.02","7.83","7.95","7.81","0.0602","7.66","0.0171","-0.0123","0.0294","7.70","31.16","22.72","13.72"
"2011-12-07T05:00:00.000Z","7.93","7.98","7.85","7.95","813,712","51.40","7.83","7.95","7.82","0.0884","7.67","0.0301","-0.0038","0.0339","7.70","29.27","24.08","13.43"
"2011-12-08T05:00:00.000Z","7.92","7.95","7.80","7.81","409,160","14.79","7.83","7.88","7.82","0.0895","7.67","0.0284","0.0026","0.0257","7.71","27.33","24.38","12.88"
"2011-12-09T05:00:00.000Z","7.84","7.97","7.83","7.96","669,456","45.98","7.83","7.88","7.83","0.0864","7.68","0.0389","0.0099","0.0291","7.73","26.64","22.58","12.55"
"2011-12-12T05:00:00.000Z","7.88","7.88","7.78","7.84","1,626,752","5.28","7.82","7.90","7.83","0.0603","7.69","0.0375","0.0154","0.0221","7.75","24.47","23.20","11.84"
"2011-12-13T05:00:00.000Z","7.90","7.92","7.71","7.75","756,752","-13.36","7.81","7.80","7.83","0.0356","7.69","0.0284","0.0180","0.0104","7.79","22.24","23.76","11.23"
"2011-12-14T05:00:00.000Z","7.71","7.72","7.57","7.62","2,244,744","-84.44","7.81","7.68","7.82","-0.0142","7.69","0.0102","0.0164","-0.0062","7.82","20.58","27.87","11.51"
"2011-12-15T05:00:00.000Z","7.70","7.70","7.58","7.59","711,408","-87.31","7.80","7.60","7.82","-0.0487","7.69","-0.0061","0.0119","-0.0180","7.83","19.57","26.50","11.76"
"2011-12-16T05:00:00.000Z","7.62","7.72","7.60","7.61","592,584","-79.17","7.78","7.60","7.82","-0.0854","7.70","-0.0170","0.0061","-0.0232","7.84","19.43","25.01","11.82"
"2011-12-19T05:00:00.000Z","7.63","7.65","7.50","7.52","835,584","-110.85","7.77","7.57","7.81","-0.1231","7.70","-0.0328","-0.0016","-0.0311","7.83","18.10","27.59","12.46"
"2011-12-20T05:00:00.000Z","7.63","7.76","7.62","7.75","1,039,240","-40.60","7.76","7.64","7.81","-0.1461","7.71","-0.0262","-0.0066","-0.0196","7.82","20.98","24.70","12.15"
"2011-12-21T05:00:00.000Z","7.64","7.64","7.45","7.54","1,643,296","-106.21","7.74","7.65","7.80","-0.1582","7.71","-0.0377","-0.0128","-0.0249","7.80","18.38","28.76","12.85"
"2011-12-22T05:00:00.000Z","7.56","7.64","7.56","7.64","1,025,904","-73.23","7.73","7.59","7.79","-0.1561","7.72","-0.0386","-0.0179","-0.0206","7.76","17.60","27.54","13.51"
"2011-12-23T05:00:00.000Z","7.67","7.71","7.63","7.71","1,034,384","-41.71","7.73","7.67","7.78","-0.1443","7.72","-0.0333","-0.0210","-0.0123","7.74","20.08","26.57","13.54"
"2011-12-27T05:00:00.000Z","7.71","7.76","7.68","7.72","742,624","-23.28","7.72","7.72","7.77","-0.1083","7.73","-0.0273","-0.0223","-0.0051","7.72","21.37","25.71","13.23"
"2011-12-28T05:00:00.000Z","7.72","7.74","7.62","7.63","637,400","-46.61","7.71","7.68","7.77","-0.1001","7.75","-0.0301","-0.0238","-0.0063","7.71","20.16","27.48","13.38"
"2011-12-29T05:00:00.000Z","7.66","7.71","7.64","7.70","1,495,984","-35.32","7.70","7.66","7.77","-0.0681","7.76","-0.0261","-0.0243","-0.0018","7.69","19.39","26.43","13.52"
"2011-12-30T05:00:00.000Z","7.67","7.71","7.67","7.67","1,258,296","-33.16","7.69","7.69","7.76","-0.0459","7.76","-0.0250","-0.0244","-0.0006","7.68","19.25","25.88","13.61"
"2012-01-03T05:00:00.000Z","7.82","7.86","7.76","7.78","1,298,024","16.97","7.69","7.72","7.76","-0.0139","7.77","-0.0154","-0.0226","0.0073","7.67","24.51","23.54","12.78"
"2012-01-04T05:00:00.000Z","7.77","7.80","7.71","7.79","743,056","5.39","7.69","7.78","7.75","-0.0001","7.78","-0.0070","-0.0195","0.0125","7.68","23.41","25.08","12.11"
"2012-01-05T05:00:00.000Z","7.79","7.86","7.75","7.84","1,016,592","30.60","7.70","7.82","7.75","0.0315","7.78","0.0042","-0.0148","0.0190","7.68","25.02","23.69","11.44"
"2012-01-06T05:00:00.000Z","7.85","7.87","7.80","7.85","975,960","45.91","7.71","7.85","7.74","0.0688","7.79","0.0134","-0.0091","0.0225","7.70","24.67","22.91","10.89"
"2012-01-09T05:00:00.000Z","7.88","7.88","7.82","7.85","855,784","49.38","7.73","7.85","7.74","0.0984","7.79","0.0204","-0.0032","0.0236","7.72","24.34","22.14","10.45"
"2012-01-10T05:00:00.000Z","7.93","7.94","7.88","7.89","2,213,784","74.38","7.75","7.87","7.74","0.1130","7.79","0.0288","0.0032","0.0256","7.74","26.82","20.97","10.58"
"2012-01-11T05:00:00.000Z","7.88","7.93","7.86","7.91","937,272","75.36","7.76","7.90","7.74","0.1301","7.79","0.0369","0.0099","0.0270","7.76","25.71","21.07","10.53"
"2012-01-12T05:00:00.000Z","7.93","7.96","7.87","7.95","1,535,224","90.16","7.78","7.93","7.74","0.1409","7.79","0.0460","0.0171","0.0289","7.79","26.21","19.99","10.74"
"2012-01-13T05:00:00.000Z","7.91","7.91","7.84","7.89","935,752","69.83","7.78","7.92","7.73","0.1348","7.79","0.0477","0.0233","0.0245","7.81","24.42","20.79","10.55"
"2012-01-17T05:00:00.000Z","7.94","7.98","7.91","7.93","1,308,648","101.60","7.78","7.91","7.73","0.1373","7.80","0.0516","0.0289","0.0227","7.83","27.63","19.61","11.00"
"2012-01-18T05:00:00.000Z","7.96","8.08","7.95","8.07","1,364,600","139.77","7.79","8.00","7.74","0.1438","7.80","0.0658","0.0363","0.0295","7.84","30.85","17.86","12.12"
"2012-01-19T05:00:00.000Z","8.14","8.17","8.11","8.15","1,409,712","176.25","7.80","8.11","7.75","0.1754","7.81","0.0819","0.0454","0.0365","7.88","34.55","16.86","13.72"
"2012-01-20T05:00:00.000Z","8.13","8.18","8.13","8.17","1,152,448","172.53","7.80","8.16","7.77","0.2104","7.81","0.0953","0.0554","0.0399","7.92","34.06","16.31","15.25"
"2012-01-23T05:00:00.000Z","8.18","8.23","8.13","8.19","1,083,184","174.91","7.81","8.18","7.78","0.2620","7.82","0.1066","0.0656","0.0409","7.95","35.48","15.23","17.01"
"2012-01-24T05:00:00.000Z","8.16","8.23","8.15","8.21","2,081,840","173.77","7.82","8.20","7.81","0.3025","7.83","0.1158","0.0757","0.0401","7.98","33.68","14.46","18.65"
"2012-01-25T05:00:00.000Z","8.29","8.30","8.20","8.27","2,081,472","191.82","7.83","8.24","7.83","0.3411","7.83","0.1264","0.0858","0.0406","8.01","35.87","13.55","20.55"
"2012-01-26T05:00:00.000Z","8.31","8.33","8.20","8.24","2,347,088","180.29","7.85","8.25","7.85","0.3568","7.83","0.1305","0.0947","0.0357","8.05","35.16","12.38","22.50"
"2012-01-27T05:00:00.000Z","8.21","8.27","8.19","8.25","1,268,792","160.57","7.86","8.25","7.87","0.3631","7.84","0.1336","0.1025","0.0311","8.08","33.38","12.34","24.18"
"2012-01-30T05:00:00.000Z","8.21","8.28","8.17","8.26","1,641,528","148.25","7.89","8.26","7.88","0.3611","7.85","0.1352","0.1090","0.0261","8.10","31.02","12.79","25.43"
"2012-01-31T05:00:00.000Z","8.32","8.32","8.22","8.28","1,467,936","150.43","7.91","8.27","7.89","0.3665","7.85","0.1362","0.1145","0.0217","8.13","31.98","11.96","26.87"
"2012-02-01T05:00:00.000Z","8.36","8.41","8.32","8.38","2,639,584","170.46","7.93","8.33","7.90","0.3747","7.86","0.1432","0.1202","0.0230","8.16","35.16","10.91","28.71"
"2012-02-02T05:00:00.000Z","8.40","8.44","8.38","8.41","1,701,728","169.59","7.96","8.39","7.91","0.3869","7.87","0.1496","0.1261","0.0235","8.20","35.67","10.41","30.57"
"2012-02-03T05:00:00.000Z","8.49","8.55","8.47","8.54","2,530,128","185.27","7.99","8.47","7.93","0.4180","7.87","0.1631","0.1335","0.0296","8.24","39.42","9.42","32.78"
"2012-02-06T05:00:00.000Z","8.52","8.54","8.48","8.53","1,854,216","165.97","8.02","8.53","7.94","0.4496","7.88","0.1716","0.1411","0.0305","8.29","38.00","9.08","34.83"
"2012-02-07T05:00:00.000Z","8.52","8.57","8.48","8.55","2,291,952","154.79","8.05","8.54","7.96","0.4750","7.89","0.1775","0.1484","0.0291","8.32","38.19","8.54","36.87"
"2012-02-08T05:00:00.000Z","8.56","8.61","8.54","8.61","1,518,328","152.99","8.08","8.58","7.98","0.4870","7.91","0.1851","0.1557","0.0293","8.35","39.12","8.10","38.93"
"2012-02-09T05:00:00.000Z","8.64","8.70","8.62","8.69","1,471,720","158.01","8.12","8.65","8.00","0.5072","7.92","0.1951","0.1636","0.0315","8.38","42.88","7.59","41.14"
"2012-02-10T05:00:00.000Z","8.65","8.65","8.59","8.61","1,275,176","135.00","8.15","8.65","8.02","0.4970","7.93","0.1948","0.1699","0.0250","8.42","39.76","9.06","42.70"
"2012-02-13T05:00:00.000Z","8.69","8.70","8.62","8.67","1,812,824","135.72","8.18","8.64","8.05","0.4952","7.94","0.1972","0.1753","0.0218","8.45","40.94","8.52","44.33"
"2012-02-14T05:00:00.000Z","8.65","8.68","8.61","8.68","1,621,776","127.04","8.21","8.68","8.07","0.4905","7.95","0.1975","0.1798","0.0178","8.48","38.76","8.34","45.77"
"2012-02-15T05:00:00.000Z","8.72","8.79","8.63","8.64","3,374,896","125.47","8.24","8.66","8.10","0.4887","7.97","0.1922","0.1822","0.0099","8.52","41.97","7.38","47.51"
"2012-02-16T05:00:00.000Z","8.65","8.79","8.64","8.79","1,189,416","129.37","8.28","8.71","8.13","0.4697","7.98","0.1974","0.1853","0.0121","8.55","37.61","6.61","49.13"
"2012-02-17T05:00:00.000Z","8.82","8.82","8.74","8.78","1,324,248","130.53","8.31","8.78","8.16","0.4698","8.00","0.1983","0.1879","0.0104","8.59","37.43","6.27","50.71"
"2012-02-21T05:00:00.000Z","8.79","8.84","8.74","8.80","2,315,976","127.25","8.34","8.79","8.19","0.4643","8.03","0.1984","0.1900","0.0085","8.62","36.41","5.84","52.26"
"2012-02-22T05:00:00.000Z","8.79","8.81","8.74","8.75","1,512,488","116.20","8.37","8.77","8.22","0.4613","8.05","0.1925","0.1905","0.0020","8.65","34.76","5.57","53.69"
"2012-02-23T05:00:00.000Z","8.75","8.81","8.70","8.80","918,448","111.68","8.40","8.78","8.24","0.4406","8.07","0.1900","0.1904","-0.0003","8.67","31.98","8.29","54.06"
"2012-02-24T05:00:00.000Z","8.83","8.86","8.82","8.84","1,165,528","119.31","8.43","8.82","8.27","0.4351","8.10","0.1891","0.1901","-0.0011","8.70","34.33","7.95","54.66"
"2012-02-27T05:00:00.000Z","8.80","8.88","8.74","8.86","2,215,512","110.21","8.46","8.85","8.30","0.4133","8.12","0.1871","0.1895","-0.0024","8.72","30.91","12.35","53.82"
"2012-02-28T05:00:00.000Z","8.87","8.92","8.85","8.91","1,672,432","117.14","8.50","8.88","8.33","0.4020","8.14","0.1881","0.1892","-0.0012","8.74","31.88","11.73","53.27"
"2012-02-29T05:00:00.000Z","8.94","8.96","8.83","8.86","2,465,992","109.27","8.53","8.88","8.36","0.3972","8.15","0.1822","0.1878","-0.0057","8.77","31.90","10.61","53.05"
"2012-03-01T05:00:00.000Z","8.88","8.94","8.87","8.92","1,506,248","109.56","8.55","8.89","8.39","0.3980","8.17","0.1803","0.1863","-0.0060","8.78","30.00","9.97","52.83"
"2012-03-02T05:00:00.000Z","8.92","8.93","8.86","8.88","1,266,592","101.25","8.58","8.90","8.42","0.3805","8.19","0.1743","0.1839","-0.0096","8.80","28.32","10.61","52.31"
"2012-03-05T05:00:00.000Z","8.89","8.89","8.76","8.79","2,879,176","81.29","8.60","8.84","8.44","0.3546","8.20","0.1603","0.1792","-0.0189","8.82","25.58","16.69","50.07"
"2012-03-06T05:00:00.000Z","8.70","8.71","8.64","8.68","3,047,496","48.90","8.62","8.74","8.46","0.2909","8.21","0.1384","0.1710","-0.0326","8.82","22.91","22.84","46.51"
"2012-03-07T05:00:00.000Z","8.71","8.77","8.71","8.76","1,667,272","62.29","8.63","8.72","8.48","0.2390","8.23","0.1258","0.1620","-0.0361","8.82","26.00","21.37","43.88"
"2012-03-08T05:00:00.000Z","8.83","8.88","8.79","8.86","1,488,896","81.83","8.65","8.81","8.51","0.2045","8.24","0.1229","0.1542","-0.0313","8.83","31.14","19.57","42.38"
"2012-03-09T05:00:00.000Z","8.86","8.93","8.86","8.91","1,741,168","92.09","8.68","8.88","8.53","0.1821","8.26","0.1228","0.1479","-0.0251","8.83","32.77","18.69","41.31"
"2012-03-12T04:00:00.000Z","8.91","8.93","8.87","8.91","1,194,856","90.42","8.70","8.91","8.56","0.1755","8.28","0.1220","0.1427","-0.0207","8.84","31.45","17.94","40.31"
"2012-03-13T04:00:00.000Z","8.96","9.10","8.96","9.10","1,903,152","125.34","8.73","9.01","8.59","0.2215","8.31","0.1343","0.1410","-0.0067","8.86","39.14","15.75","40.47"
"2012-03-14T04:00:00.000Z","9.10","9.17","9.07","9.13","2,999,608","142.34","8.75","9.11","8.62","0.2710","8.33","0.1455","0.1419","0.0036","8.88","41.54","14.69","40.99"
"2012-03-15T04:00:00.000Z","9.16","9.19","9.13","9.17","1,606,200","148.88","8.78","9.15","8.65","0.3093","8.36","0.1552","0.1446","0.0106","8.90","41.23","14.03","41.58"
"2012-03-16T04:00:00.000Z","9.20","9.20","9.14","9.17","1,327,184","147.21","8.81","9.17","8.67","0.3371","8.39","0.1611","0.1479","0.0132","8.93","40.15","13.47","42.16"
"2012-03-19T04:00:00.000Z","9.19","9.26","9.15","9.23","1,905,160","153.81","8.83","9.20","8.70","0.3697","8.41","0.1691","0.1521","0.0170","8.95","41.29","12.45","42.99"
"2012-03-20T04:00:00.000Z","9.18","9.23","9.14","9.22","1,388,504","142.61","8.85","9.22","8.72","0.3745","8.44","0.1722","0.1561","0.0160","8.97","38.59","12.27","43.61"
"2012-03-21T04:00:00.000Z","9.22","9.26","9.21","9.21","2,157,032","147.22","8.87","9.22","8.75","0.3721","8.46","0.1725","0.1594","0.0131","8.99","39.64","11.74","44.37"
"2012-03-22T04:00:00.000Z","9.16","9.21","9.15","9.19","2,980,872","127.99","8.89","9.20","8.77","0.3534","8.49","0.1684","0.1612","0.0072","9.01","37.65","15.50","44.18"
"2012-03-23T04:00:00.000Z","9.20","9.21","9.13","9.20","1,382,632","122.79","8.91","9.19","8.80","0.3339","8.51","0.1643","0.1618","0.0025","9.05","35.46","15.81","43.76"
"2012-03-26T04:00:00.000Z","9.26","9.35","9.25","9.35","2,002,080","157.74","8.94","9.27","8.82","0.3299","8.54","0.1714","0.1637","0.0077","9.10","41.97","14.01","44.21"
"2012-03-27T04:00:00.000Z","9.36","9.39","9.34","9.35","3,223,272","162.40","8.96","9.35","8.85","0.3416","8.57","0.1747","0.1659","0.0087","9.14","43.47","13.52","44.80"
"2012-03-28T04:00:00.000Z","9.37","9.39","9.26","9.32","2,281,048","142.63","8.98","9.33","8.88","0.3380","8.60","0.1729","0.1673","0.0055","9.17","39.34","18.21","44.23"
"2012-03-29T04:00:00.000Z","9.29","9.31","9.22","9.30","1,270,456","121.74","9.00","9.31","8.90","0.3382","8.62","0.1680","0.1675","0.0006","9.20","36.64","19.93","43.18"
"2012-03-30T04:00:00.000Z","9.35","9.35","9.23","9.27","1,205,920","115.32","9.02","9.29","8.92","0.3420","8.65","0.1603","0.1660","-0.0058","9.23","36.05","18.25","42.43"
"2012-04-02T04:00:00.000Z","9.27","9.38","9.24","9.37","1,860,040","119.39","9.04","9.32","8.94","0.3241","8.67","0.1599","0.1648","-0.0049","9.25","34.64","16.40","41.96"
"2012-04-03T04:00:00.000Z","9.37","9.40","9.30","9.35","1,939,280","117.89","9.05","9.36","8.96","0.3001","8.70","0.1565","0.1631","-0.0067","9.26","33.86","15.19","41.68"
"2012-04-04T04:00:00.000Z","9.26","9.27","9.15","9.21","2,005,336","71.92","9.07","9.28","8.98","0.2618","8.72","0.1411","0.1587","-0.0177","9.27","29.39","22.96","39.58"
"2012-04-05T04:00:00.000Z","9.19","9.25","9.17","9.24","1,156,536","70.23","9.08","9.23","8.99","0.2352","8.74","0.1296","0.1529","-0.0233","9.27","27.81","21.73","37.63"
"2012-04-09T04:00:00.000Z","9.11","9.21","9.10","9.17","1,176,448","49.98","9.10","9.21","9.01","0.1975","8.76","0.1138","0.1451","-0.0313","9.26","25.20","24.26","35.08"
"2012-04-10T04:00:00.000Z","9.17","9.21","9.01","9.04","1,734,448","24.14","9.10","9.10","9.02","0.1490","8.78","0.0890","0.1339","-0.0449","9.26","22.08","26.67","33.24"
"2012-04-11T04:00:00.000Z","9.10","9.13","9.07","9.08","1,600,920","23.88","9.11","9.06","9.03","0.0892","8.80","0.0724","0.1216","-0.0491","9.25","20.71","25.02","31.54"
"2012-04-12T04:00:00.000Z","9.11","9.23","9.10","9.21","1,739,784","49.29","9.12","9.15","9.04","0.0680","8.82","0.0689","0.1110","-0.0421","9.25","24.70","22.81","29.57"
"2012-04-13T04:00:00.000Z","9.19","9.19","9.07","9.07","1,358,768","23.31","9.12","9.14","9.05","0.0438","8.84","0.0542","0.0997","-0.0455","9.24","22.55","22.73","27.49"
"2012-04-16T04:00:00.000Z","9.13","9.13","8.95","8.98","4,712,360","-11.36","9.13","9.03","9.06","0.0140","8.85","0.0349","0.0867","-0.0518","9.22","20.10","27.46","26.63"
"2012-04-17T04:00:00.000Z","9.02","9.20","9.02","9.18","1,255,320","26.96","9.14","9.08","9.07","0.0064","8.87","0.0350","0.0764","-0.0414","9.20","21.42","24.14","25.16"
"2012-04-18T04:00:00.000Z","9.13","9.16","9.08","9.11","838,888","18.74","9.16","9.15","9.07","0.0037","8.89","0.0293","0.0670","-0.0376","9.18","20.23","22.79","23.78"
"2012-04-19T04:00:00.000Z","9.06","9.17","8.95","9.01","1,184,336","-13.86","9.16","9.06","9.08","-0.0215","8.90","0.0162","0.0568","-0.0406","9.16","17.85","27.04","23.55"
"2012-04-20T04:00:00.000Z","9.05","9.07","8.94","8.95","1,345,912","-39.99","9.17","8.98","9.08","-0.0490","8.91","0.0011","0.0457","-0.0446","9.15","16.59","25.53","23.38"
"2012-04-23T04:00:00.000Z","8.87","8.90","8.78","8.87","4,263,504","-101.23","9.17","8.91","9.08","-0.0896","8.92","-0.0170","0.0331","-0.0502","9.11","15.12","31.85","24.25"
"2012-04-24T04:00:00.000Z","8.87","8.89","8.78","8.81","3,159,768","-111.68","9.16","8.84","9.08","-0.1496","8.93","-0.0355","0.0194","-0.0549","9.08","14.22","30.29","25.10"
"2012-04-25T04:00:00.000Z","9.02","9.09","9.02","9.08","978,136","-10.49","9.16","8.95","9.09","-0.1718","8.94","-0.0283","0.0099","-0.0381","9.06","22.29","26.16","23.88"
"2012-04-26T04:00:00.000Z","9.07","9.18","9.07","9.15","1,542,768","20.25","9.16","9.12","9.10","-0.1669","8.96","-0.0168","0.0045","-0.0213","9.06","25.80","24.77","22.32"
"2012-04-27T04:00:00.000Z","9.17","9.19","9.11","9.17","1,665,744","28.64","9.16","9.16","9.10","-0.1459","8.97","-0.0062","0.0024","-0.0086","9.06","25.40","23.70","20.97"
"2012-04-30T04:00:00.000Z","9.15","9.16","9.07","9.09","1,425,048","1.32","9.16","9.13","9.11","-0.0971","8.98","-0.0042","0.0011","-0.0053","9.06","24.13","24.53","19.53"
"2012-05-01T04:00:00.000Z","9.09","9.21","9.06","9.11","1,137,456","9.58","9.16","9.10","9.11","-0.0390","8.99","-0.0007","0.0007","-0.0014","9.06","25.19","22.58","18.53"
"2012-05-02T04:00:00.000Z","9.06","9.13","9.03","9.13","2,203,000","-15.39","9.15","9.12","9.13","-0.0321","9.00","0.0032","0.0012","0.0020","9.05","23.89","22.98","17.34"
"2012-05-03T04:00:00.000Z","9.15","9.15","8.99","9.01","1,844,568","-51.43","9.15","9.07","9.13","-0.0412","9.01","-0.0029","0.0004","-0.0033","9.05","21.88","23.38","16.34"
"2012-05-04T04:00:00.000Z","8.95","8.95","8.82","8.82","2,523,240","-173.41","9.13","8.92","9.13","-0.0864","9.01","-0.0228","-0.0043","-0.0185","9.05","19.70","29.91","16.64"
"2012-05-07T04:00:00.000Z","8.76","8.83","8.75","8.79","2,176,144","-213.54","9.12","8.80","9.13","-0.1391","9.02","-0.0408","-0.0116","-0.0293","9.02","18.84","32.28","17.33"
"2012-05-08T04:00:00.000Z","8.75","8.77","8.61","8.75","2,394,968","-248.30","9.10","8.77","9.12","-0.2140","9.02","-0.0576","-0.0208","-0.0368","9.00","17.12","36.51","18.68"
"2012-05-09T04:00:00.000Z","8.66","8.78","8.61","8.74","1,384,768","-221.65","9.08","8.75","9.11","-0.2751","9.02","-0.0703","-0.0307","-0.0397","8.97","16.43","33.26","19.76"
"2012-05-10T04:00:00.000Z","8.77","8.77","8.65","8.68","1,574,560","-202.23","9.06","8.71","9.10","-0.3326","9.02","-0.0850","-0.0416","-0.0435","8.96","15.39","31.16","20.77"
"2012-05-11T04:00:00.000Z","8.63","8.76","8.63","8.67","865,272","-187.93","9.04","8.67","9.09","-0.3572","9.02","-0.0961","-0.0525","-0.0436","8.94","14.35","30.42","21.85"
"2012-05-14T04:00:00.000Z","8.60","8.65","8.58","8.59","1,333,752","-198.02","9.01","8.63","9.08","-0.3721","9.02","-0.1103","-0.0640","-0.0463","8.91","13.63","31.49","23.12"
"2012-05-15T04:00:00.000Z","8.62","8.68","8.55","8.56","1,732,776","-181.22","8.99","8.57","9.06","-0.3651","9.01","-0.1223","-0.0757","-0.0466","8.87","12.68","30.75","24.44"
"2012-05-16T04:00:00.000Z","8.60","8.61","8.48","8.49","1,607,976","-186.62","8.96","8.52","9.04","-0.3727","9.01","-0.1361","-0.0878","-0.0483","8.83","11.76","32.42","26.03"
"2012-05-17T04:00:00.000Z","8.49","8.51","8.33","8.33","2,301,376","-207.41","8.93","8.41","9.02","-0.4063","9.00","-0.1577","-0.1017","-0.0559","8.78","10.69","36.91","28.11"
"2012-05-18T04:00:00.000Z","8.37","8.38","8.13","8.22","1,993,392","-223.36","8.90","8.28","9.00","-0.4630","8.99","-0.1819","-0.1178","-0.0641","8.72","9.34","42.36","30.66"
"2012-05-21T04:00:00.000Z","8.24","8.46","8.21","8.46","2,069,400","-165.74","8.87","8.34","8.98","-0.4900","8.98","-0.1799","-0.1302","-0.0497","8.66","11.82","37.50","32.19"
"2012-05-22T04:00:00.000Z","8.48","8.51","8.38","8.44","2,087,280","-135.68","8.85","8.45","8.95","-0.4970","8.98","-0.1778","-0.1397","-0.0380","8.61","13.41","35.25","33.10"
"2012-05-23T04:00:00.000Z","8.36","8.47","8.28","8.45","4,715,896","-135.78","8.83","8.45","8.93","-0.5061","8.97","-0.1728","-0.1463","-0.0265","8.56","12.25","36.84","34.31"
"2012-05-24T04:00:00.000Z","8.48","8.48","8.32","8.38","3,608,736","-128.75","8.80","8.42","8.91","-0.4866","8.96","-0.1729","-0.1516","-0.0212","8.54","11.74","34.12","35.35"
"2012-05-25T04:00:00.000Z","8.37","8.40","8.34","8.36","1,431,576","-126.08","8.78","8.37","8.88","-0.4406","8.95","-0.1723","-0.1558","-0.0165","8.51","11.42","33.19","36.31"
"2012-05-29T04:00:00.000Z","8.44","8.52","8.41","8.48","1,102,688","-96.03","8.76","8.42","8.86","-0.3964","8.94","-0.1607","-0.1568","-0.0039","8.50","16.41","30.67","35.88"
"2012-05-30T04:00:00.000Z","8.41","8.43","8.36","8.40","1,365,376","-107.27","8.74","8.44","8.84","-0.3864","8.94","-0.1556","-0.1565","0.0009","8.47","15.44","31.42","35.75"
"2012-05-31T04:00:00.000Z","8.41","8.41","8.29","8.34","1,662,792","-112.68","8.71","8.37","8.82","-0.3682","8.93","-0.1546","-0.1561","0.0015","8.45","14.49","33.02","35.98"
"2012-06-01T04:00:00.000Z","8.21","8.24","8.11","8.11","1,693,568","-147.95","8.68","8.23","8.79","-0.3850","8.92","-0.1705","-0.1590","-0.0115","8.42","12.89","37.65","36.91"
"2012-06-04T04:00:00.000Z","8.12","8.18","8.04","8.14","2,420,200","-145.66","8.65","8.13","8.76","-0.4099","8.91","-0.1787","-0.1630","-0.0157","8.38","12.06","38.56","38.02"
"2012-06-05T04:00:00.000Z","8.11","8.22","8.11","8.21","1,020,104","-123.66","8.63","8.18","8.74","-0.4413","8.90","-0.1773","-0.1658","-0.0115","8.34","13.78","36.50","38.53"
"2012-06-06T04:00:00.000Z","8.28","8.43","8.28","8.42","1,089,184","-77.64","8.62","8.32","8.72","-0.4270","8.89","-0.1578","-0.1642","0.0064","8.33","21.90","32.87","37.21"
"2012-06-07T04:00:00.000Z","8.51","8.51","8.38","8.38","1,038,792","-63.27","8.60","8.40","8.70","-0.3894","8.88","-0.1435","-0.1601","0.0166","8.34","24.67","30.70","35.33"
"2012-06-08T04:00:00.000Z","8.37","8.47","8.34","8.47","1,054,280","-60.24","8.57","8.43","8.69","-0.3257","8.87","-0.1242","-0.1529","0.0287","8.35","23.07","30.63","33.81"
"2012-06-11T04:00:00.000Z","8.54","8.54","8.31","8.32","1,166,168","-65.22","8.54","8.39","8.67","-0.2504","8.85","-0.1197","-0.1463","0.0266","8.35","23.80","27.33","31.89"
"2012-06-12T04:00:00.000Z","8.34","8.41","8.28","8.40","860,560","-67.60","8.52","8.36","8.65","-0.2010","8.84","-0.1081","-0.1386","0.0305","8.35","22.44","26.84","30.25"
"2012-06-13T04:00:00.000Z","8.38","8.43","8.31","8.34","935,280","-65.15","8.50","8.37","8.63","-0.1772","8.83","-0.1024","-0.1314","0.0290","8.34","22.26","25.34","28.55"
"2012-06-14T04:00:00.000Z","8.33","8.38","8.28","8.36","1,024,688","-68.25","8.47","8.35","8.61","-0.1775","8.81","-0.0957","-0.1242","0.0286","8.34","21.17","25.83","27.22"
"2012-06-15T04:00:00.000Z","8.37","8.48","8.37","8.47","1,850,520","-39.83","8.45","8.42","8.60","-0.1516","8.80","-0.0798","-0.1153","0.0356","8.34","24.94","24.27","25.37"
"2012-06-18T04:00:00.000Z","8.44","8.57","8.41","8.54","787,640","-20.98","8.44","8.51","8.59","-0.1198","8.79","-0.0610","-0.1045","0.0435","8.34","27.38","22.47","24.26"
"2012-06-19T04:00:00.000Z","8.59","8.67","8.57","8.63","3,207,104","10.86","8.44","8.59","8.58","-0.0499","8.78","-0.0385","-0.0913","0.0528","8.35","30.69","21.10","23.85"
"2012-06-20T04:00:00.000Z","8.64","8.68","8.57","8.64","838,080","15.28","8.43","8.64","8.58","0.0150","8.77","-0.0195","-0.0769","0.0575","8.39","29.75","19.98","23.55"
"2012-06-21T04:00:00.000Z","8.65","8.65","8.40","8.42","1,139,088","-21.27","8.42","8.53","8.56","0.0710","8.75","-0.0224","-0.0660","0.0436","8.43","26.28","25.82","21.93"
"2012-06-22T04:00:00.000Z","8.45","8.53","8.44","8.52","946,352","-15.47","8.42","8.47","8.55","0.0945","8.74","-0.0159","-0.0560","0.0401","8.45","24.85","24.41","20.43"
"2012-06-25T04:00:00.000Z","8.44","8.45","8.31","8.33","895,448","-55.49","8.41","8.43","8.52","0.0845","8.72","-0.0259","-0.0500","0.0241","8.47","22.36","27.95","19.77"
"2012-06-26T04:00:00.000Z","8.35","8.39","8.30","8.36","690,472","-58.60","8.40","8.35","8.51","0.0400","8.71","-0.0313","-0.0462","0.0150","8.45","21.43","27.34","19.22"
"2012-06-27T04:00:00.000Z","8.38","8.44","8.38","8.41","1,572,376","-33.35","8.39","8.39","8.49","0.0046","8.69","-0.0310","-0.0432","0.0122","8.45","23.16","26.28","18.30"
"2012-06-28T04:00:00.000Z","8.35","8.35","8.22","8.32","1,657,928","-77.09","8.39","8.37","8.47","-0.0301","8.67","-0.0376","-0.0421","0.0044","8.44","21.02","31.41","18.40"
"2012-06-29T04:00:00.000Z","8.49","8.59","8.46","8.59","949,384","45.90","8.40","8.46","8.46","-0.0168","8.66","-0.0209","-0.0378","0.0170","8.45","29.45","27.45","17.34"
"2012-07-02T04:00:00.000Z","8.60","8.64","8.55","8.62","2,815,584","82.93","8.41","8.61","8.45","0.0272","8.65","-0.0049","-0.0312","0.0264","8.47","30.47","26.37","16.62"
"2012-07-03T04:00:00.000Z","8.64","8.71","8.62","8.71","842,608","127.27","8.42","8.67","8.45","0.0898","8.65","0.0142","-0.0221","0.0364","8.49","32.68","25.28","16.34"
"2012-07-05T04:00:00.000Z","8.69","8.76","8.66","8.73","850,880","147.85","8.43","8.72","8.45","0.1457","8.64","0.0307","-0.0116","0.0423","8.52","33.85","23.93","16.40"
"2012-07-06T04:00:00.000Z","8.66","8.66","8.50","8.56","1,299,712","72.58","8.43","8.64","8.45","0.1988","8.63","0.0298","-0.0033","0.0331","8.53","30.12","29.02","15.36"
"2012-07-09T04:00:00.000Z","8.55","8.56","8.48","8.52","622,872","47.93","8.44","8.54","8.44","0.1897","8.62","0.0259","0.0025","0.0233","8.53","28.82","28.93","14.28"
"2012-07-10T04:00:00.000Z","8.55","8.59","8.38","8.41","1,119,536","17.02","8.44","8.47","8.44","0.1633","8.61","0.0139","0.0048","0.0091","8.52","25.97","30.60","13.84"
"2012-07-11T04:00:00.000Z","8.42","8.44","8.30","8.36","872,432","-41.31","8.44","8.39","8.43","0.1062","8.60","0.0001","0.0039","-0.0037","8.51","24.23","32.69","13.92"
"2012-07-12T04:00:00.000Z","8.30","8.31","8.20","8.28","1,410,128","-103.30","8.43","8.32","8.42","0.0191","8.58","-0.0173","-0.0004","-0.0169","8.50","22.37","34.81","14.48"
"2012-07-13T04:00:00.000Z","8.31","8.41","8.31","8.39","1,167,736","-31.61","8.43","8.34","8.42","-0.0239","8.57","-0.0214","-0.0046","-0.0168","8.48","25.61","32.59","14.30"
"2012-07-16T04:00:00.000Z","8.39","8.41","8.35","8.37","820,176","-26.02","8.44","8.38","8.42","-0.0519","8.56","-0.0264","-0.0089","-0.0174","8.49","25.10","31.47","14.08"
"2012-07-17T04:00:00.000Z","8.41","8.42","8.28","8.38","727,440","-39.14","8.45","8.38","8.43","-0.0752","8.55","-0.0290","-0.0129","-0.0160","8.49","23.28","32.56","14.26"
"2012-07-18T04:00:00.000Z","8.37","8.57","8.37","8.55","1,111,472","49.94","8.46","8.46","8.43","-0.0571","8.55","-0.0176","-0.0139","-0.0037","8.49","28.09","29.43","13.41"
"2012-07-19T04:00:00.000Z","8.63","8.69","8.61","8.66","979,320","145.82","8.47","8.60","8.43","0.0124","8.54","0.0006","-0.0110","0.0116","8.50","32.14","27.37","13.03"
"2012-07-20T04:00:00.000Z","8.64","8.64","8.54","8.55","862,552","89.40","8.47","8.60","8.44","0.0468","8.53","0.0057","-0.0076","0.0134","8.50","30.19","29.46","12.18"
"2012-07-23T04:00:00.000Z","8.39","8.47","8.31","8.45","876,576","-13.22","8.47","8.50","8.44","0.0405","8.52","0.0019","-0.0057","0.0077","8.48","26.80","37.02","12.45"
"2012-07-24T04:00:00.000Z","8.44","8.46","8.31","8.37","1,213,320","-33.32","8.47","8.41","8.44","0.0408","8.51","-0.0076","-0.0061","-0.0015","8.47","24.89","34.43","12.71"
"2012-07-25T04:00:00.000Z","8.31","8.39","8.28","8.33","1,141,816","-59.64","8.47","8.35","8.43","0.0143","8.50","-0.0180","-0.0085","-0.0095","8.44","23.59","34.12","13.11"
"2012-07-26T04:00:00.000Z","8.46","8.49","8.39","8.44","649,712","6.38","8.48","8.38","8.44","-0.0274","8.49","-0.0173","-0.0102","-0.0070","8.43","26.79","31.44","12.74"
"2012-07-27T04:00:00.000Z","8.49","8.65","8.45","8.63","964,568","85.88","8.49","8.53","8.44","-0.0399","8.48","-0.0011","-0.0084","0.0073","8.43","31.51","28.33","12.21"
"2012-07-30T04:00:00.000Z","8.65","8.70","8.60","8.63","705,160","117.57","8.49","8.63","8.46","0.0044","8.47","0.0112","-0.0045","0.0157","8.44","32.34","26.96","11.99"
"2012-07-31T04:00:00.000Z","8.63","8.69","8.63","8.64","705,160","117.86","8.49","8.63","8.47","0.0494","8.47","0.0216","0.0007","0.0208","8.47","31.30","26.09","11.78"
"2012-08-01T04:00:00.000Z","8.68","8.68","8.56","8.59","582,384","87.95","8.49","8.61","8.48","0.0991","8.46","0.0258","0.0057","0.0200","8.50","29.48","27.77","11.15"
"2012-08-02T04:00:00.000Z","8.53","8.63","8.49","8.55","787,696","52.40","8.49","8.57","8.48","0.1161","8.46","0.0257","0.0097","0.0160","8.51","27.32","29.43","10.62"
"2012-08-03T04:00:00.000Z","8.69","8.76","8.65","8.73","1,057,688","139.94","8.50","8.64","8.49","0.1388","8.46","0.0397","0.0157","0.0239","8.53","30.75","26.42","10.40"
"2012-08-06T04:00:00.000Z","8.76","8.84","8.76","8.80","957,840","178.36","8.51","8.77","8.50","0.1607","8.46","0.0557","0.0237","0.0320","8.56","33.21","24.93","10.68"
"2012-08-07T04:00:00.000Z","8.83","8.93","8.83","8.89","1,429,496","204.69","8.53","8.85","8.51","0.1974","8.47","0.0747","0.0339","0.0408","8.58","35.39","23.32","11.38"
"2012-08-08T04:00:00.000Z","8.87","8.93","8.86","8.90","698,328","193.37","8.55","8.89","8.52","0.2441","8.47","0.0894","0.0450","0.0444","8.59","34.12","22.48","12.04"
"2012-08-09T04:00:00.000Z","8.91","8.95","8.90","8.93","1,037,800","193.27","8.56","8.92","8.54","0.3052","8.48","0.1027","0.0566","0.0461","8.63","34.51","21.84","12.79"
"2012-08-10T04:00:00.000Z","8.90","8.96","8.89","8.96","421,792","183.59","8.58","8.95","8.55","0.3369","8.49","0.1140","0.0680","0.0459","8.67","33.73","21.03","13.53"
"2012-08-13T04:00:00.000Z","8.96","8.98","8.90","8.97","641,504","174.03","8.60","8.97","8.57","0.3479","8.50","0.1225","0.0789","0.0436","8.72","33.24","20.09","14.32"
"2012-08-14T04:00:00.000Z","9.01","9.01","8.93","8.94","1,630,368","163.81","8.61","8.96","8.58","0.3473","8.51","0.1256","0.0883","0.0373","8.76","33.48","19.09","15.26"
"2012-08-15T04:00:00.000Z","8.95","8.99","8.94","8.97","782,920","154.46","8.62","8.96","8.59","0.3459","8.52","0.1287","0.0963","0.0323","8.80","32.48","18.53","16.12"
"2012-08-16T04:00:00.000Z","9.01","9.12","9.01","9.10","1,206,080","179.92","8.63","9.04","8.60","0.3509","8.53","0.1403","0.1051","0.0352","8.82","37.43","16.81","17.68"
"2012-08-17T04:00:00.000Z","9.13","9.16","9.11","9.16","950,448","185.39","8.65","9.13","8.62","0.3749","8.54","0.1524","0.1146","0.0378","8.86","38.70","16.17","19.35"
"2012-08-20T04:00:00.000Z","9.16","9.18","9.12","9.18","3,345,624","172.48","8.67","9.17","8.63","0.4008","8.55","0.1614","0.1240","0.0375","8.90","38.29","15.49","21.00"
"2012-08-21T04:00:00.000Z","9.21","9.24","9.10","9.13","1,655,680","158.57","8.69","9.16","8.65","0.4263","8.57","0.1632","0.1318","0.0314","8.95","38.54","14.04","22.83"
"2012-08-22T04:00:00.000Z","9.12","9.16","9.06","9.14","1,225,136","136.63","8.72","9.14","8.67","0.4432","8.58","0.1635","0.1381","0.0254","8.99","36.04","15.46","24.05"
"2012-08-23T04:00:00.000Z","9.11","9.12","9.04","9.06","1,161,048","113.79","8.75","9.10","8.69","0.4310","8.59","0.1555","0.1416","0.0139","9.01","33.57","15.85","24.89"
"2012-08-24T04:00:00.000Z","9.03","9.12","9.01","9.10","551,760","107.74","8.77","9.08","8.71","0.4004","8.60","0.1503","0.1434","0.0070","9.03","31.19","16.50","25.32"
"2012-08-27T04:00:00.000Z","9.15","9.16","9.10","9.11","826,920","112.95","8.79","9.11","8.72","0.3772","8.62","0.1456","0.1438","0.0018","9.05","32.52","15.84","25.97"
"2012-08-28T04:00:00.000Z","9.10","9.14","9.07","9.11","1,214,232","101.06","8.82","9.11","8.73","0.3425","8.63","0.1400","0.1430","-0.0030","9.06","30.99","17.06","26.19"
"2012-08-29T04:00:00.000Z","9.13","9.15","9.08","9.13","722,264","97.41","8.84","9.12","8.74","0.3179","8.65","0.1353","0.1415","-0.0062","9.08","30.11","16.25","26.46"
"2012-08-30T04:00:00.000Z","9.10","9.10","9.00","9.01","1,004,688","72.34","8.85","9.07","8.75","0.2918","8.66","0.1210","0.1374","-0.0164","9.09","27.49","20.32","25.64"
"2012-08-31T04:00:00.000Z","9.08","9.10","8.98","9.08","748,256","73.08","8.87","9.05","8.76","0.2678","8.67","0.1137","0.1327","-0.0190","9.10","25.20","19.90","24.65"
"2012-09-04T04:00:00.000Z","9.08","9.11","8.98","9.08","948,568","70.67","8.89","9.08","8.78","0.2310","8.68","0.1071","0.1276","-0.0204","9.11","23.44","18.24","23.78"
"2012-09-05T04:00:00.000Z","9.08","9.11","9.05","9.07","1,195,248","71.82","8.91","9.08","8.79","0.2081","8.69","0.1000","0.1220","-0.0221","9.11","22.63","17.41","23.01"
"2012-09-06T04:00:00.000Z","9.13","9.29","9.13","9.29","2,289,280","106.76","8.94","9.18","8.82","0.2113","8.71","0.1102","0.1197","-0.0094","9.11","30.87","14.99","23.84"
"2012-09-07T04:00:00.000Z","9.28","9.30","9.23","9.29","2,275,888","111.50","8.97","9.29","8.84","0.2348","8.72","0.1169","0.1191","-0.0023","9.12","30.03","14.35","24.66"
"2012-09-10T04:00:00.000Z","9.27","9.28","9.17","9.17","1,233,736","92.01","8.99","9.23","8.86","0.2468","8.74","0.1117","0.1176","-0.0060","9.13","27.75","17.37","24.54"
"2012-09-11T04:00:00.000Z","9.19","9.23","9.17","9.19","1,365,496","86.83","9.01","9.18","8.88","0.2535","8.75","0.1077","0.1156","-0.0080","9.13","26.46","16.79","24.39"
"2012-09-12T04:00:00.000Z","9.22","9.24","9.17","9.23","1,413,728","89.30","9.03","9.21","8.90","0.2535","8.76","0.1063","0.1138","-0.0074","9.14","25.75","15.95","24.32"
"2012-09-13T04:00:00.000Z","9.23","9.39","9.23","9.36","1,464,056","117.47","9.05","9.29","8.92","0.2477","8.77","0.1146","0.1139","0.0007","9.16","32.87","14.17","25.43"
"2012-09-14T04:00:00.000Z","9.39","9.48","9.39","9.45","1,377,824","144.27","9.08","9.40","8.94","0.2562","8.79","0.1271","0.1166","0.0105","9.18","35.88","13.03","26.95"
"2012-09-17T04:00:00.000Z","9.46","9.46","9.40","9.44","1,252,344","136.91","9.11","9.44","8.97","0.2746","8.80","0.1345","0.1202","0.0144","9.20","34.42","12.50","28.36"
"2012-09-18T04:00:00.000Z","9.40","9.44","9.40","9.44","634,280","131.26","9.13","9.44","8.99","0.2964","8.82","0.1388","0.1239","0.0149","9.22","33.45","12.15","29.67"
"2012-09-19T04:00:00.000Z","9.46","9.46","9.41","9.43","1,194,288","130.86","9.15","9.43","9.02","0.3184","8.84","0.1399","0.1271","0.0128","9.25","33.75","11.66","31.02"
"2012-09-20T04:00:00.000Z","9.38","9.40","9.35","9.40","753,864","114.20","9.16","9.41","9.04","0.3073","8.85","0.1366","0.1290","0.0076","9.28","31.74","15.44","31.27"
"2012-09-21T04:00:00.000Z","9.46","9.47","9.40","9.41","891,848","127.60","9.18","9.41","9.07","0.2851","8.87","0.1337","0.1299","0.0038","9.31","35.08","14.65","31.97"
"2012-09-24T04:00:00.000Z","9.34","9.34","9.29","9.33","1,278,408","87.10","9.19","9.37","9.08","0.2465","8.89","0.1230","0.1285","-0.0056","9.33","31.74","21.93","31.00"
"2012-09-25T04:00:00.000Z","9.36","9.36","9.17","9.18","1,186,656","53.01","9.20","9.25","9.10","0.2033","8.90","0.1010","0.1230","-0.0220","9.34","27.65","27.06","28.86"
"2012-09-26T04:00:00.000Z","9.16","9.16","9.03","9.10","949,864","-2.96","9.20","9.14","9.11","0.1295","8.91","0.0766","0.1138","-0.0371","9.33","25.02","33.66","27.85"
"2012-09-27T04:00:00.000Z","9.12","9.26","9.10","9.24","854,216","34.88","9.21","9.17","9.13","0.0831","8.91","0.0680","0.1046","-0.0366","9.32","28.48","30.20","26.07"
"2012-09-28T04:00:00.000Z","9.21","9.27","9.16","9.18","871,184","30.24","9.22","9.21","9.14","0.0305","8.92","0.0552","0.0947","-0.0395","9.32","27.25","28.04","24.31"
"2012-10-01T04:00:00.000Z","9.21","9.26","9.12","9.14","4,260,848","13.54","9.22","9.16","9.15","-0.0016","8.93","0.0419","0.0842","-0.0422","9.32","24.73","27.98","23.01"
"2012-10-02T04:00:00.000Z","9.18","9.20","9.09","9.17","1,209,200","-1.77","9.22","9.16","9.16","-0.0300","8.94","0.0331","0.0740","-0.0409","9.32","23.04","27.67","22.02"
"2012-10-03T04:00:00.000Z","9.20","9.22","9.14","9.20","673,608","13.70","9.22","9.18","9.17","-0.0193","8.96","0.0282","0.0648","-0.0366","9.30","23.35","26.25","20.87"
"2012-10-04T04:00:00.000Z","9.20","9.24","9.15","9.22","829,280","17.94","9.22","9.21","9.18","-0.0203","8.97","0.0258","0.0570","-0.0312","9.28","22.89","24.79","19.66"
"2012-10-05T04:00:00.000Z","9.26","9.27","9.14","9.16","825,456","7.75","9.22","9.19","9.18","-0.0235","8.98","0.0187","0.0494","-0.0306","9.27","23.38","22.66","18.37"
"2012-10-08T04:00:00.000Z","9.11","9.13","9.04","9.06","1,545,584","-68.58","9.22","9.11","9.19","-0.0430","9.00","0.0051","0.0405","-0.0354","9.25","21.63","27.39","17.90"
"2012-10-09T04:00:00.000Z","9.04","9.04","8.91","8.95","1,115,832","-140.52","9.22","9.00","9.18","-0.0715","9.01","-0.0148","0.0294","-0.0442","9.22","19.55","33.33","18.48"
"2012-10-10T04:00:00.000Z","8.93","8.95","8.88","8.90","932,576","-174.10","9.21","8.92","9.18","-0.1196","9.01","-0.0339","0.0168","-0.0507","9.18","18.72","33.63","19.19"
"2012-10-11T04:00:00.000Z","8.97","8.97","8.88","8.88","1,918,504","-171.35","9.20","8.89","9.18","-0.1690","9.02","-0.0503","0.0034","-0.0537","9.15","19.30","31.41","19.53"
"2012-10-12T04:00:00.000Z","8.88","8.93","8.86","8.89","866,320","-171.91","9.20","8.88","9.18","-0.2268","9.02","-0.0617","-0.0097","-0.0520","9.11","18.41","30.99","19.95"
"2012-10-15T04:00:00.000Z","8.92","8.95","8.86","8.94","578,880","-144.60","9.19","8.91","9.17","-0.2556","9.03","-0.0656","-0.0208","-0.0448","9.09","19.01","29.07","20.02"
"2012-10-16T04:00:00.000Z","8.96","9.10","8.96","9.09","873,192","-66.02","9.19","9.02","9.17","-0.2428","9.04","-0.0560","-0.0279","-0.0281","9.08","26.49","26.09","18.65"
"2012-10-17T04:00:00.000Z","9.02","9.06","8.98","9.03","767,384","-77.79","9.19","9.06","9.17","-0.2191","9.05","-0.0529","-0.0329","-0.0201","9.07","24.53","24.16","17.37"
"2012-10-18T04:00:00.000Z","9.00","9.01","8.87","8.89","1,150,896","-122.86","9.18","8.96","9.16","-0.2127","9.06","-0.0606","-0.0384","-0.0221","9.05","22.09","28.70","17.06"
"2012-10-19T04:00:00.000Z","8.87","8.87","8.68","8.69","1,856,992","-198.41","9.16","8.79","9.15","-0.2283","9.07","-0.0818","-0.0471","-0.0347","9.03","19.30","36.27","18.02"
"2012-10-22T04:00:00.000Z","8.70","8.78","8.68","8.76","1,148,360","-187.43","9.14","8.73","9.14","-0.2553","9.07","-0.0920","-0.0561","-0.0359","8.99","18.14","34.55","18.96"
"2012-10-23T04:00:00.000Z","8.69","8.75","8.65","8.68","1,631,296","-189.02","9.13","8.72","9.13","-0.3102","9.07","-0.1058","-0.0660","-0.0398","8.95","16.88","33.84","19.99"
"2012-10-24T04:00:00.000Z","8.72","8.74","8.61","8.63","1,208,840","-184.51","9.11","8.65","9.12","-0.3634","9.07","-0.1195","-0.0767","-0.0427","8.91","15.52","33.58","21.19"
"2012-10-25T04:00:00.000Z","8.69","8.70","8.57","8.61","1,192,752","-177.74","9.08","8.62","9.11","-0.4058","9.07","-0.1299","-0.0873","-0.0425","8.88","14.35","33.05","22.49"
"2012-10-26T04:00:00.000Z","8.61","8.66","8.54","8.63","1,473,872","-170.15","9.05","8.62","9.10","-0.4229","9.07","-0.1350","-0.0969","-0.0382","8.84","13.27","32.82","23.92"
"2012-10-31T04:00:00.000Z","8.63","8.65","8.56","8.58","2,014,704","-159.62","9.03","8.60","9.08","-0.4289","9.07","-0.1418","-0.1059","-0.0359","8.82","12.52","30.98","25.24"
"2012-11-01T04:00:00.000Z","8.63","8.76","8.61","8.74","2,110,848","-117.55","9.00","8.66","9.08","-0.4172","9.07","-0.1323","-0.1112","-0.0212","8.79","17.09","27.77","25.14"
"2012-11-02T04:00:00.000Z","8.77","8.77","8.61","8.62","995,904","-118.04","8.98","8.68","9.06","-0.3953","9.06","-0.1333","-0.1156","-0.0177","8.78","16.58","25.21","24.82"
"2012-11-05T05:00:00.000Z","8.63","8.70","8.61","8.68","922,384","-111.49","8.95","8.65","9.05","-0.3686","9.06","-0.1276","-0.1180","-0.0096","8.76","15.78","23.98","24.52"
"2012-11-06T05:00:00.000Z","8.72","8.79","8.71","8.74","1,056,480","-83.03","8.93","8.71","9.03","-0.3183","9.05","-0.1172","-0.1178","0.0006","8.74","20.33","22.42","23.11"
"2012-11-07T05:00:00.000Z","8.64","8.65","8.48","8.51","2,270,464","-129.96","8.90","8.62","9.02","-0.3017","9.05","-0.1261","-0.1195","-0.0067","8.71","17.45","32.00","23.57"
"2012-11-08T05:00:00.000Z","8.54","8.57","8.39","8.39","4,601,168","-145.38","8.88","8.45","9.00","-0.3141","9.04","-0.1412","-0.1238","-0.0174","8.68","15.78","33.71","24.47"
"2012-11-09T05:00:00.000Z","8.38","8.51","8.38","8.43","1,785,208","-138.17","8.85","8.41","8.98","-0.3371","9.03","-0.1482","-0.1287","-0.0195","8.64","14.67","31.98","25.37"
"2012-11-12T05:00:00.000Z","8.46","8.46","8.37","8.40","863,224","-136.77","8.83","8.41","8.95","-0.3555","9.02","-0.1541","-0.1338","-0.0203","8.62","13.94","30.80","26.25"
"2012-11-13T05:00:00.000Z","8.33","8.42","8.30","8.35","1,442,192","-141.73","8.80","8.37","8.93","-0.4052","9.01","-0.1611","-0.1393","-0.0219","8.60","13.06","32.29","27.41"
"2012-11-14T05:00:00.000Z","8.38","8.41","8.25","8.26","1,584,048","-146.57","8.77","8.30","8.90","-0.4253","8.99","-0.1719","-0.1458","-0.0261","8.57","11.91","32.62","28.77"
"2012-11-15T05:00:00.000Z","8.26","8.29","8.19","8.21","2,363,192","-153.87","8.74","8.24","8.87","-0.4474","8.98","-0.1820","-0.1530","-0.0290","8.54","11.25","33.97","30.30"
"2012-11-16T05:00:00.000Z","8.22","8.27","8.10","8.25","1,496,392","-150.40","8.70","8.23","8.84","-0.4694","8.96","-0.1852","-0.1594","-0.0257","8.51","10.25","35.66","32.09"
"2012-11-19T05:00:00.000Z","8.34","8.48","8.33","8.47","1,299,088","-94.15","8.68","8.36","8.81","-0.4477","8.95","-0.1678","-0.1611","-0.0067","8.48","19.77","31.50","31.43"
"2012-11-20T05:00:00.000Z","8.46","8.47","8.36","8.43","1,362,304","-91.48","8.66","8.45","8.79","-0.4144","8.94","-0.1556","-0.1600","0.0044","8.47","18.61","29.65","30.82"
"2012-11-21T05:00:00.000Z","8.44","8.48","8.43","8.47","909,232","-78.30","8.64","8.45","8.77","-0.3684","8.93","-0.1409","-0.1562","0.0153","8.45","18.73","28.75","30.13"
"2012-11-23T05:00:00.000Z","8.50","8.60","8.50","8.60","552,528","-48.72","8.62","8.54","8.75","-0.2873","8.92","-0.1173","-0.1484","0.0311","8.44","23.82","26.68","28.38"
"2012-11-26T05:00:00.000Z","8.58","8.66","8.57","8.66","1,774,936","-30.86","8.62","8.63","8.74","-0.1839","8.91","-0.0928","-0.1373","0.0445","8.43","25.87","25.33","26.43"
"2012-11-27T05:00:00.000Z","8.67","8.68","8.61","8.63","1,205,304","-25.56","8.61","8.64","8.73","-0.1184","8.90","-0.0752","-0.1249","0.0497","8.43","26.08","24.27","24.80"
"2012-11-28T05:00:00.000Z","8.57","8.69","8.53","8.69","1,408,168","-24.19","8.60","8.66","8.72","-0.0657","8.90","-0.0557","-0.1110","0.0554","8.43","23.64","26.78","23.47"
"2012-11-29T05:00:00.000Z","8.73","8.77","8.70","8.73","1,335,944","7.12","8.59","8.71","8.70","-0.0033","8.89","-0.0364","-0.0961","0.0597","8.46","26.77","25.61","21.96"
"2012-11-30T05:00:00.000Z","8.74","8.75","8.69","8.71","1,776,048","6.89","8.58","8.72","8.69","0.0358","8.89","-0.0221","-0.0813","0.0592","8.48","25.79","25.19","20.47"
"2012-12-03T05:00:00.000Z","8.78","8.79","8.69","8.69","1,477,424","13.06","8.57","8.70","8.68","0.0656","8.88","-0.0123","-0.0675","0.0552","8.51","26.45","23.70","19.40"
"2012-12-04T05:00:00.000Z","8.69","8.70","8.63","8.69","992,040","1.01","8.56","8.69","8.67","0.0766","8.87","-0.0052","-0.0550","0.0499","8.54","25.30","26.07","18.12"
"2012-12-05T05:00:00.000Z","8.67","8.67","8.54","8.60","2,831,896","-21.40","8.56","8.64","8.65","0.0851","8.86","-0.0065","-0.0453","0.0388","8.57","23.04","29.47","17.70"
"2012-12-06T05:00:00.000Z","8.58","8.68","8.54","8.65","2,566,408","-9.06","8.56","8.63","8.64","0.0730","8.85","-0.0030","-0.0369","0.0339","8.60","21.50","26.92","17.24"
"2012-12-07T05:00:00.000Z","8.70","8.71","8.58","8.62","1,901,536","-0.8346","8.56","8.64","8.64","0.0694","8.84","-0.0033","-0.0302","0.0268","8.62","21.57","24.87","16.51"
"2012-12-10T05:00:00.000Z","8.60","8.69","8.60","8.65","1,725,248","6.29","8.56","8.63","8.63","0.0592","8.83","-0.0009","-0.0243","0.0234","8.63","20.39","23.51","15.84"
"2012-12-11T05:00:00.000Z","8.71","8.81","8.70","8.77","1,621,032","64.73","8.56","8.71","8.63","0.0775","8.82","0.0110","-0.0172","0.0283","8.66","25.88","21.21","15.42"
"2012-12-12T05:00:00.000Z","8.82","8.82","8.72","8.74","1,171,864","64.29","8.56","8.76","8.62","0.1081","8.81","0.0172","-0.0103","0.0276","8.68","24.47","19.93","15.05"
"2012-12-13T05:00:00.000Z","8.71","8.77","8.64","8.67","1,137,240","38.06","8.57","8.70","8.62","0.1270","8.80","0.0168","-0.0049","0.0217","8.69","22.55","22.91","14.03"
"2012-12-14T05:00:00.000Z","8.62","8.64","8.56","8.60","1,581,968","-3.89","8.56","8.64","8.60","0.1202","8.78","0.0103","-0.0019","0.0122","8.69","21.07","25.93","13.76"
"2012-12-17T05:00:00.000Z","8.59","8.71","8.59","8.71","2,023,032","39.68","8.57","8.65","8.60","0.1211","8.77","0.0140","0.0013","0.0127","8.69","23.75","24.07","12.83"
"2012-12-18T05:00:00.000Z","8.76","8.86","8.73","8.86","3,022,376","125.16","8.57","8.78","8.59","0.1228","8.76","0.0284","0.0067","0.0216","8.69","30.67","21.88","13.10"
"2012-12-19T05:00:00.000Z","8.87","8.90","8.82","8.83","2,179,504","141.32","8.57","8.84","8.60","0.1343","8.75","0.0370","0.0128","0.0242","8.70","31.29","20.93","13.59"
"2012-12-20T05:00:00.000Z","8.73","8.74","8.67","8.73","1,332,864","65.56","8.58","8.78","8.60","0.1339","8.74","0.0354","0.0173","0.0181","8.70","28.41","28.07","12.66"
"2012-12-21T05:00:00.000Z","8.62","8.66","8.58","8.65","2,565,720","19.89","8.59","8.69","8.60","0.1398","8.73","0.0278","0.0194","0.0084","8.69","26.01","30.86","12.36"
"2012-12-24T05:00:00.000Z","8.64","8.64","8.61","8.62","950,024","16.67","8.60","8.64","8.60","0.1362","8.73","0.0190","0.0193","-0.0003","8.69","25.30","30.02","12.09"
"2012-12-26T05:00:00.000Z","8.63","8.66","8.54","8.57","1,538,432","-1.59","8.60","8.60","8.60","0.1019","8.71","0.0080","0.0170","-0.0091","8.69","23.56","31.77","12.29"
"2012-12-27T05:00:00.000Z","8.56","8.58","8.45","8.56","2,240,864","-35.80","8.61","8.57","8.59","0.0341","8.70","-0.0018","0.0133","-0.0150","8.68","21.67","35.12","13.10"
"2012-12-28T05:00:00.000Z","8.52","8.55","8.46","8.47","1,990,424","-52.08","8.62","8.51","8.59","-0.0063","8.69","-0.0167","0.0073","-0.0240","8.67","20.41","33.07","13.85"
"2012-12-31T05:00:00.000Z","8.46","8.66","8.45","8.64","3,341,640","-1.79","8.63","8.55","8.59","-0.0226","8.68","-0.0145","0.0029","-0.0174","8.66","24.11","28.98","13.52"
"2013-01-02T05:00:00.000Z","8.84","8.91","8.82","8.91","2,491,600","154.86","8.65","8.77","8.60","0.0116","8.68","0.0086","0.0041","0.0046","8.66","33.68","24.84","13.63"
"2013-01-03T05:00:00.000Z","8.92","8.93","8.82","8.85","3,084,992","143.30","8.67","8.88","8.60","0.0519","8.67","0.0225","0.0077","0.0147","8.67","33.17","23.36","13.90"
"2013-01-04T05:00:00.000Z","8.86","8.86","8.78","8.81","1,492,912","113.47","8.68","8.83","8.60","0.0986","8.67","0.0300","0.0122","0.0178","8.69","31.85","24.69","13.81"
"2013-01-07T05:00:00.000Z","8.77","8.82","8.75","8.80","1,685,824","95.43","8.69","8.81","8.61","0.1382","8.66","0.0344","0.0166","0.0178","8.71","30.54","25.48","13.47"
"2013-01-08T05:00:00.000Z","8.79","8.82","8.73","8.78","4,786,896","84.12","8.70","8.79","8.62","0.1649","8.66","0.0357","0.0204","0.0152","8.71","28.82","25.48","12.95"
"2013-01-09T05:00:00.000Z","8.79","8.82","8.78","8.81","1,859,040","94.84","8.70","8.79","8.63","0.1408","8.66","0.0387","0.0241","0.0146","8.70","28.05","24.79","12.46"
"2013-01-10T05:00:00.000Z","8.87","8.87","8.77","8.85","1,932,040","104.22","8.71","8.83","8.64","0.1170","8.66","0.0438","0.0280","0.0158","8.71","29.40","23.13","12.42"
"2013-01-11T05:00:00.000Z","8.85","8.89","8.84","8.88","1,276,336","120.34","8.71","8.86","8.65","0.1138","8.66","0.0498","0.0324","0.0174","8.73","29.34","22.47","12.49"
"2013-01-14T05:00:00.000Z","8.82","8.85","8.79","8.83","2,031,320","90.98","8.72","8.85","8.67","0.1120","8.66","0.0500","0.0359","0.0140","8.74","27.55","24.69","11.98"
"2013-01-15T05:00:00.000Z","8.78","8.79","8.74","8.79","2,487,224","58.55","8.72","8.81","8.68","0.1049","8.65","0.0460","0.0379","0.0081","8.75","25.89","26.43","11.20"
"2013-01-16T05:00:00.000Z","8.79","8.86","8.78","8.83","1,285,800","87.95","8.72","8.81","8.70","0.1035","8.65","0.0458","0.0395","0.0063","8.77","29.58","24.94","11.01"
"2013-01-17T05:00:00.000Z","8.87","8.90","8.86","8.88","1,320,152","120.35","8.73","8.85","8.71","0.1084","8.65","0.0490","0.0414","0.0076","8.80","30.87","23.65","11.17"
"2013-01-18T05:00:00.000Z","8.84","8.85","8.80","8.85","1,155,424","84.78","8.74","8.86","8.72","0.0980","8.65","0.0485","0.0428","0.0057","8.83","29.27","26.75","10.69"
"2013-01-22T05:00:00.000Z","8.85","8.87","8.80","8.87","1,977,576","88.65","8.75","8.86","8.73","0.0973","8.65","0.0492","0.0441","0.0051","8.83","29.05","25.40","10.41"
"2013-01-23T05:00:00.000Z","8.93","8.99","8.93","8.96","2,515,104","162.45","8.76","8.91","8.73","0.1305","8.66","0.0568","0.0466","0.0102","8.83","35.42","23.12","11.16"
"2013-01-24T05:00:00.000Z","8.82","8.90","8.80","8.82","2,832,640","74.51","8.76","8.89","8.74","0.1310","8.66","0.0510","0.0475","0.0035","8.83","31.56","29.13","10.65"
"2013-01-25T05:00:00.000Z","8.85","8.90","8.83","8.84","1,704,344","80.83","8.77","8.83","8.74","0.1191","8.66","0.0476","0.0475","0","8.83","29.96","27.65","10.18"
"2013-01-28T05:00:00.000Z","8.86","8.91","8.85","8.87","1,564,400","90.60","8.77","8.86","8.75","0.1216","8.67","0.0467","0.0474","-0.0007","8.84","29.48","26.38","9.85"
"2013-01-29T05:00:00.000Z","8.85","8.86","8.79","8.84","1,621,528","56.94","8.78","8.86","8.75","0.1152","8.67","0.0430","0.0465","-0.0035","8.84","27.70","28.83","9.29"
"2013-01-30T05:00:00.000Z","8.85","8.88","8.80","8.83","1,304,560","58.89","8.78","8.84","8.75","0.0857","8.67","0.0385","0.0449","-0.0064","8.84","27.56","27.25","8.66"
"2013-01-31T05:00:00.000Z","8.84","8.91","8.82","8.83","4,501,240","65.31","8.79","8.83","8.76","0.0851","8.68","0.0347","0.0428","-0.0082","8.84","27.75","25.44","8.35"
"2013-02-01T05:00:00.000Z","8.89","8.94","8.86","8.93","1,499,944","99.48","8.79","8.88","8.76","0.0887","8.68","0.0391","0.0421","-0.0030","8.85","28.02","23.36","8.40"
"2013-02-04T05:00:00.000Z","8.88","8.91","8.78","8.79","1,936,992","44.08","8.79","8.86","8.77","0.0785","8.68","0.0313","0.0399","-0.0086","8.86","25.17","26.09","7.93"
"2013-02-05T05:00:00.000Z","8.84","8.93","8.81","8.91","1,709,544","80.88","8.80","8.85","8.78","0.0802","8.69","0.0342","0.0388","-0.0046","8.86","24.28","23.57","7.47"
"2013-02-06T05:00:00.000Z","8.87","8.94","8.86","8.91","2,292,704","90.32","8.80","8.91","8.78","0.0845","8.70","0.0359","0.0382","-0.0023","8.86","23.36","22.33","7.10"
"2013-02-07T05:00:00.000Z","8.91","8.95","8.81","8.91","1,359,000","80.04","8.81","8.91","8.79","0.0861","8.71","0.0370","0.0380","-0.0010","8.87","21.13","23.61","6.99"
"2013-02-08T05:00:00.000Z","8.94","9.01","8.94","9.00","2,100,512","140.50","8.83","8.95","8.79","0.0983","8.72","0.0445","0.0393","0.0052","8.87","23.66","21.96","6.75"
"2013-02-11T05:00:00.000Z","9.00","9.02","8.97","9.01","2,542,584","143.30","8.84","9.00","8.80","0.1193","8.73","0.0506","0.0415","0.0091","8.88","23.26","21.26","6.59"
"2013-02-12T05:00:00.000Z","8.99","9.02","8.97","8.97","2,053,048","129.69","8.86","8.99","8.81","0.1319","8.74","0.0521","0.0437","0.0084","8.89","22.39","20.92","6.36"
"2013-02-13T05:00:00.000Z","8.99","9.00","8.94","8.97","1,171,024","117.99","8.87","8.97","8.82","0.1356","8.75","0.0525","0.0454","0.0071","8.90","21.37","21.96","6.01"
"2013-02-14T05:00:00.000Z","8.93","9.00","8.93","8.99","877,968","117.90","8.87","8.98","8.83","0.1411","8.76","0.0537","0.0471","0.0066","8.91","20.10","21.71","5.85"
"2013-02-15T05:00:00.000Z","9.00","9.02","8.96","8.98","1,212,928","121.89","8.88","8.99","8.83","0.1296","8.77","0.0534","0.0483","0.0051","8.92","20.54","20.61","5.45"
"2013-02-19T05:00:00.000Z","9.00","9.04","8.99","9.03","1,342,424","138.82","8.89","9.01","8.83","0.1185","8.78","0.0567","0.0500","0.0067","8.93","21.00","19.65","5.29"
"2013-02-20T05:00:00.000Z","9.04","9.04","8.89","8.90","1,494,936","79.30","8.89","8.97","8.84","0.1014","8.79","0.0477","0.0495","-0.0019","8.95","18.66","24.68","5.91"
"2013-02-21T05:00:00.000Z","8.87","8.87","8.76","8.80","2,236,408","-21.36","8.89","8.85","8.84","0.0721","8.79","0.0325","0.0461","-0.0136","8.94","16.81","31.94","7.70"
"2013-02-22T05:00:00.000Z","8.87","8.91","8.83","8.90","1,015,728","30.75","8.89","8.85","8.85","0.0538","8.80","0.0285","0.0426","-0.0141","8.94","18.51","29.37","8.77"
"2013-02-25T05:00:00.000Z","8.96","8.98","8.77","8.77","1,055,344","-8.77","8.89","8.84","8.85","0.0295","8.80","0.0145","0.0370","-0.0225","8.95","20.75","25.10","8.82"
"2013-02-26T05:00:00.000Z","8.80","8.84","8.75","8.82","1,432,656","-57.44","8.89","8.80","8.86","-0.0152","8.80","0.0072","0.0310","-0.0238","8.95","19.49","25.20","9.11"
"2013-02-27T05:00:00.000Z","8.81","8.94","8.80","8.90","2,152,832","13.52","8.89","8.86","8.87","-0.0369","8.80","0.0075","0.0263","-0.0188","8.94","24.89","22.80","8.77"
"2013-02-28T05:00:00.000Z","8.89","8.95","8.88","8.88","1,299,888","28.36","8.89","8.89","8.88","-0.0213","8.81","0.0059","0.0222","-0.0163","8.93","23.83","21.72","8.47"
"2013-03-01T05:00:00.000Z","8.85","8.90","8.78","8.89","1,337,728","-21.95","8.90","8.88","8.88","-0.0280","8.81","0.0058","0.0190","-0.0132","8.92","21.80","26.43","8.55"
"2013-03-04T05:00:00.000Z","8.86","8.91","8.84","8.91","1,023,200","12.38","8.90","8.90","8.88","-0.0287","8.81","0.0070","0.0166","-0.0095","8.91","21.15","25.11","8.56"
"2013-03-05T05:00:00.000Z","8.96","9.05","8.96","9.04","1,503,912","162.62","8.90","8.97","8.88","0.0089","8.82","0.0185","0.0170","0.0016","8.91","28.73","22.65","8.79"
"2013-03-06T05:00:00.000Z","9.07","9.07","9.03","9.04","1,568,000","179.27","8.91","9.04","8.89","0.0359","8.83","0.0271","0.0190","0.0081","8.92","29.09","21.87","9.17"
"2013-03-07T05:00:00.000Z","9.04","9.09","9.04","9.08","1,493,936","183.97","8.91","9.06","8.90","0.0588","8.84","0.0366","0.0225","0.0141","8.92","28.91","21.06","9.64"
"2013-03-08T05:00:00.000Z","9.11","9.12","9.05","9.09","1,537,400","185.00","8.92","9.08","8.90","0.1012","8.84","0.0445","0.0269","0.0176","8.93","29.71","20.08","10.33"
"2013-03-11T04:00:00.000Z","9.07","9.12","9.05","9.12","1,480,672","175.02","8.93","9.10","8.91","0.1353","8.85","0.0523","0.0320","0.0203","8.94","28.08","19.35","10.91"
"2013-03-12T04:00:00.000Z","9.09","9.10","9.03","9.07","1,514,792","138.37","8.94","9.09","8.92","0.1405","8.85","0.0545","0.0365","0.0180","8.95","26.25","19.43","11.20"
"2013-03-13T04:00:00.000Z","9.08","9.10","9.04","9.07","886,968","129.74","8.94","9.07","8.92","0.1414","8.86","0.0558","0.0404","0.0154","8.97","24.86","18.39","11.47"
"2013-03-14T04:00:00.000Z","9.12","9.15","9.12","9.14","1,617,904","170.91","8.96","9.11","8.93","0.1476","8.87","0.0614","0.0446","0.0168","8.98","27.02","17.30","12.21"
"2013-03-15T04:00:00.000Z","9.13","9.15","9.08","9.11","1,494,104","141.67","8.96","9.13","8.94","0.1467","8.88","0.0625","0.0481","0.0143","9.01","25.61","19.10","12.38"
"2013-03-18T04:00:00.000Z","9.02","9.13","9.00","9.10","1,342,072","105.16","8.97","9.10","8.94","0.1378","8.88","0.0615","0.0508","0.0107","9.02","23.01","23.51","11.57"
"2013-03-19T04:00:00.000Z","9.12","9.14","8.99","9.07","1,485,384","91.93","8.98","9.08","8.95","0.1307","8.88","0.0578","0.0522","0.0056","9.04","20.52","21.59","10.93"
"2013-03-20T04:00:00.000Z","9.12","9.14","9.09","9.13","1,768,360","125.16","8.99","9.10","8.96","0.1318","8.89","0.0592","0.0536","0.0056","9.06","19.55","20.36","10.29"
"2013-03-21T04:00:00.000Z","9.04","9.06","9.00","9.01","1,380,560","49.38","8.99","9.07","8.96","0.1055","8.90","0.0504","0.0530","-0.0025","9.08","17.63","25.20","10.82"
"2013-03-22T04:00:00.000Z","9.05","9.08","9.03","9.06","968,840","69.22","9.00","9.04","8.96","0.0880","8.90","0.0465","0.0517","-0.0052","9.08","18.30","24.01","11.01"
"2013-03-25T04:00:00.000Z","9.09","9.12","9.00","9.04","1,500,936","66.29","9.00","9.05","8.97","0.0804","8.91","0.0414","0.0496","-0.0082","9.08","19.90","21.94","10.57"
"2013-03-26T04:00:00.000Z","9.06","9.10","9.06","9.10","1,066,120","85.82","9.00","9.07","8.97","0.0768","8.92","0.0415","0.0480","-0.0065","9.09","19.01","20.95","10.16"
"2013-03-27T04:00:00.000Z","9.04","9.09","9.01","9.08","1,164,824","66.15","9.00","9.09","8.98","0.0597","8.93","0.0401","0.0464","-0.0063","9.08","17.76","23.35","10.41"
"2013-03-28T04:00:00.000Z","9.08","9.12","9.05","9.11","1,351,768","86.59","9.01","9.10","8.99","0.0653","8.94","0.0408","0.0453","-0.0044","9.08","18.72","22.15","10.27"
"2013-04-01T04:00:00.000Z","9.11","9.11","8.99","9.02","1,414,504","42.46","9.01","9.06","8.99","0.0634","8.94","0.0333","0.0429","-0.0096","9.08","16.95","24.68","10.86"
"2013-04-02T04:00:00.000Z","9.05","9.08","9.01","9.03","1,537,040","39.71","9.01","9.02","8.99","0.0587","8.94","0.0280","0.0399","-0.0119","9.08","15.96","23.24","11.41"
"2013-04-03T04:00:00.000Z","9.05","9.06","8.94","8.96","1,608,992","-8.14","9.01","8.99","9.00","0.0425","8.95","0.0180","0.0355","-0.0175","9.07","14.50","26.37","12.67"
"2013-04-04T04:00:00.000Z","8.96","8.96","8.90","8.95","2,085,336","-50.77","9.01","8.96","9.00","0.0199","8.95","0.0092","0.0303","-0.0210","9.06","13.84","27.84","14.16"
"2013-04-05T04:00:00.000Z","8.83","8.88","8.79","8.87","2,443,432","-130.07","9.01","8.91","9.00","-0.0264","8.95","-0.0043","0.0234","-0.0276","9.04","12.15","33.31","16.47"
"2013-04-08T04:00:00.000Z","8.87","8.90","8.83","8.90","1,076,664","-102.22","9.01","8.88","9.00","-0.0603","8.95","-0.0124","0.0162","-0.0286","9.03","12.90","31.57","18.30"
"2013-04-09T04:00:00.000Z","8.93","8.99","8.89","8.97","1,100,312","-39.09","9.02","8.93","9.00","-0.0794","8.95","-0.0132","0.0103","-0.0235","9.01","18.82","29.07","18.52"
"2013-04-10T04:00:00.000Z","9.00","9.15","8.98","9.14","1,509,112","76.21","9.03","9.05","9.00","-0.0694","8.96","-0.0001","0.0083","-0.0083","9.01","27.56","25.31","17.50"
"2013-04-11T04:00:00.000Z","9.10","9.11","9.06","9.10","1,128,416","73.88","9.04","9.12","9.00","-0.0471","8.96","0.0073","0.0081","-0.0008","9.01","25.97","23.85","16.55"
"2013-04-12T04:00:00.000Z","9.06","9.07","8.98","9.04","1,172,720","26.03","9.04","9.07","9.01","-0.0130","8.97","0.0085","0.0081","0.0004","9.01","23.73","27.33","15.87"
"2013-04-15T04:00:00.000Z","9.01","9.02","8.86","8.87","1,451,888","-64.97","9.04","8.96","9.00","0.0003","8.97","-0.0045","0.0056","-0.0101","9.00","20.85","31.66","16.21"
"2013-04-16T04:00:00.000Z","8.93","9.01","8.91","9.00","1,339,888","-21.52","9.04","8.94","9.00","-0.0010","8.97","-0.0042","0.0037","-0.0079","9.00","19.03","28.89","16.52"
"2013-04-17T04:00:00.000Z","8.92","8.92","8.76","8.80","1,900,880","-126.50","9.04","8.90","9.00","-0.0452","8.97","-0.0200","-0.0011","-0.0189","8.98","16.23","33.69","17.84"
"2013-04-18T04:00:00.000Z","8.82","8.84","8.64","8.67","1,505,160","-189.74","9.02","8.74","8.99","-0.1091","8.97","-0.0424","-0.0093","-0.0331","8.96","14.42","36.48","19.66"
"2013-04-19T04:00:00.000Z","8.66","8.71","8.59","8.66","1,470,808","-221.04","9.01","8.67","8.99","-0.1789","8.96","-0.0604","-0.0196","-0.0408","8.93","13.48","37.01","21.58"
"2013-04-22T04:00:00.000Z","8.69","8.76","8.64","8.73","1,917,496","-169.64","9.00","8.70","8.98","-0.2215","8.96","-0.0679","-0.0292","-0.0387","8.90","15.85","34.38","22.68"
"2013-04-23T04:00:00.000Z","8.78","8.89","8.78","8.86","4,252,872","-88.61","8.99","8.79","8.99","-0.2412","8.96","-0.0634","-0.0361","-0.0273","8.89","21.58","31.38","22.38"
"2013-04-24T04:00:00.000Z","8.84","8.94","8.81","8.90","2,011,888","-65.23","8.98","8.88","8.99","-0.2292","8.96","-0.0555","-0.0399","-0.0155","8.89","22.71","29.10","21.66"
"2013-04-25T04:00:00.000Z","8.92","8.99","8.91","8.93","1,281,560","-26.70","8.98","8.92","8.99","-0.1842","8.96","-0.0461","-0.0412","-0.0049","8.90","24.61","27.63","20.53"
"2013-04-26T04:00:00.000Z","8.92","8.95","8.89","8.93","1,622,240","-38.46","8.97","8.93","8.99","-0.1246","8.96","-0.0383","-0.0406","0.0023","8.90","23.70","27.51","19.59"
"2013-04-29T04:00:00.000Z","8.96","9.09","8.96","9.06","1,021,688","31.94","8.97","9.00","8.99","-0.0586","8.97","-0.0216","-0.0368","0.0152","8.89","29.30","25.02","18.76"
"2013-04-30T04:00:00.000Z","9.07","9.16","9.05","9.16","1,430,256","89.89","8.97","9.11","9.00","-0.0049","8.97","-0.0001","-0.0294","0.0294","8.89","31.94","23.30","18.53"
"2013-05-01T04:00:00.000Z","9.15","9.17","9.06","9.08","1,874,264","72.78","8.97","9.12","9.00","0.0426","8.98","0.0102","-0.0215","0.0317","8.90","30.15","21.89","18.34"
"2013-05-02T04:00:00.000Z","9.11","9.22","9.10","9.21","1,340,728","117.40","8.97","9.15","9.01","0.0841","8.98","0.0288","-0.0115","0.0403","8.91","30.86","20.05","18.55"
"2013-05-03T04:00:00.000Z","9.29","9.34","9.28","9.31","2,060,448","191.96","8.98","9.26","9.01","0.1552","8.99","0.0509","0.0010","0.0499","8.93","35.44","18.57","19.46"
"2013-05-06T04:00:00.000Z","9.34","9.37","9.33","9.36","1,548,328","206.63","8.99","9.34","9.02","0.2123","8.99","0.0718","0.0152","0.0566","8.97","36.25","17.88","20.49"
"2013-05-07T04:00:00.000Z","9.38","9.39","9.31","9.35","1,977,264","191.66","9.01","9.36","9.02","0.2525","9.00","0.0864","0.0294","0.0570","9.01","34.36","18.20","21.23"
"2013-05-08T04:00:00.000Z","9.36","9.42","9.32","9.42","1,540,080","199.49","9.02","9.39","9.03","0.2964","9.01","0.1025","0.0440","0.0585","9.06","34.26","17.06","22.10"
"2013-05-09T04:00:00.000Z","9.40","9.46","9.38","9.39","995,600","193.45","9.03","9.41","9.04","0.3364","9.01","0.1112","0.0575","0.0538","9.12","34.66","16.19","23.12"
"2013-05-10T04:00:00.000Z","9.41","9.44","9.39","9.43","1,163,744","187.11","9.04","9.41","9.05","0.3473","9.02","0.1202","0.0700","0.0501","9.17","33.34","15.57","24.06"
"2013-05-13T04:00:00.000Z","9.42","9.44","9.40","9.41","1,191,960","171.59","9.05","9.42","9.06","0.3506","9.03","0.1242","0.0809","0.0433","9.21","32.31","15.09","24.94"
"2013-05-14T04:00:00.000Z","9.42","9.48","9.42","9.45","3,029,448","171.44","9.06","9.43","9.06","0.3600","9.04","0.1292","0.0905","0.0387","9.25","33.57","14.33","26.03"
"2013-05-15T04:00:00.000Z","9.44","9.48","9.41","9.47","1,418,008","157.07","9.08","9.46","9.07","0.3627","9.04","0.1332","0.0991","0.0341","9.29","32.03","14.03","26.96"
"2013-05-16T04:00:00.000Z","9.50","9.59","9.50","9.52","2,425,632","173.49","9.10","9.50","9.08","0.3742","9.05","0.1388","0.1070","0.0318","9.33","37.34","12.86","28.52"
"2013-05-17T04:00:00.000Z","9.56","9.63","9.55","9.63","1,465,368","178.98","9.13","9.57","9.10","0.3930","9.07","0.1500","0.1156","0.0344","9.37","37.54","11.85","30.20"
"2013-05-20T04:00:00.000Z","9.62","9.67","9.60","9.63","3,070,584","170.93","9.15","9.63","9.11","0.4190","9.08","0.1577","0.1240","0.0336","9.40","38.49","11.29","31.94"
"2013-05-21T04:00:00.000Z","9.63","9.65","9.58","9.62","2,112,728","149.24","9.17","9.63","9.13","0.4336","9.09","0.1606","0.1313","0.0293","9.44","36.51","12.51","33.16"
"2013-05-22T04:00:00.000Z","9.63","9.68","9.46","9.50","2,470,424","118.74","9.18","9.56","9.14","0.4402","9.11","0.1520","0.1355","0.0165","9.47","30.99","18.75","32.55"
"2013-05-23T04:00:00.000Z","9.40","9.53","9.39","9.50","2,464,544","91.05","9.20","9.50","9.15","0.4057","9.12","0.1430","0.1370","0.0061","9.47","28.14","21.54","31.17"
"2013-05-24T04:00:00.000Z","9.45","9.48","9.41","9.48","1,249,776","81.26","9.21","9.49","9.16","0.3602","9.13","0.1329","0.1362","-0.0033","9.48","26.42","20.23","29.89"
"2013-05-28T04:00:00.000Z","9.59","9.62","9.52","9.55","1,768,264","103.08","9.23","9.51","9.17","0.3291","9.14","0.1292","0.1348","-0.0056","9.50","33.01","18.33","29.80"
"2013-05-29T04:00:00.000Z","9.51","9.57","9.47","9.54","1,346,616","87.74","9.25","9.54","9.18","0.2970","9.15","0.1238","0.1326","-0.0087","9.50","30.92","20.57","29.11"
"2013-05-30T04:00:00.000Z","9.55","9.67","9.55","9.63","1,793,016","104.17","9.28","9.58","9.20","0.2899","9.16","0.1255","0.1312","-0.0056","9.52","34.96","18.80","29.17"
"2013-05-31T04:00:00.000Z","9.61","9.68","9.55","9.55","3,262,336","92.79","9.31","9.59","9.22","0.3033","9.17","0.1191","0.1288","-0.0097","9.53","32.67","17.22","29.30"
"2013-06-03T04:00:00.000Z","9.57","9.60","9.48","9.60","2,122,424","80.56","9.34","9.57","9.23","0.3046","9.17","0.1164","0.1263","-0.0099","9.54","30.24","20.31","28.61"
"2013-06-04T04:00:00.000Z","9.61","9.64","9.50","9.53","1,934,328","76.85","9.37","9.56","9.25","0.2864","9.18","0.1076","0.1226","-0.0149","9.56","30.47","18.45","28.32"
"2013-06-05T04:00:00.000Z","9.51","9.54","9.42","9.44","2,092,472","51.12","9.39","9.48","9.26","0.2591","9.19","0.0920","0.1164","-0.0245","9.56","28.26","22.15","27.16"
"2013-06-06T04:00:00.000Z","9.48","9.48","9.34","9.46","2,017,656","40.34","9.40","9.45","9.27","0.1992","9.19","0.0805","0.1093","-0.0287","9.55","25.75","25.13","25.31"
"2013-06-07T04:00:00.000Z","9.47","9.55","9.44","9.55","1,265,080","59.79","9.43","9.51","9.28","0.1505","9.20","0.0781","0.1030","-0.0249","9.54","28.28","23.31","24.19"
"2013-06-10T04:00:00.000Z","9.59","9.60","9.55","9.57","1,475,872","71.71","9.45","9.56","9.29","0.1320","9.21","0.0764","0.0977","-0.0213","9.54","30.40","22.49","23.53"
"2013-06-11T04:00:00.000Z","9.47","9.55","9.44","9.46","1,366,064","46.52","9.46","9.51","9.31","0.0966","9.21","0.0657","0.0913","-0.0256","9.52","27.92","27.71","21.88"
"2013-06-12T04:00:00.000Z","9.53","9.53","9.36","9.38","1,380,816","29.70","9.47","9.42","9.32","0.0734","9.22","0.0503","0.0831","-0.0328","9.53","25.02","29.49","20.90"
"2013-06-13T04:00:00.000Z","9.37","9.50","9.35","9.49","1,297,904","33.36","9.48","9.43","9.34","0.0620","9.23","0.0462","0.0757","-0.0295","9.53","22.66","27.62","20.11"
"2013-06-14T04:00:00.000Z","9.48","9.51","9.41","9.42","1,264,096","30.84","9.49","9.46","9.35","0.0384","9.23","0.0373","0.0680","-0.0307","9.52","21.50","25.93","19.34"
"2013-06-17T04:00:00.000Z","9.49","9.58","9.49","9.52","1,554,824","56.68","9.49","9.47","9.38","0.0147","9.24","0.0379","0.0620","-0.0241","9.52","23.74","23.56","17.99"
"2013-06-18T04:00:00.000Z","9.54","9.62","9.54","9.60","1,060,184","78.56","9.50","9.56","9.40","0.0184","9.25","0.0443","0.0585","-0.0142","9.52","24.79","22.21","17.10"
"2013-06-19T04:00:00.000Z","9.61","9.62","9.51","9.51","1,876,912","60.79","9.51","9.56","9.41","0.0287","9.26","0.0413","0.0550","-0.0138","9.52","23.11","22.82","15.92"
"2013-06-20T04:00:00.000Z","9.42","9.45","9.27","9.29","2,493,624","-43.32","9.50","9.40","9.42","0.0095","9.26","0.0214","0.0483","-0.0269","9.51","20.02","33.08","16.54"
"2013-06-21T04:00:00.000Z","9.31","9.32","9.16","9.24","2,042,256","-101.98","9.50","9.27","9.43","-0.0313","9.26","0.0014","0.0389","-0.0376","9.48","18.27","36.03","17.69"
"2013-06-24T04:00:00.000Z","9.16","9.17","9.04","9.11","2,650,720","-186.64","9.49","9.18","9.44","-0.1093","9.26","-0.0249","0.0262","-0.0511","9.45","16.34","38.66","19.33"
"2013-06-25T04:00:00.000Z","9.20","9.21","9.13","9.18","1,345,360","-156.89","9.48","9.15","9.44","-0.1864","9.27","-0.0394","0.0130","-0.0525","9.43","17.74","36.52","20.42"
"2013-06-26T04:00:00.000Z","9.27","9.27","9.21","9.23","1,334,256","-122.46","9.47","9.21","9.44","-0.2465","9.27","-0.0462","0.0012","-0.0474","9.42","20.23","34.68","20.84"
"2013-06-27T04:00:00.000Z","9.28","9.33","9.28","9.29","1,391,288","-96.90","9.47","9.26","9.45","-0.2545","9.27","-0.0470","-0.0085","-0.0385","9.39","22.19","32.84","20.74"
"2013-06-28T04:00:00.000Z","9.25","9.30","9.18","9.25","2,751,200","-133.99","9.46","9.27","9.45","-0.2498","9.28","-0.0500","-0.0168","-0.0333","9.38","20.64","35.92","21.18"
"2013-07-01T04:00:00.000Z","9.36","9.39","9.31","9.32","2,181,576","-72.04","9.45","9.28","9.45","-0.1991","9.29","-0.0461","-0.0226","-0.0235","9.36","23.72","33.10","20.85"
"2013-07-02T04:00:00.000Z","9.33","9.39","9.27","9.32","1,736,672","-78.50","9.44","9.32","9.45","-0.1630","9.29","-0.0424","-0.0266","-0.0158","9.36","22.08","33.20","20.80"
"2013-07-03T04:00:00.000Z","9.31","9.42","9.29","9.38","1,153,104","-54.52","9.43","9.35","9.45","-0.1377","9.30","-0.0342","-0.0281","-0.0061","9.35","22.14","30.75","20.48"
"2013-07-05T04:00:00.000Z","9.44","9.46","9.36","9.46","1,350,328","-13.14","9.43","9.42","9.45","-0.1117","9.31","-0.0208","-0.0266","0.0059","9.35","23.13","28.96","19.81"
"2013-07-08T04:00:00.000Z","9.50","9.51","9.42","9.44","2,021,672","1.11","9.43","9.45","9.45","-0.0642","9.31","-0.0123","-0.0238","0.0115","9.34","24.33","27.46","18.83"
"2013-07-09T04:00:00.000Z","9.45","9.50","9.43","9.49","936,136","16.27","9.43","9.46","9.45","-0.0356","9.32","-0.0012","-0.0192","0.0181","9.33","23.31","26.31","17.92"
"2013-07-10T04:00:00.000Z","9.49","9.55","9.49","9.53","1,541,512","45.81","9.43","9.51","9.45","0.0041","9.33","0.0111","-0.0132","0.0243","9.34","25.09","25.35","16.68"
"2013-07-11T04:00:00.000Z","9.65","9.70","9.62","9.70","3,743,816","136.60","9.43","9.62","9.46","0.0617","9.34","0.0336","-0.0038","0.0374","9.36","31.91","22.80","16.67"
"2013-07-12T04:00:00.000Z","9.72","9.72","9.68","9.71","2,208,312","147.04","9.43","9.71","9.47","0.1127","9.36","0.0521","0.0074","0.0447","9.41","32.49","22.19","16.83"
"2013-07-15T04:00:00.000Z","9.72","9.77","9.70","9.75","3,210,632","157.34","9.44","9.73","9.47","0.1587","9.37","0.0689","0.0197","0.0493","9.45","33.88","21.20","17.27"
"2013-07-16T04:00:00.000Z","9.78","9.78","9.72","9.75","2,304,792","157.62","9.45","9.75","9.47","0.2100","9.39","0.0814","0.0320","0.0494","9.48","33.44","20.35","17.78"
"2013-07-17T04:00:00.000Z","9.77","9.79","9.74","9.77","1,787,672","161.29","9.45","9.76","9.48","0.2533","9.41","0.0916","0.0439","0.0477","9.52","33.24","19.64","18.34"
"2013-07-18T04:00:00.000Z","9.79","9.80","9.73","9.74","1,111,184","149.59","9.46","9.76","9.48","0.2704","9.43","0.0968","0.0545","0.0423","9.56","31.52","19.60","18.70"
"2013-07-19T04:00:00.000Z","9.65","9.65","9.56","9.58","1,373,896","61.81","9.47","9.66","9.48","0.2515","9.44","0.0868","0.0610","0.0259","9.59","27.65","28.56","17.48"
"2013-07-22T04:00:00.000Z","9.59","9.62","9.58","9.61","2,405,240","62.17","9.47","9.60","9.49","0.2236","9.45","0.0804","0.0649","0.0156","9.61","26.82","27.71","16.35"
"2013-07-23T04:00:00.000Z","9.64","9.65","9.57","9.57","1,695,728","54.81","9.47","9.59","9.49","0.1941","9.46","0.0712","0.0661","0.0051","9.63","27.06","26.20","15.29"
"2013-07-24T04:00:00.000Z","9.68","9.70","9.63","9.64","1,349,296","82.29","9.48","9.61","9.49","0.1672","9.47","0.0687","0.0666","0.0020","9.65","28.07","23.93","14.77"
"2013-07-25T04:00:00.000Z","9.68","9.70","9.64","9.70","2,017,480","90.71","9.49","9.67","9.49","0.1401","9.48","0.0708","0.0675","0.0033","9.66","27.33","22.80","14.36"
"2013-07-26T04:00:00.000Z","9.66","9.70","9.62","9.70","1,592,592","84.98","9.49","9.70","9.50","0.1457","9.49","0.0713","0.0683","0.0031","9.68","25.67","22.73","13.77"
"2013-07-29T04:00:00.000Z","9.68","9.72","9.66","9.68","1,395,616","90.12","9.50","9.69","9.50","0.1601","9.50","0.0697","0.0685","0.0011","9.70","26.24","21.66","13.47"
"2013-07-30T04:00:00.000Z","9.73","9.80","9.73","9.77","1,970,768","119.93","9.51","9.72","9.50","0.1830","9.50","0.0741","0.0697","0.0045","9.70","29.70","19.78","13.94"
"2013-07-31T04:00:00.000Z","9.79","9.83","9.73","9.75","4,175,912","116.68","9.52","9.76","9.51","0.1970","9.51","0.0757","0.0709","0.0048","9.71","29.82","18.34","14.64"
"2013-08-01T04:00:00.000Z","9.84","9.88","9.82","9.87","1,265,008","142.72","9.53","9.81","9.52","0.2201","9.52","0.0852","0.0737","0.0115","9.72","30.38","16.69","15.68"
"2013-08-02T04:00:00.000Z","9.88","9.92","9.85","9.92","1,285,344","148.89","9.55","9.89","9.53","0.2522","9.53","0.0959","0.0782","0.0177","9.72","31.89","15.79","16.97"
"2013-08-05T04:00:00.000Z","9.91","9.95","9.90","9.95","2,070,816","151.88","9.57","9.93","9.54","0.2875","9.54","0.1055","0.0836","0.0219","9.73","33.17","15.12","18.43"
"2013-08-06T04:00:00.000Z","9.93","9.93","9.85","9.88","1,328,976","125.63","9.60","9.91","9.55","0.3038","9.54","0.1065","0.0882","0.0183","9.74","30.73","17.60","19.05"
"2013-08-07T04:00:00.000Z","9.86","9.88","9.80","9.85","1,738,056","103.84","9.62","9.87","9.56","0.3078","9.55","0.1039","0.0913","0.0125","9.76","28.93","20.02","18.99"
"2013-08-08T04:00:00.000Z","9.90","9.92","9.84","9.90","3,088,872","111.38","9.64","9.88","9.57","0.2985","9.56","0.1043","0.0939","0.0104","9.78","29.99","18.74","19.28"
"2013-08-09T04:00:00.000Z","9.92","9.92","9.83","9.86","2,131,336","100.88","9.66","9.88","9.58","0.2783","9.56","0.1005","0.0953","0.0053","9.80","27.80","18.10","19.41"
"2013-08-12T04:00:00.000Z","9.83","9.94","9.81","9.93","1,303,720","103.89","9.68","9.90","9.59","0.2457","9.57","0.1018","0.0966","0.0052","9.82","26.56","16.32","19.73"
"2013-08-13T04:00:00.000Z","9.95","10.03","9.89","10.01","2,271,424","124.02","9.71","9.97","9.61","0.2361","9.58","0.1076","0.0988","0.0088","9.84","30.15","14.77","20.77"
"2013-08-14T04:00:00.000Z","10.02","10.02","9.96","9.98","1,563,600","119.91","9.73","9.99","9.62","0.2436","9.58","0.1090","0.1008","0.0082","9.86","28.85","14.13","21.73"
"2013-08-15T04:00:00.000Z","9.88","9.88","9.79","9.81","2,069,400","64.39","9.74","9.89","9.62","0.2189","9.59","0.0950","0.0996","-0.0046","9.88","24.91","24.47","20.25"
"2013-08-16T04:00:00.000Z","9.81","9.86","9.80","9.81","1,170,200","62.48","9.76","9.81","9.64","0.1930","9.59","0.0836","0.0964","-0.0129","9.88","23.83","23.41","18.86"
"2013-08-19T04:00:00.000Z","9.81","9.89","9.79","9.79","1,082,240","58.26","9.77","9.80","9.65","0.1709","9.60","0.0713","0.0914","-0.0201","9.89","24.04","21.66","17.89"
"2013-08-20T04:00:00.000Z","9.81","9.85","9.79","9.81","1,582,288","55.60","9.78","9.80","9.67","0.1286","9.60","0.0630","0.0857","-0.0227","9.88","22.87","20.61","16.98"
"2013-08-21T04:00:00.000Z","9.78","9.87","9.77","9.79","1,131,664","50.94","9.79","9.80","9.68","0.0812","9.61","0.0542","0.0794","-0.0252","9.88","22.60","19.14","16.36"
"2013-08-22T04:00:00.000Z","9.82","9.88","9.78","9.85","2,938,088","58.65","9.79","9.82","9.70","0.0685","9.61","0.0515","0.0738","-0.0223","9.87","21.57","17.83","15.87"
"2013-08-23T04:00:00.000Z","9.93","9.94","9.89","9.91","1,292,920","87.62","9.80","9.88","9.71","0.0714","9.62","0.0538","0.0698","-0.0161","9.87","24.77","16.70","16.13"
"2013-08-26T04:00:00.000Z","9.91","9.97","9.88","9.89","1,576,496","87.33","9.80","9.90","9.73","0.0760","9.62","0.0532","0.0665","-0.0133","9.87","25.71","15.57","16.73"
"2013-08-27T04:00:00.000Z","9.78","9.82","9.66","9.68","1,470,720","-9.08","9.80","9.79","9.74","0.0532","9.62","0.0353","0.0602","-0.0250","9.87","21.67","28.03","16.45"
"2013-08-28T04:00:00.000Z","9.67","9.76","9.67","9.71","1,025,008","-19.61","9.80","9.70","9.75","0.0300","9.63","0.0232","0.0528","-0.0297","9.85","20.37","26.35","16.19"
"2013-08-29T04:00:00.000Z","9.71","9.81","9.70","9.77","1,561,704","1.82","9.80","9.74","9.76","0.0135","9.63","0.0182","0.0459","-0.0277","9.84","22.52","24.36","15.31"
"2013-08-30T04:00:00.000Z","9.79","9.79","9.69","9.71","865,352","-23.97","9.80","9.74","9.76","-0.0214","9.64","0.0091","0.0386","-0.0294","9.83","20.89","23.62","14.66"
"2013-09-03T04:00:00.000Z","9.77","9.82","9.70","9.74","1,844,360","-13.47","9.81","9.73","9.77","-0.0555","9.64","0.0047","0.0318","-0.0271","9.81","20.94","21.75","13.75"
"2013-09-04T04:00:00.000Z","9.76","9.85","9.75","9.83","1,486,264","23.18","9.82","9.79","9.78","-0.0437","9.64","0.0080","0.0270","-0.0190","9.80","21.84","20.16","13.05"
"2013-09-05T04:00:00.000Z","9.84","9.88","9.82","9.86","1,158,888","50.20","9.82","9.84","9.79","-0.0185","9.65","0.0126","0.0241","-0.0116","9.80","22.74","19.43","12.68"
"2013-09-06T04:00:00.000Z","9.89","9.92","9.78","9.88","1,355,368","51.71","9.83","9.87","9.79","-0.0069","9.66","0.0176","0.0228","-0.0052","9.81","20.59","20.68","11.79"
"2013-09-09T04:00:00.000Z","9.93","10.03","9.93","10.01","2,483,120","148.49","9.84","9.94","9.80","0.0301","9.67","0.0320","0.0247","0.0073","9.81","25.81","18.59","12.11"
"2013-09-10T04:00:00.000Z","10.07","10.09","10.03","10.07","2,302,920","195.63","9.85","10.04","9.81","0.0778","9.68","0.0482","0.0294","0.0188","9.84","28.80","17.52","12.98"
"2013-09-11T04:00:00.000Z","10.01","10.06","9.97","10.04","1,776,952","153.24","9.86","10.06","9.82","0.1100","9.69","0.0579","0.0351","0.0229","9.85","26.85","20.31","13.04"
"2013-09-12T04:00:00.000Z","10.05","10.07","10.02","10.03","16,445,488","151.29","9.87","10.04","9.82","0.1372","9.69","0.0638","0.0408","0.0230","9.86","26.63","19.59","13.20"
"2013-09-13T04:00:00.000Z","10.04","10.05","9.99","10.04","3,041,768","133.76","9.88","10.03","9.83","0.1610","9.70","0.0681","0.0463","0.0218","9.87","25.34","20.71","12.98"
"2013-09-16T04:00:00.000Z","10.11","10.11","9.98","9.99","2,584,544","128.94","9.88","10.02","9.84","0.1638","9.71","0.0674","0.0505","0.0169","9.90","26.89","18.75","13.32"
"2013-09-17T04:00:00.000Z","10.00","10.08","10.00","10.07","1,462,784","138.61","9.88","10.03","9.85","0.1513","9.73","0.0719","0.0548","0.0171","9.92","25.22","17.58","13.65"
"2013-09-18T04:00:00.000Z","10.10","10.20","10.08","10.19","1,299,072","198.25","9.89","10.13","9.87","0.1656","9.75","0.0846","0.0607","0.0239","9.95","31.05","15.97","14.96"
"2013-09-19T04:00:00.000Z","10.23","10.25","10.20","10.22","1,953,848","222.73","9.91","10.21","9.88","0.1914","9.76","0.0957","0.0677","0.0280","9.99","33.44","15.31","16.55"
"2013-09-20T04:00:00.000Z","10.24","10.24","10.16","10.17","3,140,168","186.32","9.92","10.19","9.89","0.2183","9.78","0.0993","0.0740","0.0252","10.02","31.47","17.18","17.47"
"2013-09-23T04:00:00.000Z","10.22","10.25","10.13","10.18","929,064","167.86","9.93","10.17","9.91","0.2398","9.79","0.1015","0.0795","0.0220","10.06","28.82","17.97","17.87"
"2013-09-24T04:00:00.000Z","10.18","10.22","10.12","10.16","2,553,184","144.73","9.93","10.17","9.92","0.2565","9.81","0.1011","0.0838","0.0172","10.08","26.76","17.76","18.04"
"2013-09-25T04:00:00.000Z","10.18","10.20","10.12","10.16","1,480,720","130.73","9.94","10.16","9.93","0.2514","9.82","0.0991","0.0869","0.0122","10.11","25.22","16.74","18.20"
"2013-09-26T04:00:00.000Z","10.18","10.24","10.16","10.19","2,175,640","141.14","9.95","10.17","9.94","0.2372","9.84","0.0991","0.0893","0.0098","10.12","26.85","15.68","18.77"
"2013-09-27T04:00:00.000Z","10.15","10.17","10.11","10.14","1,686,616","101.74","9.96","10.17","9.95","0.2164","9.85","0.0940","0.0903","0.0038","10.13","25.23","18.54","18.52"
"2013-09-30T04:00:00.000Z","10.03","10.12","10.00","10.09","3,044,512","62.39","9.97","10.11","9.95","0.1853","9.86","0.0847","0.0892","-0.0045","10.13","22.67","24.56","17.48"
"2013-10-01T04:00:00.000Z","10.10","10.21","10.10","10.20","1,281,648","104.87","9.98","10.14","9.96","0.1771","9.87","0.0850","0.0883","-0.0034","10.14","26.60","22.49","16.83"
"2013-10-02T04:00:00.000Z","10.13","10.20","10.12","10.20","2,805,448","101.46","9.99","10.20","9.96","0.1722","9.89","0.0845","0.0876","-0.0030","10.14","25.05","21.18","16.23"
"2013-10-03T04:00:00.000Z","10.20","10.21","10.03","10.09","1,734,496","66.79","10.00","10.15","9.97","0.1466","9.89","0.0746","0.0850","-0.0103","10.15","22.04","24.90","15.51"
"2013-10-04T04:00:00.000Z","10.10","10.17","10.08","10.16","3,648,952","76.48","10.01","10.13","9.98","0.1352","9.90","0.0715","0.0823","-0.0108","10.16","20.62","23.29","14.83"
"2013-10-07T04:00:00.000Z","10.07","10.15","10.05","10.07","1,263,992","54.10","10.02","10.12","9.98","0.1359","9.91","0.0615","0.0781","-0.0166","10.15","19.12","23.23","14.47"
"2013-10-08T04:00:00.000Z","10.08","10.08","9.88","9.88","3,739,208","-16.72","10.02","9.98","9.98","0.0960","9.91","0.0377","0.0700","-0.0323","10.14","16.61","31.62","15.66"
"2013-10-09T04:00:00.000Z","9.91","9.94","9.79","9.90","23,971,752","-47.96","10.03","9.89","9.98","0.0358","9.91","0.0197","0.0600","-0.0403","10.12","15.11","33.79","17.27"
"2013-10-10T04:00:00.000Z","9.97","10.10","9.96","10.09","1,855,312","32.75","10.04","9.99","9.98","0.0128","9.92","0.0208","0.0522","-0.0313","10.10","22.96","29.70","16.95"
"2013-10-11T04:00:00.000Z","10.08","10.18","10.07","10.18","1,453,496","72.65","10.05","10.13","9.99","0.0071","9.93","0.0283","0.0474","-0.0191","10.09","26.35","27.72","15.92"
"2013-10-14T04:00:00.000Z","10.13","10.24","10.11","10.23","1,693,608","92.58","10.07","10.21","10.00","0.0142","9.94","0.0383","0.0456","-0.0072","10.09","27.80","25.51","15.09"
"2013-10-15T04:00:00.000Z","10.24","10.26","10.16","10.16","2,449,096","88.66","10.08","10.20","10.01","0.0470","9.95","0.0401","0.0445","-0.0044","10.09","27.09","24.04","14.44"
"2013-10-16T04:00:00.000Z","10.22","10.27","10.20","10.27","1,202,480","110.09","10.10","10.21","10.02","0.1060","9.96","0.0493","0.0454","0.0039","10.10","26.23","22.41","13.97"
"2013-10-17T04:00:00.000Z","10.19","10.26","10.16","10.26","1,849,904","96.49","10.11","10.26","10.03","0.1286","9.97","0.0552","0.0474","0.0078","10.11","24.54","23.62","13.11"
"2013-10-18T04:00:00.000Z","10.37","10.44","10.33","10.44","1,441,392","173.83","10.13","10.35","10.05","0.1613","9.98","0.0737","0.0526","0.0210","10.13","32.41","21.04","13.69"
"2013-10-21T04:00:00.000Z","10.48","10.52","10.47","10.48","1,898,216","199.36","10.15","10.46","10.06","0.2026","9.99","0.0909","0.0603","0.0306","10.16","35.25","20.06","14.67"
"2013-10-22T04:00:00.000Z","10.53","10.53","10.41","10.46","2,155,640","178.70","10.16","10.47","10.08","0.2355","10.01","0.1019","0.0686","0.0333","10.18","32.77","21.66","15.08"
"2013-10-23T04:00:00.000Z","10.42","10.42","10.34","10.39","1,657,712","135.84","10.17","10.43","10.09","0.2489","10.02","0.1034","0.0756","0.0278","10.21","30.41","24.31","14.80"
"2013-10-24T04:00:00.000Z","10.39","10.46","10.39","10.43","1,147,088","149.85","10.18","10.41","10.11","0.2749","10.03","0.1068","0.0818","0.0249","10.23","31.24","23.28","14.79"
"2013-10-25T04:00:00.000Z","10.52","10.53","10.44","10.46","1,150,352","166.33","10.20","10.45","10.13","0.2797","10.04","0.1108","0.0876","0.0232","10.26","33.93","21.81","15.28"
"2013-10-28T04:00:00.000Z","10.48","10.49","10.43","10.48","1,154,472","156.04","10.21","10.47","10.15","0.2622","10.05","0.1135","0.0928","0.0207","10.31","32.54","21.40","15.67"
"2013-10-29T04:00:00.000Z","10.53","10.56","10.48","10.53","1,512,464","174.95","10.23","10.50","10.17","0.2565","10.06","0.1186","0.0980","0.0207","10.35","35.05","20.24","16.46"
"2013-10-30T04:00:00.000Z","10.55","10.55","10.44","10.48","1,402,008","150.97","10.24","10.51","10.18","0.2658","10.07","0.1174","0.1019","0.0156","10.39","32.56","21.22","16.79"
"2013-10-31T04:00:00.000Z","10.46","10.53","10.44","10.46","1,663,992","133.54","10.25","10.47","10.20","0.2636","10.08","0.1132","0.1041","0.0091","10.41","30.59","20.35","17.03"
"2013-11-01T04:00:00.000Z","10.50","10.53","10.42","10.46","1,399,304","122.83","10.26","10.46","10.21","0.2491","10.09","0.1091","0.1051","0.0040","10.43","28.43","19.82","17.09"
"2013-11-04T05:00:00.000Z","10.51","10.51","10.46","10.50","1,779,712","121.18","10.27","10.48","10.23","0.2407","10.10","0.1075","0.1056","0.0019","10.46","27.40","19.10","17.14"
"2013-11-05T05:00:00.000Z","10.46","10.53","10.44","10.51","1,491,240","112.97","10.28","10.50","10.24","0.2236","10.11","0.1056","0.1056","0","10.48","25.52","19.44","16.88"
"2013-11-06T05:00:00.000Z","10.57","10.59","10.53","10.58","1,213,048","134.45","10.29","10.54","10.25","0.2263","10.12","0.1090","0.1063","0.0028","10.49","28.00","18.28","17.18"
"2013-11-07T05:00:00.000Z","10.58","10.62","10.43","10.44","1,967,944","97.72","10.30","10.51","10.26","0.2255","10.12","0.0989","0.1048","-0.0059","10.50","24.47","22.51","16.25"
"2013-11-08T05:00:00.000Z","10.45","10.56","10.44","10.56","1,212,432","99.10","10.31","10.50","10.27","0.2206","10.14","0.0994","0.1037","-0.0043","10.49","22.55","20.74","15.39"
"2013-11-11T05:00:00.000Z","10.55","10.58","10.51","10.56","1,102,832","104.80","10.33","10.56","10.29","0.2216","10.15","0.0986","0.1027","-0.0041","10.50","22.94","19.86","14.80"
"2013-11-12T05:00:00.000Z","10.54","10.62","10.54","10.60","950,472","111.67","10.34","10.58","10.30","0.2278","10.16","0.1005","0.1023","-0.0018","10.52","24.36","18.78","14.67"
"2013-11-13T05:00:00.000Z","10.55","10.72","10.55","10.72","1,414,688","131.43","10.36","10.66","10.31","0.2296","10.18","0.1101","0.1038","0.0063","10.52","28.35","16.67","15.47"
"2013-11-14T05:00:00.000Z","10.66","10.69","10.62","10.68","1,799,576","123.31","10.38","10.70","10.32","0.2403","10.19","0.1131","0.1057","0.0074","10.53","26.57","15.62","16.22"
"2013-11-15T05:00:00.000Z","10.69","10.72","10.67","10.72","1,542,504","129.31","10.40","10.70","10.34","0.2614","10.21","0.1175","0.1081","0.0094","10.54","27.83","15.15","17.17"
"2013-11-18T05:00:00.000Z","10.72","10.73","10.61","10.62","1,847,736","106.49","10.42","10.67","10.35","0.2713","10.22","0.1120","0.1088","0.0031","10.56","25.50","18.30","17.12"
"2013-11-19T05:00:00.000Z","10.63","10.67","10.56","10.57","2,117,368","84.64","10.44","10.60","10.36","0.2660","10.23","0.1024","0.1075","-0.0052","10.57","23.60","20.16","16.46"
"2013-11-20T05:00:00.000Z","10.61","10.64","10.53","10.55","1,901,840","71.43","10.46","10.56","10.37","0.2426","10.24","0.0917","0.1044","-0.0126","10.58","21.87","20.81","15.46"
"2013-11-21T05:00:00.000Z","10.59","10.67","10.58","10.67","2,837,736","90.59","10.48","10.61","10.38","0.2218","10.26","0.0917","0.1018","-0.0101","10.58","22.33","19.09","14.92"
"2013-11-22T05:00:00.000Z","10.66","10.67","10.64","10.65","1,564,192","92.72","10.50","10.66","10.39","0.1972","10.27","0.0897","0.0994","-0.0097","10.60","21.82","18.65","14.41"
"2013-11-25T05:00:00.000Z","10.68","10.68","10.61","10.63","3,378,312","85.07","10.51","10.64","10.41","0.1720","10.29","0.0854","0.0966","-0.0112","10.61","20.63","20.06","13.48"
"2013-11-26T05:00:00.000Z","10.63","10.72","10.62","10.69","1,597,088","94.76","10.53","10.66","10.42","0.1588","10.31","0.0853","0.0943","-0.0091","10.61","21.80","18.67","13.07"
"2013-11-27T05:00:00.000Z","10.73","10.79","10.72","10.78","1,245,768","122.87","10.55","10.73","10.43","0.1713","10.32","0.0916","0.0938","-0.0022","10.63","25.21","17.32","13.46"
"2013-11-29T05:00:00.000Z","10.82","10.86","10.81","10.83","1,378,472","145.89","10.56","10.80","10.45","0.1921","10.34","0.0995","0.0949","0.0046","10.65","28.99","16.31","14.50"
"2013-12-02T05:00:00.000Z","10.85","10.86","10.77","10.78","1,895,112","131.99","10.58","10.80","10.47","0.2049","10.35","0.1007","0.0961","0.0046","10.68","27.11","18.34","14.84"
"2013-12-03T05:00:00.000Z","10.78","10.82","10.76","10.80","1,166,136","127.14","10.59","10.79","10.49","0.2177","10.37","0.1018","0.0972","0.0046","10.70","25.81","17.96","15.06"
"2013-12-04T05:00:00.000Z","10.77","10.87","10.75","10.83","1,617,936","132.19","10.60","10.81","10.51","0.2283","10.38","0.1043","0.0986","0.0056","10.70","26.50","16.38","15.67"
"2013-12-05T05:00:00.000Z","10.84","10.86","10.80","10.82","1,056,088","134.94","10.61","10.83","10.53","0.2257","10.39","0.1042","0.0997","0.0045","10.72","25.27","15.62","16.24"
"2013-12-06T05:00:00.000Z","10.89","10.92","10.85","10.90","1,112,320","155.55","10.63","10.86","10.55","0.2210","10.41","0.1089","0.1016","0.0074","10.73","27.49","14.50","17.29"
"2013-12-09T05:00:00.000Z","10.94","10.95","10.90","10.92","1,730,128","163.27","10.64","10.91","10.57","0.2305","10.42","0.1134","0.1040","0.0095","10.75","28.96","13.90","18.56"
"2013-12-10T05:00:00.000Z","10.90","10.94","10.89","10.91","1,381,056","150.15","10.66","10.92","10.59","0.2417","10.44","0.1146","0.1061","0.0085","10.78","27.84","13.98","19.61"
"2013-12-11T05:00:00.000Z","10.93","10.95","10.78","10.80","2,074,040","113.11","10.67","10.86","10.61","0.2394","10.45","0.1058","0.1060","-0.0002","10.80","24.36","20.45","18.83"
"2013-12-12T05:00:00.000Z","10.80","10.82","10.74","10.75","1,546,336","73.47","10.68","10.78","10.62","0.2182","10.46","0.0934","0.1035","-0.0101","10.81","22.89","22.61","17.53"
"2013-12-13T05:00:00.000Z","10.78","10.80","10.72","10.74","1,683,216","62.80","10.69","10.74","10.63","0.1854","10.47","0.0817","0.0991","-0.0175","10.82","21.59","22.43","16.41"
"2013-12-16T05:00:00.000Z","10.78","10.87","10.78","10.85","1,727,208","97.24","10.70","10.79","10.64","0.1547","10.48","0.0802","0.0953","-0.0152","10.83","24.90","20.18","15.99"
"2013-12-17T05:00:00.000Z","10.86","10.90","10.84","10.87","1,998,912","110.40","10.71","10.86","10.65","0.1354","10.49","0.0799","0.0922","-0.0124","10.84","25.99","19.31","15.90"
"2013-12-18T05:00:00.000Z","10.86","10.95","10.72","10.95","2,812,664","107.38","10.73","10.91","10.66","0.1200","10.50","0.0852","0.0908","-0.0056","10.84","21.85","24.51","15.17"
"2013-12-19T05:00:00.000Z","10.94","10.97","10.92","10.95","2,407,984","135.13","10.74","10.95","10.68","0.1398","10.51","0.0886","0.0904","-0.0018","10.85","22.59","23.58","14.24"
"2013-12-20T05:00:00.000Z","10.87","10.97","10.84","10.95","2,178,840","114.26","10.75","10.95","10.69","0.1554","10.53","0.0905","0.0904","0.0001","10.86","20.48","27.31","14.25"
"2013-12-23T05:00:00.000Z","11.04","11.09","11.02","11.09","2,218,584","173.01","10.77","11.02","10.70","0.1852","10.54","0.1016","0.0926","0.0089","10.88","27.32","24.66","13.59"
"2013-12-24T05:00:00.000Z","11.10","11.12","11.09","11.11","1,496,552","178.32","10.79","11.10","10.72","0.2140","10.56","0.1111","0.0963","0.0148","10.90","28.56","24.12","13.23"
"2013-12-26T05:00:00.000Z","11.14","11.16","11.12","11.15","2,541,384","180.10","10.81","11.13","10.74","0.2574","10.58","0.1201","0.1011","0.0190","10.92","30.64","23.28","13.26"
"2013-12-27T05:00:00.000Z","11.20","11.20","11.12","11.13","1,753,640","171.75","10.82","11.14","10.75","0.2819","10.59","0.1240","0.1057","0.0183","10.94","32.14","21.72","13.69"
"2013-12-30T05:00:00.000Z","11.11","11.13","11.08","11.11","2,331,592","146.85","10.84","11.12","10.77","0.3050","10.61","0.1247","0.1095","0.0152","10.95","31.00","23.50","13.70"
"2013-12-31T05:00:00.000Z","11.14","11.20","11.13","11.19","3,428,136","164.57","10.85","11.15","10.79","0.3089","10.63","0.1301","0.1136","0.0165","10.97","34.43","21.92","14.30"
"2014-01-02T05:00:00.000Z","11.14","11.14","11.05","11.08","2,864,560","123.69","10.87","11.14","10.80","0.2927","10.64","0.1237","0.1156","0.0081","11.00","30.74","25.84","13.90"
"2014-01-03T05:00:00.000Z","11.10","11.10","11.02","11.04","6,635,944","102.82","10.88","11.06","10.81","0.2646","10.66","0.1143","0.1154","-0.0010","11.02","28.99","26.63","13.21"
"2014-01-06T05:00:00.000Z","11.05","11.05","10.98","11.01","3,090,264","81.41","10.90","11.02","10.82","0.2251","10.68","0.1031","0.1129","-0.0098","11.04","27.24","28.79","12.46"
"2014-01-07T05:00:00.000Z","11.06","11.14","11.04","11.12","2,536,352","111.96","10.91","11.06","10.84","0.2098","10.70","0.1021","0.1107","-0.0087","11.06","31.02","25.94","12.21"
"2014-01-08T05:00:00.000Z","11.13","11.16","11.10","11.13","2,780,576","118.92","10.93","11.13","10.86","0.1889","10.71","0.1012","0.1088","-0.0076","11.08","31.34","24.64","12.19"
"2014-01-09T05:00:00.000Z","11.16","11.19","11.05","11.08","4,655,344","102.31","10.94","11.11","10.87","0.1778","10.73","0.0952","0.1061","-0.0109","11.10","27.99","25.89","11.60"
"2014-01-10T05:00:00.000Z","11.11","11.13","11.04","11.10","3,156,552","90.67","10.96","11.09","10.88","0.1676","10.74","0.0909","0.1031","-0.0121","11.11","26.18","24.60","10.99"
"2014-01-13T05:00:00.000Z","11.08","11.15","10.94","10.98","2,531,712","58.51","10.97","11.04","10.89","0.1612","10.76","0.0768","0.0978","-0.0210","11.12","22.29","28.11","11.03"
"2014-01-14T05:00:00.000Z","11.01","11.19","11.00","11.18","2,318,088","96.21","10.98","11.08","10.90","0.1492","10.77","0.0811","0.0945","-0.0134","11.11","21.55","24.30","10.67"
"2014-01-15T05:00:00.000Z","11.24","11.34","11.23","11.31","2,738,768","158.64","10.99","11.25","10.92","0.1611","10.79","0.0940","0.0944","-0.0003","11.12","29.06","21.90","10.92"
"2014-01-16T05:00:00.000Z","11.31","11.33","11.29","11.32","2,034,208","155.11","11.01","11.32","10.93","0.1808","10.80","0.1033","0.0962","0.0071","11.13","28.26","21.30","11.14"
"2014-01-17T05:00:00.000Z","11.29","11.31","11.22","11.25","2,832,848","126.54","11.03","11.28","10.95","0.2020","10.81","0.1040","0.0977","0.0063","11.14","26.45","24.53","10.61"
"2014-01-21T05:00:00.000Z","11.31","11.32","11.22","11.30","3,046,984","127.76","11.04","11.27","10.97","0.2345","10.83","0.1072","0.0996","0.0075","11.15","25.45","22.90","10.23"
"2014-01-22T05:00:00.000Z","11.30","11.33","11.28","11.31","2,234,840","131.64","11.06","11.31","10.98","0.2624","10.84","0.1098","0.1017","0.0081","11.17","25.09","22.10","9.95"
"2014-01-23T05:00:00.000Z","11.28","11.28","11.19","11.26","3,120,792","101.56","11.07","11.29","11.00","0.2397","10.86","0.1065","0.1026","0.0039","11.18","22.93","26.39","9.74"
"2014-01-24T05:00:00.000Z","11.22","11.23","11.03","11.03","3,974,368","36.77","11.07","11.14","11.01","0.1938","10.86","0.0838","0.0989","-0.0151","11.19","19.51","32.75","10.85"
"2014-01-27T05:00:00.000Z","11.03","11.04","10.84","10.90","3,838,632","-39.19","11.07","10.96","11.01","0.1255","10.87","0.0552","0.0901","-0.0350","11.19","17.09","39.97","12.94"
"2014-01-28T05:00:00.000Z","10.82","10.88","10.79","10.87","4,819,672","-78.73","11.08","10.88","11.02","0.0391","10.88","0.0292","0.0779","-0.0487","11.17","15.96","40.00","15.09"
"2014-01-29T05:00:00.000Z","10.78","10.85","10.74","10.76","2,757,720","-104.70","11.08","10.81","11.02","-0.0592","10.88","0.0004","0.0624","-0.0620","11.14","14.73","40.17","17.32"
"2014-01-30T05:00:00.000Z","10.88","10.96","10.86","10.93","3,863,832","-46.18","11.08","10.85","11.02","-0.1235","10.89","-0.0090","0.0482","-0.0572","11.12","19.42","35.61","18.18"
"2014-01-31T05:00:00.000Z","10.86","10.98","10.85","10.93","2,693,296","-47.35","11.08","10.93","11.02","-0.1673","10.90","-0.0161","0.0353","-0.0514","11.10","19.10","32.84","18.77"
"2014-02-03T05:00:00.000Z","10.93","10.97","10.67","10.69","3,543,160","-113.95","11.08","10.81","11.02","-0.1925","10.90","-0.0404","0.0202","-0.0606","11.10","16.18","36.85","20.22"
"2014-02-04T05:00:00.000Z","10.74","10.78","10.69","10.74","4,417,616","-129.85","11.07","10.72","11.02","-0.2114","10.90","-0.0551","0.0051","-0.0602","11.06","15.37","35.02","21.56"
"2014-02-05T05:00:00.000Z","10.70","10.78","10.63","10.74","3,413,488","-132.41","11.06","10.74","11.01","-0.2257","10.91","-0.0658","-0.0091","-0.0567","11.01","14.16","35.25","23.07"
"2014-02-06T05:00:00.000Z","10.78","10.88","10.77","10.88","3,555,896","-73.89","11.05","10.81","11.01","-0.2417","10.91","-0.0627","-0.0198","-0.0429","10.97","18.47","32.70","23.41"
"2014-02-07T05:00:00.000Z","10.94","11.04","10.90","11.03","2,232,856","-11.02","11.05","10.95","11.02","-0.2351","10.92","-0.0476","-0.0254","-0.0222","10.94","24.84","30.07","22.41"
"2014-02-10T05:00:00.000Z","11.03","11.07","11.03","11.07","4,848,456","17.04","11.05","11.05","11.02","-0.1924","10.93","-0.0319","-0.0267","-0.0052","10.92","26.18","29.32","21.22"
"2014-02-11T05:00:00.000Z","11.10","11.21","11.09","11.18","6,374,560","62.65","11.05","11.13","11.03","-0.1164","10.94","-0.0103","-0.0234","0.0131","10.91","31.63","27.13","20.25"
"2014-02-12T05:00:00.000Z","11.21","11.24","11.20","11.22","3,517,408","88.02","11.05","11.20","11.04","-0.0176","10.95","0.0097","-0.0168","0.0264","10.91","32.49","26.18","19.57"
"2014-02-13T05:00:00.000Z","11.15","11.33","11.15","11.32","3,920,744","105.70","11.06","11.27","11.06","0.0607","10.96","0.0335","-0.0067","0.0402","10.92","33.86","23.61","19.45"
"2014-02-14T05:00:00.000Z","11.33","11.37","11.29","11.35","2,135,448","134.57","11.07","11.34","11.07","0.1274","10.97","0.0541","0.0054","0.0487","10.96","34.74","22.50","19.59"
"2014-02-18T05:00:00.000Z","11.37","11.42","11.34","11.40","4,041,200","150.07","11.08","11.37","11.08","0.1870","10.98","0.0732","0.0190","0.0542","11.00","35.81","21.49","19.97"
"2014-02-19T05:00:00.000Z","11.36","11.42","11.32","11.33","3,253,120","131.08","11.09","11.37","11.09","0.2234","10.99","0.0823","0.0317","0.0507","11.04","33.69","21.29","20.16"
"2014-02-20T05:00:00.000Z","11.34","11.40","11.28","11.39","1,958,736","124.28","11.10","11.36","11.10","0.2423","11.01","0.0927","0.0439","0.0489","11.08","31.38","22.01","19.97"
"2014-02-21T05:00:00.000Z","11.41","11.44","11.35","11.36","2,453,200","127.05","11.11","11.37","11.11","0.2648","11.02","0.0974","0.0546","0.0428","11.11","31.91","20.86","20.04"
"2014-02-24T05:00:00.000Z","11.37","11.47","11.36","11.42","4,375,936","131.90","11.12","11.39","11.11","0.2711","11.03","0.1049","0.0646","0.0402","11.16","31.63","19.46","20.31"
"2014-02-25T05:00:00.000Z","11.43","11.44","11.36","11.39","2,444,480","115.41","11.13","11.40","11.12","0.2634","11.04","0.1072","0.0732","0.0341","11.22","30.08","18.52","20.56"
"2014-02-26T05:00:00.000Z","11.42","11.47","11.38","11.42","2,554,632","119.39","11.14","11.40","11.13","0.2641","11.05","0.1101","0.0806","0.0296","11.27","30.62","17.37","21.06"
"2014-02-27T05:00:00.000Z","11.42","11.51","11.41","11.50","1,810,096","129.62","11.15","11.46","11.14","0.2777","11.07","0.1179","0.0880","0.0299","11.30","30.84","16.28","21.76"
"2014-02-28T05:00:00.000Z","11.51","11.56","11.37","11.46","7,614,512","117.99","11.16","11.48","11.14","0.2817","11.08","0.1194","0.0943","0.0251","11.34","30.30","14.48","22.73"
"2014-03-03T05:00:00.000Z","11.35","11.40","11.28","11.38","3,109,672","72.68","11.16","11.42","11.15","0.2594","11.09","0.1125","0.0979","0.0145","11.36","27.08","18.49","22.46"
"2014-03-04T05:00:00.000Z","11.51","11.59","11.51","11.56","5,513,320","135.28","11.17","11.47","11.16","0.2748","11.10","0.1207","0.1025","0.0182","11.38","34.17","16.36","23.37"
"2014-03-05T05:00:00.000Z","11.58","11.60","11.55","11.59","2,754,864","135.35","11.18","11.58","11.18","0.2906","11.11","0.1276","0.1075","0.0201","11.42","33.96","15.91","24.29"
"2014-03-06T05:00:00.000Z","11.61","11.62","11.56","11.58","1,871,616","129.00","11.19","11.58","11.19","0.3076","11.12","0.1310","0.1122","0.0188","11.44","33.94","15.37","25.24"
"2014-03-07T05:00:00.000Z","11.62","11.62","11.50","11.55","2,103,512","112.47","11.20","11.56","11.20","0.3194","11.13","0.1295","0.1157","0.0138","11.46","31.41","17.95","25.39"
"2014-03-10T04:00:00.000Z","11.54","11.57","11.48","11.52","2,074,784","96.53","11.21","11.53","11.21","0.3488","11.14","0.1245","0.1174","0.0071","11.47","29.68","18.25","25.28"
"2014-03-11T04:00:00.000Z","11.55","11.59","11.44","11.48","2,138,864","86.65","11.23","11.50","11.22","0.3352","11.15","0.1159","0.1171","-0.0012","11.49","27.13","18.76","24.77"
"2014-03-12T04:00:00.000Z","11.43","11.52","11.38","11.51","1,831,224","74.06","11.26","11.50","11.23","0.3056","11.17","0.1108","0.1159","-0.0050","11.49","24.91","21.00","23.61"
"2014-03-13T04:00:00.000Z","11.55","11.55","11.29","11.33","4,062,392","47.55","11.27","11.42","11.24","0.2663","11.18","0.0910","0.1109","-0.0199","11.50","21.32","22.94","22.19"
"2014-03-14T04:00:00.000Z","11.29","11.36","11.27","11.27","3,464,488","20.06","11.29","11.30","11.24","0.2116","11.18","0.0697","0.1027","-0.0329","11.49","20.18","22.82","21.04"
"2014-03-17T04:00:00.000Z","11.34","11.43","11.32","11.40","2,718,464","45.31","11.30","11.34","11.24","0.1697","11.19","0.0626","0.0946","-0.0320","11.49","22.17","20.83","19.76"
"2014-03-18T04:00:00.000Z","11.43","11.58","11.42","11.57","2,291,056","83.95","11.33","11.49","11.25","0.1475","11.20","0.0698","0.0897","-0.0199","11.49","28.02","18.82","19.75"
"2014-03-19T04:00:00.000Z","11.57","11.59","11.44","11.51","2,588,896","77.71","11.36","11.54","11.25","0.1397","11.21","0.0700","0.0857","-0.0158","11.49","26.16","17.37","19.78"
"2014-03-20T04:00:00.000Z","11.49","11.62","11.47","11.58","1,860,592","86.23","11.38","11.54","11.26","0.1462","11.22","0.0744","0.0835","-0.0090","11.50","25.68","16.06","20.02"
"2014-03-21T04:00:00.000Z","11.66","11.66","11.49","11.51","2,078,416","81.84","11.41","11.54","11.27","0.1788","11.23","0.0719","0.0812","-0.0093","11.51","25.72","14.63","20.55"
"2014-03-24T04:00:00.000Z","11.53","11.58","11.35","11.45","12,903,088","53.47","11.42","11.48","11.28","0.1775","11.24","0.0642","0.0778","-0.0136","11.51","22.88","19.61","19.63"
"2014-03-25T04:00:00.000Z","11.49","11.57","11.42","11.51","5,087,984","63.31","11.43","11.48","11.29","0.1542","11.24","0.0624","0.0747","-0.0123","11.50","21.19","18.16","18.78"
"2014-03-26T04:00:00.000Z","11.57","11.59","11.35","11.35","4,684,896","39.17","11.44","11.43","11.30","0.1223","11.25","0.0470","0.0692","-0.0222","11.50","18.73","19.69","17.62"
"2014-03-27T04:00:00.000Z","11.35","11.36","11.23","11.28","3,769,184","-8.31","11.44","11.31","11.32","0.0587","11.25","0.0291","0.0612","-0.0320","11.48","17.61","23.80","17.43"
"2014-03-28T04:00:00.000Z","11.33","11.42","11.29","11.32","3,043,264","7.06","11.44","11.30","11.33","0.0037","11.25","0.0181","0.0525","-0.0344","11.46","19.43","22.18","16.65"
"2014-03-31T04:00:00.000Z","11.40","11.48","11.39","11.44","2,322,088","38.72","11.44","11.38","11.34","-0.0141","11.26","0.0189","0.0458","-0.0269","11.46","20.68","20.50","15.50"
"2014-04-01T04:00:00.000Z","11.48","11.60","11.47","11.59","3,351,032","85.22","11.45","11.52","11.36","-0.0183","11.27","0.0314","0.0429","-0.0115","11.46","24.65","18.98","15.32"
"2014-04-02T04:00:00.000Z","11.63","11.63","11.54","11.60","2,778,864","102.82","11.46","11.60","11.38","-0.0057","11.28","0.0413","0.0426","-0.0013","11.48","25.06","18.22","15.35"
"2014-04-03T04:00:00.000Z","11.60","11.64","11.47","11.50","2,791,000","75.83","11.46","11.55","11.40","0.0362","11.28","0.0409","0.0423","-0.0013","11.50","22.98","20.45","14.67"
"2014-04-04T04:00:00.000Z","11.57","11.59","11.21","11.24","4,405,992","-41.14","11.46","11.37","11.41","0.0427","11.28","0.0194","0.0377","-0.0183","11.51","19.13","28.26","15.00"
"2014-04-07T04:00:00.000Z","11.19","11.26","11.07","11.14","4,044,144","-171.37","11.45","11.19","11.41","-0.0048","11.28","-0.0060","0.0289","-0.0350","11.48","17.59","31.74","15.98"
"2014-04-08T04:00:00.000Z","11.14","11.25","11.11","11.24","2,765,712","-151.74","11.45","11.19","11.42","-0.0699","11.29","-0.0180","0.0196","-0.0375","11.46","16.49","29.77","16.88"
"2014-04-09T04:00:00.000Z","11.29","11.43","11.26","11.42","2,516,184","-42.75","11.45","11.33","11.42","-0.1187","11.29","-0.0127","0.0131","-0.0258","11.43","22.65","27.36","16.35"
"2014-04-10T04:00:00.000Z","11.44","11.44","11.09","11.12","3,055,800","-151.48","11.43","11.27","11.42","-0.1724","11.29","-0.0324","0.0040","-0.0364","11.42","19.50","30.11","16.71"
"2014-04-11T04:00:00.000Z","11.02","11.13","10.95","10.97","3,892,344","-272.83","11.42","11.04","11.41","-0.2341","11.29","-0.0592","-0.0086","-0.0505","11.38","18.08","33.67","17.67"
"2014-04-14T04:00:00.000Z","11.04","11.12","10.98","11.07","3,242,272","-222.39","11.41","11.02","11.41","-0.2469","11.28","-0.0714","-0.0212","-0.0502","11.34","16.99","31.64","18.56"
"2014-04-15T04:00:00.000Z","11.09","11.16","10.90","11.13","5,156,072","-196.97","11.39","11.10","11.40","-0.2650","11.28","-0.0755","-0.0320","-0.0434","11.32","15.32","31.45","19.70"
"2014-04-16T04:00:00.000Z","11.22","11.25","11.11","11.24","3,197,144","-110.52","11.38","11.19","11.40","-0.2886","11.28","-0.0687","-0.0394","-0.0293","11.32","18.16","29.74","20.02"
"2014-04-17T04:00:00.000Z","11.20","11.28","11.12","11.23","3,802,632","-99.58","11.37","11.24","11.39","-0.2933","11.28","-0.0636","-0.0442","-0.0194","11.30","18.28","27.86","20.07"
"2014-04-21T04:00:00.000Z","11.25","11.30","11.20","11.28","2,700,376","-69.63","11.36","11.26","11.39","-0.2477","11.28","-0.0551","-0.0464","-0.0087","11.28","18.38","26.71","19.95"
"2014-04-22T04:00:00.000Z","11.29","11.38","11.27","11.35","1,615,080","-30.12","11.35","11.32","11.39","-0.1863","11.28","-0.0421","-0.0455","0.0035","11.26","20.72","25.54","19.27"
"2014-04-23T04:00:00.000Z","11.34","11.34","11.24","11.25","2,059,864","-56.43","11.35","11.30","11.39","-0.1257","11.29","-0.0395","-0.0443","0.0048","11.24","19.72","25.68","18.83"
"2014-04-24T04:00:00.000Z","11.42","11.43","11.24","11.33","1,887,128","-26.70","11.34","11.29","11.38","-0.0877","11.30","-0.0304","-0.0416","0.0111","11.23","21.87","23.56","17.75"
"2014-04-25T04:00:00.000Z","11.28","11.28","11.13","11.15","1,947,280","-95.02","11.34","11.24","11.38","-0.0766","11.31","-0.0374","-0.0407","0.0033","11.23","20.00","26.05","17.42"
"2014-04-28T04:00:00.000Z","11.20","11.28","11.06","11.22","2,820,728","-91.29","11.33","11.18","11.37","-0.0830","11.31","-0.0373","-0.0400","0.0027","11.24","18.13","26.78","17.56"
"2014-04-29T04:00:00.000Z","11.25","11.32","11.22","11.30","2,785,744","-43.22","11.33","11.26","11.37","-0.0867","11.32","-0.0301","-0.0381","0.0080","11.23","19.01","25.58","17.35"
"2014-04-30T04:00:00.000Z","11.27","11.36","11.23","11.34","1,877,008","-26.85","11.32","11.32","11.36","-0.0817","11.33","-0.0209","-0.0346","0.0137","11.22","19.53","24.20","16.88"
"2014-05-01T04:00:00.000Z","11.34","11.43","11.31","11.34","2,953,672","-0.6501","11.32","11.34","11.36","-0.0734","11.34","-0.0137","-0.0304","0.0167","11.24","21.59","22.98","15.89"
"2014-05-02T04:00:00.000Z","11.37","11.38","11.30","11.32","1,593,088","-9.76","11.31","11.33","11.35","-0.0467","11.35","-0.0096","-0.0263","0.0167","11.27","20.80","22.49","15.04"
"2014-05-05T04:00:00.000Z","11.26","11.36","11.23","11.36","1,492,320","-17.12","11.30","11.34","11.34","-0.0188","11.35","-0.0031","-0.0216","0.0185","11.28","19.50","24.57","14.79"
"2014-05-06T04:00:00.000Z","11.34","11.35","11.22","11.22","2,019,168","-44.77","11.30","11.29","11.34","-0.0101","11.36","-0.0088","-0.0191","0.0103","11.29","18.23","23.50","14.63"
"2014-05-07T04:00:00.000Z","11.24","11.25","11.05","11.19","3,803,152","-96.47","11.28","11.20","11.33","-0.0281","11.36","-0.0160","-0.0184","0.0024","11.29","16.61","28.93","15.52"
"2014-05-08T04:00:00.000Z","11.17","11.33","11.13","11.19","2,982,992","-62.66","11.28","11.19","11.32","-0.0468","11.36","-0.0211","-0.0190","-0.0021","11.29","18.73","26.35","15.62"
"2014-05-09T04:00:00.000Z","11.18","11.22","11.11","11.22","1,793,224","-77.12","11.28","11.20","11.32","-0.0700","11.36","-0.0227","-0.0197","-0.0030","11.28","17.81","25.81","15.81"
"2014-05-12T04:00:00.000Z","11.27","11.42","11.27","11.40","1,808,560","22.59","11.28","11.31","11.32","-0.0572","11.36","-0.0088","-0.0175","0.0087","11.27","25.07","23.48","14.92"
"2014-05-13T04:00:00.000Z","11.41","11.46","11.38","11.40","1,782,584","50.11","11.28","11.40","11.32","-0.0276","11.36","0.0020","-0.0136","0.0156","11.27","26.12","22.60","14.37"
"2014-05-14T04:00:00.000Z","11.39","11.40","11.30","11.32","2,036,608","14.47","11.27","11.36","11.32","0.0163","11.36","0.0043","-0.0100","0.0143","11.28","24.88","25.15","13.38"
"2014-05-15T04:00:00.000Z","11.33","11.35","11.18","11.24","2,124,688","-31.64","11.26","11.28","11.31","0.0246","11.36","-0.0003","-0.0081","0.0078","11.29","22.85","28.97","13.27"
"2014-05-16T04:00:00.000Z","11.26","11.32","11.19","11.32","1,670,040","-17.91","11.25","11.28","11.30","0.0453","11.36","0.0019","-0.0061","0.0080","11.29","21.41","27.15","13.16"
"2014-05-19T04:00:00.000Z","11.28","11.43","11.28","11.42","2,890,576","51.89","11.26","11.37","11.30","0.0509","11.36","0.0121","-0.0024","0.0146","11.29","25.23","25.21","12.23"
"2014-05-20T04:00:00.000Z","11.41","11.44","11.31","11.35","4,773,048","47.64","11.26","11.39","11.30","0.0472","11.36","0.0144","0.0009","0.0135","11.30","24.12","23.62","11.43"
"2014-05-21T04:00:00.000Z","11.38","11.45","11.37","11.44","1,257,032","85.48","11.27","11.40","11.30","0.0639","11.36","0.0232","0.0054","0.0178","11.30","23.29","22.51","10.73"
"2014-05-22T04:00:00.000Z","11.45","11.52","11.43","11.48","7,444,456","118.56","11.27","11.46","11.30","0.1075","11.36","0.0324","0.0108","0.0216","11.32","25.72","21.46","10.61"
"2014-05-23T04:00:00.000Z","11.48","11.60","11.48","11.58","2,154,040","157.78","11.29","11.53","11.31","0.1597","11.36","0.0477","0.0182","0.0295","11.33","28.14","20.15","11.04"
"2014-05-27T04:00:00.000Z","11.64","11.71","11.63","11.71","1,920,624","218.42","11.31","11.65","11.32","0.2069","11.37","0.0694","0.0284","0.0410","11.36","32.29","18.80","12.13"
"2014-05-28T04:00:00.000Z","11.69","11.72","11.65","11.68","1,789,192","204.01","11.33","11.69","11.32","0.2539","11.37","0.0829","0.0393","0.0436","11.40","31.60","18.15","13.20"
"2014-05-29T04:00:00.000Z","11.72","11.75","11.69","11.75","1,530,096","218.86","11.35","11.71","11.33","0.3046","11.37","0.0982","0.0511","0.0472","11.44","31.97","17.42","14.36"
"2014-05-30T04:00:00.000Z","11.74","11.76","11.68","11.73","1,449,600","207.41","11.37","11.74","11.33","0.3405","11.38","0.1078","0.0624","0.0453","11.48","30.49","17.40","15.29"
"2014-06-02T04:00:00.000Z","11.75","11.75","11.64","11.71","1,595,784","186.27","11.39","11.72","11.34","0.3526","11.38","0.1120","0.0723","0.0397","11.50","28.47","18.62","15.69"
"2014-06-03T04:00:00.000Z","11.66","11.72","11.64","11.70","1,319,008","164.51","11.40","11.70","11.35","0.3369","11.38","0.1133","0.0805","0.0327","11.52","27.17","17.77","16.06"
"2014-06-04T04:00:00.000Z","11.67","11.75","11.64","11.73","1,836,848","158.39","11.41","11.71","11.36","0.3185","11.38","0.1157","0.0876","0.0281","11.55","26.91","16.62","16.60"
"2014-06-05T04:00:00.000Z","11.75","11.84","11.70","11.84","1,574,128","179.59","11.43","11.78","11.38","0.3117","11.39","0.1247","0.0950","0.0297","11.59","30.41","15.24","17.79"
"2014-06-06T04:00:00.000Z","11.86","11.91","11.86","11.90","1,636,304","193.89","11.45","11.87","11.39","0.3253","11.40","0.1353","0.1030","0.0323","11.63","33.26","14.52","19.32"
"2014-06-09T04:00:00.000Z","11.91","11.97","11.90","11.94","3,568,680","187.77","11.48","11.92","11.41","0.3533","11.41","0.1451","0.1115","0.0336","11.67","35.22","13.85","21.05"
"2014-06-10T04:00:00.000Z","11.93","11.96","11.92","11.96","1,642,048","174.85","11.50","11.95","11.43","0.3873","11.42","0.1529","0.1197","0.0332","11.71","34.25","13.47","22.66"
"2014-06-11T04:00:00.000Z","11.93","11.97","11.90","11.95","2,119,528","156.46","11.52","11.95","11.46","0.4173","11.43","0.1563","0.1270","0.0292","11.75","32.74","14.13","23.88"
"2014-06-12T04:00:00.000Z","11.94","11.95","11.80","11.84","1,728,912","122.82","11.54","11.90","11.47","0.4218","11.43","0.1490","0.1314","0.0175","11.78","29.70","19.33","23.68"
"2014-06-13T04:00:00.000Z","11.90","11.93","11.85","11.92","1,411,456","124.09","11.56","11.88","11.49","0.4029","11.44","0.1475","0.1346","0.0129","11.80","27.94","18.19","23.50"
"2014-06-16T04:00:00.000Z","11.90","11.96","11.87","11.94","5,577,120","120.74","11.58","11.93","11.51","0.3772","11.44","0.1460","0.1369","0.0091","11.82","28.04","17.13","23.55"
"2014-06-17T04:00:00.000Z","11.92","12.01","11.90","11.98","1,820,744","123.12","11.60","11.96","11.52","0.3593","11.45","0.1467","0.1389","0.0079","11.83","29.30","15.95","23.97"
"2014-06-18T04:00:00.000Z","12.00","12.04","11.92","12.04","2,037,344","123.94","11.63","12.01","11.54","0.3481","11.46","0.1501","0.1411","0.0090","11.85","29.35","14.66","24.64"
"2014-06-19T04:00:00.000Z","12.04","12.05","11.96","12.01","2,863,040","117.27","11.66","12.02","11.56","0.3552","11.47","0.1486","0.1426","0.0060","11.88","28.10","13.71","25.34"
"2014-06-20T04:00:00.000Z","12.00","12.00","11.95","11.98","1,804,136","104.31","11.68","11.99","11.58","0.3535","11.48","0.1440","0.1429","0.0011","11.90","27.06","13.44","25.93"
"2014-06-23T04:00:00.000Z","11.99","12.02","11.97","12.02","1,286,064","103.52","11.71","12.00","11.60","0.3481","11.49","0.1412","0.1426","-0.0013","11.93","26.96","12.95","26.59"
"2014-06-24T04:00:00.000Z","11.99","12.09","11.92","11.94","2,958,144","95.20","11.73","11.98","11.62","0.3369","11.50","0.1317","0.1404","-0.0087","11.95","28.81","11.48","27.76"
"2014-06-25T04:00:00.000Z","11.93","12.03","11.92","12.01","1,976,584","91.47","11.75","11.98","11.63","0.3109","11.51","0.1284","0.1380","-0.0096","11.95","26.74","10.78","28.82"
"2014-06-26T04:00:00.000Z","12.02","12.02","11.92","11.99","1,552,168","86.01","11.77","12.00","11.65","0.2827","11.52","0.1228","0.1349","-0.0122","11.96","24.94","10.06","29.80"
"2014-06-27T04:00:00.000Z","11.99","12.07","11.98","12.06","1,491,544","96.26","11.80","12.03","11.67","0.2667","11.53","0.1223","0.1324","-0.0101","11.97","26.66","9.41","31.08"
"2014-06-30T04:00:00.000Z","12.06","12.13","12.06","12.10","7,243,184","107.46","11.82","12.08","11.69","0.2652","11.54","0.1236","0.1306","-0.0071","11.98","29.72","8.90","32.71"
"2014-07-01T04:00:00.000Z","12.13","12.27","12.13","12.23","2,060,000","131.80","11.85","12.17","11.71","0.2818","11.55","0.1337","0.1313","0.0025","11.99","35.74","7.85","34.95"
"2014-07-02T04:00:00.000Z","12.24","12.26","12.20","12.22","1,581,224","129.58","11.88","12.23","11.74","0.3074","11.57","0.1395","0.1329","0.0066","12.02","34.47","7.57","37.02"
"2014-07-03T04:00:00.000Z","12.25","12.29","12.23","12.28","1,530,264","133.08","11.91","12.25","11.76","0.3351","11.59","0.1470","0.1357","0.0113","12.04","35.17","7.23","39.08"
"2014-07-07T04:00:00.000Z","12.27","12.28","12.23","12.26","2,684,072","125.94","11.93","12.27","11.79","0.3525","11.60","0.1492","0.1384","0.0108","12.07","33.86","6.96","41.00"
"2014-07-08T04:00:00.000Z","12.24","12.24","12.03","12.11","2,540,328","89.36","11.95","12.18","11.81","0.3385","11.62","0.1376","0.1383","-0.0006","12.09","28.74","19.48","39.44"
"2014-07-09T04:00:00.000Z","12.14","12.17","12.10","12.16","2,857,904","89.94","11.97","12.14","11.83","0.3022","11.64","0.1312","0.1368","-0.0057","12.10","27.19","18.43","37.99"
"2014-07-10T04:00:00.000Z","12.02","12.17","11.98","12.12","1,430,264","72.21","11.98","12.14","11.85","0.2517","11.66","0.1212","0.1337","-0.0126","12.10","23.74","23.78","35.29"
"2014-07-11T04:00:00.000Z","12.13","12.16","12.10","12.16","1,116,312","85.12","11.99","12.14","11.87","0.2075","11.67","0.1151","0.1300","-0.0149","12.11","22.72","22.75","32.77"
"2014-07-14T04:00:00.000Z","12.23","12.28","12.22","12.25","2,913,144","116.47","12.01","12.21","11.89","0.1849","11.69","0.1165","0.1273","-0.0108","12.13","28.61","20.90","31.54"
"2014-07-15T04:00:00.000Z","12.27","12.30","12.13","12.22","3,890,520","104.93","12.03","12.23","11.92","0.1846","11.71","0.1134","0.1245","-0.0111","12.15","25.57","23.97","29.52"
"2014-07-16T04:00:00.000Z","12.32","12.35","12.28","12.31","1,771,808","134.85","12.05","12.26","11.94","0.2023","11.72","0.1170","0.1230","-0.0060","12.18","26.52","21.94","28.09"
"2014-07-17T04:00:00.000Z","12.30","12.32","12.12","12.15","1,859,592","91.94","12.06","12.23","11.96","0.2166","11.74","0.1058","0.1196","-0.0138","12.20","23.22","28.99","26.87"
"2014-07-18T04:00:00.000Z","12.22","12.32","12.20","12.31","1,251,880","120.10","12.08","12.23","11.98","0.2262","11.76","0.1089","0.1174","-0.0086","12.21","20.91","26.12","25.74"
"2014-07-21T04:00:00.000Z","12.30","12.34","12.25","12.31","2,755,216","123.16","12.09","12.31","12.00","0.2171","11.77","0.1095","0.1158","-0.0063","12.22","20.82","24.71","24.51"
"2014-07-22T04:00:00.000Z","12.36","12.43","12.36","12.41","1,461,448","155.55","12.11","12.36","12.02","0.2313","11.79","0.1175","0.1162","0.0013","12.23","24.70","22.93","23.03"
"2014-07-23T04:00:00.000Z","12.44","12.47","12.38","12.42","3,447,480","153.63","12.12","12.42","12.04","0.2315","11.81","0.1230","0.1175","0.0054","12.25","25.67","21.74","21.97"
"2014-07-24T04:00:00.000Z","12.45","12.46","12.40","12.43","2,312,696","147.73","12.14","12.43","12.06","0.2548","11.83","0.1268","0.1194","0.0074","12.26","24.73","20.95","21.00"
"2014-07-25T04:00:00.000Z","12.40","12.41","12.34","12.39","1,764,016","119.64","12.16","12.41","12.08","0.2626","11.85","0.1250","0.1205","0.0045","12.27","23.20","23.96","19.61"
"2014-07-28T04:00:00.000Z","12.40","12.44","12.30","12.41","4,460,968","115.39","12.17","12.40","12.09","0.2654","11.87","0.1235","0.1211","0.0024","12.29","21.25","24.01","18.65"
"2014-07-29T04:00:00.000Z","12.42","12.43","12.35","12.36","1,612,632","109.58","12.19","12.39","12.11","0.2518","11.88","0.1171","0.1203","-0.0032","12.32","20.14","22.76","17.75"
"2014-07-30T04:00:00.000Z","12.43","12.43","12.35","12.41","1,976,104","111.73","12.20","12.39","12.13","0.2323","11.90","0.1150","0.1192","-0.0043","12.35","19.13","21.58","16.92"
"2014-07-31T04:00:00.000Z","12.31","12.34","12.15","12.16","2,477,520","35.20","12.21","12.29","12.14","0.1834","11.92","0.0919","0.1138","-0.0219","12.35","16.15","30.16","17.87"
"2014-08-01T04:00:00.000Z","12.12","12.19","12.03","12.11","6,380,704","-13.41","12.21","12.14","12.14","0.1244","11.93","0.0685","0.1047","-0.0362","12.34","14.73","34.30","19.44"
"2014-08-04T04:00:00.000Z","12.14","12.23","12.08","12.19","1,787,952","9.15","12.22","12.15","12.15","0.0741","11.95","0.0561","0.0950","-0.0389","12.33","15.95","31.34","20.38"
"2014-08-05T04:00:00.000Z","12.14","12.18","12.04","12.10","4,705,728","-20.77","12.22","12.15","12.16","0.0130","11.96","0.0386","0.0837","-0.0451","12.32","14.58","30.75","21.47"
"2014-08-06T04:00:00.000Z","12.01","12.15","12.01","12.08","2,762,672","-35.82","12.22","12.09","12.16","-0.0528","11.98","0.0228","0.0715","-0.0487","12.30","13.43","30.19","22.68"
"2014-08-07T04:00:00.000Z","12.13","12.16","12.00","12.04","2,263,232","-44.52","12.23","12.06","12.16","-0.0875","11.99","0.0066","0.0585","-0.0520","12.29","13.08","27.42","23.59"
"2014-08-08T04:00:00.000Z","12.05","12.13","12.00","12.12","1,389,056","-41.84","12.23","12.08","12.17","-0.0993","12.00","0.0002","0.0469","-0.0467","12.26","12.17","25.53","24.44"
"2014-08-11T04:00:00.000Z","12.16","12.23","12.15","12.20","2,692,448","12.71","12.23","12.16","12.17","-0.0977","12.02","0.0017","0.0378","-0.0362","12.24","17.26","23.93","23.85"
"2014-08-12T04:00:00.000Z","12.19","12.22","12.11","12.17","1,571,784","-4.77","12.24","12.19","12.18","-0.0910","12.03","0.0006","0.0304","-0.0298","12.22","16.25","24.62","23.61"
"2014-08-13T04:00:00.000Z","12.20","12.30","12.20","12.30","2,096,752","49.08","12.24","12.24","12.19","-0.0644","12.04","0.0103","0.0264","-0.0160","12.21","19.85","22.80","22.42"
"2014-08-14T04:00:00.000Z","12.32","12.32","12.28","12.32","1,670,896","67.89","12.24","12.31","12.20","-0.0301","12.06","0.0192","0.0249","-0.0057","12.20","20.48","22.18","21.10"
"2014-08-15T04:00:00.000Z","12.37","12.40","12.24","12.34","3,045,808","74.11","12.24","12.33","12.20","0.0126","12.08","0.0271","0.0254","0.0017","12.20","22.88","20.16","20.05"
"2014-08-18T04:00:00.000Z","12.40","12.47","12.38","12.46","3,312,280","134.55","12.25","12.40","12.22","0.0499","12.09","0.0430","0.0289","0.0141","12.19","25.02","18.65","19.66"
"2014-08-19T04:00:00.000Z","12.50","12.56","12.49","12.56","2,167,744","180.56","12.27","12.51","12.23","0.1126","12.11","0.0626","0.0356","0.0269","12.21","29.05","17.57","20.01"
"2014-08-20T04:00:00.000Z","12.54","12.57","12.52","12.56","1,761,128","177.33","12.28","12.56","12.25","0.1627","12.12","0.0774","0.0440","0.0334","12.24","28.96","17.02","20.44"
"2014-08-21T04:00:00.000Z","12.57","12.63","12.55","12.62","1,939,816","192.07","12.30","12.59","12.26","0.2115","12.14","0.0929","0.0538","0.0391","12.27","31.18","16.16","21.24"
"2014-08-22T04:00:00.000Z","12.62","12.65","12.59","12.63","5,399,400","189.92","12.31","12.62","12.28","0.2615","12.15","0.1046","0.0639","0.0407","12.31","31.14","15.51","22.12"
"2014-08-25T04:00:00.000Z","12.68","12.68","12.60","12.63","2,348,184","181.40","12.32","12.63","12.29","0.2899","12.17","0.1126","0.0737","0.0390","12.36","31.40","14.65","23.14"
"2014-08-26T04:00:00.000Z","12.64","12.67","12.62","12.65","2,399,696","172.14","12.34","12.64","12.30","0.2986","12.18","0.1198","0.0829","0.0369","12.40","30.51","14.23","24.08"
"2014-08-27T04:00:00.000Z","12.66","12.66","12.60","12.63","1,780,688","150.90","12.35","12.64","12.31","0.2990","12.20","0.1221","0.0907","0.0314","12.45","29.18","15.18","24.62"
"2014-08-28T04:00:00.000Z","12.59","12.63","12.56","12.60","1,903,592","125.12","12.36","12.62","12.32","0.2856","12.21","0.1204","0.0967","0.0238","12.48","27.68","17.43","24.48"
"2014-08-29T04:00:00.000Z","12.64","12.68","12.61","12.68","1,982,192","138.32","12.38","12.64","12.33","0.2780","12.23","0.1237","0.1021","0.0217","12.52","29.62","16.48","24.77"
"2014-09-02T04:00:00.000Z","12.71","12.72","12.66","12.71","2,546,984","143.69","12.39","12.69","12.34","0.2738","12.24","0.1272","0.1071","0.0201","12.56","31.43","15.73","25.38"
"2014-09-03T04:00:00.000Z","12.74","12.74","12.61","12.63","2,233,832","120.35","12.40","12.67","12.36","0.2691","12.25","0.1219","0.1101","0.0118","12.59","28.31","18.15","25.13"
"2014-09-04T04:00:00.000Z","12.64","12.71","12.58","12.61","1,721,072","104.67","12.40","12.62","12.37","0.2590","12.26","0.1151","0.1111","0.0040","12.61","25.56","18.44","24.49"
"2014-09-05T04:00:00.000Z","12.63","12.68","12.59","12.68","1,586,968","106.85","12.41","12.64","12.38","0.2565","12.28","0.1141","0.1117","0.0024","12.63","23.94","17.27","23.89"
"2014-09-08T04:00:00.000Z","12.68","12.75","12.66","12.71","1,688,872","121.62","12.42","12.70","12.40","0.2572","12.29","0.1146","0.1123","0.0023","12.64","27.40","16.12","24.04"
"2014-09-09T04:00:00.000Z","12.71","12.78","12.59","12.61","2,306,696","96.76","12.43","12.66","12.41","0.2471","12.30","0.1057","0.1109","-0.0052","12.66","23.99","18.82","23.19"
"2014-09-10T04:00:00.000Z","12.62","12.73","12.60","12.72","3,038,872","99.08","12.44","12.67","12.42","0.2379","12.31","0.1059","0.1099","-0.0040","12.66","21.88","17.16","22.39"
"2014-09-11T04:00:00.000Z","12.67","12.74","12.64","12.74","5,990,496","102.00","12.45","12.73","12.43","0.2395","12.33","0.1065","0.1092","-0.0028","12.66","21.12","16.03","21.77"
"2014-09-12T04:00:00.000Z","12.73","12.74","12.65","12.68","1,499,200","90.95","12.47","12.71","12.44","0.2414","12.34","0.1011","0.1076","-0.0065","12.67","19.89","15.10","21.20"
"2014-09-15T04:00:00.000Z","12.71","12.71","12.54","12.57","2,034,856","57.11","12.48","12.63","12.45","0.2168","12.35","0.0870","0.1035","-0.0165","12.67","17.70","20.88","20.27"
"2014-09-16T04:00:00.000Z","12.53","12.68","12.51","12.66","1,850,336","57.86","12.50","12.61","12.46","0.1929","12.36","0.0820","0.0992","-0.0172","12.66","15.80","20.49","19.74"
"2014-09-17T04:00:00.000Z","12.66","12.73","12.61","12.68","1,854,960","74.44","12.52","12.67","12.46","0.1862","12.37","0.0785","0.0951","-0.0166","12.67","17.81","18.98","18.56"
"2014-09-18T04:00:00.000Z","12.71","12.77","12.70","12.76","1,848,840","93.61","12.54","12.72","12.47","0.1801","12.38","0.0818","0.0924","-0.0106","12.67","19.01","17.91","17.45"
"2014-09-19T04:00:00.000Z","12.80","12.80","12.65","12.71","1,590,832","82.25","12.56","12.74","12.48","0.1688","12.39","0.0790","0.0897","-0.0107","12.68","17.28","19.03","16.55"
"2014-09-22T04:00:00.000Z","12.69","12.69","12.56","12.59","2,168,312","44.50","12.58","12.65","12.48","0.1556","12.40","0.0669","0.0852","-0.0182","12.67","15.72","23.20","16.74"
"2014-09-23T04:00:00.000Z","12.56","12.62","12.55","12.55","2,145,888","29.60","12.59","12.57","12.49","0.1397","12.41","0.0536","0.0789","-0.0253","12.67","15.01","22.81","17.01"
"2014-09-24T04:00:00.000Z","12.55","12.65","12.51","12.65","1,752,696","37.97","12.61","12.60","12.50","0.1070","12.42","0.0499","0.0731","-0.0232","12.66","13.72","23.06","17.61"
"2014-09-25T04:00:00.000Z","12.61","12.61","12.36","12.36","3,203,288","-15.42","12.61","12.51","12.49","0.0461","12.42","0.0238","0.0632","-0.0394","12.66","11.56","27.58","19.28"
"2014-09-26T04:00:00.000Z","12.40","12.52","12.40","12.51","1,445,840","-7.48","12.62","12.44","12.50","-0.0191","12.43","0.0148","0.0535","-0.0388","12.63","10.55","25.17","20.82"
"2014-09-29T04:00:00.000Z","12.39","12.52","12.36","12.50","3,053,040","-18.36","12.62","12.50","12.51","-0.0634","12.43","0.0065","0.0441","-0.0376","12.62","9.65","25.10","22.51"
"2014-09-30T04:00:00.000Z","12.53","12.58","12.47","12.51","7,223,128","1.40","12.62","12.50","12.52","-0.0857","12.44","0.0010","0.0355","-0.0345","12.61","12.29","23.65","23.16"
"2014-10-01T04:00:00.000Z","12.49","12.49","12.27","12.30","4,683,472","-71.06","12.61","12.41","12.53","-0.1295","12.44","-0.0198","0.0244","-0.0443","12.59","10.77","31.12","24.97"
"2014-10-02T04:00:00.000Z","12.30","12.35","12.15","12.31","3,110,416","-113.41","12.61","12.31","12.53","-0.1751","12.44","-0.0355","0.0124","-0.0480","12.56","9.69","33.80","27.15"
"2014-10-03T04:00:00.000Z","12.38","12.46","12.35","12.42","2,718,832","-61.38","12.60","12.36","12.54","-0.1894","12.45","-0.0386","0.0022","-0.0408","12.54","14.16","31.30","27.90"
"2014-10-06T04:00:00.000Z","12.48","12.50","12.37","12.40","3,392,512","-63.38","12.59","12.41","12.55","-0.1910","12.45","-0.0420","-0.0066","-0.0354","12.53","15.24","29.27","28.16"
"2014-10-07T04:00:00.000Z","12.35","12.37","12.19","12.19","2,328,504","-154.96","12.58","12.30","12.55","-0.2325","12.45","-0.0609","-0.0175","-0.0434","12.50","13.68","34.87","29.27"
"2014-10-08T04:00:00.000Z","12.19","12.44","12.10","12.42","2,998,120","-125.68","12.57","12.31","12.55","-0.2467","12.45","-0.0567","-0.0253","-0.0314","12.45","11.62","33.65","30.65"
"2014-10-09T04:00:00.000Z","12.40","12.42","12.19","12.21","3,787,120","-150.82","12.56","12.31","12.55","-0.2272","12.45","-0.0700","-0.0343","-0.0358","12.43","10.47","30.33","31.94"
"2014-10-10T04:00:00.000Z","12.14","12.16","11.84","11.84","5,799,192","-297.32","12.53","12.02","12.54","-0.2889","12.45","-0.1089","-0.0492","-0.0597","12.40","8.96","39.97","34.19"
"2014-10-13T04:00:00.000Z","11.82","11.94","11.69","11.69","3,759,624","-333.46","12.50","11.77","12.52","-0.3884","12.44","-0.1497","-0.0693","-0.0804","12.34","8.10","41.90","36.57"
"2014-10-14T04:00:00.000Z","11.78","11.88","11.70","11.73","5,961,168","-284.17","12.46","11.71","12.51","-0.4608","12.43","-0.1767","-0.0908","-0.0860","12.28","7.51","38.82","38.79"
"2014-10-15T04:00:00.000Z","11.58","11.74","11.42","11.69","4,725,984","-289.01","12.43","11.71","12.48","-0.5682","12.42","-0.1994","-0.1125","-0.0869","12.22","6.63","44.82","41.32"
"2014-10-16T04:00:00.000Z","11.47","11.71","11.45","11.64","3,747,048","-251.28","12.40","11.66","12.46","-0.6835","12.40","-0.2189","-0.1338","-0.0851","12.15","6.01","40.62","43.67"
"2014-10-17T04:00:00.000Z","11.78","11.87","11.72","11.77","3,102,800","-177.02","12.37","11.70","12.44","-0.7003","12.39","-0.2215","-0.1513","-0.0702","12.09","10.95","37.32","44.45"
"2014-10-20T04:00:00.000Z","11.70","11.86","11.65","11.85","8,934,168","-158.98","12.34","11.81","12.42","-0.6844","12.38","-0.2144","-0.1639","-0.0504","12.03","10.15","36.85","45.33"
"2014-10-21T04:00:00.000Z","11.98","12.11","11.95","12.11","4,501,088","-85.07","12.33","11.98","12.41","-0.6181","12.38","-0.1856","-0.1683","-0.0174","12.00","17.96","33.53","44.26"
"2014-10-22T04:00:00.000Z","12.13","12.17","12.01","12.02","3,477,496","-77.28","12.30","12.06","12.39","-0.4988","12.37","-0.1683","-0.1683","0","11.98","19.03","31.67","42.88"
"2014-10-23T04:00:00.000Z","12.14","12.28","12.12","12.21","2,975,296","-42.04","12.28","12.11","12.38","-0.3625","12.37","-0.1375","-0.1621","0.0246","11.96","21.04","28.85","40.93"
"2014-10-24T04:00:00.000Z","12.27","12.32","12.19","12.30","2,610,064","-24.28","12.27","12.26","12.37","-0.2567","12.37","-0.1042","-0.1505","0.0463","11.95","21.52","27.57","38.89"
"2014-10-27T04:00:00.000Z","12.28","12.34","12.24","12.30","2,738,080","-17.43","12.26","12.30","12.36","-0.1388","12.37","-0.0771","-0.1358","0.0588","11.96","21.43","26.57","36.87"
"2014-10-28T04:00:00.000Z","12.34","12.51","12.34","12.51","2,221,768","22.45","12.26","12.41","12.36","-0.0533","12.38","-0.0388","-0.1164","0.0776","11.95","26.08","24.59","34.45"
"2014-10-29T04:00:00.000Z","12.48","12.52","12.40","12.47","2,657,752","27.46","12.25","12.49","12.35","0.0274","12.39","-0.0110","-0.0954","0.0843","11.98","25.51","23.44","32.29"
"2014-10-30T04:00:00.000Z","12.44","12.55","12.42","12.52","1,554,488","36.37","12.24","12.50","12.35","0.0898","12.39","0.0149","-0.0733","0.0882","12.03","25.14","22.26","30.42"
"2014-10-31T04:00:00.000Z","12.69","12.76","12.68","12.75","2,191,256","93.77","12.24","12.64","12.35","0.1798","12.40","0.0530","-0.0480","0.1011","12.10","30.80","20.31","29.71"
"2014-11-03T05:00:00.000Z","12.79","12.84","12.75","12.80","2,895,720","108.91","12.25","12.77","12.36","0.2751","12.42","0.0864","-0.0211","0.1075","12.19","32.93","19.61","29.40"
"2014-11-04T05:00:00.000Z","12.80","12.84","12.73","12.81","1,860,608","106.47","12.26","12.80","12.36","0.3441","12.43","0.1122","0.0055","0.1067","12.29","31.43","19.52","28.97"
"2014-11-05T05:00:00.000Z","12.89","12.89","12.79","12.84","2,452,640","115.11","12.27","12.82","12.36","0.4164","12.44","0.1334","0.0311","0.1023","12.38","32.09","18.71","28.78"
"2014-11-06T05:00:00.000Z","12.82","12.85","12.77","12.85","2,882,080","109.32","12.28","12.84","12.37","0.4792","12.45","0.1493","0.0547","0.0946","12.46","30.91","19.05","28.42"
"2014-11-07T05:00:00.000Z","12.86","12.87","12.78","12.85","4,089,808","109.31","12.29","12.85","12.37","0.4936","12.45","0.1600","0.0758","0.0842","12.53","30.35","18.29","28.16"
"2014-11-10T05:00:00.000Z","12.86","12.90","12.83","12.89","1,542,712","115.80","12.31","12.87","12.38","0.4998","12.46","0.1701","0.0947","0.0754","12.59","31.04","17.64","28.12"
"2014-11-11T05:00:00.000Z","12.89","12.90","12.85","12.90","1,386,400","115.31","12.32","12.90","12.39","0.5099","12.47","0.1772","0.1112","0.0660","12.65","30.35","17.20","28.09"
"2014-11-12T05:00:00.000Z","12.88","12.95","12.85","12.94","1,629,128","117.76","12.34","12.92","12.39","0.5101","12.48","0.1836","0.1257","0.0579","12.69","31.15","16.31","28.31"
"2014-11-13T05:00:00.000Z","12.97","13.04","12.94","12.98","2,109,056","130.01","12.36","12.96","12.40","0.5303","12.48","0.1899","0.1385","0.0514","12.75","33.79","15.48","28.94"
"2014-11-14T05:00:00.000Z","13.00","13.07","12.97","13.07","1,539,872","137.57","12.39","13.03","12.41","0.5539","12.49","0.1999","0.1508","0.0491","12.80","34.07","14.69","29.72"
"2014-11-17T05:00:00.000Z","13.06","13.08","12.97","13.03","1,967,680","128.46","12.41","13.05","12.42","0.5713","12.50","0.2018","0.1610","0.0408","12.84","32.41","13.86","30.46"
"2014-11-18T05:00:00.000Z","13.04","13.12","13.03","13.10","1,977,816","133.07","12.44","13.06","12.43","0.5902","12.51","0.2069","0.1702","0.0367","12.89","33.08","13.16","31.36"
"2014-11-19T05:00:00.000Z","13.11","13.11","12.93","13.01","2,561,968","114.17","12.46","13.05","12.44","0.5920","12.51","0.2010","0.1763","0.0247","12.92","29.96","17.00","31.09"
"2014-11-20T05:00:00.000Z","12.94","13.09","12.94","13.09","1,512,600","111.66","12.49","13.05","12.46","0.5805","12.52","0.2010","0.1813","0.0197","12.93","27.60","15.66","30.84"
"2014-11-21T05:00:00.000Z","13.21","13.22","13.08","13.13","2,689,512","121.51","12.53","13.11","12.47","0.5851","12.53","0.2012","0.1853","0.0159","12.96","32.40","14.50","31.37"
"2014-11-24T05:00:00.000Z","13.15","13.23","13.14","13.22","2,174,464","121.97","12.58","13.18","12.49","0.5909","12.54","0.2070","0.1896","0.0174","12.98","30.86","13.69","31.88"
"2014-11-25T05:00:00.000Z","13.26","13.29","13.23","13.23","1,991,808","121.52","12.63","13.23","12.51","0.5986","12.55","0.2100","0.1937","0.0163","13.02","33.21","13.17","32.69"
"2014-11-26T05:00:00.000Z","13.24","13.35","13.24","13.35","2,623,360","122.35","12.68","13.29","12.54","0.6240","12.56","0.2190","0.1988","0.0203","13.05","34.30","12.29","33.73"
"2014-11-28T05:00:00.000Z","13.37","13.42","13.33","13.38","1,084,520","124.24","12.74","13.37","12.56","0.6554","12.57","0.2265","0.2043","0.0222","13.09","36.48","11.68","35.00"
"2014-12-01T05:00:00.000Z","13.35","13.36","13.17","13.22","2,487,512","98.65","12.79","13.30","12.58","0.6350","12.58","0.2167","0.2068","0.0100","13.12","32.19","19.33","34.28"
"2014-12-02T05:00:00.000Z","13.22","13.29","13.18","13.27","2,903,696","92.54","12.84","13.24","12.60","0.6018","12.59","0.2102","0.2075","0.0027","13.15","30.33","18.21","33.61"
"2014-12-03T05:00:00.000Z","13.28","13.37","13.25","13.34","1,718,248","97.98","12.88","13.30","12.63","0.5603","12.60","0.2082","0.2076","0.0006","13.17","32.74","17.06","33.46"
"2014-12-04T05:00:00.000Z","13.33","13.38","13.30","13.34","1,851,048","96.83","12.92","13.34","12.66","0.5179","12.61","0.2048","0.2071","-0.0022","13.20","32.20","16.27","33.42"
"2014-12-05T05:00:00.000Z","13.37","13.38","13.32","13.35","2,449,328","94.01","12.96","13.35","12.68","0.4667","12.62","0.2002","0.2057","-0.0055","13.22","31.07","15.66","33.39"
"2014-12-08T05:00:00.000Z","13.31","13.34","13.12","13.17","2,904,744","71.85","12.99","13.26","12.72","0.4157","12.63","0.1802","0.2006","-0.0204","13.24","27.10","24.93","31.30"
"2014-12-09T05:00:00.000Z","13.01","13.26","12.98","13.24","2,926,184","63.28","13.02","13.21","12.76","0.3607","12.64","0.1685","0.1942","-0.0257","13.24","23.29","28.31","29.76"
"2014-12-10T05:00:00.000Z","13.24","13.26","13.01","13.03","4,348,992","52.12","13.04","13.14","12.79","0.2953","12.65","0.1401","0.1833","-0.0433","13.26","20.62","24.89","28.30"
"2014-12-11T05:00:00.000Z","13.06","13.24","13.06","13.09","2,218,512","55.75","13.06","13.06","12.82","0.2292","12.66","0.1213","0.1709","-0.0496","13.25","18.60","22.45","26.95"
"2014-12-12T05:00:00.000Z","12.98","13.07","12.89","12.89","2,676,128","20.61","13.07","12.99","12.86","0.1341","12.66","0.0895","0.1547","-0.0652","13.23","16.88","28.22","26.82"
"2014-12-15T05:00:00.000Z","12.98","13.05","12.76","12.81","4,355,320","-0.3753","13.07","12.85","12.88","0.0516","12.66","0.0567","0.1351","-0.0784","13.21","14.80","30.31","27.36"
"2014-12-16T05:00:00.000Z","12.75","12.93","12.63","12.63","4,685,408","-38.65","13.07","12.72","12.90","-0.0259","12.66","0.0163","0.1113","-0.0950","13.17","12.99","31.87","28.41"
"2014-12-17T05:00:00.000Z","12.68","12.92","12.66","12.89","2,411,128","-23.29","13.07","12.76","12.92","-0.1042","12.67","0.0054","0.0901","-0.0847","13.12","11.52","28.26","29.39"
"2014-12-18T05:00:00.000Z","12.97","13.12","12.93","13.12","4,877,008","31.45","13.08","13.01","12.95","-0.1451","12.67","0.0146","0.0750","-0.0604","13.09","18.03","25.83","28.56"
"2014-12-19T05:00:00.000Z","13.13","13.20","13.09","13.14","2,247,200","52.38","13.09","13.13","12.97","-0.1250","12.69","0.0233","0.0647","-0.0413","13.08","20.48","24.73","27.19"
"2014-12-22T05:00:00.000Z","13.20","13.28","13.18","13.28","2,939,536","80.39","13.11","13.21","13.00","-0.0727","12.70","0.0411","0.0600","-0.0189","13.08","22.54","23.34","25.37"
"2014-12-23T05:00:00.000Z","13.33","13.37","13.31","13.31","2,556,576","104.19","13.12","13.30","13.02","0.0221","12.71","0.0571","0.0594","-0.0023","13.08","25.30","22.51","23.98"
"2014-12-24T05:00:00.000Z","13.35","13.36","13.31","13.31","2,165,456","100.67","13.13","13.31","13.04","0.1162","12.73","0.0690","0.0613","0.0077","13.08","24.75","22.08","22.67"
"2014-12-26T05:00:00.000Z","13.35","13.40","13.34","13.36","1,574,344","110.39","13.15","13.34","13.06","0.1679","12.74","0.0815","0.0654","0.0161","13.08","25.60","21.21","21.72"
"2014-12-29T05:00:00.000Z","13.36","13.36","13.29","13.29","4,720,968","88.35","13.16","13.33","13.08","0.1888","12.76","0.0845","0.0692","0.0153","13.11","24.69","22.71","20.47"
"2014-12-30T05:00:00.000Z","13.27","13.29","13.19","13.21","1,758,904","52.86","13.16","13.25","13.09","0.1793","12.77","0.0792","0.0712","0.0080","13.11","23.47","26.42","19.43"
"2014-12-31T05:00:00.000Z","13.24","13.27","13.06","13.06","2,505,248","11.79","13.16","13.13","13.10","0.1364","12.78","0.0626","0.0695","-0.0068","13.12","21.11","29.82","19.27"
"2015-01-02T05:00:00.000Z","13.13","13.18","12.94","13.03","2,623,904","-24.81","13.16","13.05","13.11","0.0770","12.80","0.0465","0.0649","-0.0184","13.13","18.86","31.88","19.72"
"2015-01-05T05:00:00.000Z","12.97","12.98","12.77","12.81","4,528,424","-109.83","13.15","12.92","13.11","-0.0178","12.80","0.0155","0.0550","-0.0395","13.13","16.77","35.66","20.89"
"2015-01-06T05:00:00.000Z","12.83","12.85","12.57","12.64","3,889,936","-175.97","13.14","12.72","13.10","-0.1314","12.81","-0.0221","0.0396","-0.0617","13.14","14.84","39.89","22.67"
"2015-01-07T05:00:00.000Z","12.73","12.79","12.66","12.75","3,080,992","-153.03","13.13","12.70","13.10","-0.2255","12.83","-0.0424","0.0232","-0.0656","13.14","13.94","37.48","24.32"
"2015-01-08T05:00:00.000Z","12.85","13.07","12.85","13.04","5,625,568","-49.28","13.12","12.90","13.10","-0.2627","12.85","-0.0348","0.0116","-0.0464","13.14","23.48","32.77","23.76"
"2015-01-09T05:00:00.000Z","13.10","13.12","12.91","13.01","3,383,096","-42.16","13.11","13.02","13.10","-0.2720","12.87","-0.0312","0.0030","-0.0342","13.13","23.30","30.08","22.97"
"2015-01-12T05:00:00.000Z","13.05","13.05","12.80","12.84","3,072,800","-91.47","13.10","12.93","13.10","-0.2601","12.89","-0.0412","-0.0058","-0.0354","13.12","21.11","31.37","22.73"
"2015-01-13T05:00:00.000Z","12.95","13.12","12.73","12.84","3,674,504","-88.32","13.08","12.84","13.10","-0.2102","12.91","-0.0487","-0.0144","-0.0343","13.09","20.91","27.03","22.01"
"2015-01-14T05:00:00.000Z","12.73","12.83","12.64","12.76","3,972,272","-143.88","13.06","12.80","13.09","-0.1951","12.93","-0.0602","-0.0236","-0.0367","13.04","19.42","28.36","21.78"
"2015-01-15T05:00:00.000Z","12.81","12.83","12.55","12.57","3,421,152","-166.68","13.04","12.67","13.08","-0.2325","12.94","-0.0842","-0.0357","-0.0485","13.00","17.57","28.53","21.92"
"2015-01-16T05:00:00.000Z","12.53","12.71","12.52","12.69","3,829,280","-156.36","13.02","12.63","13.07","-0.2927","12.95","-0.0921","-0.0469","-0.0451","12.94","16.43","27.94","22.21"
"2015-01-20T05:00:00.000Z","12.77","12.82","12.63","12.79","6,254,536","-112.02","13.00","12.74","13.06","-0.3135","12.96","-0.0896","-0.0555","-0.0341","12.90","19.22","26.07","21.70"
"2015-01-21T05:00:00.000Z","12.74","12.88","12.68","12.81","2,766,512","-90.68","12.98","12.80","13.06","-0.3286","12.97","-0.0848","-0.0613","-0.0234","12.86","19.96","24.30","20.85"
"2015-01-22T05:00:00.000Z","12.87","13.06","12.74","13.05","4,641,696","-35.20","12.98","12.93","13.05","-0.2847","12.98","-0.0607","-0.0612","0.0005","12.84","24.02","21.71","19.72"
"2015-01-23T05:00:00.000Z","13.05","13.14","13.01","13.09","3,945,240","7.57","12.97","13.07","13.05","-0.2013","13.00","-0.0382","-0.0566","0.0184","12.85","25.63","20.75","19.07"
"2015-01-26T05:00:00.000Z","13.09","13.09","12.99","13.05","3,327,296","-2.83","12.97","13.07","13.05","-0.1066","13.01","-0.0233","-0.0500","0.0267","12.87","24.74","20.70","18.34"
"2015-01-27T05:00:00.000Z","12.84","12.84","12.61","12.67","4,848,088","-110.48","12.96","12.86","13.03","-0.0878","13.01","-0.0414","-0.0483","0.0068","12.88","21.16","30.31","18.30"
"2015-01-28T05:00:00.000Z","12.91","12.93","12.65","12.65","3,857,888","-92.44","12.95","12.66","13.01","-0.0728","13.01","-0.0566","-0.0499","-0.0067","12.88","22.24","27.58","17.76"
"2015-01-29T05:00:00.000Z","12.64","12.80","12.54","12.78","5,527,688","-99.38","12.95","12.72","13.00","-0.1059","13.01","-0.0579","-0.0515","-0.0064","12.84","20.43","28.73","17.70"
"2015-01-30T05:00:00.000Z","12.73","12.81","12.59","12.60","3,404,416","-106.58","12.95","12.69","12.98","-0.1682","13.01","-0.0725","-0.0557","-0.0168","12.82","19.44","26.64","17.55"
"2015-02-02T05:00:00.000Z","12.63","12.72","12.43","12.71","29,252,784","-115.83","12.94","12.66","12.97","-0.2445","13.01","-0.0743","-0.0594","-0.0149","12.80","17.66","29.15","18.05"
"2015-02-03T05:00:00.000Z","12.75","12.87","12.73","12.87","3,702,016","-46.74","12.93","12.79","12.96","-0.2237","13.01","-0.0623","-0.0600","-0.0023","12.80","21.60","27.63","17.63"
"2015-02-04T05:00:00.000Z","12.87","12.97","12.86","12.89","3,239,392","-15.81","12.93","12.88","12.94","-0.1991","13.01","-0.0506","-0.0581","0.0075","12.80","24.09","26.55","16.72"
"2015-02-05T05:00:00.000Z","12.96","13.03","12.92","13.02","2,684,248","14.87","12.92","12.95","12.94","-0.1449","13.01","-0.0304","-0.0526","0.0222","12.83","24.68","25.33","15.62"
"2015-02-06T05:00:00.000Z","13.06","13.10","12.93","12.97","2,925,440","20.73","12.91","12.99","12.93","-0.0889","13.01","-0.0184","-0.0457","0.0274","12.86","25.74","23.86","14.78"
"2015-02-09T05:00:00.000Z","12.93","13.00","12.92","12.94","2,535,392","5.11","12.89","12.95","12.93","-0.0100","13.01","-0.0111","-0.0388","0.0277","12.87","24.96","23.57","13.92"
"2015-02-10T05:00:00.000Z","13.04","13.15","12.98","13.13","2,587,304","56.90","12.89","13.04","12.93","0.0450","13.02","0.0102","-0.0290","0.0392","12.88","28.34","21.79","13.86"
"2015-02-11T05:00:00.000Z","13.15","13.22","13.13","13.19","2,228,904","86.44","12.88","13.16","12.94","0.0980","13.02","0.0312","-0.0170","0.0481","12.89","29.95","21.03","14.12"
"2015-02-12T05:00:00.000Z","13.29","13.40","13.29","13.40","2,699,792","143.42","12.89","13.29","12.95","0.1726","13.02","0.0639","-0.0008","0.0647","12.91","34.35","19.37","15.11"
"2015-02-13T05:00:00.000Z","13.45","13.51","13.41","13.51","2,482,064","169.61","12.90","13.45","12.98","0.2578","13.03","0.0975","0.0189","0.0787","12.95","36.83","18.57","16.38"
"2015-02-17T05:00:00.000Z","13.51","13.52","13.47","13.51","2,540,088","165.74","12.92","13.51","12.99","0.3614","13.04","0.1232","0.0397","0.0835","13.00","36.74","18.17","17.63"
"2015-02-18T05:00:00.000Z","13.50","13.54","13.48","13.54","2,045,480","157.87","12.94","13.52","13.00","0.4448","13.05","0.1440","0.0606","0.0834","13.07","36.48","17.67","18.85"
"2015-02-19T05:00:00.000Z","13.51","13.60","13.50","13.59","1,850,016","160.10","12.98","13.56","13.01","0.5111","13.06","0.1629","0.0810","0.0818","13.13","37.48","16.88","20.21"
"2015-02-20T05:00:00.000Z","13.60","13.68","13.52","13.68","2,027,400","168.09","13.01","13.63","13.02","0.5499","13.07","0.1827","0.1014","0.0813","13.20","38.39","15.73","21.76"
"2015-02-23T05:00:00.000Z","13.67","13.68","13.60","13.68","2,875,048","166.13","13.03","13.68","13.03","0.5692","13.07","0.1961","0.1203","0.0758","13.27","37.09","15.20","23.20"
"2015-02-24T05:00:00.000Z","13.68","13.73","13.60","13.71","2,441,368","165.14","13.05","13.69","13.04","0.5803","13.08","0.2071","0.1377","0.0694","13.33","37.46","14.29","24.74"
"2015-02-25T05:00:00.000Z","13.69","13.69","13.60","13.64","2,842,304","149.36","13.08","13.68","13.05","0.5808","13.09","0.2078","0.1517","0.0561","13.39","35.61","13.59","26.17"
"2015-02-26T05:00:00.000Z","13.67","13.73","13.64","13.72","2,742,520","153.49","13.11","13.68","13.06","0.5800","13.09","0.2126","0.1639","0.0487","13.44","35.93","12.99","27.65"
"2015-02-27T05:00:00.000Z","13.72","13.73","13.64","13.65","6,551,248","138.07","13.14","13.69","13.07","0.5754","13.10","0.2082","0.1728","0.0355","13.50","34.28","12.47","29.01"
"2015-03-02T05:00:00.000Z","13.67","13.79","13.65","13.78","4,373,288","140.27","13.18","13.72","13.09","0.5708","13.11","0.2127","0.1807","0.0319","13.55","34.65","11.63","30.49"
"2015-03-03T05:00:00.000Z","13.76","13.76","13.62","13.67","3,114,936","117.67","13.21","13.73","13.11","0.5522","13.11","0.2052","0.1856","0.0196","13.59","31.88","12.42","31.45"
"2015-03-04T05:00:00.000Z","13.64","13.65","13.55","13.63","11,241,480","95.82","13.24","13.65","13.13","0.5227","13.12","0.1934","0.1872","0.0062","13.62","29.86","15.17","31.53"
"2015-03-05T05:00:00.000Z","13.63","13.66","13.57","13.62","2,738,640","91.57","13.26","13.63","13.15","0.4830","13.12","0.1815","0.1861","-0.0045","13.63","28.96","14.49","31.66"
"2015-03-06T05:00:00.000Z","13.63","13.64","13.44","13.47","2,741,048","68.07","13.28","13.55","13.17","0.4294","13.13","0.1579","0.1804","-0.0225","13.64","26.07","19.54","30.42"
"2015-03-09T04:00:00.000Z","13.52","13.58","13.47","13.53","2,624,064","65.44","13.29","13.50","13.18","0.3634","13.13","0.1420","0.1727","-0.0307","13.64","24.59","18.43","29.27"
"2015-03-10T04:00:00.000Z","13.44","13.44","13.25","13.26","3,149,008","25.51","13.30","13.39","13.19","0.2771","13.14","0.1067","0.1595","-0.0529","13.64","21.44","26.14","27.88"
"2015-03-11T04:00:00.000Z","13.27","13.30","13.17","13.19","2,815,488","5.62","13.32","13.22","13.20","0.1906","13.14","0.0720","0.1420","-0.0701","13.61","20.16","28.45","27.11"
"2015-03-12T04:00:00.000Z","13.15","13.27","13.14","13.26","2,910,768","5.40","13.34","13.22","13.21","0.0992","13.14","0.0502","0.1237","-0.0734","13.57","18.90","28.23","26.59"
"2015-03-13T04:00:00.000Z","13.24","13.28","13.12","13.20","2,265,536","-2.31","13.35","13.23","13.22","0.0263","13.15","0.0272","0.1044","-0.0771","13.54","17.45","27.21","26.25"
"2015-03-16T04:00:00.000Z","13.23","13.36","13.22","13.36","2,652,040","18.14","13.38","13.28","13.24","-0.0276","13.16","0.0216","0.0878","-0.0662","13.50","19.95","25.12","25.20"
"2015-03-17T04:00:00.000Z","13.34","13.39","13.30","13.37","2,145,544","23.66","13.40","13.36","13.25","-0.0463","13.17","0.0180","0.0739","-0.0558","13.48","20.76","23.93","23.90"
"2015-03-18T04:00:00.000Z","13.34","13.58","13.30","13.53","1,919,128","45.97","13.42","13.45","13.27","-0.0244","13.18","0.0279","0.0647","-0.0368","13.45","26.67","20.82","23.08"
"2015-03-19T04:00:00.000Z","13.53","13.56","13.50","13.52","2,185,568","55.88","13.44","13.52","13.29","0.0156","13.18","0.0344","0.0586","-0.0242","13.44","25.86","20.19","22.31"
"2015-03-20T04:00:00.000Z","13.58","13.66","13.57","13.60","2,705,832","71.38","13.46","13.56","13.30","0.0728","13.19","0.0453","0.0559","-0.0107","13.43","28.73","18.82","22.20"
"2015-03-23T04:00:00.000Z","13.61","13.66","13.60","13.60","2,020,664","70.66","13.48","13.60","13.32","0.1098","13.19","0.0536","0.0555","-0.0019","13.42","27.90","18.19","22.12"
"2015-03-24T04:00:00.000Z","13.62","13.65","13.55","13.56","2,642,792","60.69","13.50","13.58","13.33","0.1375","13.20","0.0565","0.0557","0.0008","13.42","26.57","19.64","21.61"
"2015-03-25T04:00:00.000Z","13.56","13.57","13.19","13.19","2,816,120","-5.63","13.50","13.38","13.34","0.1114","13.19","0.0284","0.0502","-0.0218","13.42","21.97","33.03","21.51"
"2015-03-26T04:00:00.000Z","13.11","13.25","13.04","13.20","3,288,104","-46.68","13.50","13.19","13.36","0.0293","13.19","0.0068","0.0415","-0.0347","13.38","19.91","36.40","22.06"
"2015-03-27T04:00:00.000Z","13.20","13.26","13.14","13.23","2,110,888","-40.50","13.50","13.22","13.37","-0.0598","13.19","-0.0076","0.0317","-0.0393","13.37","19.23","34.32","22.50"
"2015-03-30T04:00:00.000Z","13.32","13.39","13.31","13.38","3,564,472","-4.85","13.49","13.31","13.39","-0.1272","13.20","-0.0069","0.0240","-0.0309","13.37","23.68","31.83","21.94"
"2015-03-31T04:00:00.000Z","13.34","13.73","13.25","13.31","8,274,720","10.90","13.49","13.35","13.40","-0.1617","13.20","-0.0115","0.0169","-0.0284","13.39","32.63","25.79","21.21"
"2015-04-01T04:00:00.000Z","13.26","13.27","13.13","13.21","3,760,312","-68.23","13.48","13.26","13.41","-0.1978","13.21","-0.0235","0.0088","-0.0323","13.39","30.25","28.69","19.88"
"2015-04-02T04:00:00.000Z","13.22","13.27","13.18","13.21","4,302,944","-68.10","13.46","13.21","13.42","-0.1785","13.22","-0.0327","0.0005","-0.0332","13.39","29.18","27.67","18.65"
"2015-04-06T04:00:00.000Z","13.13","13.36","13.09","13.33","2,370,384","-59.42","13.45","13.27","13.43","-0.1669","13.23","-0.0296","-0.0055","-0.0241","13.37","26.13","28.48","17.63"
"2015-04-07T04:00:00.000Z","13.32","13.42","13.32","13.32","3,285,024","-30.93","13.44","13.32","13.43","-0.1599","13.23","-0.0281","-0.0100","-0.0181","13.37","27.65","27.28","16.42"
"2015-04-08T04:00:00.000Z","13.26","13.40","13.26","13.36","1,878,480","-40.02","13.43","13.34","13.45","-0.1867","13.24","-0.0228","-0.0126","-0.0102","13.35","26.05","27.93","15.49"
"2015-04-09T04:00:00.000Z","13.36","13.43","13.30","13.42","1,864,952","-28.27","13.42","13.39","13.45","-0.1485","13.25","-0.0140","-0.0129","-0.0012","13.33","25.69","26.47","14.49"
"2015-04-10T04:00:00.000Z","13.40","13.48","13.38","13.48","1,397,264","-4.08","13.41","13.45","13.46","-0.1027","13.26","-0.0023","-0.0108","0.0085","13.32","26.88","25.39","13.66"
"2015-04-13T04:00:00.000Z","13.48","13.54","13.41","13.42","2,141,088","0.4349","13.41","13.45","13.46","-0.0469","13.27","0.0025","-0.0081","0.0106","13.31","28.16","23.98","13.26"
"2015-04-14T04:00:00.000Z","13.46","13.46","13.30","13.37","2,583,448","-34.32","13.39","13.40","13.46","-0.0356","13.28","0.0022","-0.0060","0.0083","13.30","26.11","27.32","12.47"
"2015-04-15T04:00:00.000Z","13.41","13.53","13.40","13.49","2,559,840","9.49","13.39","13.43","13.46","-0.0034","13.30","0.0117","-0.0025","0.0142","13.32","27.20","25.40","11.83"
"2015-04-16T04:00:00.000Z","13.46","13.50","13.43","13.47","2,086,536","5.60","13.38","13.48","13.45","0.0233","13.31","0.0168","0.0014","0.0155","13.34","26.40","24.65","11.23"
"2015-04-17T04:00:00.000Z","13.38","13.38","13.22","13.26","2,243,376","-73.38","13.37","13.36","13.45","0.0078","13.32","0.0042","0.0019","0.0023","13.35","23.47","31.55","11.47"
"2015-04-20T04:00:00.000Z","13.32","13.50","13.32","13.48","2,413,664","-4.27","13.37","13.37","13.44","0.0035","13.32","0.0115","0.0038","0.0076","13.34","26.29","28.36","10.92"
"2015-04-21T04:00:00.000Z","13.54","13.57","13.48","13.49","1,724,360","35.10","13.37","13.48","13.44","0.0367","13.33","0.0180","0.0067","0.0113","13.37","28.51","27.17","10.32"
"2015-04-22T04:00:00.000Z","13.52","13.63","13.46","13.62","2,055,320","65.65","13.38","13.55","13.43","0.0544","13.34","0.0332","0.0120","0.0212","13.39","29.12","25.07","10.11"
"2015-04-23T04:00:00.000Z","13.57","13.70","13.55","13.65","1,908,136","97.03","13.40","13.63","13.43","0.0864","13.36","0.0474","0.0191","0.0283","13.42","30.15","23.43","10.28"
"2015-04-24T04:00:00.000Z","13.77","13.78","13.67","13.73","2,026,808","140.02","13.41","13.69","13.43","0.1668","13.37","0.0641","0.0281","0.0360","13.46","31.77","22.12","10.83"
"2015-04-27T04:00:00.000Z","13.76","13.84","13.73","13.76","4,807,944","159.53","13.43","13.74","13.44","0.2335","13.39","0.0790","0.0382","0.0407","13.50","33.03","20.98","11.65"
"2015-04-28T04:00:00.000Z","13.79","13.84","13.65","13.77","1,901,688","149.21","13.44","13.77","13.44","0.2657","13.41","0.0909","0.0488","0.0421","13.53","30.19","22.70","11.83"
"2015-04-29T04:00:00.000Z","13.70","13.78","13.62","13.71","1,815,576","123.76","13.46","13.74","13.44","0.2820","13.43","0.0942","0.0579","0.0363","13.55","27.96","22.53","11.75"
"2015-04-30T04:00:00.000Z","13.64","13.67","13.44","13.49","1,813,312","44.65","13.45","13.60","13.43","0.2568","13.44","0.0778","0.0618","0.0159","13.56","24.70","27.48","11.29"
"2015-05-01T04:00:00.000Z","13.53","13.66","13.52","13.66","2,328,600","84.12","13.46","13.57","13.44","0.2183","13.45","0.0778","0.0650","0.0128","13.57","22.88","25.45","10.87"
"2015-05-04T04:00:00.000Z","13.69","13.74","13.66","13.67","1,974,648","115.85","13.46","13.66","13.44","0.1900","13.46","0.0778","0.0676","0.0102","13.59","25.66","24.53","10.25"
"2015-05-05T04:00:00.000Z","13.63","13.63","13.44","13.46","1,913,240","31.73","13.46","13.56","13.44","0.1429","13.47","0.0598","0.0660","-0.0062","13.60","23.13","31.71","10.64"
"2015-05-06T04:00:00.000Z","13.48","13.54","13.28","13.38","2,106,472","-20.68","13.45","13.42","13.44","0.0863","13.48","0.0389","0.0606","-0.0217","13.61","20.71","34.89","11.70"
"2015-05-07T04:00:00.000Z","13.37","13.52","13.37","13.47","1,782,408","1.59","13.46","13.43","13.45","0.0666","13.48","0.0298","0.0544","-0.0246","13.61","19.40","32.68","12.68"
"2015-05-08T04:00:00.000Z","13.61","13.68","13.60","13.66","1,458,968","93.53","13.48","13.57","13.46","0.0761","13.49","0.0375","0.0511","-0.0136","13.62","24.41","29.95","12.51"
"2015-05-11T04:00:00.000Z","13.66","13.68","13.61","13.61","3,669,768","82.12","13.49","13.64","13.47","0.0644","13.49","0.0388","0.0486","-0.0098","13.63","23.84","29.04","12.32"
"2015-05-12T04:00:00.000Z","13.54","13.60","13.43","13.54","1,985,600","22.96","13.49","13.58","13.47","0.0620","13.49","0.0337","0.0456","-0.0119","13.63","21.93","34.66","13.04"
"2015-05-13T04:00:00.000Z","13.58","13.68","13.58","13.61","1,553,320","69.45","13.50","13.57","13.48","0.0979","13.50","0.0345","0.0434","-0.0089","13.61","24.07","32.62","13.19"
"2015-05-14T04:00:00.000Z","13.70","13.83","13.69","13.82","1,894,688","140.11","13.52","13.71","13.49","0.1438","13.50","0.0520","0.0451","0.0069","13.61","28.30","29.53","12.40"
"2015-05-15T04:00:00.000Z","13.86","13.87","13.75","13.78","1,465,208","139.05","13.54","13.80","13.49","0.1594","13.50","0.0620","0.0485","0.0135","13.61","28.47","28.06","11.56"
"2015-05-18T04:00:00.000Z","13.76","13.88","13.74","13.85","2,245,296","142.28","13.56","13.82","13.50","0.1785","13.51","0.0748","0.0538","0.0211","13.62","26.69","26.92","10.77"
"2015-05-19T04:00:00.000Z","13.87","13.89","13.82","13.84","1,998,048","146.04","13.58","13.84","13.51","0.2369","13.51","0.0826","0.0595","0.0231","13.64","26.43","26.03","10.05"
"2015-05-20T04:00:00.000Z","13.85","13.90","13.78","13.83","1,647,768","133.43","13.59","13.83","13.51","0.2615","13.51","0.0875","0.0651","0.0224","13.66","24.95","26.30","9.53"
"2015-05-21T04:00:00.000Z","13.81","13.90","13.79","13.88","1,892,448","131.44","13.61","13.86","13.53","0.2605","13.52","0.0941","0.0709","0.0232","13.67","23.70","24.99","9.03"
"2015-05-22T04:00:00.000Z","13.87","13.92","13.87","13.88","1,517,168","135.67","13.62","13.88","13.55","0.2577","13.52","0.0986","0.0765","0.0221","13.69","24.06","24.33","8.43"
"2015-05-26T04:00:00.000Z","13.84","13.86","13.64","13.69","2,333,816","69.02","13.63","13.79","13.56","0.2349","13.52","0.0857","0.0783","0.0074","13.72","21.25","32.23","9.29"
"2015-05-27T04:00:00.000Z","13.73","13.94","13.72","13.93","2,331,136","114.98","13.65","13.81","13.57","0.2150","13.52","0.0931","0.0813","0.0119","13.74","22.56","28.58","9.47"
"2015-05-28T04:00:00.000Z","13.91","13.93","13.88","13.92","1,590,464","124.98","13.66","13.92","13.59","0.2112","13.53","0.0974","0.0845","0.0129","13.77","21.96","27.82","9.63"
"2015-05-29T04:00:00.000Z","13.91","13.92","13.78","13.82","1,908,000","95.17","13.68","13.87","13.60","0.1997","13.53","0.0919","0.0860","0.0059","13.79","20.53","30.42","10.33"
"2015-06-01T04:00:00.000Z","13.87","13.91","13.77","13.86","6,289,608","93.51","13.70","13.84","13.62","0.1782","13.53","0.0899","0.0868","0.0031","13.81","19.15","29.12","11.07"
"2015-06-02T04:00:00.000Z","13.85","13.90","13.74","13.83","1,840,448","80.56","13.71","13.85","13.63","0.1791","13.54","0.0847","0.0863","-0.0017","13.83","17.70","28.26","11.92"
"2015-06-03T04:00:00.000Z","13.90","13.94","13.85","13.88","1,481,176","104.15","13.72","13.86","13.65","0.1796","13.54","0.0837","0.0858","-0.0021","13.85","18.93","26.74","12.29"
"2015-06-04T04:00:00.000Z","13.84","13.87","13.72","13.75","1,685,472","54.62","13.72","13.82","13.66","0.1481","13.55","0.0716","0.0830","-0.0113","13.85","17.41","30.99","13.42"
"2015-06-05T04:00:00.000Z","13.73","13.77","13.66","13.75","1,622,360","28.44","13.73","13.75","13.66","0.1087","13.56","0.0610","0.0786","-0.0176","13.84","16.45","32.09","14.76"
"2015-06-08T04:00:00.000Z","13.76","13.76","13.55","13.57","1,659,968","-17.72","13.72","13.66","13.67","0.0649","13.57","0.0381","0.0705","-0.0323","13.84","14.77","34.10","16.53"
"2015-06-09T04:00:00.000Z","13.56","13.59","13.44","13.55","2,004,192","-65.94","13.72","13.56","13.67","0.0045","13.57","0.0179","0.0600","-0.0420","13.81","13.69","36.76","18.62"
"2015-06-10T04:00:00.000Z","13.60","13.79","13.60","13.76","2,018,832","18.24","13.72","13.65","13.68","-0.0404","13.58","0.0182","0.0516","-0.0334","13.80","21.22","32.78","18.81"
"2015-06-11T04:00:00.000Z","13.79","13.84","13.74","13.76","1,453,776","47.95","13.72","13.76","13.69","-0.0461","13.59","0.0185","0.0450","-0.0265","13.79","22.44","31.38","18.66"
"2015-06-12T04:00:00.000Z","13.68","13.71","13.64","13.66","1,480,744","-9.71","13.72","13.71","13.69","-0.0524","13.59","0.0106","0.0381","-0.0275","13.78","21.18","34.54","19.04"
"2015-06-15T04:00:00.000Z","13.56","13.60","13.46","13.59","2,032,952","-82.75","13.72","13.62","13.70","-0.0700","13.59","-0.0017","0.0301","-0.0319","13.77","19.22","39.67","20.16"
"2015-06-16T04:00:00.000Z","13.61","13.70","13.57","13.67","2,648,744","-33.23","13.72","13.63","13.70","-0.0432","13.59","-0.0045","0.0232","-0.0278","13.74","22.70","37.31","20.46"
"2015-06-17T04:00:00.000Z","13.69","13.73","13.62","13.69","3,784,992","-14.50","13.73","13.68","13.71","-0.0457","13.59","-0.0051","0.0175","-0.0227","13.73","23.36","35.26","20.45"
"2015-06-18T04:00:00.000Z","13.69","13.83","13.69","13.80","2,449,408","38.94","13.74","13.75","13.71","-0.0583","13.60","0.0037","0.0148","-0.0111","13.71","26.21","32.87","19.79"
"2015-06-19T04:00:00.000Z","13.81","13.82","13.70","13.71","1,613,192","18.62","13.75","13.76","13.71","-0.0463","13.60","0.0025","0.0123","-0.0098","13.71","24.71","30.99","19.18"
"2015-06-22T04:00:00.000Z","13.81","13.84","13.77","13.80","1,528,048","53.35","13.75","13.75","13.72","0.0054","13.61","0.0089","0.0116","-0.0027","13.70","23.96","28.97","18.49"
"2015-06-23T04:00:00.000Z","13.84","13.84","13.76","13.80","1,610,512","51.80","13.76","13.80","13.72","0.0308","13.62","0.0144","0.0122","0.0022","13.70","23.00","28.34","17.91"
"2015-06-24T04:00:00.000Z","13.77","13.84","13.72","13.73","1,746,184","28.89","13.77","13.77","13.72","0.0404","13.63","0.0124","0.0122","0.0002","13.70","21.67","28.44","17.60"
"2015-06-25T04:00:00.000Z","13.78","13.79","13.67","13.69","2,116,400","2.09","13.77","13.71","13.72","0.0270","13.64","0.0081","0.0114","-0.0033","13.71","20.31","29.33","17.64"
"2015-06-26T04:00:00.000Z","13.65","13.68","13.51","13.56","1,914,416","-83.52","13.76","13.63","13.72","-0.0046","13.64","-0.0060","0.0079","-0.0139","13.71","18.44","34.76","18.57"
"2015-06-29T04:00:00.000Z","13.43","13.48","13.24","13.25","2,638,264","-225.57","13.74","13.41","13.71","-0.0850","13.64","-0.0416","-0.0020","-0.0396","13.70","15.69","42.24","20.52"
"2015-06-30T04:00:00.000Z","13.36","13.36","13.23","13.28","2,086,064","-216.92","13.72","13.27","13.70","-0.1791","13.64","-0.0669","-0.0150","-0.0520","13.67","14.75","40.17","22.36"
"2015-07-01T04:00:00.000Z","13.41","13.47","13.29","13.35","2,590,784","-165.99","13.71","13.31","13.70","-0.2513","13.64","-0.0803","-0.0280","-0.0523","13.65","18.70","36.59","23.07"
"2015-07-02T04:00:00.000Z","13.38","13.40","13.30","13.36","1,870,576","-172.09","13.69","13.36","13.70","-0.3153","13.64","-0.0890","-0.0402","-0.0488","13.63","17.83","34.88","23.73"
"2015-07-06T04:00:00.000Z","13.26","13.37","13.22","13.31","4,090,872","-192.93","13.67","13.33","13.69","-0.3610","13.64","-0.0992","-0.0520","-0.0471","13.61","16.58","36.48","24.72"
"2015-07-07T04:00:00.000Z","13.31","13.32","13.05","13.31","2,589,856","-202.69","13.65","13.31","13.68","-0.3770","13.64","-0.1058","-0.0628","-0.0430","13.58","14.57","39.50","26.24"
"2015-07-08T04:00:00.000Z","13.19","13.22","13.07","13.08","2,355,032","-218.91","13.63","13.20","13.67","-0.3853","13.63","-0.1278","-0.0758","-0.0520","13.54","13.08","35.46","27.66"
"2015-07-09T04:00:00.000Z","13.21","13.28","13.05","13.05","2,257,768","-199.62","13.61","13.07","13.66","-0.4094","13.63","-0.1458","-0.0898","-0.0560","13.49","14.08","32.00","28.46"
"2015-07-10T04:00:00.000Z","13.19","13.29","13.18","13.25","2,270,896","-143.99","13.58","13.15","13.65","-0.4152","13.62","-0.1428","-0.1004","-0.0424","13.44","13.29","28.89","29.07"
"2015-07-13T04:00:00.000Z","13.36","13.46","13.35","13.44","2,215,576","-75.48","13.57","13.35","13.64","-0.3779","13.62","-0.1233","-0.1050","-0.0183","13.41","19.02","26.40","28.16"
"2015-07-14T04:00:00.000Z","13.45","13.54","13.45","13.51","1,870,936","-44.46","13.56","13.48","13.63","-0.3084","13.63","-0.1014","-0.1042","0.0029","13.38","21.72","25.29","26.69"
"2015-07-15T04:00:00.000Z","13.53","13.56","13.47","13.51","1,643,368","-37.08","13.55","13.51","13.62","-0.2254","13.63","-0.0828","-0.1000","0.0172","13.36","21.61","24.34","25.21"
"2015-07-16T04:00:00.000Z","13.59","13.67","13.58","13.67","1,649,856","6.98","13.54","13.59","13.62","-0.1244","13.63","-0.0549","-0.0909","0.0360","13.36","24.81","22.69","23.73"
"2015-07-17T04:00:00.000Z","13.78","13.86","13.75","13.86","1,808,440","70.83","13.54","13.76","13.62","-0.0085","13.63","-0.0174","-0.0762","0.0589","13.39","31.05","20.79","23.44"
"2015-07-20T04:00:00.000Z","13.91","13.97","13.86","13.92","3,019,704","101.45","13.55","13.89","13.62","0.0905","13.64","0.0171","-0.0576","0.0747","13.43","34.11","19.78","23.67"
"2015-07-21T04:00:00.000Z","13.91","13.93","13.84","13.85","2,303,824","87.54","13.56","13.88","13.62","0.1659","13.64","0.0387","-0.0383","0.0770","13.47","32.67","19.97","23.70"
"2015-07-22T04:00:00.000Z","13.71","13.71","13.54","13.66","2,449,384","5.79","13.56","13.75","13.62","0.1951","13.64","0.0395","-0.0228","0.0623","13.49","28.30","30.14","22.23"
"2015-07-23T04:00:00.000Z","13.69","13.76","13.60","13.63","1,948,744","18.33","13.56","13.64","13.61","0.2093","13.64","0.0379","-0.0106","0.0485","13.53","28.44","28.04","20.70"
"2015-07-24T04:00:00.000Z","13.71","13.71","13.52","13.54","1,952,464","-5.67","13.55","13.59","13.60","0.1739","13.63","0.0287","-0.0028","0.0314","13.56","26.19","29.07","19.59"
"2015-07-27T04:00:00.000Z","13.47","13.49","13.38","13.40","2,406,976","-62.29","13.54","13.47","13.59","0.0849","13.63","0.0101","-0.0002","0.0103","13.58","24.43","33.09","19.27"
"2015-07-28T04:00:00.000Z","13.47","13.56","13.37","13.54","1,585,568","-36.30","13.54","13.47","13.58","0.0022","13.63","0.0063","0.0011","0.0052","13.60","25.30","30.37","18.54"
"2015-07-29T04:00:00.000Z","13.54","13.63","13.46","13.61","1,739,120","-5.33","13.54","13.57","13.58","-0.0094","13.63","0.0089","0.0027","0.0062","13.62","26.22","28.33","17.49"
"2015-07-30T04:00:00.000Z","13.57","13.66","13.49","13.64","1,435,696","9.58","13.54","13.62","13.57","-0.0243","13.63","0.0134","0.0048","0.0086","13.64","25.84","26.28","16.30"
"2015-07-31T04:00:00.000Z","13.67","13.67","13.56","13.58","3,979,832","14.42","13.53","13.61","13.57","-0.0226","13.64","0.0120","0.0063","0.0058","13.66","25.06","25.00","15.15"
"2015-08-03T04:00:00.000Z","13.57","13.59","13.41","13.50","2,959,392","-25.84","13.52","13.54","13.56","-0.0093","13.64","0.0043","0.0059","-0.0015","13.66","23.11","29.50","14.93"
"2015-08-04T04:00:00.000Z","13.48","13.49","13.37","13.41","2,422,352","-53.55","13.51","13.46","13.56","-0.0105","13.63","-0.0084","0.0030","-0.0115","13.65","21.80","29.54","14.94"
"2015-08-05T04:00:00.000Z","13.49","13.65","13.47","13.55","2,360,760","-1.16","13.50","13.48","13.56","-0.0041","13.63","-0.0079","0.0008","-0.0087","13.63","26.52","26.60","13.89"
"2015-08-06T04:00:00.000Z","13.57","13.61","13.37","13.40","2,198,632","-36.88","13.49","13.48","13.55","-0.0136","13.63","-0.0186","-0.0031","-0.0156","13.60","23.87","28.03","13.47"
"2015-08-07T04:00:00.000Z","13.40","13.43","13.32","13.42","1,398,960","-61.75","13.48","13.41","13.54","-0.0499","13.63","-0.0259","-0.0076","-0.0183","13.57","22.80","28.52","13.30"
"2015-08-10T04:00:00.000Z","13.53","13.65","13.53","13.62","2,100,616","24.27","13.48","13.52","13.54","-0.0258","13.62","-0.0150","-0.0091","-0.0059","13.55","29.46","25.84","12.82"
"2015-08-11T04:00:00.000Z","13.58","13.59","13.36","13.40","1,635,560","-36.72","13.49","13.51","13.53","-0.0075","13.62","-0.0240","-0.0121","-0.0119","13.54","26.37","29.97","12.36"
"2015-08-12T04:00:00.000Z","13.32","13.49","13.17","13.46","2,879,240","-62.51","13.49","13.43","13.53","-0.0399","13.61","-0.0256","-0.0148","-0.0108","13.51","23.27","33.20","12.73"
"2015-08-13T04:00:00.000Z","13.49","13.52","13.41","13.43","1,441,248","-29.61","13.50","13.45","13.52","-0.0370","13.60","-0.0293","-0.0177","-0.0116","13.51","23.47","31.76","12.90"
"2015-08-14T04:00:00.000Z","13.38","13.52","13.38","13.50","1,347,688","-21.09","13.50","13.47","13.51","-0.0180","13.60","-0.0261","-0.0194","-0.0067","13.51","22.26","31.01","13.15"
"2015-08-17T04:00:00.000Z","13.46","13.59","13.40","13.59","1,436,664","6.03","13.51","13.55","13.51","-0.0407","13.59","-0.0164","-0.0188","0.0024","13.50","23.45","28.71","12.93"
"2015-08-18T04:00:00.000Z","13.54","13.56","13.48","13.50","1,953,280","4.85","13.52","13.55","13.50","-0.0374","13.59","-0.0153","-0.0181","0.0028","13.50","22.45","27.48","12.73"
"2015-08-19T04:00:00.000Z","13.45","13.51","13.33","13.39","2,479,176","-40.40","13.53","13.45","13.49","-0.0208","13.58","-0.0232","-0.0191","-0.0041","13.48","20.79","31.66","13.30"
"2015-08-20T04:00:00.000Z","13.27","13.31","13.05","13.05","3,376,480","-162.84","13.53","13.22","13.48","-0.0728","13.57","-0.0566","-0.0266","-0.0300","13.46","18.08","38.16","14.90"
"2015-08-21T04:00:00.000Z","12.83","13.01","12.56","12.56","5,967,728","-323.21","13.50","12.80","13.45","-0.1917","13.54","-0.1213","-0.0456","-0.0757","13.41","15.07","48.46","17.59"
"2015-08-24T04:00:00.000Z","12.43","12.56","9.64","12.10","10,098,480","-623.21","13.46","12.33","13.41","-0.6089","13.51","-0.2070","-0.0779","-0.1292","13.33","7.29","74.93","22.21"
"2015-08-25T04:00:00.000Z","12.23","12.65","11.97","11.97","16,720,696","-316.11","13.41","12.04","13.38","-0.8266","13.48","-0.2822","-0.1187","-0.1635","13.22","7.88","66.34","26.25"
"2015-08-26T04:00:00.000Z","12.09","12.59","12.09","12.57","5,229,816","-222.50","13.38","12.27","13.36","-1.02","13.46","-0.2903","-0.1530","-0.1372","13.12","7.08","59.61","30.00"
"2015-08-27T04:00:00.000Z","12.70","12.87","12.59","12.87","4,766,304","-124.01","13.35","12.72","13.35","-1.09","13.45","-0.2691","-0.1763","-0.0929","13.06","11.35","56.61","32.61"
"2015-08-28T04:00:00.000Z","12.82","12.91","12.80","12.90","2,215,096","-95.69","13.32","12.88","13.34","-1.06","13.43","-0.2473","-0.1905","-0.0568","13.00","11.88","55.44","34.90"
"2015-08-31T04:00:00.000Z","12.85","12.94","12.76","12.79","2,461,720","-96.81","13.28","12.85","13.33","-0.6938","13.42","-0.2358","-0.1995","-0.0362","12.96","11.50","54.35","37.06"
"2015-09-01T04:00:00.000Z","12.66","12.66","12.31","12.38","4,325,672","-155.15","13.23","12.59","13.30","-0.6276","13.40","-0.2565","-0.2109","-0.0456","12.90","10.51","57.65","39.35"
"2015-09-02T04:00:00.000Z","12.51","12.68","12.43","12.68","3,311,656","-120.54","13.20","12.53","13.29","-0.5533","13.38","-0.2468","-0.2181","-0.0287","12.83","10.13","54.58","41.45"
"2015-09-03T04:00:00.000Z","12.73","12.84","12.65","12.69","2,159,184","-92.30","13.17","12.68","13.28","-0.5191","13.36","-0.2353","-0.2215","-0.0138","12.78","12.94","52.54","42.81"
"2015-09-04T04:00:00.000Z","12.56","12.59","12.45","12.50","2,839,384","-117.66","13.13","12.60","13.26","-0.5455","13.34","-0.2383","-0.2249","-0.0134","12.70","12.33","53.98","44.24"
"2015-09-08T04:00:00.000Z","12.77","12.87","12.71","12.85","2,206,184","-66.03","13.12","12.68","13.25","-0.5249","13.33","-0.2101","-0.2219","0.0118","12.65","16.85","50.16","44.63"
"2015-09-09T04:00:00.000Z","12.95","13.00","12.67","12.70","2,153,048","-64.94","13.09","12.78","13.23","-0.4326","13.31","-0.1980","-0.2171","0.0192","12.63","18.43","46.85","44.55"
"2015-09-10T04:00:00.000Z","12.68","12.91","12.66","12.82","2,319,000","-60.04","13.06","12.76","13.21","-0.3603","13.30","-0.1762","-0.2090","0.0327","12.61","17.52","44.67","44.49"
"2015-09-11T04:00:00.000Z","12.75","12.88","12.73","12.88","1,701,392","-51.33","13.04","12.85","13.19","-0.3239","13.29","-0.1522","-0.1976","0.0454","12.64","16.95","43.21","44.43"
"2015-09-14T04:00:00.000Z","12.94","12.95","12.82","12.85","2,047,184","-42.66","13.01","12.87","13.17","-0.2346","13.27","-0.1347","-0.1850","0.0503","12.69","17.86","41.96","44.13"
"2015-09-15T04:00:00.000Z","12.89","13.05","12.86","13.01","3,069,840","-24.52","13.00","12.93","13.14","-0.1865","13.26","-0.1063","-0.1693","0.0630","12.75","19.32","40.05","43.47"
"2015-09-16T04:00:00.000Z","13.02","13.10","12.99","13.08","1,882,320","-8.78","12.98","13.05","13.13","-0.1300","13.25","-0.0772","-0.1509","0.0737","12.78","19.97","39.01","42.67"
"2015-09-17T04:00:00.000Z","13.06","13.21","12.99","13.01","2,686,488","-4.26","12.97","13.05","13.11","-0.0524","13.23","-0.0592","-0.1325","0.0733","12.80","21.65","36.93","41.49"
"2015-09-18T04:00:00.000Z","12.86","12.98","12.82","12.85","1,728,272","-32.67","12.95","12.93","13.09","-0.0129","13.22","-0.0574","-0.1175","0.0601","12.80","20.62","39.43","40.76"
"2015-09-21T04:00:00.000Z","12.92","13.02","12.85","12.96","1,271,064","-20.26","12.93","12.90","13.08","0.0147","13.21","-0.0468","-0.1034","0.0565","12.82","20.75","37.69","39.92"
"2015-09-22T04:00:00.000Z","12.76","12.80","12.66","12.75","2,234,776","-52.80","12.90","12.85","13.06","-0.0093","13.19","-0.0542","-0.0935","0.0393","12.84","19.21","39.76","39.56"
"2015-09-23T04:00:00.000Z","12.66","12.70","12.58","12.65","1,669,896","-66.33","12.88","12.70","13.04","-0.0636","13.18","-0.0677","-0.0884","0.0207","12.83","18.34","40.14","39.40"
"2015-09-24T04:00:00.000Z","12.52","12.67","12.42","12.63","2,728,192","-74.37","12.85","12.64","13.01","-0.1473","13.17","-0.0785","-0.0864","0.0079","12.83","17.15","41.69","39.56"
"2015-09-25T04:00:00.000Z","12.75","12.78","12.54","12.61","2,652,944","-60.05","12.82","12.62","12.99","-0.1744","13.16","-0.0885","-0.0868","-0.0017","12.83","18.99","39.07","39.20"
"2015-09-28T04:00:00.000Z","12.54","12.57","12.30","12.31","2,740,448","-100.79","12.78","12.46","12.95","-0.2410","13.14","-0.1190","-0.0933","-0.0258","12.80","17.47","42.27","39.37"
"2015-09-29T04:00:00.000Z","12.35","12.41","12.16","12.24","3,439,056","-117.89","12.74","12.28","12.92","-0.2952","13.12","-0.1467","-0.1039","-0.0427","12.77","16.27","43.15","39.79"
"2015-09-30T04:00:00.000Z","12.39","12.51","12.36","12.50","3,087,032","-81.01","12.71","12.37","12.90","-0.3095","13.11","-0.1462","-0.1124","-0.0338","12.74","17.69","40.09","39.72"
"2015-10-01T04:00:00.000Z","12.54","12.54","12.33","12.51","2,484,304","-77.58","12.68","12.50","12.87","-0.3009","13.10","-0.1437","-0.1187","-0.0251","12.71","17.45","37.86","39.51"
"2015-10-02T04:00:00.000Z","12.35","12.70","12.32","12.70","3,675,544","-53.65","12.66","12.60","12.86","-0.3034","13.10","-0.1250","-0.1199","-0.0050","12.67","19.84","34.09","38.58"
"2015-10-05T04:00:00.000Z","12.76","12.99","12.76","12.95","3,115,744","14.87","12.68","12.82","12.85","-0.1974","13.09","-0.0887","-0.1137","0.0250","12.65","25.80","31.53","36.54"
"2015-10-06T04:00:00.000Z","12.93","13.00","12.90","12.98","1,928,856","32.58","12.71","12.96","12.83","-0.0474","13.08","-0.0569","-0.1023","0.0454","12.64","25.49","30.71","34.59"
"2015-10-07T04:00:00.000Z","13.06","13.09","12.88","13.05","2,662,912","46.36","12.74","13.01","12.82","0.0754","13.08","-0.0257","-0.0870","0.0613","12.66","26.42","28.96","32.45"
"2015-10-08T04:00:00.000Z","13.03","13.14","12.94","13.11","1,941,560","63.58","12.76","13.08","12.81","0.2006","13.07","0.0041","-0.0688","0.0729","12.67","26.50","27.35","30.24"
"2015-10-09T04:00:00.000Z","13.13","13.19","13.10","13.18","1,888,896","88.85","12.77","13.15","12.81","0.3175","13.06","0.0329","-0.0485","0.0813","12.69","27.22","26.68","28.15"
"2015-10-12T04:00:00.000Z","13.21","13.21","13.13","13.19","1,952,144","97.74","12.78","13.19","12.80","0.3159","13.05","0.0559","-0.0276","0.0835","12.74","27.31","25.98","26.32"
"2015-10-13T04:00:00.000Z","13.12","13.24","13.11","13.13","2,026,488","98.57","12.79","13.16","12.79","0.3351","13.04","0.0685","-0.0084","0.0768","12.78","26.99","24.95","24.72"
"2015-10-14T04:00:00.000Z","13.11","13.19","13.06","13.12","1,707,200","94.98","12.82","13.13","12.78","0.3407","13.02","0.0768","0.0087","0.0682","12.81","25.79","25.65","22.97"
"2015-10-15T04:00:00.000Z","13.16","13.29","13.15","13.28","5,068,112","127.80","12.84","13.20","12.77","0.3620","13.02","0.0949","0.0259","0.0690","12.86","27.51","24.23","21.78"
"2015-10-16T04:00:00.000Z","13.30","13.31","13.23","13.31","1,980,600","137.36","12.86","13.30","12.78","0.3751","13.01","0.1108","0.0429","0.0679","12.93","27.64","23.54","20.80"
"2015-10-19T04:00:00.000Z","13.29","13.36","13.25","13.36","1,884,128","137.47","12.89","13.34","12.80","0.3884","13.01","0.1255","0.0594","0.0661","13.00","28.22","22.61","20.10"
"2015-10-20T04:00:00.000Z","13.31","13.35","13.26","13.31","1,800,840","135.09","12.90","13.33","12.83","0.3903","13.01","0.1318","0.0739","0.0579","13.06","27.21","21.80","19.46"
"2015-10-21T04:00:00.000Z","13.33","13.35","13.18","13.18","1,155,152","111.43","12.92","13.25","12.86","0.3970","13.00","0.1252","0.0842","0.0410","13.13","25.39","23.61","18.33"
"2015-10-22T04:00:00.000Z","13.29","13.51","13.29","13.48","2,230,488","157.15","12.94","13.33","12.88","0.4137","13.00","0.1426","0.0959","0.0468","13.17","28.14","20.83","18.08"
"2015-10-23T04:00:00.000Z","13.83","13.90","13.75","13.85","2,675,344","240.86","12.97","13.67","12.91","0.4855","13.00","0.1839","0.1135","0.0704","13.24","37.18","17.94","19.28"
"2015-10-26T04:00:00.000Z","13.84","13.84","13.74","13.79","2,831,536","205.28","13.00","13.82","12.93","0.5525","13.01","0.2091","0.1326","0.0765","13.30","35.72","17.56","20.34"
"2015-10-27T04:00:00.000Z","13.76","13.79","13.68","13.70","2,236,360","174.28","13.03","13.75","12.95","0.6124","13.01","0.2196","0.1500","0.0696","13.36","34.35","18.81","20.98"
"2015-10-28T04:00:00.000Z","13.76","13.94","13.74","13.94","2,062,376","191.73","13.05","13.82","12.99","0.6967","13.02","0.2444","0.1689","0.0756","13.41","36.77","17.22","22.07"
"2015-10-29T04:00:00.000Z","13.85","13.89","13.81","13.88","1,963,464","173.92","13.08","13.91","13.02","0.7562","13.02","0.2560","0.1863","0.0697","13.46","35.01","16.40","23.08"
"2015-10-30T04:00:00.000Z","13.90","13.92","13.81","13.81","2,960,536","157.64","13.12","13.84","13.05","0.7353","13.03","0.2565","0.2003","0.0561","13.52","34.48","15.71","24.10"
"2015-11-02T05:00:00.000Z","13.87","13.96","13.80","13.94","3,410,376","156.75","13.15","13.87","13.09","0.7262","13.04","0.2645","0.2132","0.0514","13.57","33.77","14.78","25.17"
"2015-11-03T05:00:00.000Z","13.90","14.09","13.88","14.03","2,744,920","161.37","13.19","13.99","13.12","0.7477","13.05","0.2751","0.2256","0.0495","13.63","36.10","13.62","26.60"
"2015-11-04T05:00:00.000Z","14.07","14.09","14.02","14.06","2,237,984","158.35","13.24","14.04","13.15","0.7627","13.06","0.2823","0.2369","0.0454","13.69","35.21","13.26","27.94"
"2015-11-05T05:00:00.000Z","14.13","14.14","13.99","14.02","2,258,888","144.87","13.28","14.04","13.18","0.7703","13.07","0.2814","0.2458","0.0356","13.76","34.95","12.47","29.33"
"2015-11-06T05:00:00.000Z","13.99","14.10","13.97","14.10","2,009,784","135.66","13.33","14.06","13.21","0.7726","13.08","0.2841","0.2535","0.0306","13.81","33.19","12.30","30.51"
"2015-11-09T05:00:00.000Z","14.10","14.10","13.89","13.96","2,307,392","115.78","13.39","14.03","13.24","0.7588","13.09","0.2722","0.2572","0.0150","13.87","30.37","14.76","30.80"
"2015-11-10T05:00:00.000Z","13.91","13.91","13.80","13.86","2,147,208","90.64","13.44","13.91","13.26","0.6973","13.09","0.2517","0.2561","-0.0044","13.92","28.32","17.43","30.30"
"2015-11-11T05:00:00.000Z","13.89","13.96","13.83","13.85","1,603,944","88.42","13.49","13.86","13.28","0.6249","13.10","0.2321","0.2513","-0.0192","13.92","28.64","16.52","30.05"
"2015-11-12T05:00:00.000Z","13.79","13.85","13.71","13.71","1,709,304","66.95","13.53","13.78","13.30","0.5352","13.10","0.2031","0.2417","-0.0386","13.92","26.92","20.54","28.87"
"2015-11-13T05:00:00.000Z","13.65","13.68","13.44","13.45","2,663,504","31.46","13.55","13.58","13.31","0.4065","13.11","0.1565","0.2246","-0.0681","13.91","23.98","28.95","27.48"
"2015-11-16T05:00:00.000Z","13.43","13.63","13.40","13.63","1,980,912","34.18","13.58","13.54","13.33","0.2751","13.13","0.1327","0.2062","-0.0736","13.88","21.84","27.85","26.38"
"2015-11-17T05:00:00.000Z","13.64","13.74","13.61","13.63","2,424,008","46.75","13.60","13.63","13.35","0.2026","13.15","0.1132","0.1876","-0.0745","13.87","25.03","26.34","24.67"
"2015-11-18T05:00:00.000Z","13.71","13.86","13.68","13.85","1,697,224","63.27","13.62","13.74","13.38","0.1390","13.18","0.1140","0.1729","-0.0589","13.85","27.44","24.01","23.39"
"2015-11-19T05:00:00.000Z","13.85","13.98","13.85","13.91","1,988,496","76.75","13.65","13.88","13.41","0.1254","13.21","0.1177","0.1619","-0.0441","13.85","30.82","22.79","22.79"
"2015-11-20T05:00:00.000Z","13.96","14.03","13.96","14.02","10,271,896","86.08","13.68","13.96","13.45","0.1797","13.22","0.1279","0.1551","-0.0272","13.86","31.33","21.66","22.46"
"2015-11-23T05:00:00.000Z","14.07","14.07","13.90","13.94","3,281,080","78.18","13.70","13.98","13.49","0.2424","13.24","0.1284","0.1497","-0.0213","13.86","29.11","22.68","21.75"
"2015-11-24T05:00:00.000Z","13.85","13.99","13.80","13.96","2,014,696","67.46","13.73","13.95","13.53","0.2599","13.26","0.1288","0.1456","-0.0167","13.84","26.88","24.76","20.49"
"2015-11-25T05:00:00.000Z","13.96","13.97","13.92","13.93","1,796,120","68.81","13.76","13.94","13.57","0.2683","13.29","0.1252","0.1415","-0.0163","13.83","26.26","24.19","19.32"
"2015-11-27T05:00:00.000Z","13.94","13.98","13.92","13.95","1,083,936","68.32","13.78","13.94","13.60","0.2514","13.31","0.1228","0.1377","-0.0150","13.82","25.95","23.48","18.29"
"2015-11-30T05:00:00.000Z","14.00","14.01","13.93","13.97","1,779,688","70.18","13.80","13.96","13.63","0.2232","13.33","0.1211","0.1344","-0.0133","13.83","26.28","22.61","17.52"
"2015-12-01T05:00:00.000Z","14.01","14.10","14.00","14.10","5,337,408","87.22","13.83","14.03","13.66","0.2109","13.36","0.1283","0.1332","-0.0048","13.84","28.86","21.24","17.36"
"2015-12-02T05:00:00.000Z","14.10","14.16","14.01","14.02","2,954,248","84.89","13.85","14.06","13.69","0.2204","13.38","0.1266","0.1319","-0.0053","13.86","29.74","19.65","17.58"
"2015-12-03T05:00:00.000Z","14.10","14.10","13.76","13.83","2,461,456","44.74","13.87","13.92","13.71","0.1959","13.39","0.1082","0.1271","-0.0189","13.90","25.38","27.46","16.60"
"2015-12-04T05:00:00.000Z","13.87","14.16","13.84","14.13","2,863,696","78.28","13.89","13.98","13.73","0.1839","13.42","0.1166","0.1250","-0.0084","13.93","24.37","23.82","15.50"
"2015-12-07T05:00:00.000Z","14.12","14.12","13.98","14.04","2,180,440","78.33","13.90","14.08","13.76","0.1779","13.44","0.1146","0.1230","-0.0083","13.97","22.90","22.38","14.48"
"2015-12-08T05:00:00.000Z","13.91","14.04","13.87","14.01","3,383,792","57.69","13.91","14.02","13.78","0.1399","13.46","0.1098","0.1203","-0.0105","13.98","21.24","25.32","14.07"
"2015-12-09T05:00:00.000Z","13.96","14.03","13.74","13.80","3,429,472","21.34","13.91","13.91","13.79","0.0816","13.47","0.0881","0.1139","-0.0258","13.99","18.80","27.43","14.40"
"2015-12-10T05:00:00.000Z","13.86","13.93","13.79","13.84","2,669,688","15.59","13.91","13.82","13.81","0.0548","13.48","0.0726","0.1056","-0.0330","13.98","17.73","25.88","14.70"
"2015-12-11T05:00:00.000Z","13.71","13.71","13.53","13.55","2,622,040","-80.38","13.90","13.69","13.82","-0.0140","13.49","0.0367","0.0918","-0.0552","13.95","15.71","32.59","16.15"
"2015-12-14T05:00:00.000Z","13.55","13.62","13.38","13.62","2,764,160","-110.81","13.89","13.58","13.82","-0.1167","13.50","0.0136","0.0762","-0.0626","13.93","14.32","35.46","18.03"
"2015-12-15T05:00:00.000Z","13.72","13.78","13.67","13.68","2,649,728","-51.75","13.88","13.65","13.83","-0.1630","13.51","0.0005","0.0610","-0.0606","13.91","19.48","33.32","18.61"
"2015-12-16T05:00:00.000Z","13.78","13.89","13.66","13.86","2,470,248","-19.27","13.88","13.77","13.85","-0.1835","13.53","0.0048","0.0498","-0.0450","13.90","21.94","30.48","18.45"
"2015-12-17T05:00:00.000Z","13.92","13.92","13.64","13.65","4,037,672","-60.96","13.86","13.76","13.86","-0.1968","13.55","-0.0088","0.0381","-0.0468","13.89","20.97","27.47","18.09"
"2015-12-18T05:00:00.000Z","13.63","13.63","13.38","13.38","2,429,176","-206.64","13.84","13.52","13.86","-0.2098","13.56","-0.0408","0.0223","-0.0631","13.86","18.99","34.11","18.83"
"2015-12-21T05:00:00.000Z","13.51","13.53","13.40","13.51","2,839,336","-177.66","13.82","13.45","13.85","-0.2034","13.58","-0.0550","0.0069","-0.0618","13.82","17.99","32.31","19.52"
"2015-12-22T05:00:00.000Z","13.56","13.62","13.49","13.60","2,939,840","-125.54","13.81","13.56","13.84","-0.2240","13.60","-0.0584","-0.0062","-0.0522","13.78","20.43","30.81","19.57"
"2015-12-23T05:00:00.000Z","13.64","13.68","13.60","13.67","3,539,160","-88.24","13.80","13.64","13.84","-0.2391","13.62","-0.0549","-0.0159","-0.0389","13.76","21.90","29.87","19.27"
"2015-12-24T05:00:00.000Z","13.68","13.71","13.65","13.66","1,131,536","-70.74","13.80","13.67","13.83","-0.2484","13.64","-0.0520","-0.0231","-0.0289","13.72","22.74","29.24","18.79"
"2015-12-28T05:00:00.000Z","13.63","13.66","13.53","13.66","1,842,624","-89.74","13.79","13.66","13.83","-0.2172","13.66","-0.0494","-0.0284","-0.0210","13.70","21.51","32.71","18.92"
"2015-12-29T05:00:00.000Z","13.74","13.87","13.72","13.83","1,975,096","-8.68","13.81","13.75","13.83","-0.1453","13.68","-0.0332","-0.0293","-0.0038","13.69","28.11","29.96","17.80"
"2015-12-30T05:00:00.000Z","13.83","13.83","13.72","13.72","1,965,360","-27.90","13.81","13.78","13.82","-0.0989","13.69","-0.0286","-0.0292","0.0006","13.68","26.79","28.76","16.78"
"2015-12-31T05:00:00.000Z","13.73","13.73","13.53","13.54","2,279,968","-89.53","13.81","13.63","13.81","-0.0916","13.70","-0.0397","-0.0313","-0.0084","13.69","24.58","34.05","16.73"
"2016-01-04T05:00:00.000Z","13.29","13.33","13.12","13.33","4,084,920","-212.51","13.79","13.43","13.79","-0.1671","13.71","-0.0648","-0.0380","-0.0268","13.67","20.76","44.17","18.11"
"2016-01-05T05:00:00.000Z","13.37","13.39","13.22","13.26","3,218,368","-182.37","13.77","13.29","13.78","-0.2177","13.71","-0.0887","-0.0481","-0.0406","13.64","21.93","41.28","19.01"
"2016-01-06T05:00:00.000Z","13.07","13.17","13.00","13.08","5,246,056","-235.47","13.74","13.17","13.75","-0.3477","13.71","-0.1208","-0.0627","-0.0582","13.58","19.81","45.37","20.45"
"2016-01-07T05:00:00.000Z","12.81","12.96","12.65","12.66","5,978,576","-302.61","13.69","12.87","13.72","-0.5165","13.70","-0.1782","-0.0858","-0.0924","13.50","16.97","50.31","22.53"
"2016-01-08T05:00:00.000Z","12.78","12.81","12.53","12.55","3,668,912","-293.76","13.65","12.61","13.68","-0.6763","13.69","-0.2298","-0.1146","-0.1152","13.43","15.41","49.71","24.68"
"2016-01-11T05:00:00.000Z","12.63","12.67","12.45","12.61","3,653,664","-269.17","13.60","12.58","13.65","-0.7687","13.68","-0.2628","-0.1442","-0.1185","13.37","14.28","48.81","26.83"
"2016-01-12T05:00:00.000Z","12.75","12.80","12.59","12.76","3,552,704","-208.15","13.56","12.69","13.63","-0.8524","13.67","-0.2741","-0.1702","-0.1039","13.30","17.58","45.39","28.07"
"2016-01-13T05:00:00.000Z","12.82","12.86","12.37","12.40","4,821,872","-220.06","13.51","12.58","13.60","-0.9063","13.66","-0.3084","-0.1978","-0.1105","13.24","15.00","45.39","29.66"
"2016-01-14T05:00:00.000Z","12.43","12.73","12.28","12.64","4,549,304","-193.64","13.46","12.52","13.58","-0.9256","13.65","-0.3127","-0.2208","-0.0919","13.15","13.10","42.15","31.29"
"2016-01-15T05:00:00.000Z","12.24","12.37","12.09","12.26","5,220,472","-218.27","13.40","12.45","13.54","-0.9641","13.63","-0.3425","-0.2451","-0.0973","13.04","11.21","41.13","33.14"
"2016-01-19T05:00:00.000Z","12.39","12.41","12.11","12.23","5,467,816","-191.10","13.35","12.25","13.50","-0.9741","13.61","-0.3645","-0.2690","-0.0955","12.93","11.43","37.96","34.61"
"2016-01-20T05:00:00.000Z","12.03","12.28","11.79","12.16","6,693,456","-192.70","13.29","12.20","13.46","-1.05","13.59","-0.3828","-0.2918","-0.0911","12.80","10.05","41.35","36.49"
"2016-01-21T05:00:00.000Z","12.22","12.38","12.06","12.20","4,530,648","-156.71","13.22","12.18","13.41","-1.07","13.56","-0.3903","-0.3115","-0.0788","12.68","11.74","38.12","37.66"
"2016-01-22T05:00:00.000Z","12.43","12.54","12.42","12.54","3,721,880","-110.44","13.18","12.37","13.38","-1.03","13.54","-0.3645","-0.3221","-0.0424","12.61","14.56","34.97","37.92"
"2016-01-25T05:00:00.000Z","12.52","12.55","12.34","12.35","14,952,456","-112.11","13.13","12.45","13.34","-0.9442","13.52","-0.3549","-0.3287","-0.0262","12.55","13.82","35.11","38.31"
"2016-01-26T05:00:00.000Z","12.41","12.52","12.32","12.48","2,981,832","-101.69","13.08","12.42","13.30","-0.8663","13.49","-0.3332","-0.3296","-0.0036","12.50","13.14","33.88","38.73"
"2016-01-27T05:00:00.000Z","12.39","12.43","12.14","12.18","3,368,656","-115.33","13.04","12.33","13.26","-0.7644","13.47","-0.3363","-0.3309","-0.0054","12.46","12.02","35.60","39.50"
"2016-01-28T05:00:00.000Z","12.33","12.37","12.18","12.31","3,105,312","-103.68","12.99","12.25","13.22","-0.7047","13.44","-0.3241","-0.3295","0.0055","12.43","11.44","33.88","40.21"
"2016-01-29T05:00:00.000Z","12.41","12.74","12.41","12.74","5,857,440","-61.60","12.96","12.53","13.18","-0.6468","13.42","-0.2768","-0.3190","0.0422","12.41","19.40","30.33","38.91"
"2016-02-01T05:00:00.000Z","12.68","12.83","12.65","12.77","2,975,496","-45.40","12.93","12.76","13.15","-0.5551","13.40","-0.2342","-0.3020","0.0678","12.41","20.71","28.97","37.32"
"2016-02-02T05:00:00.000Z","12.72","12.72","12.47","12.51","3,022,968","-62.04","12.89","12.64","13.12","-0.4890","13.37","-0.2187","-0.2854","0.0666","12.40","19.16","31.21","36.36"
"2016-02-03T05:00:00.000Z","12.59","12.63","12.28","12.48","3,451,464","-70.22","12.86","12.50","13.08","-0.4241","13.35","-0.2064","-0.2696","0.0631","12.41","17.51","33.28","35.98"
"2016-02-04T05:00:00.000Z","12.45","12.60","12.38","12.52","3,097,752","-63.32","12.82","12.50","13.04","-0.3449","13.32","-0.1921","-0.2541","0.0620","12.43","16.51","31.38","35.63"
"2016-02-05T05:00:00.000Z","12.44","12.45","12.01","12.05","3,602,520","-96.74","12.77","12.28","12.99","-0.3687","13.29","-0.2160","-0.2465","0.0305","12.43","14.52","36.30","36.14"
"2016-02-08T05:00:00.000Z","11.84","11.87","11.62","11.83","12,211,928","-136.33","12.71","11.94","12.94","-0.5080","13.26","-0.2496","-0.2471","-0.0025","12.42","13.09","41.76","37.30"
"2016-02-09T05:00:00.000Z","11.69","11.98","11.67","11.77","5,438,280","-126.43","12.65","11.80","12.89","-0.6134","13.22","-0.2775","-0.2532","-0.0244","12.38","14.83","38.77","37.82"
"2016-02-10T05:00:00.000Z","11.90","12.06","11.81","11.83","3,738,304","-110.90","12.59","11.80","12.85","-0.6721","13.19","-0.2919","-0.2609","-0.0310","12.34","15.78","36.15","37.92"
"2016-02-11T05:00:00.000Z","11.68","11.87","11.63","11.79","4,978,840","-122.04","12.52","11.81","12.80","-0.7662","13.16","-0.3032","-0.2694","-0.0338","12.27","14.89","38.35","38.36"
"2016-02-12T05:00:00.000Z","11.91","11.97","11.82","11.96","15,479,944","-101.25","12.46","11.87","12.76","-0.7819","13.14","-0.2948","-0.2745","-0.0203","12.23","16.67","36.60","38.29"
"2016-02-16T05:00:00.000Z","12.10","12.22","12.06","12.21","3,775,104","-69.51","12.42","12.08","12.72","-0.6564","13.11","-0.2650","-0.2726","0.0076","12.21","21.72","34.23","37.16"
"2016-02-17T05:00:00.000Z","12.30","12.52","12.28","12.51","3,444,152","-33.30","12.39","12.36","12.69","-0.5066","13.09","-0.2147","-0.2610","0.0463","12.21","27.26","31.62","35.03"
"2016-02-18T05:00:00.000Z","12.55","12.56","12.41","12.43","3,433,064","-26.83","12.36","12.47","12.67","-0.3582","13.06","-0.1792","-0.2446","0.0655","12.22","27.27","30.43","32.92"
"2016-02-19T05:00:00.000Z","12.39","12.51","12.37","12.48","2,451,856","-27.10","12.34","12.45","12.64","-0.1820","13.04","-0.1453","-0.2248","0.0795","12.20","26.26","30.58","31.11"
"2016-02-22T05:00:00.000Z","12.64","12.67","12.59","12.65","2,424,384","3.34","12.34","12.56","12.62","-0.0060","13.02","-0.1034","-0.2005","0.0971","12.19","29.23","29.03","28.91"
"2016-02-23T05:00:00.000Z","12.59","12.61","12.43","12.44","2,686,168","-15.69","12.34","12.54","12.58","0.0901","12.99","-0.0866","-0.1777","0.0911","12.19","27.46","31.72","27.36"
"2016-02-24T05:00:00.000Z","12.30","12.57","12.23","12.55","2,224,544","-18.56","12.33","12.50","12.56","0.1172","12.97","-0.0628","-0.1547","0.0919","12.18","24.95","34.03","26.51"
"2016-02-25T05:00:00.000Z","12.59","12.71","12.48","12.70","1,993,720","19.14","12.33","12.63","12.53","0.1521","12.95","-0.0317","-0.1301","0.0984","12.19","26.90","31.95","25.23"
"2016-02-26T05:00:00.000Z","12.77","12.80","12.66","12.69","2,134,672","46.90","12.34","12.70","12.50","0.2139","12.93","-0.0080","-0.1057","0.0977","12.26","28.61","30.70","23.68"
"2016-02-29T05:00:00.000Z","12.69","12.81","12.62","12.62","1,915,064","48.89","12.34","12.65","12.48","0.2293","12.90","0.0049","-0.0836","0.0885","12.34","27.07","30.35","22.39"
"2016-03-01T05:00:00.000Z","12.72","13.00","12.71","13.00","2,998,992","112.54","12.37","12.81","12.46","0.2874","12.89","0.0454","-0.0578","0.1032","12.40","29.46","27.20","21.08"
"2016-03-02T05:00:00.000Z","12.98","13.04","12.93","13.03","3,316,696","142.19","12.39","13.02","12.46","0.3954","12.87","0.0794","-0.0303","0.1097","12.50","29.59","26.41","19.98"
"2016-03-03T05:00:00.000Z","13.04","13.05","12.94","13.04","2,165,816","149.34","12.42","13.04","12.45","0.4646","12.85","0.1055","-0.0032","0.1087","12.59","29.03","25.51","19.01"
"2016-03-04T05:00:00.000Z","13.07","13.16","13.00","13.08","2,956,168","168.33","12.45","13.06","12.45","0.5166","12.84","0.1279","0.0230","0.1049","12.66","30.94","24.26","18.52"
"2016-03-07T05:00:00.000Z","13.03","13.07","12.90","13.01","2,402,688","141.20","12.47","13.04","12.46","0.5489","12.82","0.1383","0.0461","0.0922","12.72","29.27","25.91","17.63"
"2016-03-08T05:00:00.000Z","12.92","13.00","12.86","12.88","2,134,088","115.45","12.48","12.94","12.47","0.5444","12.81","0.1346","0.0638","0.0708","12.75","27.91","26.02","16.62"
"2016-03-09T05:00:00.000Z","12.93","13.01","12.90","13.00","7,811,952","123.53","12.50","12.94","12.48","0.5117","12.79","0.1398","0.0790","0.0608","12.79","27.03","24.93","15.72"
"2016-03-10T05:00:00.000Z","13.07","13.12","12.80","12.97","2,202,960","117.84","12.53","12.98","12.48","0.4836","12.78","0.1399","0.0912","0.0488","12.82","27.87","22.46","15.37"
"2016-03-11T05:00:00.000Z","13.10","13.20","13.08","13.20","1,869,528","152.35","12.56","13.08","12.50","0.4761","12.78","0.1565","0.1042","0.0523","12.86","28.47","20.83","15.38"
"2016-03-14T04:00:00.000Z","13.15","13.23","13.15","13.20","2,032,592","148.11","12.57","13.20","12.52","0.4953","12.77","0.1681","0.1170","0.0511","12.93","28.81","20.22","15.53"
"2016-03-15T04:00:00.000Z","13.17","13.24","13.13","13.23","2,327,512","138.68","12.59","13.22","12.54","0.5245","12.76","0.1776","0.1291","0.0485","12.97","27.71","19.96","15.58"
"2016-03-16T04:00:00.000Z","13.21","13.40","13.20","13.38","2,306,632","152.02","12.62","13.30","12.57","0.5637","12.75","0.1948","0.1423","0.0525","13.01","31.25","18.53","16.29"
"2016-03-17T04:00:00.000Z","13.35","13.48","13.35","13.45","2,169,768","160.31","12.65","13.41","12.60","0.6211","12.75","0.2119","0.1562","0.0557","13.06","32.56","17.64","17.25"
"2016-03-18T04:00:00.000Z","13.52","13.52","13.43","13.50","2,760,136","158.88","12.68","13.47","12.63","0.6622","12.75","0.2265","0.1702","0.0562","13.12","32.84","17.03","18.28"
"2016-03-21T04:00:00.000Z","13.42","13.50","13.41","13.48","5,217,928","143.32","12.73","13.49","12.66","0.6936","12.75","0.2342","0.1830","0.0512","13.15","31.78","17.14","19.12"
"2016-03-22T04:00:00.000Z","13.43","13.55","13.40","13.50","3,734,672","136.12","12.79","13.49","12.69","0.7252","12.75","0.2389","0.1942","0.0447","13.18","31.93","16.20","20.08"
"2016-03-23T04:00:00.000Z","13.49","13.49","13.37","13.39","4,643,952","116.94","12.84","13.45","12.71","0.7221","12.74","0.2315","0.2017","0.0298","13.21","30.29","16.76","20.70"
"2016-03-24T04:00:00.000Z","13.34","13.42","13.31","13.41","3,494,600","104.55","12.89","13.40","12.74","0.6854","12.74","0.2245","0.2062","0.0183","13.24","28.94","18.55","20.79"
"2016-03-28T04:00:00.000Z","13.44","13.45","13.36","13.38","2,606,504","101.70","12.95","13.40","12.77","0.6368","12.73","0.2140","0.2078","0.0062","13.28","29.30","17.84","21.04"
"2016-03-29T04:00:00.000Z","13.36","13.62","13.35","13.61","2,570,104","114.10","13.00","13.50","12.79","0.5917","12.73","0.2215","0.2106","0.0110","13.31","32.98","15.84","22.04"
"2016-03-30T04:00:00.000Z","13.69","13.78","13.66","13.70","2,327,056","132.52","13.05","13.66","12.81","0.5853","12.73","0.2322","0.2149","0.0174","13.36","36.98","14.75","23.54"
"2016-03-31T04:00:00.000Z","13.69","13.75","13.67","13.69","1,592,896","123.05","13.09","13.70","12.84","0.5895","12.74","0.2372","0.2194","0.0178","13.40","35.72","14.25","24.93"
"2016-04-01T04:00:00.000Z","13.61","13.80","13.58","13.79","2,105,256","119.57","13.14","13.74","12.87","0.5984","12.75","0.2467","0.2248","0.0218","13.44","32.56","16.49","25.48"
"2016-04-04T04:00:00.000Z","13.79","13.80","13.70","13.72","3,713,880","115.89","13.18","13.76","12.90","0.6131","12.76","0.2455","0.2289","0.0165","13.49","31.32","15.80","26.02"
"2016-04-05T04:00:00.000Z","13.63","13.67","13.56","13.58","2,935,200","93.64","13.21","13.65","12.94","0.5960","12.77","0.2304","0.2292","0.0011","13.52","29.16","20.72","25.37"
"2016-04-06T04:00:00.000Z","13.60","13.73","13.54","13.73","1,871,528","99.63","13.25","13.65","12.99","0.5424","12.79","0.2278","0.2289","-0.0012","13.54","29.32","19.03","25.08"
"2016-04-07T04:00:00.000Z","13.64","13.65","13.48","13.53","1,734,472","80.57","13.28","13.63","13.03","0.4822","12.81","0.2074","0.2246","-0.0172","13.55","26.37","19.42","24.37"
"2016-04-08T04:00:00.000Z","13.61","13.66","13.49","13.54","1,710,792","78.29","13.31","13.53","13.08","0.4257","12.82","0.1894","0.2176","-0.0282","13.56","24.90","18.07","23.76"
"2016-04-11T04:00:00.000Z","13.59","13.69","13.50","13.51","2,105,592","76.00","13.34","13.52","13.12","0.3661","12.84","0.1709","0.2082","-0.0373","13.58","24.24","16.66","23.39"
"2016-04-12T04:00:00.000Z","13.52","13.59","13.40","13.57","1,966,872","65.54","13.37","13.54","13.16","0.3131","12.86","0.1595","0.1985","-0.0390","13.58","22.46","19.32","22.26"
"2016-04-13T04:00:00.000Z","13.67","13.80","13.65","13.78","2,852,432","101.10","13.40","13.68","13.20","0.2915","12.88","0.1656","0.1919","-0.0263","13.60","28.84","17.58","22.40"
"2016-04-14T04:00:00.000Z","13.77","13.80","13.71","13.76","1,885,576","100.10","13.42","13.77","13.23","0.2950","12.91","0.1670","0.1869","-0.0199","13.63","27.95","16.93","22.55"
"2016-04-15T04:00:00.000Z","13.76","13.78","13.68","13.69","2,587,792","89.01","13.44","13.73","13.26","0.2963","12.93","0.1607","0.1817","-0.0210","13.66","26.83","17.53","22.44"
"2016-04-18T04:00:00.000Z","13.64","13.77","13.64","13.76","2,109,480","87.30","13.46","13.73","13.29","0.2885","12.96","0.1594","0.1772","-0.0178","13.66","25.35","18.42","21.97"
"2016-04-19T04:00:00.000Z","13.80","13.80","13.59","13.68","4,379,464","78.40","13.49","13.72","13.32","0.3041","12.98","0.1499","0.1718","-0.0219","13.66","23.14","18.68","21.16"
"2016-04-20T04:00:00.000Z","13.68","13.78","13.64","13.71","3,333,264","80.87","13.52","13.70","13.35","0.2809","13.00","0.1434","0.1661","-0.0227","13.67","21.79","17.59","20.41"
"2016-04-21T04:00:00.000Z","13.73","13.76","13.68","13.70","2,495,016","79.45","13.54","13.71","13.38","0.2521","13.02","0.1359","0.1601","-0.0242","13.66","20.97","16.93","19.71"
"2016-04-22T04:00:00.000Z","13.51","13.57","13.41","13.50","2,008,120","25.85","13.56","13.60","13.40","0.1927","13.04","0.1121","0.1505","-0.0384","13.66","18.41","25.95","19.52"
"2016-04-25T04:00:00.000Z","13.45","13.50","13.41","13.47","1,908,016","14.37","13.57","13.48","13.42","0.1298","13.06","0.0901","0.1384","-0.0483","13.64","17.72","25.01","19.35"
"2016-04-26T04:00:00.000Z","13.49","13.53","13.39","13.45","2,344,248","8.77","13.57","13.46","13.44","0.0673","13.07","0.0699","0.1247","-0.0548","13.63","17.99","23.50","18.91"
"2016-04-27T04:00:00.000Z","13.25","13.37","13.21","13.35","2,786,984","-40.34","13.58","13.40","13.45","-0.0274","13.08","0.0456","0.1089","-0.0633","13.60","16.15","29.07","19.60"
"2016-04-28T04:00:00.000Z","13.37","13.43","13.14","13.17","2,390,680","-64.03","13.57","13.26","13.45","-0.1238","13.09","0.0117","0.0894","-0.0778","13.59","14.21","28.57","20.60"
"2016-04-29T04:00:00.000Z","13.11","13.13","12.94","13.05","3,236,392","-132.03","13.56","13.11","13.45","-0.2127","13.10","-0.0246","0.0666","-0.0912","13.56","12.90","33.82","22.33"
"2016-05-02T04:00:00.000Z","13.06","13.15","13.01","13.13","2,281,240","-114.28","13.55","13.09","13.45","-0.2852","13.11","-0.0466","0.0440","-0.0906","13.51","13.11","31.87","23.71"
"2016-05-03T04:00:00.000Z","13.05","13.07","12.96","13.01","2,705,544","-140.80","13.53","13.07","13.45","-0.3692","13.13","-0.0728","0.0206","-0.0934","13.45","12.24","31.44","25.16"
"2016-05-04T04:00:00.000Z","12.95","13.01","12.91","12.95","1,857,752","-161.04","13.51","12.98","13.46","-0.4249","13.15","-0.0971","-0.0029","-0.0942","13.39","11.76","32.31","26.69"
"2016-05-05T04:00:00.000Z","12.98","13.03","12.93","12.95","2,041,872","-156.63","13.50","12.95","13.45","-0.4728","13.17","-0.1149","-0.0253","-0.0896","13.34","12.25","30.96","27.88"
"2016-05-06T04:00:00.000Z","12.93","13.04","12.90","13.04","1,984,920","-151.07","13.48","12.99","13.46","-0.4708","13.19","-0.1210","-0.0445","-0.0765","13.27","11.49","30.58","29.13"
"2016-05-09T04:00:00.000Z","13.06","13.11","13.04","13.05","2,210,032","-123.76","13.47","13.04","13.45","-0.4604","13.21","-0.1234","-0.0602","-0.0631","13.23","14.38","29.53","29.51"
"2016-05-10T04:00:00.000Z","13.09","13.23","13.07","13.22","1,912,096","-88.55","13.46","13.13","13.45","-0.4246","13.23","-0.1102","-0.0702","-0.0399","13.18","18.48","27.14","28.76"
"2016-05-11T04:00:00.000Z","13.19","13.27","13.13","13.13","1,935,400","-85.79","13.44","13.18","13.45","-0.3697","13.25","-0.1054","-0.0773","-0.0281","13.15","19.31","25.44","27.69"
"2016-05-12T04:00:00.000Z","13.18","13.18","12.98","13.07","2,038,088","-112.55","13.42","13.10","13.44","-0.3409","13.25","-0.1058","-0.0830","-0.0228","13.13","17.58","29.87","27.56"
"2016-05-13T04:00:00.000Z","13.07","13.16","13.01","13.04","2,046,336","-107.48","13.39","13.05","13.43","-0.3082","13.26","-0.1074","-0.0878","-0.0195","13.10","16.42","27.90","27.44"
"2016-05-16T04:00:00.000Z","13.05","13.26","13.05","13.20","3,205,736","-72.51","13.38","13.12","13.43","-0.2826","13.28","-0.0940","-0.0891","-0.0049","13.08","19.21","25.20","26.44"
"2016-05-17T04:00:00.000Z","13.20","13.23","13.03","13.07","1,943,304","-84.42","13.36","13.14","13.41","-0.2686","13.28","-0.0932","-0.0899","-0.0033","13.07","17.57","23.81","25.63"
"2016-05-18T04:00:00.000Z","13.05","13.23","13.05","13.14","5,429,440","-71.66","13.34","13.10","13.41","-0.2640","13.30","-0.0857","-0.0891","0.0033","13.07","16.24","22.01","24.88"
"2016-05-19T04:00:00.000Z","13.10","13.14","12.98","13.07","2,305,048","-87.27","13.33","13.11","13.40","-0.2500","13.30","-0.0845","-0.0882","0.0036","13.07","15.13","23.56","24.66"
"2016-05-20T04:00:00.000Z","13.13","13.28","13.12","13.24","2,188,592","-46.16","13.32","13.15","13.39","-0.2103","13.31","-0.0694","-0.0844","0.0150","13.07","19.67","21.50","23.21"
"2016-05-23T04:00:00.000Z","13.24","13.31","13.23","13.23","1,892,776","-32.79","13.31","13.24","13.39","-0.1766","13.32","-0.0569","-0.0789","0.0220","13.10","20.46","20.74","21.60"
"2016-05-24T04:00:00.000Z","13.31","13.54","13.31","13.52","2,791,000","18.06","13.30","13.37","13.39","-0.1115","13.34","-0.0241","-0.0679","0.0439","13.12","27.24","18.14","21.49"
"2016-05-25T04:00:00.000Z","13.61","13.65","13.55","13.61","2,154,216","57.62","13.30","13.56","13.38","-0.0201","13.35","0.0094","-0.0525","0.0619","13.17","30.45","17.11","21.96"
"2016-05-26T04:00:00.000Z","13.62","13.67","13.58","13.65","2,717,056","65.32","13.29","13.63","13.38","0.0911","13.36","0.0385","-0.0343","0.0728","13.22","30.04","16.43","22.49"
"2016-05-27T04:00:00.000Z","13.64","13.73","13.63","13.73","2,178,104","82.94","13.30","13.69","13.38","0.1850","13.37","0.0673","-0.0140","0.0813","13.26","31.47","15.74","23.26"
"2016-05-31T04:00:00.000Z","13.74","13.76","13.67","13.75","2,569,088","90.72","13.30","13.74","13.38","0.2671","13.38","0.0908","0.0070","0.0838","13.30","31.57","15.07","24.13"
"2016-06-01T04:00:00.000Z","13.70","13.77","13.68","13.74","2,609,304","90.04","13.30","13.75","13.39","0.3266","13.39","0.1077","0.0271","0.0805","13.34","30.66","14.43","24.97"
"2016-06-02T04:00:00.000Z","13.71","13.74","13.62","13.74","2,582,344","82.09","13.30","13.74","13.39","0.3445","13.41","0.1196","0.0456","0.0740","13.39","28.88","16.43","25.15"
"2016-06-03T04:00:00.000Z","13.71","13.73","13.62","13.69","2,052,848","75.11","13.30","13.72","13.39","0.3564","13.42","0.1238","0.0613","0.0626","13.44","27.13","15.62","25.28"
"2016-06-06T04:00:00.000Z","13.72","13.79","13.70","13.74","1,832,648","88.86","13.31","13.72","13.40","0.3677","13.43","0.1298","0.0750","0.0548","13.48","28.59","14.90","25.72"
"2016-06-07T04:00:00.000Z","13.77","13.82","13.77","13.77","1,531,424","96.07","13.32","13.76","13.40","0.3809","13.44","0.1352","0.0870","0.0482","13.54","29.38","14.30","26.35"
"2016-06-08T04:00:00.000Z","13.79","13.83","13.76","13.82","1,584,328","95.80","13.33","13.80","13.41","0.3925","13.45","0.1415","0.0979","0.0436","13.59","28.70","13.74","26.98"
"2016-06-09T04:00:00.000Z","13.75","13.82","13.75","13.81","1,993,776","92.07","13.34","13.81","13.41","0.4106","13.46","0.1439","0.1071","0.0368","13.64","27.56","13.85","27.42"
"2016-06-10T04:00:00.000Z","13.68","13.70","13.60","13.64","1,578,056","59.36","13.36","13.72","13.41","0.4014","13.47","0.1309","0.1119","0.0190","13.67","24.55","20.06","26.18"
"2016-06-13T04:00:00.000Z","13.57","13.64","13.51","13.52","1,771,336","38.22","13.37","13.58","13.40","0.3637","13.47","0.1093","0.1114","-0.0020","13.69","22.83","23.59","24.43"
"2016-06-14T04:00:00.000Z","13.48","13.57","13.44","13.53","2,241,840","29.96","13.39","13.52","13.40","0.3046","13.47","0.0923","0.1075","-0.0153","13.68","21.26","25.64","23.35"
"2016-06-15T04:00:00.000Z","13.57","13.59","13.50","13.51","2,035,912","36.31","13.40","13.52","13.39","0.2472","13.47","0.0760","0.1012","-0.0253","13.68","21.52","24.29","22.11"
"2016-06-16T04:00:00.000Z","13.44","13.54","13.35","13.53","2,222,144","23.80","13.42","13.52","13.39","0.1756","13.47","0.0643","0.0938","-0.0295","13.66","19.30","29.60","22.04"
"2016-06-17T04:00:00.000Z","13.53","13.53","13.37","13.41","1,707,640","15.81","13.44","13.47","13.38","0.1230","13.47","0.0446","0.0840","-0.0394","13.65","17.67","27.10","21.97"
"2016-06-20T04:00:00.000Z","13.54","13.62","13.49","13.51","1,579,000","43.21","13.46","13.46","13.38","0.1058","13.47","0.0365","0.0745","-0.0380","13.64","20.33","24.18","21.02"
"2016-06-21T04:00:00.000Z","13.49","13.56","13.48","13.53","1,913,280","38.05","13.47","13.52","13.38","0.0941","13.47","0.0318","0.0660","-0.0342","13.62","19.54","23.83","20.22"
"2016-06-22T04:00:00.000Z","13.54","13.58","13.46","13.47","9,171,560","32.35","13.48","13.50","13.38","0.0725","13.47","0.0229","0.0573","-0.0345","13.61","18.27","22.28","19.48"
"2016-06-23T04:00:00.000Z","13.56","13.68","13.52","13.68","2,183,472","61.28","13.50","13.58","13.39","0.0845","13.47","0.0323","0.0523","-0.0200","13.59","21.25","19.94","18.32"
"2016-06-24T04:00:00.000Z","13.16","13.35","13.06","13.09","5,963,400","-56.23","13.50","13.38","13.39","0.0288","13.46","-0.0080","0.0403","-0.0483","13.55","15.91","33.41","19.55"
"2016-06-27T04:00:00.000Z","12.98","12.98","12.68","12.74","5,035,320","-144.67","13.49","12.91","13.38","-0.1096","13.44","-0.0669","0.0188","-0.0858","13.48","13.53","42.41","21.84"
"2016-06-28T04:00:00.000Z","12.88","13.00","12.86","13.00","3,574,632","-103.41","13.48","12.87","13.38","-0.2205","13.43","-0.0915","-0.0032","-0.0883","13.42","13.16","38.40","23.77"
"2016-06-29T04:00:00.000Z","13.11","13.25","13.09","13.22","2,066,816","-48.68","13.49","13.11","13.38","-0.2895","13.42","-0.0925","-0.0211","-0.0714","13.37","20.69","35.07","23.92"
"2016-06-30T04:00:00.000Z","13.25","13.39","13.22","13.39","3,306,608","-15.63","13.50","13.30","13.39","-0.3551","13.42","-0.0789","-0.0326","-0.0462","13.35","24.44","32.96","23.27"
"2016-07-01T04:00:00.000Z","13.37","13.46","13.36","13.39","3,219,952","0.4554","13.51","13.39","13.41","-0.3246","13.42","-0.0667","-0.0394","-0.0272","13.34","26.17","31.72","22.29"
"2016-07-05T04:00:00.000Z","13.32","13.33","13.22","13.29","2,516,200","-35.94","13.51","13.34","13.41","-0.2386","13.41","-0.0650","-0.0446","-0.0204","13.32","24.50","34.64","21.93"
"2016-07-06T04:00:00.000Z","13.23","13.37","13.18","13.36","2,082,984","-33.05","13.51","13.32","13.42","-0.1751","13.41","-0.0572","-0.0471","-0.0101","13.30","22.76","33.95","21.77"
"2016-07-07T04:00:00.000Z","13.38","13.46","13.35","13.40","2,324,456","-5.30","13.51","13.38","13.42","-0.1363","13.41","-0.0470","-0.0471","0.0001","13.29","25.29","32.58","21.11"
"2016-07-08T04:00:00.000Z","13.50","13.65","13.48","13.64","2,088,656","48.69","13.51","13.52","13.44","-0.0988","13.40","-0.0191","-0.0415","0.0223","13.29","30.23","29.53","19.69"
"2016-07-11T04:00:00.000Z","13.69","13.76","13.69","13.73","1,963,088","86.64","13.51","13.69","13.45","-0.0504","13.40","0.0096","-0.0313","0.0408","13.30","33.35","28.15","18.89"
"2016-07-12T04:00:00.000Z","13.82","13.90","13.80","13.86","2,289,096","121.67","13.52","13.80","13.47","0.0468","13.41","0.0428","-0.0164","0.0593","13.33","36.43","26.25","18.70"
"2016-07-13T04:00:00.000Z","13.90","13.91","13.85","13.85","10,911,592","121.85","13.52","13.86","13.49","0.1552","13.41","0.0676","0.0004","0.0672","13.35","36.02","25.55","18.58"
"2016-07-14T04:00:00.000Z","13.94","13.98","13.91","13.95","2,484,376","140.43","13.53","13.90","13.51","0.2536","13.41","0.0942","0.0191","0.0751","13.41","36.89","24.20","18.73"
"2016-07-15T04:00:00.000Z","13.99","13.99","13.90","13.93","1,997,024","132.73","13.53","13.94","13.53","0.3205","13.42","0.1121","0.0377","0.0744","13.49","35.96","23.24","18.93"
"2016-07-18T04:00:00.000Z","13.96","14.05","13.94","14.03","2,357,856","146.88","13.54","13.98","13.56","0.3647","13.42","0.1326","0.0567","0.0759","13.57","36.59","22.01","19.36"
"2016-07-19T04:00:00.000Z","14.01","14.04","13.98","14.01","2,007,936","140.76","13.55","14.02","13.58","0.3882","13.43","0.1455","0.0745","0.0710","13.64","35.60","21.41","19.75"
"2016-07-20T04:00:00.000Z","14.11","14.23","14.10","14.20","2,118,976","182.19","13.57","14.10","13.60","0.4322","13.44","0.1691","0.0934","0.0757","13.71","40.50","19.27","20.88"
"2016-07-21T04:00:00.000Z","14.21","14.23","14.08","14.11","1,823,728","159.12","13.58","14.15","13.61","0.4600","13.45","0.1789","0.1105","0.0684","13.77","37.88","18.99","21.76"
"2016-07-22T04:00:00.000Z","14.12","14.20","14.06","14.19","2,045,360","149.48","13.59","14.15","13.63","0.4828","13.47","0.1910","0.1266","0.0644","13.83","35.52","18.89","22.39"
"2016-07-25T04:00:00.000Z","14.19","14.21","14.15","14.19","11,787,792","147.78","13.61","14.19","13.64","0.5080","13.48","0.1980","0.1409","0.0571","13.91","35.42","18.33","23.06"
"2016-07-26T04:00:00.000Z","14.21","14.28","14.17","14.25","2,995,488","149.93","13.63","14.22","13.66","0.5385","13.50","0.2064","0.1540","0.0524","13.97","36.78","17.34","23.98"
"2016-07-27T04:00:00.000Z","14.40","14.41","14.30","14.36","2,643,472","166.98","13.66","14.31","13.67","0.5599","13.52","0.2193","0.1670","0.0523","14.04","40.24","16.01","25.34"
"2016-07-28T04:00:00.000Z","14.39","14.43","14.33","14.40","5,076,560","160.05","13.69","14.38","13.69","0.5872","13.55","0.2297","0.1796","0.0501","14.10","39.03","15.26","26.66"
"2016-07-29T04:00:00.000Z","14.44","14.45","14.36","14.40","3,302,560","150.66","13.72","14.40","13.70","0.6206","13.57","0.2354","0.1907","0.0447","14.14","38.37","14.63","27.95"
"2016-08-01T04:00:00.000Z","14.42","14.49","14.40","14.46","3,925,240","147.92","13.75","14.43","13.72","0.6469","13.60","0.2423","0.2011","0.0413","14.18","38.84","13.91","29.33"
"2016-08-02T04:00:00.000Z","14.45","14.46","14.26","14.33","2,784,400","118.99","13.78","14.40","13.74","0.6483","13.62","0.2342","0.2077","0.0265","14.22","34.84","19.37","29.28"
"2016-08-03T04:00:00.000Z","14.31","14.39","14.30","14.38","1,892,352","113.01","13.81","14.36","13.75","0.6228","13.64","0.2295","0.2120","0.0175","14.25","33.36","18.54","29.22"
"2016-08-04T04:00:00.000Z","14.39","14.48","14.39","14.47","1,827,656","120.44","13.84","14.43","13.77","0.6049","13.66","0.2299","0.2156","0.0142","14.28","36.68","17.58","29.65"
"2016-08-05T04:00:00.000Z","14.53","14.65","14.51","14.64","1,725,120","136.00","13.88","14.55","13.79","0.6062","13.69","0.2411","0.2207","0.0204","14.32","41.88","15.92","30.74"
"2016-08-08T04:00:00.000Z","14.65","14.67","14.61","14.64","1,545,424","133.00","13.93","14.64","13.81","0.6136","13.71","0.2473","0.2260","0.0213","14.36","41.71","15.35","31.84"
"2016-08-09T04:00:00.000Z","14.65","14.71","14.64","14.66","2,788,416","129.32","13.99","14.65","13.84","0.6425","13.74","0.2513","0.2311","0.0203","14.40","42.06","14.76","33.00"
"2016-08-10T04:00:00.000Z","14.67","14.67","14.60","14.62","5,466,664","116.22","14.05","14.64","13.87","0.6675","13.76","0.2484","0.2345","0.0139","14.44","40.16","16.75","33.58"
"2016-08-11T04:00:00.000Z","14.66","14.70","14.65","14.68","2,105,064","116.14","14.09","14.65","13.90","0.6841","13.79","0.2477","0.2372","0.0106","14.47","40.07","15.95","34.26"
"2016-08-12T04:00:00.000Z","14.66","14.68","14.63","14.67","2,082,480","107.88","14.14","14.67","13.93","0.6573","13.82","0.2435","0.2384","0.0050","14.51","38.77","16.45","34.70"
"2016-08-15T04:00:00.000Z","14.69","14.79","14.66","14.75","1,663,168","112.94","14.18","14.71","13.96","0.6189","13.84","0.2440","0.2396","0.0045","14.53","42.24","15.23","35.58"
"2016-08-16T04:00:00.000Z","14.72","14.72","14.67","14.68","2,668,384","101.35","14.23","14.71","13.99","0.5718","13.87","0.2356","0.2388","-0.0032","14.56","40.16","14.48","36.39"
"2016-08-17T04:00:00.000Z","14.68","14.68","14.57","14.66","2,597,032","89.24","14.27","14.67","14.02","0.5272","13.89","0.2248","0.2360","-0.0112","14.58","37.58","19.72","36.02"
"2016-08-18T04:00:00.000Z","14.64","14.69","14.63","14.68","1,434,528","89.31","14.31","14.67","14.05","0.4841","13.91","0.2157","0.2319","-0.0162","14.59","36.98","18.93","35.75"
"2016-08-19T04:00:00.000Z","14.66","14.73","14.63","14.71","1,441,536","88.54","14.35","14.70","14.08","0.4512","13.93","0.2087","0.2273","-0.0186","14.61","37.07","17.72","35.72"
"2016-08-22T04:00:00.000Z","14.70","14.73","14.65","14.71","1,495,088","86.81","14.38","14.71","14.12","0.4030","13.95","0.2003","0.2219","-0.0216","14.64","35.40","16.79","35.72"
"2016-08-23T04:00:00.000Z","14.76","14.81","14.76","14.78","2,254,904","97.60","14.41","14.74","14.17","0.3755","13.96","0.1970","0.2169","-0.0199","14.67","38.14","15.64","36.15"
"2016-08-24T04:00:00.000Z","14.77","14.78","14.66","14.69","1,556,224","84.22","14.44","14.73","14.21","0.3553","13.98","0.1856","0.2107","-0.0250","14.69","35.20","21.03","35.37"
"2016-08-25T04:00:00.000Z","14.67","14.75","14.65","14.72","1,676,920","81.30","14.47","14.71","14.25","0.3299","14.00","0.1770","0.2039","-0.0269","14.69","32.99","20.19","34.56"
"2016-08-26T04:00:00.000Z","14.72","14.84","14.66","14.74","2,000,160","84.86","14.49","14.73","14.28","0.3137","14.01","0.1693","0.1970","-0.0277","14.69","35.00","17.91","34.40"
"2016-08-29T04:00:00.000Z","14.74","14.82","14.73","14.78","1,525,440","88.48","14.52","14.76","14.31","0.3034","14.03","0.1646","0.1905","-0.0259","14.70","33.00","16.89","34.25"
"2016-08-30T04:00:00.000Z","14.76","14.81","14.70","14.75","1,680,304","82.38","14.54","14.76","14.35","0.2718","14.05","0.1568","0.1838","-0.0270","14.71","30.72","17.86","33.69"
"2016-08-31T04:00:00.000Z","14.73","14.74","14.67","14.74","1,501,368","73.44","14.56","14.74","14.39","0.2474","14.06","0.1478","0.1766","-0.0288","14.71","29.16","18.75","32.84"
"2016-09-01T04:00:00.000Z","14.71","14.79","14.66","14.79","2,492,920","78.22","14.58","14.76","14.42","0.2302","14.08","0.1435","0.1700","-0.0265","14.71","30.13","17.14","32.46"
"2016-09-02T04:00:00.000Z","14.84","14.89","14.79","14.85","2,242,760","98.70","14.61","14.82","14.45","0.2247","14.10","0.1434","0.1647","-0.0212","14.72","34.77","15.96","32.79"
"2016-09-06T04:00:00.000Z","14.88","14.92","14.84","14.92","3,163,472","106.28","14.63","14.89","14.48","0.2195","14.12","0.1468","0.1611","-0.0143","14.74","34.50","15.14","33.23"
"2016-09-07T04:00:00.000Z","14.92","14.96","14.88","14.95","10,180,840","112.88","14.65","14.94","14.51","0.2307","14.14","0.1506","0.1590","-0.0084","14.76","35.60","14.28","33.91"
"2016-09-08T04:00:00.000Z","14.90","14.91","14.79","14.83","5,200,992","87.69","14.67","14.89","14.53","0.2391","14.16","0.1418","0.1556","-0.0138","14.78","31.83","18.57","33.37"
"2016-09-09T04:00:00.000Z","14.72","14.75","14.48","14.48","4,719,360","8.39","14.67","14.65","14.55","0.2018","14.18","0.1055","0.1455","-0.0401","14.78","25.48","32.87","31.89"
"2016-09-12T04:00:00.000Z","14.39","14.73","14.38","14.71","3,336,408","14.92","14.68","14.59","14.56","0.1322","14.20","0.0941","0.1353","-0.0411","14.75","20.95","32.21","31.12"
"2016-09-13T04:00:00.000Z","14.65","14.71","14.54","14.60","7,467,176","15.89","14.69","14.66","14.58","0.0694","14.22","0.0759","0.1234","-0.0475","14.74","19.20","29.52","30.41"
"2016-09-14T04:00:00.000Z","14.62","14.76","14.62","14.68","4,342,600","36.26","14.70","14.64","14.60","0.0125","14.24","0.0667","0.1120","-0.0454","14.74","20.12","27.30","29.32"
"2016-09-15T04:00:00.000Z","14.70","14.94","14.69","14.92","2,824,176","99.62","14.72","14.80","14.61","-0.0083","14.26","0.0780","0.1052","-0.0273","14.74","26.33","23.93","27.57"
"2016-09-16T04:00:00.000Z","14.93","14.93","14.80","14.87","1,878,920","105.62","14.73","14.89","14.63","0.0280","14.29","0.0816","0.1005","-0.0189","14.75","24.76","22.51","25.94"
"2016-09-19T04:00:00.000Z","14.91","15.00","14.82","14.85","1,714,728","117.53","14.74","14.86","14.65","0.0863","14.31","0.0822","0.0968","-0.0147","14.76","26.27","20.57","24.95"
"2016-09-20T04:00:00.000Z","14.86","14.89","14.78","14.79","2,360,160","83.86","14.74","14.82","14.66","0.1144","14.33","0.0774","0.0930","-0.0155","14.77","24.90","21.35","23.72"
"2016-09-21T04:00:00.000Z","14.86","14.98","14.80","14.96","2,707,112","130.07","14.75","14.88","14.68","0.1391","14.37","0.0862","0.0916","-0.0054","14.78","26.90","19.53","23.16"
"2016-09-22T04:00:00.000Z","15.04","15.08","15.03","15.06","7,397,704","200.71","14.77","15.01","14.70","0.1693","14.41","0.1002","0.0933","0.0069","14.80","30.35","18.43","23.25"
"2016-09-23T04:00:00.000Z","15.04","15.04","14.90","14.93","11,072,856","138.82","14.77","15.00","14.71","0.1793","14.43","0.0993","0.0945","0.0048","14.81","28.01","23.07","22.28"
"2016-09-26T04:00:00.000Z","14.85","14.89","14.80","14.84","3,640,072","70.12","14.78","14.88","14.72","0.1597","14.46","0.0899","0.0936","-0.0037","14.81","26.24","26.59","20.74"
"2016-09-27T04:00:00.000Z","14.85","15.01","14.83","15.00","2,636,760","124.27","14.79","14.92","14.74","0.1692","14.49","0.0950","0.0939","0.0011","14.80","29.69","24.39","19.96"
"2016-09-28T04:00:00.000Z","15.02","15.06","14.96","15.05","1,854,104","160.35","14.80","15.03","14.76","0.1823","14.51","0.1016","0.0954","0.0062","14.82","30.84","23.19","19.54"
"2016-09-29T04:00:00.000Z","15.04","15.07","14.91","14.96","2,257,632","129.51","14.81","15.01","14.77","0.1601","14.54","0.0986","0.0961","0.0026","14.87","28.51","23.60","18.82"
"2016-09-30T04:00:00.000Z","15.00","15.09","14.97","15.05","3,331,280","152.04","14.82","15.00","14.78","0.1608","14.57","0.1018","0.0972","0.0046","14.90","27.82","22.12","18.29"
"2016-10-03T04:00:00.000Z","15.02","15.05","14.97","15.00","3,120,712","126.71","14.83","15.02","14.79","0.1858","14.59","0.0997","0.0977","0.0020","14.93","26.62","21.19","17.79"
"2016-10-04T04:00:00.000Z","15.04","15.08","14.92","14.97","2,855,696","110.30","14.84","14.99","14.80","0.1937","14.61","0.0944","0.0970","-0.0027","14.96","24.43","21.82","16.93"
"2016-10-05T04:00:00.000Z","15.01","15.10","14.99","15.05","8,971,328","132.77","14.85","15.01","14.81","0.1891","14.63","0.0953","0.0967","-0.0014","14.96","23.62","20.43","16.24"
"2016-10-06T04:00:00.000Z","15.05","15.09","14.98","15.07","2,517,360","124.24","14.86","15.06","14.82","0.1865","14.65","0.0968","0.0967","0.0001","14.97","22.33","20.14","15.44"
"2016-10-07T04:00:00.000Z","15.08","15.10","14.95","15.02","2,225,672","107.63","14.87","15.05","14.83","0.1759","14.67","0.0929","0.0959","-0.0030","14.99","20.63","19.93","14.46"
"2016-10-10T04:00:00.000Z","15.11","15.17","15.10","15.12","2,013,736","153.54","14.89","15.07","14.84","0.1881","14.69","0.0965","0.0961","0.0004","15.01","22.47","18.45","14.13"
"2016-10-11T04:00:00.000Z","15.13","15.15","14.85","14.92","2,281,656","67.76","14.89","15.02","14.85","0.1814","14.70","0.0823","0.0933","-0.0110","15.02","19.37","27.65","14.38"
"2016-10-12T04:00:00.000Z","14.93","14.97","14.84","14.92","1,602,104","32.98","14.90","14.92","14.85","0.1472","14.72","0.0706","0.0888","-0.0182","15.01","18.16","26.63","14.70"
"2016-10-13T04:00:00.000Z","14.82","14.87","14.69","14.83","1,905,576","-31.32","14.90","14.88","14.86","0.0941","14.73","0.0529","0.0816","-0.0287","15.01","16.21","30.60","15.85"
"2016-10-14T04:00:00.000Z","14.89","14.99","14.86","14.88","3,529,776","29.69","14.90","14.86","14.86","0.0684","14.74","0.0429","0.0739","-0.0310","15.01","20.35","28.39","15.89"
"2016-10-17T04:00:00.000Z","14.88","14.91","14.83","14.84","2,007,304","-0.3962","14.90","14.86","14.87","0.0126","14.75","0.0315","0.0654","-0.0339","15.00","19.64","28.81","16.11"
"2016-10-18T04:00:00.000Z","14.95","15.00","14.91","14.94","3,046,728","48.33","14.90","14.89","14.87","-0.0020","14.77","0.0296","0.0582","-0.0286","14.99","22.51","26.70","15.57"
"2016-10-19T04:00:00.000Z","14.92","14.97","14.92","14.95","1,781,832","44.65","14.90","14.95","14.88","-0.0005","14.78","0.0290","0.0524","-0.0234","14.99","21.85","25.92","15.06"
"2016-10-20T04:00:00.000Z","14.94","14.95","14.84","14.91","5,438,296","13.81","14.91","14.93","14.88","0.0175","14.79","0.0252","0.0470","-0.0217","14.98","20.61","28.30","15.11"
"2016-10-21T04:00:00.000Z","14.94","15.00","14.88","14.99","3,086,952","46.90","14.92","14.95","14.89","0.0178","14.80","0.0281","0.0432","-0.0151","14.97","22.02","26.66","14.71"
"2016-10-24T04:00:00.000Z","15.07","15.18","15.07","15.16","1,893,064","153.88","14.94","15.08","14.90","0.0614","14.81","0.0437","0.0433","0.0004","14.98","28.84","24.22","14.28"
"2016-10-25T04:00:00.000Z","15.18","15.18","15.07","15.11","2,867,752","134.68","14.96","15.14","14.91","0.0892","14.82","0.0510","0.0448","0.0062","14.99","27.31","22.93","13.89"
"2016-10-26T04:00:00.000Z","15.00","15.11","14.98","15.03","3,597,112","82.34","14.97","15.07","14.91","0.1034","14.83","0.0501","0.0459","0.0042","14.98","25.50","26.13","12.98"
"2016-10-27T04:00:00.000Z","15.09","15.10","14.94","14.96","2,659,112","53.08","14.97","14.99","14.92","0.1169","14.84","0.0428","0.0453","-0.0025","14.98","23.51","26.00","12.41"
"2016-10-28T04:00:00.000Z","15.00","15.12","14.93","14.96","3,729,408","52.52","14.97","14.96","14.92","0.1191","14.85","0.0371","0.0436","-0.0065","14.97","22.28","23.54","11.72"
"2016-10-31T04:00:00.000Z","15.00","15.02","14.96","14.96","4,361,784","37.03","14.98","14.96","14.93","0.0812","14.86","0.0324","0.0414","-0.0090","14.98","21.63","22.86","11.08"
"2016-11-01T04:00:00.000Z","14.98","15.00","14.73","14.84","2,857,288","-44.53","14.98","14.90","14.92","0.0240","14.86","0.0187","0.0368","-0.0182","14.99","18.74","31.09","12.06"
"2016-11-02T04:00:00.000Z","14.83","14.88","14.69","14.73","2,849,056","-99.03","14.97","14.79","14.92","-0.0272","14.86","-0.0015","0.0292","-0.0307","14.98","17.10","30.00","13.15"
"2016-11-03T04:00:00.000Z","14.69","14.73","14.59","14.62","2,418,752","-163.82","14.95","14.67","14.91","-0.0929","14.86","-0.0262","0.0181","-0.0443","14.97","15.96","32.82","14.68"
"2016-11-04T04:00:00.000Z","14.61","14.70","14.54","14.57","8,287,160","-190.36","14.94","14.60","14.92","-0.1641","14.86","-0.0486","0.0048","-0.0534","14.94","14.75","32.67","16.33"
"2016-11-07T05:00:00.000Z","14.79","14.92","14.79","14.91","2,650,504","-34.32","14.95","14.74","14.92","-0.1920","14.86","-0.0389","-0.0040","-0.0349","14.93","21.89","27.81","16.02"
"2016-11-08T05:00:00.000Z","14.91","15.05","14.86","14.98","2,680,344","21.42","14.94","14.95","14.93","-0.1767","14.87","-0.0249","-0.0081","-0.0167","14.93","25.70","25.50","14.90"
"2016-11-09T05:00:00.000Z","14.68","15.00","14.67","14.96","4,896,296","-46.07","14.94","14.97","14.94","-0.1604","14.87","-0.0154","-0.0096","-0.0058","14.91","22.35","29.55","14.83"
"2016-11-10T05:00:00.000Z","15.04","15.08","14.56","14.76","5,015,944","-103.17","14.93","14.86","14.93","-0.1244","14.87","-0.0242","-0.0125","-0.0117","14.91","18.22","28.13","15.30"
"2016-11-11T05:00:00.000Z","14.74","14.86","14.69","14.85","15,758,912","-99.46","14.93","14.80","14.93","-0.0919","14.88","-0.0236","-0.0147","-0.0089","14.87","17.10","26.41","15.73"
"2016-11-14T05:00:00.000Z","14.86","14.86","14.56","14.64","3,822,880","-166.57","14.92","14.74","14.93","-0.1142","14.87","-0.0394","-0.0197","-0.0197","14.86","15.35","28.07","16.70"
"2016-11-15T05:00:00.000Z","14.73","14.89","14.73","14.84","5,705,296","-75.98","14.91","14.74","14.93","-0.1367","14.88","-0.0356","-0.0229","-0.0128","14.84","15.11","25.68","17.36"
"2016-11-16T05:00:00.000Z","14.79","14.97","14.78","14.96","4,983,208","-16.29","14.91","14.90","14.93","-0.1250","14.88","-0.0220","-0.0227","0.0007","14.82","16.87","24.03","17.37"
"2016-11-17T05:00:00.000Z","14.97","15.08","14.93","15.08","3,223,272","72.24","14.91","15.02","14.93","-0.0865","14.89","-0.0016","-0.0185","0.0169","14.82","19.95","22.76","16.60"
"2016-11-18T05:00:00.000Z","15.10","15.13","15.03","15.05","2,699,088","93.25","14.91","15.07","14.93","-0.0274","14.89","0.0116","-0.0125","0.0241","14.83","20.96","21.90","15.57"
"2016-11-21T05:00:00.000Z","15.10","15.21","15.07","15.20","2,871,472","144.94","14.91","15.12","14.94","0.0544","14.90","0.0336","-0.0032","0.0368","14.85","22.46","20.64","14.76"
"2016-11-22T05:00:00.000Z","15.25","15.25","15.18","15.22","3,548,560","168.25","14.92","15.21","14.95","0.1302","14.91","0.0520","0.0078","0.0442","14.89","23.43","20.11","14.25"
"2016-11-23T05:00:00.000Z","15.19","15.22","15.10","15.16","2,254,264","129.12","14.93","15.19","14.95","0.1833","14.91","0.0616","0.0186","0.0430","14.93","22.34","22.31","13.24"
"2016-11-25T05:00:00.000Z","15.16","15.21","15.15","15.20","1,176,856","136.64","14.94","15.18","14.96","0.2133","14.92","0.0716","0.0292","0.0424","14.96","21.77","21.74","12.30"
"2016-11-28T05:00:00.000Z","15.20","15.27","15.18","15.19","2,570,520","143.54","14.95","15.20","14.96","0.2393","14.93","0.0778","0.0389","0.0389","14.98","23.45","20.84","11.84"
"2016-11-29T05:00:00.000Z","15.19","15.28","15.15","15.21","1,882,416","135.76","14.97","15.20","14.96","0.2481","14.93","0.0832","0.0478","0.0355","15.02","22.10","20.73","11.22"
"2016-11-30T05:00:00.000Z","15.23","15.24","15.04","15.04","4,689,440","74.34","14.97","15.13","14.97","0.2264","14.94","0.0732","0.0528","0.0204","15.04","20.26","23.62","10.97"
"2016-12-01T05:00:00.000Z","15.04","15.06","14.64","14.68","5,433,856","-86.91","14.96","14.86","14.96","0.1625","14.93","0.0354","0.0494","-0.0139","15.06","16.96","35.30","12.69"
"2016-12-02T05:00:00.000Z","14.67","14.77","14.61","14.73","3,889,800","-125.17","14.95","14.71","14.95","0.0713","14.93","0.0098","0.0414","-0.0317","15.05","15.91","34.30","14.40"
"2016-12-05T05:00:00.000Z","14.82","14.94","14.77","14.90","3,610,848","-39.77","14.95","14.82","14.95","-0.0018","14.94","0.0027","0.0337","-0.0310","15.05","21.42","31.51","14.73"
"2016-12-06T05:00:00.000Z","14.94","14.97","14.87","14.95","3,047,320","-7.22","14.94","14.92","14.94","-0.0598","14.94","0.0010","0.0272","-0.0262","15.07","21.73","30.16","14.84"
"2016-12-07T05:00:00.000Z","14.95","15.23","14.93","15.21","3,448,432","89.30","14.95","15.08","14.95","-0.0755","14.95","0.0206","0.0259","-0.0052","15.06","28.97","26.73","14.07"
"2016-12-08T05:00:00.000Z","15.23","15.35","15.21","15.30","3,229,432","155.73","14.96","15.25","14.96","-0.0020","14.96","0.0427","0.0292","0.0135","15.07","31.88","25.29","13.89"
"2016-12-09T05:00:00.000Z","15.34","15.38","15.31","15.38","3,881,472","176.28","14.97","15.34","14.97","0.1177","14.97","0.0660","0.0366","0.0294","15.09","32.35","24.39","13.90"
"2016-12-12T05:00:00.000Z","15.32","15.35","15.24","15.30","3,736,200","136.73","14.98","15.34","14.98","0.2002","14.98","0.0775","0.0448","0.0327","15.10","30.50","26.06","13.46"
"2016-12-13T05:00:00.000Z","15.35","15.56","15.35","15.48","4,452,792","190.32","15.00","15.39","15.00","0.2971","14.99","0.0995","0.0557","0.0438","15.11","35.89","23.38","14.01"
"2016-12-14T05:00:00.000Z","15.43","15.49","15.35","15.38","4,298,240","154.26","15.02","15.43","15.01","0.3545","15.00","0.1077","0.0661","0.0416","15.13","33.83","22.03","14.52"
"2016-12-15T05:00:00.000Z","15.40","15.53","15.38","15.45","3,705,296","156.81","15.04","15.41","15.02","0.3774","15.00","0.1183","0.0766","0.0418","15.15","33.13","20.68","15.13"
"2016-12-16T05:00:00.000Z","15.48","15.48","15.31","15.34","3,347,168","121.24","15.06","15.39","15.03","0.3758","15.01","0.1166","0.0846","0.0320","15.17","30.80","22.11","15.23"
"2016-12-19T05:00:00.000Z","15.38","15.49","15.33","15.43","3,508,864","125.93","15.09","15.38","15.04","0.3870","15.02","0.1210","0.0919","0.0292","15.18","29.02","20.72","15.33"
"2016-12-20T05:00:00.000Z","15.47","15.50","15.43","15.48","3,043,152","136.07","15.11","15.45","15.05","0.3721","15.03","0.1274","0.0990","0.0284","15.21","28.81","20.04","15.52"
"2016-12-21T05:00:00.000Z","15.48","15.48","15.41","15.43","2,959,888","119.13","15.13","15.46","15.06","0.3574","15.04","0.1273","0.1046","0.0227","15.28","27.87","20.38","15.52"
"2016-12-22T05:00:00.000Z","15.46","15.46","15.33","15.38","2,917,264","95.88","15.14","15.40","15.07","0.3237","15.04","0.1211","0.1079","0.0132","15.33","26.23","22.85","14.90"
"2016-12-23T05:00:00.000Z","15.35","15.40","15.34","15.40","1,778,328","88.02","15.16","15.39","15.08","0.2965","15.05","0.1165","0.1096","0.0069","15.36","25.54","22.25","14.33"
"2016-12-27T05:00:00.000Z","15.42","15.54","15.41","15.47","2,498,096","109.15","15.18","15.44","15.09","0.2913","15.05","0.1178","0.1113","0.0066","15.39","30.68","20.70","14.69"
"2016-12-28T05:00:00.000Z","15.51","15.51","15.31","15.32","2,376,496","78.37","15.20","15.40","15.10","0.2664","15.06","0.1051","0.1100","-0.0049","15.41","27.88","23.21","14.30"
"2016-12-29T05:00:00.000Z","15.31","15.37","15.27","15.33","2,030,056","59.67","15.22","15.32","15.11","0.2269","15.07","0.0947","0.1070","-0.0123","15.41","26.57","24.06","13.63"
"2016-12-30T05:00:00.000Z","15.35","15.36","15.15","15.19","3,451,920","31.70","15.23","15.26","15.12","0.1861","15.07","0.0743","0.1004","-0.0262","15.41","24.02","27.38","13.12"
"2017-01-03T05:00:00.000Z","15.29","15.39","15.22","15.31","3,481,520","50.17","15.24","15.25","15.14","0.1572","15.07","0.0670","0.0937","-0.0268","15.41","23.26","24.88","12.43"
"2017-01-04T05:00:00.000Z","15.33","15.42","15.33","15.40","3,580,800","71.67","15.25","15.35","15.16","0.1174","15.08","0.0679","0.0886","-0.0207","15.40","23.56","23.56","11.54"
"2017-01-05T05:00:00.000Z","15.38","15.47","15.36","15.41","4,635,328","78.08","15.25","15.41","15.17","0.1001","15.08","0.0687","0.0846","-0.0159","15.40","24.53","22.34","11.05"
"2017-01-06T05:00:00.000Z","15.42","15.59","15.39","15.55","3,136,176","104.42","15.27","15.48","15.19","0.1153","15.09","0.0799","0.0837","-0.0038","15.40","27.69","20.29","11.36"
"2017-01-09T05:00:00.000Z","15.57","15.62","15.56","15.58","2,569,184","124.67","15.28","15.57","15.20","0.1655","15.11","0.0899","0.0849","0.0050","15.41","28.51","19.61","11.87"
"2017-01-10T05:00:00.000Z","15.58","15.64","15.54","15.58","2,578,024","120.43","15.29","15.58","15.22","0.2078","15.12","0.0966","0.0872","0.0094","15.42","27.06","19.59","12.17"
"2017-01-11T05:00:00.000Z","15.58","15.67","15.55","15.67","3,677,824","131.16","15.31","15.63","15.24","0.2417","15.13","0.1083","0.0915","0.0169","15.43","27.04","18.41","12.65"
"2017-01-12T05:00:00.000Z","15.63","15.69","15.46","15.63","2,613,624","114.22","15.32","15.65","15.27","0.2630","15.14","0.1125","0.0957","0.0169","15.44","24.15","20.80","12.28"
"2017-01-13T05:00:00.000Z","15.63","15.71","15.63","15.69","2,994,272","139.99","15.34","15.66","15.29","0.2844","15.16","0.1194","0.1004","0.0190","15.46","24.47","19.91","12.14"
"2017-01-17T05:00:00.000Z","15.65","15.65","15.56","15.60","2,832,704","110.63","15.37","15.64","15.31","0.2750","15.17","0.1164","0.1036","0.0128","15.48","22.90","21.95","11.42"
"2017-01-18T05:00:00.000Z","15.63","15.67","15.59","15.66","4,045,568","119.14","15.41","15.63","15.32","0.2712","15.18","0.1176","0.1064","0.0112","15.49","22.91","21.04","10.91"
"2017-01-19T05:00:00.000Z","15.65","15.71","15.60","15.62","2,520,176","114.64","15.43","15.64","15.34","0.2667","15.19","0.1136","0.1078","0.0057","15.51","23.71","19.76","10.78"
"2017-01-20T05:00:00.000Z","15.69","15.74","15.65","15.70","2,749,456","128.68","15.45","15.66","15.35","0.2749","15.20","0.1158","0.1094","0.0064","15.54","23.38","18.51","10.84"
"2017-01-23T05:00:00.000Z","15.68","15.72","15.61","15.71","20,626,496","116.31","15.47","15.70","15.36","0.2501","15.21","0.1168","0.1109","0.0059","15.57","21.95","19.95","10.41"
"2017-01-24T05:00:00.000Z","15.73","15.90","15.73","15.87","3,411,032","164.72","15.49","15.79","15.38","0.2589","15.22","0.1296","0.1147","0.0150","15.60","28.95","17.95","11.34"
"2017-01-25T05:00:00.000Z","15.99","16.05","15.98","16.04","3,677,744","214.40","15.51","15.96","15.40","0.3014","15.24","0.1518","0.1221","0.0297","15.65","33.80","16.36","13.01"
"2017-01-26T05:00:00.000Z","16.07","16.07","15.95","16.00","5,856,664","193.77","15.54","16.02","15.42","0.3410","15.26","0.1642","0.1305","0.0337","15.70","32.96","15.37","14.68"
"2017-01-27T05:00:00.000Z","16.05","16.07","16.02","16.05","2,686,400","188.73","15.55","16.03","15.44","0.3826","15.28","0.1757","0.1395","0.0361","15.74","31.79","14.79","16.24"
"2017-01-30T05:00:00.000Z","16.00","16.00","15.82","15.92","3,615,600","138.68","15.57","15.98","15.46","0.4130","15.29","0.1722","0.1461","0.0262","15.77","28.15","22.84","15.83"
"2017-01-31T05:00:00.000Z","15.85","15.87","15.76","15.84","4,253,000","106.10","15.59","15.88","15.49","0.3991","15.31","0.1615","0.1492","0.0124","15.79","25.89","24.17","14.94"
"2017-02-01T05:00:00.000Z","16.00","16.01","15.88","15.96","5,345,776","138.11","15.61","15.90","15.52","0.3659","15.34","0.1604","0.1514","0.0090","15.82","30.69","22.17","15.03"
"2017-02-02T05:00:00.000Z","15.93","16.00","15.86","15.96","3,100,448","129.16","15.62","15.96","15.55","0.3350","15.36","0.1582","0.1528","0.0055","15.84","28.48","21.50","14.95"
"2017-02-03T05:00:00.000Z","16.05","16.11","16.04","16.09","2,831,096","165.05","15.65","16.03","15.58","0.3216","15.38","0.1649","0.1552","0.0097","15.87","31.71","19.96","15.51"
"2017-02-06T05:00:00.000Z","16.08","16.11","16.04","16.11","3,104,360","157.84","15.67","16.10","15.60","0.3363","15.40","0.1701","0.1582","0.0119","15.90","30.65","19.17","16.05"
"2017-02-07T05:00:00.000Z","16.14","16.21","16.13","16.17","3,645,800","169.33","15.69","16.14","15.62","0.3847","15.42","0.1768","0.1619","0.0149","15.94","34.08","18.22","17.07"
"2017-02-08T05:00:00.000Z","16.19","16.23","16.12","16.20","2,770,552","159.57","15.72","16.19","15.64","0.4085","15.44","0.1822","0.1660","0.0162","15.98","33.20","17.15","18.12"
"2017-02-09T05:00:00.000Z","16.23","16.31","16.20","16.28","3,020,344","167.53","15.75","16.24","15.67","0.4505","15.46","0.1907","0.1709","0.0198","16.02","35.59","16.11","19.52"
"2017-02-10T05:00:00.000Z","16.32","16.34","16.26","16.32","3,051,472","163.77","15.78","16.30","15.69","0.4712","15.49","0.1982","0.1764","0.0218","16.07","35.72","15.37","20.97"
"2017-02-13T05:00:00.000Z","16.37","16.43","16.37","16.41","3,945,488","171.29","15.82","16.36","15.71","0.5071","15.52","0.2090","0.1829","0.0261","16.10","38.30","14.37","22.72"
"2017-02-14T05:00:00.000Z","16.39","16.47","16.35","16.46","4,742,560","161.47","15.86","16.44","15.74","0.5245","15.54","0.2198","0.1903","0.0295","16.12","37.73","13.45","24.48"
"2017-02-15T05:00:00.000Z","16.48","16.55","16.45","16.54","3,334,936","165.87","15.90","16.50","15.77","0.5595","15.57","0.2316","0.1985","0.0330","16.16","40.26","12.69","26.45"
"2017-02-16T05:00:00.000Z","16.57","16.61","16.52","16.56","3,730,496","162.47","15.94","16.55","15.80","0.5867","15.59","0.2399","0.2068","0.0331","16.20","41.38","12.02","28.49"
"2017-02-17T05:00:00.000Z","16.54","16.61","16.52","16.61","2,294,704","153.86","15.98","16.58","15.83","0.6021","15.62","0.2476","0.2150","0.0326","16.25","39.25","11.36","30.39"
"2017-02-21T05:00:00.000Z","16.65","16.71","16.64","16.71","4,192,856","162.77","16.02","16.66","15.86","0.6152","15.64","0.2587","0.2237","0.0350","16.30","42.99","10.66","32.52"
"2017-02-22T05:00:00.000Z","16.69","16.73","16.65","16.73","3,135,280","154.48","16.06","16.72","15.89","0.6309","15.67","0.2661","0.2322","0.0339","16.36","42.10","10.16","34.57"
"2017-02-23T05:00:00.000Z","16.75","16.75","16.61","16.69","2,711,488","141.80","16.09","16.71","15.92","0.6292","15.69","0.2658","0.2389","0.0269","16.42","38.50","11.76","35.90"
"2017-02-24T05:00:00.000Z","16.58","16.72","16.55","16.72","3,646,984","130.02","16.13","16.71","15.95","0.6088","15.72","0.2652","0.2442","0.0211","16.45","34.70","14.01","36.37"
"2017-02-27T05:00:00.000Z","16.71","16.73","16.67","16.73","4,453,936","129.27","16.16","16.73","15.99","0.6006","15.74","0.2621","0.2478","0.0143","16.50","33.82","13.47","36.84"
"2017-02-28T05:00:00.000Z","16.71","16.71","16.61","16.63","4,610,952","112.48","16.20","16.68","16.02","0.5654","15.77","0.2484","0.2479","0.0005","16.54","31.36","16.17","36.49"
"2017-03-01T05:00:00.000Z","16.71","16.88","16.71","16.86","3,111,528","134.51","16.24","16.74","16.06","0.5504","15.81","0.2535","0.2490","0.0045","16.58","36.42","13.85","37.09"
"2017-03-02T05:00:00.000Z","16.85","16.85","16.73","16.73","2,685,208","119.48","16.27","16.80","16.10","0.5367","15.84","0.2447","0.2482","-0.0035","16.62","33.73","12.83","37.65"
"2017-03-03T05:00:00.000Z","16.73","16.76","16.68","16.76","2,448,696","106.93","16.31","16.75","16.13","0.5195","15.87","0.2373","0.2460","-0.0087","16.64","32.10","14.83","37.59"
"2017-03-06T05:00:00.000Z","16.70","16.76","16.66","16.73","3,236,104","98.29","16.35","16.75","16.17","0.4907","15.90","0.2263","0.2420","-0.0158","16.67","30.21","15.04","37.30"
"2017-03-07T05:00:00.000Z","16.71","16.81","16.70","16.75","4,863,816","98.98","16.38","16.74","16.20","0.4759","15.93","0.2161","0.2369","-0.0207","16.69","31.19","14.12","37.33"
"2017-03-08T05:00:00.000Z","16.76","16.82","16.74","16.77","2,525,184","97.57","16.41","16.76","16.23","0.4389","15.95","0.2073","0.2310","-0.0236","16.70","30.40","13.48","37.41"
"2017-03-09T05:00:00.000Z","16.77","16.78","16.67","16.75","2,770,120","86.01","16.43","16.76","16.26","0.3943","15.97","0.1973","0.2242","-0.0269","16.72","28.41","17.04","36.53"
"2017-03-10T05:00:00.000Z","16.84","16.87","16.77","16.84","2,218,296","97.61","16.46","16.80","16.28","0.3809","16.00","0.1941","0.2182","-0.0241","16.73","32.04","15.87","36.33"
"2017-03-13T04:00:00.000Z","16.84","16.88","16.83","16.86","2,225,104","98.36","16.49","16.85","16.32","0.3748","16.02","0.1911","0.2128","-0.0217","16.74","31.55","15.43","36.18"
"2017-03-14T04:00:00.000Z","16.84","16.84","16.75","16.82","2,187,376","84.41","16.52","16.84","16.34","0.3536","16.05","0.1829","0.2068","-0.0239","16.75","29.20","19.70","34.99"
"2017-03-15T04:00:00.000Z","16.85","16.96","16.79","16.93","2,781,488","97.23","16.56","16.87","16.38","0.3478","16.07","0.1830","0.2020","-0.0190","16.77","33.70","17.70","34.71"
"2017-03-16T04:00:00.000Z","17.00","17.01","16.93","16.97","3,315,880","108.21","16.59","16.95","16.41","0.3700","16.10","0.1847","0.1986","-0.0139","16.79","35.22","16.71","34.78"
"2017-03-17T04:00:00.000Z","17.02","17.04","16.97","16.97","2,272,800","108.78","16.62","16.97","16.44","0.3790","16.12","0.1841","0.1957","-0.0116","16.82","35.18","16.01","34.97"
"2017-03-20T04:00:00.000Z","16.99","17.04","16.95","17.00","3,429,072","105.19","16.65","16.98","16.48","0.3752","16.15","0.1833","0.1932","-0.0099","16.84","33.11","16.72","34.82"
"2017-03-21T04:00:00.000Z","17.06","17.08","16.71","16.72","4,323,816","71.89","16.67","16.86","16.50","0.3642","16.17","0.1588","0.1863","-0.0275","16.85","26.23","26.54","32.38"
"2017-03-22T04:00:00.000Z","16.71","16.86","16.71","16.85","3,051,400","62.84","16.70","16.79","16.53","0.3208","16.20","0.1478","0.1786","-0.0308","16.85","24.13","24.42","30.11"
"2017-03-23T04:00:00.000Z","16.81","16.87","16.77","16.81","2,786,664","62.70","16.72","16.83","16.55","0.2636","16.22","0.1342","0.1697","-0.0355","16.86","23.44","23.08","28.01"
"2017-03-24T04:00:00.000Z","16.83","16.88","16.71","16.77","3,411,296","54.78","16.73","16.79","16.56","0.2004","16.24","0.1194","0.1597","-0.0403","16.87","21.27","24.13","26.46"
"2017-03-27T04:00:00.000Z","16.64","16.82","16.59","16.79","3,182,520","39.15","16.75","16.78","16.58","0.1240","16.26","0.1074","0.1492","-0.0418","16.86","18.74","27.58","25.93"
"2017-03-28T04:00:00.000Z","16.79","16.95","16.74","16.90","4,418,272","70.42","16.77","16.84","16.61","0.0940","16.29","0.1061","0.1406","-0.0345","16.86","23.25","24.76","24.30"
"2017-03-29T04:00:00.000Z","16.90","16.95","16.86","16.94","3,663,960","84.53","16.78","16.92","16.63","0.0972","16.32","0.1070","0.1339","-0.0269","16.87","22.45","23.57","22.74"
"2017-03-30T04:00:00.000Z","16.96","16.99","16.93","16.96","2,734,960","96.33","16.80","16.95","16.66","0.1044","16.35","0.1079","0.1287","-0.0208","16.88","23.61","22.76","21.25"
"2017-03-31T04:00:00.000Z","16.95","17.00","16.92","16.95","5,124,752","97.40","16.81","16.96","16.68","0.1179","16.37","0.1069","0.1243","-0.0174","16.89","23.17","21.74","19.96"
"2017-04-03T04:00:00.000Z","16.96","16.99","16.81","16.90","5,156,880","77.53","16.82","16.93","16.70","0.1426","16.40","0.1009","0.1196","-0.0188","16.89","20.85","25.60","19.26"
"2017-04-04T04:00:00.000Z","16.84","16.91","16.84","16.89","2,788,192","68.34","16.82","16.90","16.72","0.1346","16.42","0.0942","0.1145","-0.0203","16.88","20.12","24.69","18.62"
"2017-04-05T04:00:00.000Z","16.93","17.03","16.81","16.83","3,105,912","71.29","16.83","16.86","16.74","0.1247","16.44","0.0830","0.1082","-0.0252","16.87","24.41","21.76","17.70"
"2017-04-06T04:00:00.000Z","16.85","16.89","16.79","16.84","3,000,648","45.09","16.83","16.84","16.76","0.0930","16.46","0.0739","0.1014","-0.0274","16.86","23.13","21.46","16.70"
"2017-04-07T04:00:00.000Z","16.83","16.88","16.78","16.83","2,336,904","35.39","16.84","16.83","16.77","0.0585","16.48","0.0651","0.0941","-0.0290","16.85","21.84","21.04","15.64"
"2017-04-10T04:00:00.000Z","16.85","16.90","16.78","16.82","2,973,064","34.77","16.84","16.82","16.78","0.0417","16.50","0.0567","0.0866","-0.0300","16.86","21.59","19.67","14.85"
"2017-04-11T04:00:00.000Z","16.79","16.81","16.61","16.76","3,040,736","-38.27","16.84","16.79","16.79","0.0086","16.52","0.0448","0.0783","-0.0335","16.86","19.20","26.53","14.94"
"2017-04-12T04:00:00.000Z","16.75","16.76","16.65","16.68","2,018,272","-68.57","16.84","16.72","16.80","-0.0347","16.54","0.0281","0.0682","-0.0402","16.85","18.11","25.02","15.01"
"2017-04-13T04:00:00.000Z","16.66","16.77","16.61","16.61","2,114,232","-98.08","16.83","16.64","16.80","-0.0662","16.55","0.0096","0.0565","-0.0468","16.85","16.59","25.25","15.42"
"2017-04-17T04:00:00.000Z","16.66","16.77","16.66","16.77","2,530,680","-52.17","16.83","16.69","16.80","-0.0892","16.57","0.0077","0.0467","-0.0391","16.84","15.43","23.14","15.75"
"2017-04-18T04:00:00.000Z","16.72","16.80","16.70","16.77","2,240,088","-42.48","16.84","16.77","16.81","-0.1106","16.59","0.0058","0.0385","-0.0328","16.83","15.79","21.92","15.78"
"2017-04-19T04:00:00.000Z","16.81","16.86","16.74","16.77","2,258,824","-13.11","16.84","16.77","16.81","-0.0924","16.61","0.0044","0.0317","-0.0273","16.82","18.37","20.49","15.04"
"2017-04-20T04:00:00.000Z","16.84","16.97","16.80","16.94","2,336,640","79.54","16.84","16.85","16.82","-0.0591","16.63","0.0168","0.0287","-0.0119","16.81","21.89","18.38","14.59"
"2017-04-21T04:00:00.000Z","16.95","16.96","16.89","16.93","2,978,200","94.34","16.85","16.93","16.82","-0.0176","16.64","0.0254","0.0281","-0.0027","16.81","21.11","17.72","14.17"
"2017-04-24T04:00:00.000Z","17.11","17.16","17.09","17.15","3,378,008","247.68","16.86","17.04","16.83","0.0519","16.66","0.0497","0.0324","0.0173","16.83","28.74","15.61","15.27"
"2017-04-25T04:00:00.000Z","17.20","17.29","17.17","17.26","7,231,392","292.23","16.87","17.20","16.85","0.1344","16.68","0.0767","0.0413","0.0355","16.85","33.25","14.51","16.99"
"2017-04-26T04:00:00.000Z","17.26","17.29","17.20","17.22","5,814,568","258.40","16.88","17.24","16.86","0.2090","16.70","0.0938","0.0518","0.0420","16.88","31.77","13.87","18.57"
"2017-04-27T04:00:00.000Z","17.28","17.33","17.26","17.32","3,024,768","263.17","16.90","17.27","16.87","0.2731","16.73","0.1146","0.0643","0.0503","16.91","32.07","13.07","20.25"
"2017-04-28T04:00:00.000Z","17.39","17.40","17.31","17.35","3,769,152","257.04","16.91","17.34","16.89","0.3427","16.75","0.1317","0.0778","0.0539","16.96","34.47","12.42","22.17"
"2017-05-01T04:00:00.000Z","17.41","17.53","17.38","17.50","3,083,320","277.96","16.93","17.43","16.91","0.3913","16.78","0.1559","0.0934","0.0625","17.00","37.94","11.26","24.45"
"2017-05-02T04:00:00.000Z","17.55","17.57","17.48","17.54","4,433,304","263.16","16.95","17.52","16.93","0.4288","16.80","0.1759","0.1099","0.0660","17.06","38.38","10.73","26.73"
"2017-05-03T04:00:00.000Z","17.50","17.53","17.43","17.51","5,076,528","214.92","16.97","17.52","16.94","0.4580","16.82","0.1871","0.1254","0.0617","17.13","36.06","12.85","28.21"
"2017-05-04T04:00:00.000Z","17.52","17.56","17.48","17.53","5,067,400","201.96","17.00","17.52","16.96","0.4873","16.85","0.1957","0.1394","0.0563","17.20","36.23","12.23","29.73"
"2017-05-05T04:00:00.000Z","17.57","17.61","17.51","17.61","2,594,592","196.51","17.02","17.57","16.99","0.5128","16.87","0.2067","0.1529","0.0538","17.26","37.27","11.52","31.38"
"2017-05-08T04:00:00.000Z","17.62","17.69","17.60","17.67","2,987,712","193.28","17.05","17.64","17.01","0.5311","16.89","0.2177","0.1659","0.0518","17.32","39.48","10.92","33.19"
"2017-05-09T04:00:00.000Z","17.70","17.76","17.68","17.71","4,134,064","186.62","17.08","17.69","17.03","0.5456","16.92","0.2268","0.1780","0.0487","17.39","41.78","10.37","35.12"
"2017-05-10T04:00:00.000Z","17.73","17.80","17.69","17.78","3,572,712","176.04","17.11","17.75","17.05","0.5704","16.94","0.2368","0.1898","0.0470","17.45","41.41","9.72","37.04"
"2017-05-11T04:00:00.000Z","17.74","17.76","17.65","17.76","4,151,728","151.80","17.14","17.77","17.07","0.5819","16.96","0.2401","0.1999","0.0402","17.50","38.16","11.51","38.22"
"2017-05-12T04:00:00.000Z","17.76","17.81","17.74","17.80","3,113,984","150.77","17.17","17.78","17.09","0.5953","16.98","0.2438","0.2086","0.0351","17.54","39.40","11.05","39.51"
"2017-05-15T04:00:00.000Z","17.83","17.93","17.82","17.93","3,164,896","157.31","17.20","17.87","17.12","0.6071","17.00","0.2535","0.2176","0.0359","17.59","43.73","10.23","41.12"
"2017-05-16T04:00:00.000Z","17.96","18.02","17.90","18.02","3,666,384","160.19","17.24","17.98","17.14","0.6235","17.03","0.2662","0.2273","0.0388","17.64","46.55","9.45","42.92"
"2017-05-17T04:00:00.000Z","17.86","17.88","17.50","17.51","20,566,928","87.64","17.26","17.77","17.16","0.5900","17.04","0.2317","0.2282","0.0035","17.67","34.52","26.79","40.75"
"2017-05-18T04:00:00.000Z","17.47","17.65","17.41","17.59","6,358,064","69.30","17.28","17.55","17.18","0.5385","17.06","0.2088","0.2243","-0.0155","17.68","30.64","27.76","38.19"
"2017-05-19T04:00:00.000Z","17.68","17.75","17.67","17.69","3,265,216","92.02","17.31","17.64","17.20","0.5040","17.07","0.1965","0.2188","-0.0223","17.69","33.08","25.64","36.37"
"2017-05-22T04:00:00.000Z","17.75","17.88","17.74","17.87","3,655,000","108.35","17.35","17.78","17.23","0.4650","17.09","0.1991","0.2148","-0.0157","17.71","35.98","23.41","35.28"
"2017-05-23T04:00:00.000Z","17.93","17.94","17.84","17.89","3,413,952","111.99","17.38","17.88","17.26","0.4204","17.11","0.2000","0.2119","-0.0118","17.74","37.04","22.27","34.54"
"2017-05-24T04:00:00.000Z","17.94","17.99","17.91","17.98","2,850,024","116.61","17.42","17.93","17.28","0.4413","17.13","0.2054","0.2106","-0.0051","17.77","37.49","21.20","34.06"
"2017-05-25T04:00:00.000Z","18.05","18.16","18.01","18.12","3,343,840","132.26","17.47","18.05","17.31","0.5153","17.15","0.2189","0.2122","0.0067","17.80","42.33","19.36","34.28"
"2017-05-26T04:00:00.000Z","18.12","18.13","18.06","18.12","2,774,080","125.12","17.52","18.12","17.34","0.5538","17.18","0.2270","0.2152","0.0118","17.83","40.90","18.70","34.49"
"2017-05-30T04:00:00.000Z","18.11","18.18","18.10","18.16","2,626,000","125.27","17.57","18.14","17.37","0.5811","17.20","0.2343","0.2190","0.0153","17.86","41.94","17.95","34.89"
"2017-05-31T04:00:00.000Z","18.22","18.23","18.05","18.11","4,096,272","116.28","17.61","18.14","17.40","0.5888","17.22","0.2334","0.2219","0.0115","17.90","38.11","18.99","34.79"
"2017-06-01T04:00:00.000Z","18.17","18.20","18.07","18.20","2,329,552","115.55","17.66","18.16","17.44","0.5850","17.25","0.2371","0.2249","0.0122","17.93","35.61","17.74","34.70"
"2017-06-02T04:00:00.000Z","18.26","18.38","18.20","18.37","2,533,296","134.23","17.71","18.29","17.48","0.5789","17.27","0.2506","0.2301","0.0205","17.96","41.17","16.16","35.33"
"2017-06-05T04:00:00.000Z","18.37","18.45","18.35","18.39","2,682,352","140.27","17.76","18.38","17.51","0.5905","17.30","0.2598","0.2360","0.0238","18.00","42.41","15.37","36.15"
"2017-06-06T04:00:00.000Z","18.37","18.45","18.33","18.36","2,755,824","132.23","17.80","18.38","17.55","0.5924","17.33","0.2618","0.2412","0.0206","18.03","39.85","15.33","36.75"
"2017-06-07T04:00:00.000Z","18.41","18.44","18.31","18.40","3,537,856","126.83","17.83","18.38","17.59","0.5935","17.35","0.2635","0.2456","0.0178","18.11","37.22","15.41","37.08"
"2017-06-08T04:00:00.000Z","18.45","18.48","18.35","18.47","3,068,920","129.81","17.88","18.44","17.63","0.6043","17.38","0.2677","0.2500","0.0177","18.17","37.02","14.34","37.59"
"2017-06-09T04:00:00.000Z","18.50","18.53","17.70","17.96","14,230,880","67.31","17.90","18.22","17.67","0.5342","17.40","0.2271","0.2454","-0.0184","18.22","25.31","34.53","36.00"
"2017-06-12T04:00:00.000Z","17.78","17.87","17.50","17.82","10,732,128","8.31","17.91","17.89","17.70","0.3750","17.41","0.1818","0.2327","-0.0509","18.21","21.32","35.77","35.24"
"2017-06-13T04:00:00.000Z","17.95","18.04","17.83","17.98","4,241,272","44.50","17.93","17.90","17.73","0.2636","17.43","0.1566","0.2175","-0.0609","18.21","25.72","33.11","33.62"
"2017-06-14T04:00:00.000Z","18.06","18.07","17.73","17.88","3,849,072","29.54","17.94","17.93","17.75","0.1492","17.44","0.1268","0.1994","-0.0726","18.21","22.91","32.78","32.48"
"2017-06-15T04:00:00.000Z","17.67","17.81","17.57","17.79","4,173,704","-8.74","17.95","17.83","17.78","-0.0076","17.46","0.0953","0.1785","-0.0832","18.18","20.68","34.73","31.97"
"2017-06-16T04:00:00.000Z","17.77","17.81","17.68","17.76","5,252,424","-8.58","17.96","17.78","17.80","-0.0932","17.48","0.0673","0.1563","-0.0890","18.15","19.84","33.31","31.50"
"2017-06-19T04:00:00.000Z","17.91","18.06","17.89","18.05","3,424,480","44.91","17.97","17.91","17.83","-0.0502","17.50","0.0674","0.1385","-0.0711","18.13","26.08","30.15","29.77"
"2017-06-20T04:00:00.000Z","18.04","18.07","17.90","17.90","4,714,168","30.17","17.98","17.98","17.85","-0.0549","17.52","0.0547","0.1218","-0.0670","18.12","24.86","28.50","28.13"
"2017-06-21T04:00:00.000Z","17.95","18.03","17.92","18.02","2,194,576","35.47","17.99","17.96","17.87","-0.0549","17.54","0.0539","0.1082","-0.0543","18.10","23.80","27.29","26.61"
"2017-06-22T04:00:00.000Z","18.09","18.10","17.96","18.05","2,057,240","45.50","18.00","18.03","17.89","-0.0021","17.56","0.0548","0.0975","-0.0427","18.07","25.23","26.02","24.82"
"2017-06-23T04:00:00.000Z","18.03","18.23","18.00","18.17","3,786,096","68.03","18.01","18.11","17.91","0.0554","17.58","0.0643","0.0909","-0.0265","18.05","27.57","23.98","23.54"
"2017-06-26T04:00:00.000Z","18.28","18.32","18.05","18.07","3,440,784","69.84","18.02","18.12","17.93","0.0817","17.59","0.0633","0.0854","-0.0220","18.04","28.35","21.81","22.79"
"2017-06-27T04:00:00.000Z","18.01","18.02","17.77","17.77","4,551,456","-22.56","18.02","17.92","17.93","0.0591","17.61","0.0376","0.0758","-0.0382","18.01","25.54","29.04","21.62"
"2017-06-28T04:00:00.000Z","17.78","17.97","17.66","17.95","4,972,712","-23.18","18.01","17.86","17.94","0.0263","17.63","0.0313","0.0669","-0.0356","17.95","23.02","29.46","20.95"
"2017-06-29T04:00:00.000Z","17.87","17.87","17.47","17.63","5,286,760","-92.83","18.02","17.79","17.95","-0.0453","17.64","0.0007","0.0537","-0.0529","17.96","19.79","31.02","21.04"
"2017-06-30T04:00:00.000Z","17.69","17.73","17.59","17.61","3,129,024","-100.24","18.02","17.62","17.95","-0.1324","17.65","-0.0251","0.0379","-0.0630","17.94","18.94","29.68","21.11"
"2017-07-03T04:00:00.000Z","17.70","17.71","17.44","17.46","3,362,144","-133.44","18.01","17.53","17.94","-0.2459","17.66","-0.0565","0.0190","-0.0755","17.91","17.39","31.66","21.68"
"2017-07-05T04:00:00.000Z","17.52","17.68","17.47","17.64","3,208,672","-112.47","18.00","17.55","17.94","-0.2983","17.67","-0.0660","0.0020","-0.0680","17.90","16.26","29.61","22.21"
"2017-07-06T04:00:00.000Z","17.52","17.58","17.43","17.48","3,065,248","-140.53","17.99","17.56","17.94","-0.3559","17.69","-0.0854","-0.0155","-0.0699","17.88","15.21","29.05","22.86"
"2017-07-07T04:00:00.000Z","17.54","17.77","17.54","17.71","2,452,032","-81.39","17.98","17.60","17.94","-0.3621","17.70","-0.0814","-0.0287","-0.0527","17.85","19.76","26.55","22.27"
"2017-07-10T04:00:00.000Z","17.71","17.89","17.68","17.84","3,103,184","-41.17","17.97","17.78","17.94","-0.3389","17.72","-0.0670","-0.0363","-0.0307","17.82","22.01","24.92","21.12"
"2017-07-11T04:00:00.000Z","17.82","17.93","17.77","17.91","2,879,744","-20.51","17.96","17.88","17.94","-0.2851","17.74","-0.0496","-0.0390","-0.0106","17.81","22.24","23.73","19.85"
"2017-07-12T04:00:00.000Z","18.05","18.17","18.03","18.16","4,400,168","57.17","17.96","18.03","17.95","-0.1867","17.77","-0.0157","-0.0343","0.0186","17.81","27.83","21.84","19.29"
"2017-07-13T04:00:00.000Z","18.18","18.26","18.15","18.20","2,991,552","80.45","17.97","18.18","17.95","-0.0541","17.79","0.0144","-0.0246","0.0390","17.82","29.69","21.09","19.12"
"2017-07-14T04:00:00.000Z","18.27","18.37","18.24","18.35","2,996,968","111.00","17.97","18.27","17.97","0.0689","17.82","0.0498","-0.0097","0.0595","17.82","31.70","19.92","19.39"
"2017-07-17T04:00:00.000Z","18.37","18.40","18.31","18.36","6,019,664","117.52","17.97","18.35","17.99","0.1755","17.84","0.0778","0.0078","0.0700","17.85","31.86","19.30","19.76"
"2017-07-18T04:00:00.000Z","18.34","18.45","18.26","18.45","2,870,720","118.99","17.97","18.40","18.01","0.2699","17.86","0.1058","0.0274","0.0784","17.89","29.87","19.78","19.80"
"2017-07-19T04:00:00.000Z","18.48","18.58","18.47","18.56","2,722,104","153.30","17.98","18.50","18.03","0.3435","17.89","0.1354","0.0490","0.0864","17.94","33.13","18.86","20.34"
"2017-07-20T04:00:00.000Z","18.61","18.61","18.48","18.57","2,309,368","147.56","17.99","18.57","18.04","0.3994","17.91","0.1585","0.0709","0.0876","18.01","32.60","17.97","20.96"
"2017-07-21T04:00:00.000Z","18.50","18.55","18.47","18.54","5,376,632","128.76","17.99","18.56","18.06","0.4344","17.93","0.1716","0.0910","0.0806","18.07","31.31","17.54","21.47"
"2017-07-24T04:00:00.000Z","18.54","18.63","18.50","18.61","2,801,776","135.73","18.01","18.57","18.07","0.4709","17.95","0.1858","0.1100","0.0758","18.15","32.66","16.72","22.24"
"2017-07-25T04:00:00.000Z","18.55","18.62","18.49","18.59","2,596,192","123.36","18.03","18.60","18.08","0.5060","17.97","0.1930","0.1266","0.0664","18.23","30.96","16.49","22.83"
"2017-07-26T04:00:00.000Z","18.64","18.65","18.56","18.62","2,643,984","126.26","18.06","18.60","18.09","0.5155","17.99","0.1991","0.1411","0.0580","18.31","31.04","15.86","23.51"
"2017-07-27T04:00:00.000Z","18.72","18.72","18.22","18.45","4,290,240","87.02","18.08","18.54","18.10","0.5000","18.01","0.1882","0.1505","0.0377","18.39","25.49","25.00","21.90"
"2017-07-28T04:00:00.000Z","18.36","18.47","18.34","18.43","3,173,320","71.49","18.10","18.44","18.11","0.4703","18.02","0.1754","0.1555","0.0199","18.43","24.34","23.87","20.41"
"2017-07-31T04:00:00.000Z","18.46","18.50","18.30","18.33","7,763,736","63.05","18.12","18.38","18.11","0.4163","18.04","0.1560","0.1556","0.0004","18.46","22.62","23.65","19.11"
"2017-08-01T04:00:00.000Z","18.40","18.43","18.36","18.43","3,821,744","69.60","18.13","18.38","18.11","0.3710","18.05","0.1468","0.1538","-0.0071","18.48","21.75","22.74","17.91"
"2017-08-02T04:00:00.000Z","18.60","18.60","18.32","18.45","3,678,584","80.57","18.15","18.44","18.11","0.3260","18.06","0.1399","0.1510","-0.0112","18.51","25.67","20.44","17.44"
"2017-08-03T04:00:00.000Z","18.47","18.48","18.36","18.40","2,107,880","69.74","18.16","18.43","18.11","0.2937","18.07","0.1288","0.1466","-0.0178","18.51","24.56","19.55","17.00"
"2017-08-04T04:00:00.000Z","18.44","18.49","18.40","18.43","1,964,608","75.76","18.17","18.42","18.11","0.2812","18.09","0.1207","0.1414","-0.0207","18.52","24.32","18.85","16.69"
"2017-08-07T04:00:00.000Z","18.46","18.55","18.45","18.54","1,896,488","87.09","18.18","18.49","18.12","0.2857","18.10","0.1220","0.1375","-0.0155","18.52","25.48","17.95","16.74"
"2017-08-08T04:00:00.000Z","18.51","18.67","18.47","18.52","2,434,840","91.01","18.20","18.53","18.14","0.3032","18.11","0.1198","0.1340","-0.0142","18.51","28.24","16.54","17.41"
"2017-08-09T04:00:00.000Z","18.39","18.51","18.38","18.50","2,981,480","68.46","18.22","18.51","18.15","0.2861","18.12","0.1152","0.1302","-0.0150","18.50","26.66","19.31","17.31"
"2017-08-10T04:00:00.000Z","18.40","18.43","18.10","18.11","4,038,672","12.10","18.23","18.30","18.16","0.2480","18.12","0.0789","0.1200","-0.0410","18.49","22.64","27.03","16.70"
"2017-08-11T04:00:00.000Z","18.12","18.29","18.11","18.25","3,212,768","11.90","18.25","18.18","18.17","0.1970","18.13","0.0610","0.1082","-0.0472","18.46","21.06","25.15","16.14"
"2017-08-14T04:00:00.000Z","18.41","18.56","18.40","18.55","2,333,488","72.65","18.28","18.40","18.19","0.1845","18.15","0.0697","0.1005","-0.0307","18.44","28.32","22.34","15.83"
"2017-08-15T04:00:00.000Z","18.59","18.61","18.52","18.58","2,092,528","85.00","18.32","18.56","18.20","0.1641","18.16","0.0787","0.0961","-0.0174","18.43","29.20","21.60","15.77"
"2017-08-16T04:00:00.000Z","18.63","18.72","18.58","18.64","2,132,288","97.67","18.35","18.61","18.22","0.1800","18.18","0.0899","0.0949","-0.0050","18.45","31.70","20.48","16.18"
"2017-08-17T04:00:00.000Z","18.56","18.60","18.27","18.27","3,412,456","36.12","18.38","18.46","18.23","0.1930","18.18","0.0682","0.0895","-0.0214","18.46","27.53","28.63","15.16"
"2017-08-18T04:00:00.000Z","18.27","18.39","18.19","18.27","2,527,496","11.68","18.40","18.27","18.23","0.1916","18.19","0.0499","0.0816","-0.0317","18.45","25.65","29.54","14.58"
"2017-08-21T04:00:00.000Z","18.27","18.29","18.12","18.25","5,631,880","-3.60","18.41","18.26","18.24","0.1185","18.19","0.0334","0.0720","-0.0386","18.43","24.10","30.35","14.36"
"2017-08-22T04:00:00.000Z","18.35","18.54","18.34","18.52","2,568,984","51.75","18.43","18.38","18.25","0.0673","18.20","0.0415","0.0659","-0.0244","18.42","30.29","27.30","13.71"
"2017-08-23T04:00:00.000Z","18.43","18.53","18.40","18.48","2,136,808","51.27","18.44","18.50","18.27","0.0023","18.20","0.0447","0.0616","-0.0170","18.41","28.87","26.03","13.10"
"2017-08-24T04:00:00.000Z","18.54","18.56","18.38","18.48","2,226,648","50.06","18.45","18.48","18.28","-0.0154","18.21","0.0465","0.0586","-0.0121","18.42","28.05","24.39","12.66"
"2017-08-25T04:00:00.000Z","18.55","18.59","18.44","18.47","1,762,576","55.02","18.46","18.48","18.30","0.0083","18.21","0.0463","0.0562","-0.0098","18.42","27.81","22.98","12.43"
"2017-08-28T04:00:00.000Z","18.52","18.54","18.45","18.52","1,809,616","54.54","18.46","18.49","18.32","0.0476","18.22","0.0495","0.0548","-0.0053","18.43","26.86","22.20","12.23"
"2017-08-29T04:00:00.000Z","18.36","18.62","18.34","18.59","6,323,272","57.15","18.47","18.55","18.35","0.0447","18.22","0.0574","0.0553","0.0021","18.43","24.05","24.15","11.37"
"2017-08-30T04:00:00.000Z","18.62","18.77","18.60","18.76","2,482,328","124.61","18.47","18.68","18.38","0.0745","18.23","0.0767","0.0596","0.0171","18.47","28.00","22.54","11.33"
"2017-08-31T04:00:00.000Z","18.81","18.93","18.79","18.90","2,332,208","193.81","18.48","18.83","18.41","0.1357","18.23","0.1020","0.0681","0.0339","18.50","32.17","21.15","12.00"
"2017-09-01T04:00:00.000Z","18.94","18.96","18.86","18.89","2,365,216","210.87","18.49","18.90","18.44","0.1985","18.24","0.1196","0.0784","0.0412","18.53","32.25","20.28","12.77"
"2017-09-05T04:00:00.000Z","18.81","18.88","18.59","18.73","7,811,888","134.88","18.50","18.81","18.47","0.2343","18.25","0.1192","0.0865","0.0327","18.54","28.68","27.99","11.94"
"2017-09-06T04:00:00.000Z","18.79","18.81","18.65","18.76","2,108,440","138.55","18.50","18.74","18.49","0.2790","18.27","0.1199","0.0932","0.0267","18.56","26.97","26.32","11.18"
"2017-09-07T04:00:00.000Z","18.80","18.87","18.75","18.84","2,195,760","173.20","18.51","18.80","18.50","0.2965","18.28","0.1260","0.0998","0.0262","18.60","27.98","25.15","10.76"
"2017-09-08T04:00:00.000Z","18.83","18.83","18.68","18.70","1,678,120","120.42","18.52","18.77","18.52","0.2689","18.30","0.1174","0.1033","0.0141","18.64","26.21","26.38","10.01"
"2017-09-11T04:00:00.000Z","18.85","18.99","18.85","18.98","1,802,784","205.80","18.54","18.84","18.53","0.2594","18.32","0.1316","0.1090","0.0227","18.68","29.19","23.51","10.07"
"2017-09-12T04:00:00.000Z","19.04","19.05","18.93","19.01","1,871,600","210.32","18.56","18.99","18.55","0.2973","18.34","0.1440","0.1160","0.0280","18.73","30.11","22.43","10.39"
"2017-09-13T04:00:00.000Z","18.98","18.98","18.92","18.97","3,476,072","176.28","18.58","18.99","18.56","0.3305","18.35","0.1492","0.1226","0.0266","18.76","29.01","21.91","10.65"
"2017-09-14T04:00:00.000Z","18.91","19.00","18.86","18.92","1,849,216","147.99","18.59","18.95","18.57","0.3404","18.37","0.1476","0.1276","0.0200","18.79","27.44","22.95","10.52"
"2017-09-15T04:00:00.000Z","18.91","19.00","18.86","18.98","1,801,896","142.35","18.61","18.95","18.58","0.3603","18.39","0.1489","0.1319","0.0170","18.82","26.14","21.64","10.44"
"2017-09-18T04:00:00.000Z","19.01","19.08","18.94","19.00","3,212,064","149.03","18.63","18.99","18.59","0.3607","18.40","0.1498","0.1354","0.0143","18.87","27.78","20.36","10.80"
"2017-09-19T04:00:00.000Z","19.04","19.09","18.98","19.06","4,009,808","148.65","18.65","19.03","18.60","0.3522","18.42","0.1540","0.1392","0.0148","18.90","27.02","19.41","11.20"
"2017-09-20T04:00:00.000Z","19.05","19.05","18.83","18.97","4,621,832","108.55","18.66","19.01","18.61","0.3364","18.43","0.1479","0.1409","0.0070","18.92","24.39","23.97","10.46"
"2017-09-21T04:00:00.000Z","18.95","18.95","18.79","18.86","2,000,384","77.21","18.68","18.91","18.62","0.3111","18.45","0.1330","0.1393","-0.0063","18.92","22.61","23.73","9.88"
"2017-09-22T04:00:00.000Z","18.79","18.90","18.79","18.88","2,081,504","69.00","18.70","18.87","18.63","0.2812","18.47","0.1210","0.1357","-0.0146","18.92","21.53","22.86","9.39"
"2017-09-25T04:00:00.000Z","18.82","18.82","18.53","18.62","5,806,888","7.57","18.71","18.75","18.64","0.2093","18.48","0.0897","0.1265","-0.0368","18.92","18.57","29.88","10.39"
"2017-09-26T04:00:00.000Z","18.71","18.77","18.62","18.68","3,912,344","16.00","18.72","18.65","18.64","0.1373","18.50","0.0691","0.1150","-0.0459","18.91","17.45","28.07","11.31"
"2017-09-27T04:00:00.000Z","18.74","18.91","18.72","18.85","3,042,400","57.21","18.73","18.77","18.65","0.1016","18.52","0.0659","0.1052","-0.0393","18.91","21.56","25.47","11.10"
"2017-09-28T04:00:00.000Z","18.83","18.88","18.77","18.88","2,148,328","59.38","18.74","18.87","18.67","0.0767","18.54","0.0649","0.0971","-0.0322","18.91","20.59","24.33","10.90"
"2017-09-29T04:00:00.000Z","18.92","19.02","18.89","19.00","6,312,768","94.46","18.76","18.94","18.68","0.0776","18.57","0.0729","0.0923","-0.0194","18.90","24.99","22.94","10.43"
"2017-10-02T04:00:00.000Z","19.05","19.10","18.95","19.05","4,091,256","109.48","18.79","19.03","18.70","0.1318","18.59","0.0826","0.0903","-0.0078","18.90","26.86","21.48","10.48"
"2017-10-03T04:00:00.000Z","19.09","19.11","19.05","19.10","3,271,528","119.06","18.81","19.08","18.71","0.1938","18.61","0.0931","0.0909","0.0022","18.92","26.42","20.96","10.55"
"2017-10-04T04:00:00.000Z","19.07","19.12","19.01","19.09","2,832,120","108.36","18.83","19.10","18.72","0.2308","18.63","0.0994","0.0926","0.0068","18.93","25.12","21.92","10.29"
"2017-10-05T04:00:00.000Z","19.17","19.28","19.13","19.27","2,219,280","147.45","18.86","19.18","18.74","0.2841","18.65","0.1175","0.0976","0.0200","18.94","30.14","20.09","10.98"
"2017-10-06T04:00:00.000Z","19.23","19.34","19.20","19.33","2,334,232","158.40","18.89","19.30","18.77","0.3180","18.67","0.1351","0.1051","0.0300","18.96","30.81","18.90","11.91"
"2017-10-09T04:00:00.000Z","19.37","19.42","19.35","19.37","2,471,328","177.32","18.92","19.35","18.80","0.3546","18.69","0.1507","0.1142","0.0365","18.98","33.34","18.12","13.17"
"2017-10-10T04:00:00.000Z","19.43","19.49","19.29","19.38","1,958,376","170.33","18.95","19.38","18.82","0.3888","18.70","0.1622","0.1238","0.0384","19.02","33.62","16.48","14.67"
"2017-10-11T04:00:00.000Z","19.37","19.47","19.36","19.46","2,212,648","171.73","18.98","19.42","18.84","0.4312","18.72","0.1757","0.1342","0.0415","19.06","31.99","15.68","16.07"
"2017-10-12T04:00:00.000Z","19.45","19.55","19.44","19.48","5,271,824","175.34","19.00","19.47","18.87","0.4584","18.74","0.1854","0.1444","0.0410","19.11","34.11","14.91","17.72"
"2017-10-13T04:00:00.000Z","19.56","19.61","19.51","19.57","2,424,896","184.11","19.02","19.52","18.90","0.4856","18.75","0.1980","0.1552","0.0429","19.18","34.92","13.99","19.51"
"2017-10-16T04:00:00.000Z","19.61","19.64","19.56","19.62","2,202,976","185.08","19.05","19.59","18.93","0.4960","18.77","0.2098","0.1661","0.0437","19.24","34.96","13.44","21.29"
"2017-10-17T04:00:00.000Z","19.61","19.62","19.56","19.61","2,773,120","173.53","19.08","19.61","18.97","0.5028","18.79","0.2159","0.1761","0.0398","19.30","33.95","13.05","22.95"
"2017-10-18T04:00:00.000Z","19.68","19.71","19.61","19.68","2,056,048","177.20","19.11","19.64","18.99","0.5237","18.81","0.2236","0.1856","0.0380","19.36","37.15","12.34","24.89"
"2017-10-19T04:00:00.000Z","19.57","19.61","19.45","19.61","2,286,680","138.12","19.13","19.64","19.02","0.5113","18.82","0.2218","0.1928","0.0290","19.40","32.94","19.13","25.01"
"2017-10-20T04:00:00.000Z","19.73","19.78","19.71","19.74","2,575,632","169.43","19.17","19.68","19.05","0.5236","18.84","0.2284","0.1999","0.0285","19.45","38.53","17.54","25.89"
"2017-10-23T04:00:00.000Z","19.80","19.80","19.65","19.67","2,684,632","147.83","19.19","19.71","19.08","0.5201","18.86","0.2253","0.2050","0.0203","19.51","35.58","19.13","26.19"
"2017-10-24T04:00:00.000Z","19.70","19.76","19.65","19.73","12,345,048","137.80","19.21","19.70","19.11","0.5146","18.89","0.2254","0.2091","0.0163","19.55","33.46","18.07","26.46"
"2017-10-25T04:00:00.000Z","19.69","19.77","19.52","19.66","4,807,128","114.53","19.24","19.70","19.14","0.4863","18.91","0.2171","0.2107","0.0064","19.58","29.39","21.99","25.59"
"2017-10-26T04:00:00.000Z","19.76","19.81","19.71","19.75","5,243,248","127.54","19.26","19.70","19.17","0.5028","18.93","0.2147","0.2115","0.0032","19.61","29.04","20.48","25.00"
"2017-10-27T04:00:00.000Z","20.06","20.30","20.05","20.25","6,008,808","199.78","19.31","20.00","19.20","0.5523","18.96","0.2506","0.2193","0.0313","19.66","42.13","15.97","26.43"
"2017-10-30T04:00:00.000Z","20.27","20.37","20.21","20.32","4,679,608","197.94","19.35","20.28","19.24","0.6267","18.99","0.2811","0.2317","0.0494","19.73","42.15","14.94","27.95"
"2017-10-31T04:00:00.000Z","20.39","20.45","20.30","20.40","5,731,760","195.45","19.40","20.36","19.28","0.7190","19.02","0.3089","0.2471","0.0618","19.80","42.94","14.03","29.57"
"2017-11-01T04:00:00.000Z","20.50","20.51","20.28","20.40","5,999,720","181.82","19.44","20.40","19.32","0.8268","19.05","0.3265","0.2630","0.0635","19.87","41.51","12.76","31.25"
"2017-11-02T04:00:00.000Z","20.38","20.43","20.25","20.41","2,616,552","162.98","19.50","20.40","19.36","0.9012","19.09","0.3378","0.2780","0.0599","19.93","38.69","13.13","32.54"
"2017-11-03T04:00:00.000Z","20.53","20.59","20.39","20.57","7,180,944","174.65","19.55","20.49","19.40","0.9208","19.13","0.3558","0.2935","0.0623","20.00","42.23","12.09","34.18"
"2017-11-06T05:00:00.000Z","20.59","20.67","20.58","20.67","3,505,376","177.61","19.62","20.62","19.45","0.9418","19.17","0.3732","0.3095","0.0638","20.07","43.79","11.61","35.88"
"2017-11-07T05:00:00.000Z","20.70","20.70","20.57","20.66","3,400,424","164.18","19.69","20.66","19.49","0.9438","19.20","0.3819","0.3240","0.0580","20.16","42.54","11.03","37.52"
"2017-11-08T05:00:00.000Z","20.66","20.78","20.61","20.78","2,352,640","162.25","19.75","20.72","19.53","0.9488","19.24","0.3939","0.3380","0.0560","20.23","42.98","10.23","39.24"
"2017-11-09T05:00:00.000Z","20.62","20.64","20.38","20.59","4,783,328","128.97","19.81","20.69","19.57","0.9332","19.27","0.3841","0.3472","0.0369","20.30","36.45","17.33","38.98"
"2017-11-10T05:00:00.000Z","20.56","20.61","20.52","20.60","2,346,600","126.05","19.86","20.60","19.62","0.8922","19.31","0.3726","0.3523","0.0204","20.36","35.05","16.66","38.73"
"2017-11-13T05:00:00.000Z","20.54","20.61","20.50","20.60","1,976,104","117.09","19.91","20.60","19.66","0.8232","19.35","0.3591","0.3536","0.0055","20.43","33.54","16.50","38.40"
"2017-11-14T05:00:00.000Z","20.54","20.59","20.45","20.56","4,284,000","105.51","19.96","20.58","19.69","0.7497","19.39","0.3415","0.3512","-0.0097","20.49","31.52","17.67","37.67"
"2017-11-15T05:00:00.000Z","20.46","20.48","20.34","20.40","3,724,368","85.25","20.00","20.48","19.73","0.6469","19.42","0.3114","0.3432","-0.0319","20.52","28.72","20.57","36.16"
"2017-11-16T05:00:00.000Z","20.54","20.73","20.53","20.68","4,862,264","107.31","20.05","20.54","19.77","0.6226","19.46","0.3066","0.3359","-0.0293","20.54","34.54","18.01","35.82"
"2017-11-17T05:00:00.000Z","20.67","20.67","20.56","20.58","2,453,304","95.29","20.09","20.63","19.82","0.5859","19.49","0.2911","0.3270","-0.0359","20.56","32.84","17.12","35.51"
"2017-11-20T05:00:00.000Z","20.61","20.67","20.60","20.65","2,966,680","93.91","20.14","20.62","19.87","0.5562","19.53","0.2813","0.3178","-0.0365","20.57","31.70","16.48","35.23"
"2017-11-21T05:00:00.000Z","20.76","20.91","20.74","20.91","2,857,088","112.34","20.19","20.78","19.92","0.5662","19.57","0.2907","0.3124","-0.0217","20.60","37.74","14.82","35.83"
"2017-11-22T05:00:00.000Z","20.92","20.92","20.83","20.85","2,831,672","107.99","20.23","20.88","19.97","0.6099","19.60","0.2904","0.3080","-0.0176","20.63","36.78","14.27","36.42"
"2017-11-24T05:00:00.000Z","20.90","20.98","20.88","20.97","1,537,896","111.54","20.28","20.91","20.03","0.6210","19.64","0.2964","0.3057","-0.0093","20.65","37.28","13.50","37.16"
"2017-11-27T05:00:00.000Z","20.95","20.99","20.89","20.95","2,609,520","106.51","20.33","20.96","20.07","0.6404","19.68","0.2960","0.3037","-0.0078","20.67","36.12","12.93","37.89"
"2017-11-28T05:00:00.000Z","20.99","21.03","20.89","21.00","3,306,128","105.51","20.38","20.98","20.12","0.6587","19.71","0.2964","0.3023","-0.0059","20.70","35.51","12.14","38.68"
"2017-11-29T05:00:00.000Z","20.98","20.99","20.31","20.46","7,085,128","55.82","20.40","20.73","20.16","0.5869","19.74","0.2499","0.2918","-0.0419","20.73","26.87","29.50","36.26"
"2017-11-30T05:00:00.000Z","20.56","20.68","20.46","20.63","3,742,408","54.03","20.43","20.54","20.20","0.4946","19.77","0.2242","0.2783","-0.0541","20.72","24.75","27.17","34.00"
"2017-12-01T05:00:00.000Z","20.52","20.61","20.19","20.51","9,050,080","31.75","20.47","20.57","20.23","0.3642","19.80","0.1924","0.2611","-0.0687","20.72","21.28","32.01","33.01"
"2017-12-04T05:00:00.000Z","20.64","20.67","20.10","20.11","6,482,168","8.62","20.48","20.31","20.25","0.2296","19.82","0.1335","0.2356","-0.1021","20.73","17.77","29.40","32.41"
"2017-12-05T05:00:00.000Z","20.09","20.39","20.00","20.16","11,914,496","-11.18","20.49","20.14","20.27","0.0594","19.84","0.0895","0.2064","-0.1169","20.70","15.83","28.97","32.19"
"2017-12-06T05:00:00.000Z","20.06","20.33","20.03","20.29","10,682,768","-9.96","20.51","20.22","20.29","-0.0498","19.86","0.0643","0.1780","-0.1136","20.67","14.51","26.56","31.99"
"2017-12-07T05:00:00.000Z","20.30","20.47","20.30","20.43","6,937,592","18.12","20.54","20.36","20.31","-0.1119","19.89","0.0555","0.1535","-0.0980","20.64","17.69","25.20","30.95"
"2017-12-08T05:00:00.000Z","20.59","20.64","20.48","20.51","3,775,904","40.39","20.56","20.47","20.34","-0.1047","19.91","0.0541","0.1336","-0.0795","20.64","21.50","23.72","29.09"
"2017-12-11T05:00:00.000Z","20.51","20.68","20.51","20.68","3,516,760","53.30","20.58","20.59","20.37","-0.0877","19.94","0.0655","0.1200","-0.0545","20.62","21.63","22.53","27.16"
"2017-12-12T05:00:00.000Z","20.67","20.72","20.58","20.62","2,660,968","55.11","20.59","20.65","20.39","-0.0243","19.97","0.0695","0.1099","-0.0404","20.60","21.83","21.61","25.26"
"2017-12-13T05:00:00.000Z","20.70","20.74","20.62","20.64","3,497,968","59.16","20.60","20.63","20.42","0.0460","20.00","0.0735","0.1026","-0.0291","20.58","21.75","20.80","23.61"
"2017-12-14T05:00:00.000Z","20.63","20.70","20.56","20.57","2,433,512","42.62","20.60","20.61","20.44","0.0685","20.02","0.0700","0.0961","-0.0261","20.56","20.78","22.00","22.13"
"2017-12-15T05:00:00.000Z","20.64","20.84","20.57","20.81","3,888,440","72.31","20.62","20.69","20.47","0.0825","20.06","0.0852","0.0939","-0.0087","20.53","23.54","20.12","21.11"
"2017-12-18T05:00:00.000Z","20.95","21.02","20.94","21.00","3,600,504","134.20","20.63","20.91","20.50","0.1387","20.09","0.1119","0.0975","0.0144","20.53","27.66","18.76","20.97"
"2017-12-19T05:00:00.000Z","20.97","20.98","20.83","20.89","5,019,528","110.53","20.64","20.95","20.53","0.1734","20.13","0.1226","0.1025","0.0201","20.56","26.12","21.17","20.22"
"2017-12-20T05:00:00.000Z","20.97","20.98","20.77","20.87","4,677,048","102.09","20.64","20.88","20.56","0.1973","20.16","0.1278","0.1076","0.0202","20.59","24.33","21.77","19.17"
"2017-12-21T05:00:00.000Z","20.91","20.95","20.80","20.82","3,453,840","96.23","20.65","20.84","20.59","0.2306","20.20","0.1262","0.1113","0.0149","20.62","23.14","20.71","18.20"
"2017-12-22T05:00:00.000Z","20.81","20.86","20.75","20.79","2,173,400","74.83","20.65","20.81","20.62","0.2406","20.23","0.1216","0.1134","0.0082","20.67","22.27","21.64","17.00"
"2017-12-26T05:00:00.000Z","20.67","20.67","20.56","20.65","2,615,872","3.48","20.65","20.72","20.63","0.1677","20.26","0.1050","0.1117","-0.0067","20.72","20.49","26.41","16.69"
"2017-12-27T05:00:00.000Z","20.65","20.71","20.63","20.68","2,235,496","20.85","20.66","20.66","20.63","0.1203","20.28","0.0933","0.1080","-0.0147","20.74","21.46","25.64","16.13"
"2017-12-28T05:00:00.000Z","20.74","20.74","20.67","20.70","3,792,560","30.56","20.66","20.69","20.64","0.0866","20.31","0.0847","0.1033","-0.0187","20.76","22.01","24.91","15.42"
"2017-12-29T05:00:00.000Z","20.73","20.75","20.59","20.59","3,431,272","0.5932","20.67","20.65","20.65","0.0405","20.34","0.0683","0.0963","-0.0280","20.77","20.68","26.51","15.20"
"2018-01-02T05:00:00.000Z","20.68","20.87","20.64","20.87","9,135,232","66.57","20.67","20.73","20.66","0.0254","20.36","0.0772","0.0925","-0.0153","20.77","23.21","23.78","14.20"
"2018-01-03T05:00:00.000Z","20.91","21.11","20.91","21.09","5,598,904","163.40","20.69","20.98","20.67","0.0918","20.39","0.1006","0.0941","0.0065","20.79","29.76","21.73","14.30"
"2018-01-04T05:00:00.000Z","21.19","21.27","21.15","21.21","4,270,344","211.74","20.71","21.15","20.68","0.1794","20.42","0.1275","0.1008","0.0267","20.83","33.45","20.32","15.02"
"2018-01-05T05:00:00.000Z","21.32","21.45","21.28","21.44","5,935,600","246.14","20.73","21.32","20.70","0.2835","20.46","0.1651","0.1137","0.0515","20.89","37.09","18.58","16.33"
"2018-01-08T05:00:00.000Z","21.45","21.56","21.41","21.54","5,086,536","249.21","20.75","21.49","20.72","0.4226","20.49","0.2009","0.1311","0.0698","20.92","39.00","17.57","17.87"
"2018-01-09T05:00:00.000Z","21.58","21.59","21.43","21.48","4,617,720","221.39","20.77","21.51","20.75","0.5475","20.52","0.2223","0.1494","0.0729","20.97","37.80","16.55","19.38"
"2018-01-10T05:00:00.000Z","21.38","21.43","21.31","21.41","3,386,488","169.36","20.78","21.45","20.77","0.5966","20.56","0.2309","0.1657","0.0652","21.00","35.31","20.16","19.95"
"2018-01-11T05:00:00.000Z","21.47","21.55","21.43","21.55","3,699,416","186.00","20.80","21.49","20.79","0.6330","20.59","0.2462","0.1818","0.0644","21.05","38.34","19.10","20.92"
"2018-01-12T05:00:00.000Z","21.53","21.70","21.50","21.68","3,983,800","195.07","20.84","21.62","20.82","0.6585","20.62","0.2653","0.1985","0.0668","21.10","40.92","17.66","22.26"
"2018-01-16T05:00:00.000Z","21.82","21.89","21.52","21.58","5,489,344","186.68","20.87","21.63","20.85","0.6791","20.65","0.2694","0.2127","0.0567","21.19","42.20","15.38","24.00"
"2018-01-17T05:00:00.000Z","21.71","21.93","21.64","21.91","3,756,488","200.87","20.92","21.75","20.88","0.7083","20.69","0.2959","0.2293","0.0666","21.27","38.57","13.61","25.70"
"2018-01-18T05:00:00.000Z","21.91","22.01","21.87","21.95","4,220,640","201.50","20.98","21.93","20.91","0.7939","20.73","0.3167","0.2468","0.0699","21.36","39.56","12.94","27.49"
"2018-01-19T05:00:00.000Z","21.99","22.03","21.90","22.00","3,587,016","187.09","21.04","21.98","20.95","0.8502","20.77","0.3332","0.2641","0.0691","21.46","38.56","12.33","29.20"
"2018-01-22T05:00:00.000Z","21.99","22.17","21.93","22.17","3,823,688","185.17","21.11","22.09","20.98","0.8971","20.81","0.3558","0.2824","0.0734","21.56","40.18","11.32","31.12"
"2018-01-23T05:00:00.000Z","22.21","22.33","22.21","22.31","4,268,784","191.59","21.17","22.24","21.01","0.9552","20.85","0.3802","0.3020","0.0783","21.66","43.46","10.70","33.22"
"2018-01-24T05:00:00.000Z","22.34","22.38","22.01","22.11","5,635,360","157.36","21.22","22.21","21.04","0.9848","20.89","0.3792","0.3174","0.0618","21.75","38.15","15.99","33.77"
"2018-01-25T05:00:00.000Z","22.24","22.27","21.99","22.05","5,583,376","135.58","21.27","22.08","21.07","0.9664","20.92","0.3695","0.3278","0.0417","21.82","34.74","15.22","34.15"
"2018-01-26T05:00:00.000Z","22.19","22.40","22.16","22.40","3,273,208","148.83","21.33","22.22","21.10","0.9670","20.96","0.3855","0.3394","0.0461","21.87","35.10","13.55","34.87"
"2018-01-29T05:00:00.000Z","22.36","22.36","22.17","22.21","4,627,080","129.95","21.38","22.31","21.15","0.9542","20.99","0.3789","0.3473","0.0316","21.93","32.56","12.57","35.54"
"2018-01-30T05:00:00.000Z","22.01","22.12","21.93","21.99","6,538,208","96.26","21.43","22.10","21.18","0.8623","21.01","0.3516","0.3481","0.0035","21.98","29.70","18.87","34.60"
"2018-01-31T05:00:00.000Z","22.12","22.19","22.01","22.15","6,599,600","101.60","21.47","22.07","21.22","0.7981","21.04","0.3386","0.3462","-0.0076","22.03","29.96","17.72","33.96"
"2018-02-01T05:00:00.000Z","22.05","22.29","22.04","22.13","3,925,896","100.15","21.51","22.14","21.27","0.7599","21.07","0.3233","0.3416","-0.0184","22.07","30.73","16.34","33.72"
"2018-02-02T05:00:00.000Z","21.89","21.90","21.50","21.51","6,183,752","39.14","21.53","21.82","21.31","0.6145","21.08","0.2579","0.3249","-0.0670","22.08","25.37","28.31","31.70"
"2018-02-05T05:00:00.000Z","21.28","21.68","20.64","20.67","13,896,760","-38.97","21.52","21.09","21.32","0.3779","21.08","0.1367","0.2873","-0.1506","22.05","19.41","41.04","31.99"
"2018-02-06T05:00:00.000Z","20.35","21.23","20.20","21.19","13,515,680","-56.31","21.53","20.93","21.34","0.1161","21.09","0.0818","0.2462","-0.1644","21.93","15.50","41.41","32.96"
"2018-02-07T05:00:00.000Z","21.16","21.36","20.95","20.95","10,809,464","-32.57","21.54","21.07","21.35","-0.0773","21.10","0.0189","0.2007","-0.1818","21.86","16.80","38.05","33.37"
"2018-02-08T05:00:00.000Z","21.03","21.05","20.07","20.09","7,523,136","-116.90","21.52","20.52","21.33","-0.3869","21.09","-0.0993","0.1407","-0.2400","21.79","13.97","46.69","34.84"
"2018-02-09T05:00:00.000Z","20.39","20.70","19.75","20.57","10,196,232","-122.39","21.52","20.33","21.33","-0.6635","21.09","-0.1522","0.0821","-0.2343","21.65","11.86","44.86","36.51"
"2018-02-12T05:00:00.000Z","20.78","21.06","20.64","20.94","6,021,016","-56.86","21.53","20.76","21.34","-0.7251","21.09","-0.1625","0.0332","-0.1957","21.53","16.67","41.42","36.94"
"2018-02-13T05:00:00.000Z","20.81","21.05","20.77","21.01","4,084,696","-51.14","21.54","20.97","21.35","-0.6898","21.10","-0.1636","-0.0062","-0.1574","21.42","15.92","39.54","37.35"
"2018-02-14T05:00:00.000Z","20.89","21.46","20.82","21.43","4,979,520","-15.38","21.56","21.22","21.37","-0.7081","21.12","-0.1284","-0.0306","-0.0978","21.32","20.83","35.54","36.54"
"2018-02-15T05:00:00.000Z","21.64","21.85","21.39","21.85","5,687,816","41.56","21.58","21.64","21.39","-0.5247","21.14","-0.0663","-0.0377","-0.0286","21.26","25.33","32.98","34.87"
"2018-02-16T05:00:00.000Z","21.79","22.02","21.70","21.79","7,196,464","56.97","21.60","21.82","21.41","-0.2315","21.16","-0.0213","-0.0345","0.0131","21.24","26.72","31.32","32.95"
"2018-02-20T05:00:00.000Z","21.67","22.01","21.66","21.85","12,955,152","54.74","21.62","21.82","21.43","-0.0686","21.17","0.0185","-0.0239","0.0423","21.21","25.18","30.16","31.24"
"2018-02-21T05:00:00.000Z","21.94","22.13","21.73","21.74","4,134,216","55.41","21.62","21.79","21.46","0.1012","21.19","0.0407","-0.0110","0.0517","21.20","25.40","28.23","29.38"
"2018-02-22T05:00:00.000Z","21.81","21.94","21.69","21.75","3,286,960","42.99","21.63","21.74","21.48","0.2118","21.20","0.0583","0.0029","0.0554","21.19","24.33","27.83","27.76"
"2018-02-23T05:00:00.000Z","21.92","22.19","21.87","22.19","3,155,928","79.91","21.66","21.97","21.52","0.2701","21.22","0.1067","0.0237","0.0831","21.24","26.74","25.76","25.91"
"2018-02-26T05:00:00.000Z","22.29","22.52","22.29","22.52","7,979,576","124.52","21.69","22.35","21.56","0.3492","21.25","0.1699","0.0529","0.1170","21.39","30.95","24.28","24.92"
"2018-02-27T05:00:00.000Z","22.54","22.64","22.31","22.31","10,240,640","116.78","21.71","22.42","21.60","0.4476","21.28","0.2010","0.0825","0.1184","21.50","31.13","22.93","24.23"
"2018-02-28T05:00:00.000Z","22.43","22.54","22.17","22.17","3,655,808","95.43","21.73","22.24","21.64","0.5075","21.30","0.2114","0.1083","0.1031","21.61","29.11","24.00","23.18"
"2018-03-01T05:00:00.000Z","22.23","22.30","21.63","21.82","10,121,328","38.25","21.73","21.99","21.67","0.5209","21.32","0.1893","0.1245","0.0648","21.75","25.85","30.27","22.09"
"2018-03-02T05:00:00.000Z","21.57","22.10","21.49","22.06","5,247,104","30.95","21.73","21.94","21.69","0.4649","21.36","0.1893","0.1374","0.0518","21.81","23.31","29.53","21.35"
"2018-03-05T05:00:00.000Z","21.95","22.36","21.90","22.29","3,785,576","74.67","21.74","22.18","21.72","0.3943","21.39","0.2052","0.1510","0.0542","21.90","25.82","27.35","20.03"
"2018-03-06T05:00:00.000Z","22.40","22.45","22.25","22.36","52,515,624","97.09","21.75","22.33","21.74","0.3502","21.43","0.2212","0.1650","0.0562","22.01","26.49","26.41","18.61"
"2018-03-07T05:00:00.000Z","22.20","22.53","22.14","22.50","5,213,840","98.20","21.75","22.43","21.77","0.3300","21.46","0.2426","0.1805","0.0620","22.06","24.73","26.50","17.53"
"2018-03-08T05:00:00.000Z","22.58","22.63","22.46","22.59","4,468,560","119.23","21.77","22.55","21.79","0.4283","21.50","0.2635","0.1971","0.0664","22.12","25.83","25.70","16.30"
"2018-03-09T05:00:00.000Z","22.76","23.04","22.74","23.04","5,372,040","168.29","21.80","22.82","21.83","0.6199","21.53","0.3125","0.2202","0.0923","22.20","30.93","23.69","16.08"
"2018-03-12T04:00:00.000Z","23.11","23.20","23.04","23.12","6,231,560","183.28","21.83","23.08","21.87","0.7864","21.58","0.3538","0.2469","0.1069","22.29","33.01","22.95","16.22"
"2018-03-13T04:00:00.000Z","23.23","23.30","22.76","22.84","6,681,592","150.82","21.85","22.98","21.90","0.9001","21.61","0.3598","0.2695","0.0903","22.40","29.87","25.65","15.60"
"2018-03-14T04:00:00.000Z","22.95","22.98","22.73","22.84","3,963,648","126.93","21.88","22.84","21.93","0.9846","21.65","0.3608","0.2878","0.0731","22.48","28.51","25.11","14.94"
"2018-03-15T04:00:00.000Z","22.86","22.98","22.74","22.85","3,107,632","120.35","21.90","22.85","21.96","1.03","21.68","0.3579","0.3018","0.0561","22.52","27.28","23.99","14.33"
"2018-03-16T04:00:00.000Z","22.84","22.91","22.74","22.78","2,503,288","107.66","21.92","22.81","21.98","0.9971","21.71","0.3457","0.3106","0.0351","22.55","26.38","23.20","13.77"
"2018-03-19T04:00:00.000Z","22.58","22.58","22.13","22.33","5,984,728","45.96","21.95","22.55","21.99","0.8413","21.74","0.2964","0.3077","-0.0113","22.56","23.20","31.87","13.91"
"2018-03-20T04:00:00.000Z","22.27","22.42","22.22","22.35","3,238,224","43.10","22.00","22.34","21.99","0.6912","21.76","0.2562","0.2974","-0.0412","22.56","22.29","30.63","14.04"
"2018-03-21T04:00:00.000Z","22.31","22.53","22.18","22.25","3,920,784","41.76","22.04","22.30","21.99","0.5845","21.79","0.2141","0.2808","-0.0667","22.62","22.88","28.57","13.83"
"2018-03-22T04:00:00.000Z","21.96","22.11","21.64","21.66","5,284,144","-22.33","22.06","21.96","21.98","0.3960","21.80","0.1309","0.2508","-0.1199","22.62","20.30","35.32","14.77"
"2018-03-23T04:00:00.000Z","21.62","21.73","21.07","21.08","6,452,600","-80.94","22.10","21.37","21.95","0.1199","21.81","0.0182","0.2043","-0.1861","22.56","17.96","41.28","16.53"
"2018-03-26T04:00:00.000Z","21.50","21.90","21.21","21.88","4,457,160","-34.49","22.14","21.48","21.94","-0.0519","21.83","-0.0064","0.1621","-0.1686","22.51","18.29","35.72","17.65"
"2018-03-27T04:00:00.000Z","22.03","22.03","20.98","21.14","7,931,488","-65.08","22.15","21.51","21.91","-0.2386","21.84","-0.0849","0.1127","-0.1977","22.46","15.42","33.51","19.03"
"2018-03-28T04:00:00.000Z","21.08","21.25","20.81","20.93","6,792,552","-104.66","22.14","21.03","21.89","-0.5008","21.84","-0.1621","0.0578","-0.2199","22.33","14.39","33.85","20.55"
"2018-03-29T04:00:00.000Z","21.08","21.59","20.93","21.38","4,537,552","-65.88","22.14","21.15","21.87","-0.6441","21.85","-0.1850","0.0092","-0.1942","22.18","17.96","30.58","20.94"
"2018-04-02T04:00:00.000Z","21.28","21.38","20.62","20.86","7,639,064","-99.34","22.11","21.12","21.84","-0.7476","21.85","-0.2420","-0.0410","-0.2009","22.03","16.03","31.75","21.80"
"2018-04-03T04:00:00.000Z","21.03","21.10","20.72","21.05","5,156,320","-94.09","22.08","20.95","21.83","-0.8771","21.84","-0.2688","-0.0866","-0.1822","21.88","15.16","30.03","22.59"
"2018-04-04T04:00:00.000Z","20.64","21.39","20.58","21.33","4,649,416","-79.62","22.07","21.19","21.84","-0.9834","21.84","-0.2645","-0.1222","-0.1423","21.71","17.40","26.69","22.48"
"2018-04-05T04:00:00.000Z","21.52","21.57","21.27","21.42","3,403,952","-47.23","22.06","21.37","21.85","-0.9127","21.84","-0.2509","-0.1479","-0.1030","21.61","19.22","25.57","21.89"
"2018-04-06T04:00:00.000Z","21.20","21.39","20.80","20.90","3,951,992","-90.32","22.03","21.16","21.85","-0.9309","21.83","-0.2787","-0.1741","-0.1046","21.50","17.56","29.99","22.19"
"2018-04-09T04:00:00.000Z","21.05","21.46","21.02","21.04","3,307,088","-78.83","21.99","20.97","21.87","-0.8645","21.82","-0.2859","-0.1964","-0.0895","21.41","17.12","27.68","22.29"
"2018-04-10T04:00:00.000Z","21.38","21.65","21.28","21.56","5,020,200","-47.65","21.96","21.30","21.89","-0.7434","21.82","-0.2471","-0.2066","-0.0405","21.34","18.28","25.40","21.86"
"2018-04-11T04:00:00.000Z","21.43","21.67","21.36","21.47","3,115,920","-50.23","21.93","21.52","21.91","-0.6250","21.82","-0.2209","-0.2094","-0.0114","21.29","17.78","24.31","21.41"
"2018-04-12T04:00:00.000Z","21.61","21.84","21.57","21.74","2,428,264","-26.88","21.92","21.61","21.93","-0.5653","21.82","-0.1765","-0.2028","0.0264","21.29","19.27","23.04","20.52"
"2018-04-13T04:00:00.000Z","21.87","21.90","21.55","21.65","3,797,168","-30.94","21.91","21.70","21.93","-0.4302","21.82","-0.1466","-0.1916","0.0450","21.32","19.18","21.89","19.52"
"2018-04-16T04:00:00.000Z","21.79","21.89","21.66","21.80","2,748,200","-20.51","21.90","21.73","21.93","-0.3050","21.82","-0.1095","-0.1752","0.0657","21.30","18.48","21.08","18.60"
"2018-04-17T04:00:00.000Z","22.00","22.32","21.96","22.25","3,833,376","29.40","21.90","22.03","21.94","-0.1600","21.82","-0.0431","-0.1488","0.1056","21.38","23.49","19.43","17.94"
"2018-04-18T04:00:00.000Z","22.24","22.29","22.06","22.22","3,199,328","29.57","21.89","22.24","21.95","-0.0226","21.82","0.0064","-0.1177","0.1241","21.46","22.64","18.72","17.34"
"2018-04-19T04:00:00.000Z","22.08","22.09","21.88","21.96","3,044,112","1.47","21.88","22.09","21.96","0.0322","21.81","0.0242","-0.0893","0.1136","21.53","21.41","20.65","16.23"
"2018-04-20T04:00:00.000Z","21.90","21.91","21.57","21.65","6,594,144","-32.15","21.85","21.80","21.95","0.0366","21.81","0.0134","-0.0688","0.0822","21.59","20.07","24.33","15.75"
"2018-04-23T04:00:00.000Z","21.74","21.80","21.46","21.56","2,988,344","-43.42","21.80","21.60","21.94","0.0221","21.80","-0.0024","-0.0555","0.0531","21.68","18.96","24.74","15.58"
"2018-04-24T04:00:00.000Z","21.66","21.72","20.99","21.15","5,121,592","-79.83","21.73","21.36","21.90","-0.1055","21.78","-0.0472","-0.0538","0.0066","21.69","16.80","29.25","16.40"
"2018-04-25T04:00:00.000Z","21.20","21.21","20.85","21.12","4,559,512","-103.45","21.67","21.13","21.87","-0.2967","21.76","-0.0845","-0.0600","-0.0245","21.69","15.84","29.83","17.41"
"2018-04-26T04:00:00.000Z","21.40","21.63","21.33","21.55","2,740,088","-45.58","21.63","21.33","21.86","-0.3655","21.75","-0.0786","-0.0637","-0.0149","21.72","21.19","27.43","17.09"
"2018-04-27T04:00:00.000Z","21.75","21.77","21.34","21.45","3,090,392","-41.46","21.58","21.50","21.85","-0.3629","21.74","-0.0803","-0.0670","-0.0133","21.74","21.97","25.60","16.41"
"2018-04-30T04:00:00.000Z","21.51","21.66","21.31","21.37","4,079,160","-48.79","21.54","21.41","21.83","-0.3435","21.73","-0.0875","-0.0711","-0.0164","21.75","20.71","24.73","15.87"
"2018-05-01T04:00:00.000Z","21.32","21.64","21.27","21.63","2,947,096","-38.70","21.51","21.50","21.82","-0.2767","21.73","-0.0716","-0.0712","-0.0004","21.73","19.46","23.78","15.45"
"2018-05-02T04:00:00.000Z","21.75","21.87","21.61","21.63","3,120,496","-13.82","21.49","21.63","21.80","-0.1022","21.75","-0.0579","-0.0685","0.0107","21.72","22.34","22.74","14.41"
"2018-05-03T04:00:00.000Z","21.55","21.78","21.34","21.70","3,070,656","-24.19","21.47","21.67","21.78","-0.0481","21.76","-0.0410","-0.0630","0.0220","21.70","20.73","25.46","14.11"
"2018-05-04T04:00:00.000Z","21.61","22.15","21.60","22.11","4,049,120","24.15","21.49","21.91","21.77","0.0439","21.77","0.0052","-0.0494","0.0546","21.67","25.01","23.16","13.38"
"2018-05-07T04:00:00.000Z","22.20","22.39","22.17","22.30","5,992,552","75.24","21.53","22.21","21.75","0.2055","21.81","0.0566","-0.0282","0.0848","21.67","27.85","22.06","13.25"
"2018-05-08T04:00:00.000Z","22.27","22.39","22.18","22.39","5,105,264","87.02","21.54","22.34","21.73","0.3720","21.84","0.1031","-0.0019","0.1050","21.68","26.82","21.23","13.14"
"2018-05-09T04:00:00.000Z","22.45","22.68","22.38","22.68","4,032,936","131.42","21.59","22.53","21.72","0.5257","21.87","0.1617","0.0308","0.1309","21.72","30.52","20.09","13.67"
"2018-05-10T04:00:00.000Z","22.76","22.96","22.73","22.95","4,616,704","177.04","21.66","22.82","21.73","0.7540","21.90","0.2274","0.0701","0.1572","21.80","33.98","19.07","14.70"
"2018-05-11T04:00:00.000Z","22.91","22.97","22.80","22.88","3,169,192","177.46","21.71","22.92","21.73","0.9125","21.93","0.2709","0.1103","0.1606","21.90","33.09","18.46","15.68"
"2018-05-14T04:00:00.000Z","22.96","23.05","22.82","22.86","6,256,704","179.39","21.78","22.87","21.73","1.00","21.94","0.2996","0.1481","0.1515","22.03","33.17","17.64","16.74"
"2018-05-15T04:00:00.000Z","22.71","22.71","22.54","22.66","5,378,256","133.46","21.83","22.76","21.74","1.04","21.96","0.3029","0.1791","0.1238","22.14","31.09","22.15","16.75"
"2018-05-16T04:00:00.000Z","22.68","22.82","22.64","22.77","2,639,384","144.20","21.88","22.72","21.75","1.03","21.97","0.3115","0.2056","0.1059","22.21","32.17","21.32","17.00"
"2018-05-17T04:00:00.000Z","22.69","22.85","22.55","22.66","2,608,752","131.52","21.92","22.72","21.76","0.9547","21.99","0.3056","0.2256","0.0801","22.30","30.25","21.71","16.96"
"2018-05-18T04:00:00.000Z","22.62","22.70","22.56","22.57","2,235,328","111.95","21.98","22.62","21.78","0.8557","22.00","0.2906","0.2386","0.0520","22.40","29.35","21.07","16.92"
"2018-05-21T04:00:00.000Z","22.78","22.89","22.64","22.75","2,880,072","121.81","22.03","22.66","21.82","0.7674","22.01","0.2896","0.2488","0.0408","22.48","31.53","19.61","17.38"
"2018-05-22T04:00:00.000Z","22.85","22.89","22.66","22.70","2,114,808","111.16","22.07","22.72","21.84","0.7449","22.02","0.2812","0.2553","0.0259","22.58","29.91","18.60","17.80"
"2018-05-23T04:00:00.000Z","22.52","22.87","22.50","22.87","2,529,976","104.02","22.12","22.79","21.89","0.6996","22.02","0.2854","0.2613","0.0241","22.65","27.49","20.47","17.57"
"2018-05-24T04:00:00.000Z","22.87","22.90","22.61","22.86","2,330,176","102.55","22.16","22.86","21.94","0.6619","22.04","0.2841","0.2659","0.0183","22.70","26.33","19.18","17.44"
"2018-05-25T04:00:00.000Z","22.83","22.93","22.80","22.86","2,542,544","104.97","22.20","22.86","21.97","0.6612","22.05","0.2803","0.2688","0.0115","22.74","26.31","18.61","17.42"
"2018-05-29T04:00:00.000Z","22.76","22.86","22.58","22.73","2,954,744","83.58","22.23","22.80","22.02","0.6145","22.06","0.2638","0.2678","-0.0039","22.76","24.57","22.62","16.47"
"2018-05-30T04:00:00.000Z","22.85","22.94","22.81","22.90","2,939,840","97.27","22.25","22.82","22.07","0.5955","22.07","0.2613","0.2665","-0.0052","22.77","25.36","21.49","15.88"
"2018-05-31T04:00:00.000Z","22.90","23.06","22.86","22.88","2,941,024","97.73","22.27","22.89","22.11","0.6132","22.08","0.2544","0.2641","-0.0096","22.77","26.97","20.42","15.74"
"2018-06-01T04:00:00.000Z","23.02","23.29","23.02","23.29","16,909,752","122.29","22.32","23.08","22.15","0.6510","22.10","0.2791","0.2671","0.0121","22.78","29.70","18.43","16.29"
"2018-06-04T04:00:00.000Z","23.35","23.51","23.32","23.48","3,601,832","142.80","22.38","23.39","22.22","0.7124","22.11","0.3109","0.2758","0.0350","22.83","33.36","17.47","17.35"
"2018-06-05T04:00:00.000Z","23.55","23.63","23.50","23.61","5,015,360","150.86","22.45","23.55","22.28","0.8398","22.12","0.3425","0.2892","0.0533","22.89","35.16","16.86","18.63"
"2018-06-06T04:00:00.000Z","23.64","23.75","23.53","23.75","4,142,840","152.57","22.53","23.68","22.34","0.9495","22.13","0.3742","0.3062","0.0680","22.96","36.40","15.93","20.09"
"2018-06-07T04:00:00.000Z","23.77","23.77","23.33","23.48","4,134,928","128.24","22.61","23.62","22.39","1.02","22.14","0.3734","0.3196","0.0537","23.05","32.52","19.22","20.49"
"2018-06-08T04:00:00.000Z","23.33","23.52","23.29","23.48","2,839,128","111.86","22.68","23.48","22.43","1.02","22.15","0.3687","0.3294","0.0393","23.10","30.64","19.15","20.68"
"2018-06-11T04:00:00.000Z","23.49","23.55","23.42","23.48","3,641,424","112.37","22.74","23.48","22.48","0.9814","22.16","0.3607","0.3357","0.0250","23.14","30.39","18.50","20.94"
"2018-06-12T04:00:00.000Z","23.52","23.66","23.50","23.64","2,363,176","119.32","22.82","23.56","22.52","0.9185","22.18","0.3629","0.3411","0.0218","23.22","31.77","17.65","21.48"
"2018-06-13T04:00:00.000Z","23.65","23.81","23.57","23.59","3,336,848","119.43","22.88","23.62","22.55","0.8492","22.20","0.3568","0.3443","0.0125","23.28","33.79","16.51","22.40"
"2018-06-14T04:00:00.000Z","23.68","23.81","23.66","23.72","4,595,600","121.36","22.95","23.66","22.59","0.8200","22.22","0.3580","0.3470","0.0110","23.35","31.83","15.55","23.26"
"2018-06-15T04:00:00.000Z","23.65","23.66","23.47","23.63","2,824,568","102.19","23.02","23.68","22.63","0.7927","22.24","0.3477","0.3471","0.0005","23.42","29.65","19.68","23.04"
"2018-06-18T04:00:00.000Z","23.47","23.68","23.38","23.66","3,101,656","97.77","23.07","23.65","22.68","0.7412","22.28","0.3384","0.3454","-0.0070","23.46","27.24","20.57","22.39"
"2018-06-19T04:00:00.000Z","23.36","23.50","23.18","23.50","4,202,784","76.33","23.11","23.58","22.73","0.6393","22.32","0.3142","0.3392","-0.0249","23.50","23.90","22.95","20.94"
"2018-06-20T04:00:00.000Z","23.56","23.66","23.53","23.57","3,215,360","95.26","23.15","23.53","22.79","0.5669","22.35","0.2969","0.3307","-0.0338","23.54","27.14","21.96","20.19"
"2018-06-21T04:00:00.000Z","23.64","23.66","23.31","23.36","5,245,976","75.41","23.17","23.46","22.85","0.4607","22.38","0.2633","0.3172","-0.0539","23.56","24.65","25.70","18.90"
"2018-06-22T04:00:00.000Z","23.41","23.41","23.16","23.23","2,446,256","50.78","23.18","23.30","22.89","0.3633","22.42","0.2241","0.2986","-0.0745","23.55","23.04","27.92","18.23"
"2018-06-25T04:00:00.000Z","23.06","23.06","22.51","22.70","7,470,864","-20.10","23.18","22.97","22.92","0.2003","22.44","0.1479","0.2685","-0.1205","23.51","19.19","38.16","19.29"
"2018-06-26T04:00:00.000Z","22.78","22.97","22.73","22.82","4,446,000","-14.62","23.17","22.76","22.96","0.0849","22.48","0.0962","0.2340","-0.1378","23.43","17.98","35.75","20.28"
"2018-06-27T04:00:00.000Z","22.89","22.98","22.46","22.47","4,678,808","-50.86","23.17","22.64","22.98","-0.0966","22.50","0.0266","0.1925","-0.1659","23.40","15.90","37.66","21.73"
"2018-06-28T04:00:00.000Z","22.37","22.73","22.37","22.66","6,327,360","-63.83","23.16","22.56","23.01","-0.2746","22.52","-0.0127","0.1515","-0.1642","23.31","14.63","36.58","23.24"
"2018-06-29T04:00:00.000Z","22.75","22.88","22.67","22.68","2,836,128","-46.65","23.16","22.67","23.03","-0.3731","22.54","-0.0422","0.1127","-0.1549","23.25","17.17","34.79","24.00"
"2018-07-02T04:00:00.000Z","22.50","22.91","22.46","22.91","4,277,840","-48.55","23.18","22.79","23.05","-0.3861","22.58","-0.0459","0.0810","-0.1269","23.16","15.47","35.94","25.13"
"2018-07-03T04:00:00.000Z","23.00","23.02","22.64","22.66","2,642,816","-49.51","23.17","22.79","23.06","-0.3954","22.60","-0.0686","0.0511","-0.1197","23.11","16.60","32.99","25.70"
"2018-07-05T04:00:00.000Z","22.80","22.97","22.73","22.95","4,777,928","-33.66","23.18","22.81","23.07","-0.3732","22.63","-0.0619","0.0285","-0.0904","23.04","15.48","30.76","26.22"
"2018-07-06T04:00:00.000Z","22.99","23.27","22.93","23.23","2,593,872","12.04","23.19","23.09","23.09","-0.2761","22.66","-0.0341","0.0160","-0.0501","23.01","20.82","28.49","25.46"
"2018-07-09T04:00:00.000Z","23.36","23.43","23.24","23.43","2,747,160","52.16","23.21","23.33","23.10","-0.1846","22.68","0.0041","0.0136","-0.0095","23.01","23.54","27.21","24.16"
"2018-07-10T04:00:00.000Z","23.47","23.55","23.43","23.48","6,878,904","71.15","23.23","23.45","23.11","-0.0445","22.71","0.0378","0.0185","0.0194","23.00","25.77","26.42","22.52"
"2018-07-11T04:00:00.000Z","23.31","23.46","23.26","23.35","2,871,768","45.19","23.25","23.42","23.13","0.0440","22.74","0.0539","0.0255","0.0284","22.97","24.45","29.04","21.53"
"2018-07-12T04:00:00.000Z","23.46","23.76","23.43","23.75","2,724,464","93.08","23.28","23.55","23.15","0.1664","22.77","0.0975","0.0399","0.0576","22.98","29.00","26.32","20.34"
"2018-07-13T04:00:00.000Z","23.76","23.79","23.64","23.72","2,561,104","101.01","23.31","23.74","23.18","0.2618","22.79","0.1282","0.0576","0.0706","23.03","28.73","25.39","19.32"
"2018-07-16T04:00:00.000Z","23.73","23.76","23.60","23.64","2,884,600","87.89","23.32","23.68","23.20","0.3074","22.82","0.1442","0.0749","0.0693","23.11","27.58","25.37","18.24"
"2018-07-17T04:00:00.000Z","23.49","23.86","23.43","23.83","3,102,472","91.68","23.33","23.73","23.23","0.3110","22.86","0.1704","0.0940","0.0764","23.15","24.69","26.84","17.24"
"2018-07-18T04:00:00.000Z","23.83","23.84","23.71","23.82","2,403,232","102.36","23.34","23.82","23.26","0.3672","22.89","0.1879","0.1128","0.0751","23.26","23.93","26.01","16.30"
"2018-07-19T04:00:00.000Z","23.77","23.87","23.74","23.79","2,442,792","100.16","23.34","23.80","23.29","0.3846","22.94","0.1975","0.1297","0.0678","23.34","23.92","25.11","15.31"
"2018-07-20T04:00:00.000Z","23.87","23.90","23.74","23.77","2,615,464","98.05","23.35","23.78","23.31","0.3867","22.98","0.2015","0.1441","0.0574","23.45","23.81","24.03","14.25"
"2018-07-23T04:00:00.000Z","23.72","23.89","23.60","23.87","2,787,536","91.13","23.36","23.82","23.33","0.3898","23.02","0.2097","0.1572","0.0525","23.50","22.00","25.92","13.82"
"2018-07-24T04:00:00.000Z","24.01","24.11","23.76","23.83","3,509,144","109.64","23.38","23.85","23.36","0.4361","23.06","0.2110","0.1680","0.0430","23.60","25.76","23.55","13.15"
"2018-07-25T04:00:00.000Z","23.86","24.19","23.83","24.18","2,325,136","138.99","23.39","24.00","23.39","0.4720","23.11","0.2369","0.1817","0.0552","23.66","25.46","21.40","12.83"
"2018-07-26T04:00:00.000Z","24.06","24.18","24.01","24.09","3,771,248","139.95","23.41","24.13","23.42","0.5144","23.15","0.2479","0.1950","0.0529","23.72","24.33","20.45","12.53"
"2018-07-27T04:00:00.000Z","24.12","24.13","23.48","23.62","3,990,728","65.65","23.41","23.86","23.44","0.4983","23.18","0.2163","0.1992","0.0170","23.77","20.54","30.11","12.99"
"2018-07-30T04:00:00.000Z","23.64","23.64","23.06","23.20","4,685,368","-28.07","23.39","23.41","23.44","0.4235","23.21","0.1552","0.1904","-0.0352","23.80","17.84","35.52","14.43"
"2018-07-31T04:00:00.000Z","23.27","23.42","23.12","23.27","4,325,800","-33.06","23.38","23.24","23.44","0.3002","23.22","0.1112","0.1746","-0.0634","23.78","16.62","33.11","15.77"
"2018-08-01T04:00:00.000Z","23.44","23.59","23.39","23.54","3,085,472","16.97","23.38","23.40","23.43","0.2024","23.25","0.0968","0.1590","-0.0622","23.76","19.27","30.70","16.27"
"2018-08-02T04:00:00.000Z","23.35","23.91","23.31","23.88","2,953,240","57.50","23.39","23.71","23.44","0.1095","23.27","0.1115","0.1495","-0.0380","23.73","23.55","26.81","15.57"
"2018-08-03T04:00:00.000Z","23.90","23.94","23.74","23.94","2,857,360","90.06","23.41","23.91","23.45","0.1093","23.29","0.1267","0.1449","-0.0183","23.76","23.17","25.64","14.82"
"2018-08-06T04:00:00.000Z","23.93","24.08","23.89","24.08","2,488,600","113.00","23.44","24.01","23.46","0.2229","23.31","0.1484","0.1456","0.0027","23.77","25.36","24.54","13.88"
"2018-08-07T04:00:00.000Z","24.16","24.24","24.11","24.18","2,771,352","135.20","23.49","24.13","23.48","0.3790","23.33","0.1713","0.1508","0.0206","23.80","28.02","23.65","13.49"
"2018-08-08T04:00:00.000Z","24.16","24.25","24.07","24.22","3,418,912","129.69","23.53","24.20","23.50","0.4967","23.35","0.1911","0.1588","0.0323","23.82","26.82","23.53","13.00"
"2018-08-09T04:00:00.000Z","24.24","24.35","24.22","24.25","4,006,472","138.11","23.59","24.23","23.51","0.6076","23.38","0.2062","0.1683","0.0379","23.86","28.31","22.80","12.84"
"2018-08-10T04:00:00.000Z","24.07","24.21","23.99","24.09","2,946,784","102.83","23.64","24.17","23.52","0.6353","23.40","0.2030","0.1752","0.0277","23.86","26.50","27.15","12.01"
"2018-08-13T04:00:00.000Z","24.13","24.30","24.03","24.04","3,118,976","102.00","23.69","24.06","23.53","0.6298","23.43","0.1946","0.1791","0.0155","23.88","27.00","25.32","11.38"
"2018-08-14T04:00:00.000Z","24.13","24.22","23.99","24.20","3,759,528","99.02","23.73","24.12","23.54","0.5793","23.45","0.1983","0.1830","0.0154","23.89","25.41","24.80","10.65"
"2018-08-15T04:00:00.000Z","24.05","24.14","23.80","23.98","3,533,808","69.06","23.77","24.09","23.56","0.5037","23.47","0.1820","0.1828","-0.0008","23.88","22.86","27.18","10.51"
"2018-08-16T04:00:00.000Z","24.16","24.24","24.09","24.13","2,669,800","93.00","23.81","24.06","23.57","0.4322","23.50","0.1789","0.1820","-0.0031","23.92","23.83","25.44","9.99"
"2018-08-17T04:00:00.000Z","24.05","24.26","23.98","24.22","3,205,768","88.55","23.85","24.18","23.59","0.3972","23.52","0.1811","0.1818","-0.0007","23.98","22.18","26.29","9.88"
"2018-08-20T04:00:00.000Z","24.28","24.28","24.08","24.20","3,511,936","89.58","23.87","24.21","23.62","0.3569","23.54","0.1791","0.1813","-0.0022","24.05","21.59","24.94","9.69"
"2018-08-21T04:00:00.000Z","24.25","24.39","24.23","24.25","2,760,888","103.32","23.90","24.22","23.65","0.3541","23.56","0.1796","0.1809","-0.0013","24.12","23.34","23.66","9.04"
"2018-08-22T04:00:00.000Z","24.20","24.41","24.17","24.37","2,339,488","105.33","23.93","24.31","23.69","0.3756","23.59","0.1878","0.1823","0.0055","24.14","21.84","23.76","8.70"
"2018-08-23T04:00:00.000Z","24.36","24.56","24.35","24.45","2,605,936","125.80","23.95","24.41","23.74","0.3937","23.62","0.1984","0.1855","0.0128","24.17","24.61","22.41","8.41"
"2018-08-24T04:00:00.000Z","24.52","24.73","24.52","24.73","2,939,640","158.69","23.99","24.59","23.80","0.4568","23.65","0.2267","0.1938","0.0329","24.20","27.38","20.70","8.80"
"2018-08-27T04:00:00.000Z","24.84","24.95","24.78","24.92","3,594,848","189.70","24.03","24.82","23.85","0.5533","23.68","0.2614","0.2073","0.0541","24.25","31.59","19.46","9.87"
"2018-08-28T04:00:00.000Z","25.00","25.06","24.92","25.04","2,707,616","201.44","24.07","24.98","23.90","0.6414","23.70","0.2951","0.2248","0.0703","24.31","33.39","18.70","11.18"
"2018-08-29T04:00:00.000Z","25.04","25.29","25.04","25.28","31,328,584","223.40","24.12","25.16","23.97","0.7704","23.73","0.3373","0.2473","0.0900","24.39","37.61","17.36","13.01"
"2018-08-30T04:00:00.000Z","25.23","25.38","25.15","25.22","3,841,464","218.35","24.17","25.25","24.03","0.8871","23.75","0.3616","0.2702","0.0914","24.47","37.66","16.20","14.93"
"2018-08-31T04:00:00.000Z","25.19","25.39","25.19","25.35","2,654,992","213.92","24.22","25.28","24.08","0.9724","23.79","0.3873","0.2936","0.0936","24.55","35.74","15.29","16.73"
"2018-09-04T04:00:00.000Z","25.30","25.40","25.15","25.39","4,085,944","197.91","24.27","25.37","24.13","1.01","23.82","0.4058","0.3160","0.0898","24.65","33.22","15.43","18.14"
"2018-09-05T04:00:00.000Z","25.37","25.37","24.86","24.99","4,346,832","147.49","24.31","25.19","24.17","0.9917","23.84","0.3842","0.3297","0.0545","24.74","28.57","21.01","17.94"
"2018-09-06T04:00:00.000Z","24.99","25.04","24.69","24.86","4,081,416","106.20","24.33","24.92","24.20","0.8997","23.86","0.3522","0.3342","0.0180","24.81","25.97","23.58","17.00"
"2018-09-07T04:00:00.000Z","24.72","25.02","24.68","24.78","3,658,112","93.60","24.35","24.82","24.23","0.7861","23.88","0.3171","0.3308","-0.0137","24.85","23.75","21.72","16.10"
"2018-09-10T04:00:00.000Z","24.88","24.90","24.72","24.87","2,818,792","88.33","24.40","24.83","24.26","0.6588","23.90","0.2932","0.3233","-0.0301","24.90","22.62","20.68","15.27"
"2018-09-11T04:00:00.000Z","24.78","25.09","24.72","25.03","4,109,952","98.75","24.46","24.95","24.29","0.5570","23.92","0.2837","0.3153","-0.0316","24.94","25.35","18.71","15.26"
"2018-09-12T04:00:00.000Z","25.01","25.02","24.69","24.98","3,530,592","85.07","24.51","25.01","24.32","0.4802","23.95","0.2692","0.3061","-0.0369","24.99","23.18","17.90","15.09"
"2018-09-13T04:00:00.000Z","25.14","25.38","25.13","25.27","3,361,192","126.59","24.57","25.13","24.36","0.5239","23.98","0.2777","0.3004","-0.0227","25.04","29.79","16.17","16.12"
"2018-09-14T04:00:00.000Z","25.30","25.42","25.17","25.29","2,982,896","122.00","24.62","25.28","24.40","0.5690","24.00","0.2832","0.2970","-0.0138","25.07","28.99","15.19","17.20"
"2018-09-17T04:00:00.000Z","25.27","25.30","24.88","24.91","2,941,944","81.68","24.65","25.10","24.42","0.5733","24.03","0.2537","0.2883","-0.0346","25.09","26.11","20.59","16.82"
"2018-09-18T04:00:00.000Z","24.92","25.19","24.90","25.07","6,394,464","79.89","24.68","24.99","24.45","0.5479","24.06","0.2408","0.2788","-0.0380","25.08","24.28","19.15","16.46"
"2018-09-19T04:00:00.000Z","25.09","25.17","24.85","24.95","4,063,480","67.81","24.71","25.01","24.48","0.5346","24.10","0.2180","0.2667","-0.0486","25.07","22.46","18.74","15.93"
"2018-09-20T04:00:00.000Z","25.11","25.27","25.02","25.22","6,365,272","85.89","24.74","25.09","24.51","0.4676","24.14","0.2193","0.2572","-0.0379","25.07","23.18","17.33","15.83"
"2018-09-21T04:00:00.000Z","25.32","25.37","25.13","25.18","5,617,136","88.64","24.78","25.20","24.54","0.4178","24.18","0.2146","0.2487","-0.0341","25.07","24.39","16.33","16.11"
"2018-09-24T04:00:00.000Z","24.98","25.21","24.86","25.19","3,505,968","67.58","24.81","25.19","24.57","0.3760","24.23","0.2093","0.2408","-0.0315","25.04","22.38","21.45","15.11"
"2018-09-25T04:00:00.000Z","25.20","25.25","25.11","25.20","2,476,880","77.31","24.85","25.20","24.62","0.3742","24.27","0.2035","0.2333","-0.0298","25.06","22.72","20.67","14.37"
"2018-09-26T04:00:00.000Z","25.23","25.33","25.04","25.08","4,165,776","69.92","24.88","25.14","24.67","0.3793","24.30","0.1872","0.2241","-0.0369","25.09","22.93","19.22","13.97"
"2018-09-27T04:00:00.000Z","25.19","25.30","25.18","25.21","3,104,992","78.37","24.92","25.15","24.71","0.3709","24.35","0.1822","0.2157","-0.0335","25.12","21.68","18.18","13.60"
"2018-09-28T04:00:00.000Z","25.17","25.35","25.16","25.32","2,501,192","82.78","24.96","25.26","24.75","0.3372","24.39","0.1852","0.2096","-0.0244","25.15","21.98","17.28","13.49"
"2018-10-01T04:00:00.000Z","25.45","25.52","25.31","25.37","4,048,872","99.30","25.00","25.34","24.78","0.3766","24.42","0.1892","0.2055","-0.0164","25.18","25.38","16.30","14.08"
"2018-10-02T04:00:00.000Z","25.37","25.50","25.27","25.33","5,172,320","92.11","25.04","25.35","24.82","0.3802","24.45","0.1875","0.2019","-0.0144","25.20","23.83","16.29","14.42"
"2018-10-03T04:00:00.000Z","25.44","25.55","25.40","25.45","3,349,896","105.46","25.08","25.39","24.85","0.3947","24.49","0.1929","0.2001","-0.0072","25.21","23.86","15.31","14.94"
"2018-10-04T04:00:00.000Z","25.35","25.38","24.82","25.00","5,645,216","35.82","25.10","25.22","24.87","0.3391","24.51","0.1593","0.1920","-0.0327","25.22","20.21","27.22","14.93"
"2018-10-05T04:00:00.000Z","24.99","25.06","24.41","24.67","6,021,552","-28.72","25.10","24.83","24.88","0.2180","24.53","0.1049","0.1746","-0.0697","25.22","17.24","32.52","16.06"
"2018-10-08T04:00:00.000Z","24.56","24.60","24.07","24.34","6,217,152","-100.59","25.09","24.51","24.88","-0.0028","24.54","0.0353","0.1467","-0.1114","25.18","15.05","35.67","17.82"
"2018-10-09T04:00:00.000Z","24.34","24.55","24.29","24.41","5,196,144","-89.67","25.08","24.38","24.89","-0.1993","24.55","-0.0146","0.1144","-0.1290","25.12","14.18","33.61","19.45"
"2018-10-10T04:00:00.000Z","24.30","24.30","23.23","23.27","11,228,728","-231.94","25.02","23.84","24.87","-0.5269","24.54","-0.1440","0.0628","-0.2067","25.04","11.13","45.66","22.40"
"2018-10-11T04:00:00.000Z","23.18","23.56","22.78","22.95","15,281,624","-296.95","24.94","23.11","24.84","-0.8747","24.53","-0.2696","-0.0037","-0.2659","24.90","9.65","47.23","25.52"
"2018-10-12T04:00:00.000Z","23.57","23.73","23.21","23.66","9,203,384","-209.69","24.89","23.30","24.83","-1.09","24.53","-0.3085","-0.0647","-0.2438","24.78","11.16","41.31","27.80"
"2018-10-15T04:00:00.000Z","23.60","23.64","23.28","23.32","5,241,112","-212.99","24.82","23.49","24.81","-1.23","24.52","-0.3625","-0.1242","-0.2383","24.65","10.49","38.79","29.92"
"2018-10-16T04:00:00.000Z","23.61","24.12","23.56","24.04","5,463,040","-134.05","24.77","23.68","24.81","-1.31","24.52","-0.3428","-0.1680","-0.1749","24.53","16.49","34.04","30.26"
"2018-10-17T04:00:00.000Z","24.10","24.10","23.75","23.96","4,528,984","-124.92","24.74","24.00","24.80","-1.24","24.52","-0.3303","-0.2004","-0.1299","24.45","15.58","32.16","30.58"
"2018-10-18T04:00:00.000Z","23.85","23.85","23.33","23.48","8,723,984","-167.97","24.69","23.72","24.78","-1.11","24.51","-0.3553","-0.2314","-0.1239","24.33","14.10","35.43","31.48"
"2018-10-19T04:00:00.000Z","23.60","23.82","23.33","23.41","4,030,840","-158.58","24.65","23.44","24.75","-1.04","24.50","-0.3763","-0.2604","-0.1159","24.19","13.05","32.81","32.31"
"2018-10-22T04:00:00.000Z","23.50","23.74","23.37","23.60","6,022,040","-138.92","24.61","23.50","24.72","-0.9671","24.50","-0.3732","-0.2829","-0.0903","24.04","12.30","30.93","33.08"
"2018-10-23T04:00:00.000Z","23.14","23.64","22.88","23.51","7,121,128","-149.23","24.55","23.55","24.69","-1.03","24.51","-0.3737","-0.3011","-0.0726","23.87","10.93","34.68","34.43"
"2018-10-24T04:00:00.000Z","23.46","23.51","22.43","22.45","7,927,672","-185.09","24.47","22.98","24.62","-1.17","24.49","-0.4539","-0.3316","-0.1223","23.76","9.33","35.70","36.16"
"2018-10-25T04:00:00.000Z","22.75","23.29","22.71","23.18","8,926,456","-144.22","24.40","22.81","24.57","-1.23","24.49","-0.4541","-0.3561","-0.0979","23.62","8.31","31.81","37.76"
"2018-10-26T04:00:00.000Z","22.62","23.12","22.37","22.71","6,913,344","-159.05","24.31","22.94","24.51","-1.34","24.47","-0.4861","-0.3821","-0.1040","23.48","7.47","32.91","39.56"
"2018-10-29T04:00:00.000Z","23.04","23.18","21.89","22.34","7,790,256","-165.91","24.23","22.52","24.43","-1.47","24.44","-0.5356","-0.4128","-0.1228","23.39","6.36","33.53","41.60"
"2018-10-30T04:00:00.000Z","22.27","22.65","22.18","22.62","7,233,008","-151.37","24.15","22.48","24.36","-1.57","24.42","-0.5454","-0.4393","-0.1061","23.32","6.00","31.68","43.50"
"2018-10-31T04:00:00.000Z","22.95","23.36","22.90","23.17","5,439,656","-92.35","24.09","22.90","24.32","-1.47","24.40","-0.5028","-0.4520","-0.0508","23.27","13.68","28.99","42.95"
"2018-11-01T04:00:00.000Z","23.23","23.51","23.03","23.49","5,494,824","-72.41","24.03","23.33","24.28","-1.36","24.39","-0.4384","-0.4493","0.0109","23.24","14.70","27.38","42.04"
"2018-11-02T04:00:00.000Z","23.34","23.47","22.88","23.06","5,134,448","-82.98","23.96","23.28","24.24","-1.21","24.37","-0.4170","-0.4429","0.0258","23.22","13.64","27.20","41.41"
"2018-11-05T05:00:00.000Z","23.04","23.04","22.69","23.01","4,059,176","-93.93","23.89","23.04","24.19","-1.09","24.35","-0.3999","-0.4343","0.0343","23.14","13.03","28.29","41.09"
"2018-11-06T05:00:00.000Z","22.99","23.25","22.94","23.15","4,181,624","-75.28","23.82","23.08","24.15","-0.8919","24.33","-0.3708","-0.4216","0.0508","23.07","15.11","27.21","40.19"
"2018-11-07T05:00:00.000Z","23.40","23.82","23.38","23.81","4,942,144","-33.24","23.78","23.48","24.12","-0.7526","24.33","-0.2908","-0.3954","0.1046","23.06","20.92","24.94","37.95"
"2018-11-08T05:00:00.000Z","23.73","23.83","23.63","23.77","3,846,888","-25.90","23.73","23.79","24.08","-0.6162","24.32","-0.2283","-0.3620","0.1337","23.07","20.46","24.29","35.85"
"2018-11-09T05:00:00.000Z","23.55","23.59","23.15","23.36","3,705,280","-51.36","23.66","23.56","24.03","-0.5282","24.31","-0.2094","-0.3315","0.1221","23.10","18.84","28.48","34.74"
"2018-11-12T05:00:00.000Z","23.16","23.19","22.50","22.55","4,714,152","-94.64","23.57","22.96","23.97","-0.4639","24.28","-0.2564","-0.3165","0.0601","23.08","16.83","33.51","34.63"
"2018-11-13T05:00:00.000Z","22.59","22.95","22.51","22.57","6,419,320","-96.78","23.48","22.56","23.91","-0.4657","24.26","-0.2895","-0.3111","0.0216","23.07","15.89","31.66","34.52"
"2018-11-14T05:00:00.000Z","22.80","22.87","22.20","22.32","20,490,712","-108.37","23.37","22.44","23.84","-0.5984","24.22","-0.3316","-0.3152","-0.0164","23.08","14.57","32.77","34.80"
"2018-11-15T05:00:00.000Z","22.35","22.93","22.22","22.88","16,684,336","-89.08","23.30","22.60","23.78","-0.7503","24.20","-0.3163","-0.3154","-0.0009","23.03","13.98","29.96","34.92"
"2018-11-16T05:00:00.000Z","22.62","22.96","22.59","22.85","4,176,552","-77.26","23.24","22.86","23.73","-0.7921","24.17","-0.3033","-0.3130","0.0097","23.06","13.76","28.55","34.92"
"2018-11-19T05:00:00.000Z","22.71","22.75","21.89","21.95","6,097,200","-123.41","23.16","22.40","23.65","-0.8069","24.13","-0.3614","-0.3227","-0.0387","23.04","12.18","33.62","35.77"
"2018-11-20T05:00:00.000Z","21.34","21.79","21.21","21.50","13,025,344","-176.18","23.06","21.72","23.55","-0.9350","24.07","-0.4384","-0.3458","-0.0926","22.89","11.13","38.68","37.16"
"2018-11-21T05:00:00.000Z","21.82","21.88","21.58","21.68","4,322,664","-152.08","23.01","21.59","23.47","-0.9971","24.01","-0.4793","-0.3725","-0.1068","22.78","11.69","36.90","38.21"
"2018-11-23T05:00:00.000Z","21.47","21.74","21.43","21.54","1,666,168","-158.64","22.96","21.61","23.38","-1.10","23.95","-0.5175","-0.4015","-0.1160","22.66","11.24","37.43","39.33"
"2018-11-26T05:00:00.000Z","21.80","22.01","21.70","22.00","4,443,480","-124.71","22.91","21.77","23.29","-1.21","23.90","-0.5042","-0.4220","-0.0821","22.56","14.00","35.19","39.60"
"2018-11-27T05:00:00.000Z","21.86","22.07","21.73","22.02","3,530,576","-117.28","22.87","22.01","23.21","-1.22","23.84","-0.4866","-0.4350","-0.0517","22.45","14.18","33.64","39.68"
"2018-11-28T05:00:00.000Z","22.20","22.79","22.14","22.79","4,894,752","-56.44","22.82","22.41","23.15","-0.9915","23.80","-0.4060","-0.4292","0.0232","22.33","21.96","30.35","37.99"
"2018-11-29T05:00:00.000Z","22.73","22.78","22.48","22.61","3,882,360","-48.29","22.78","22.70","23.07","-0.7963","23.76","-0.3525","-0.4138","0.0613","22.27","21.06","29.11","36.42"
"2018-11-30T05:00:00.000Z","22.65","22.85","22.54","22.83","3,400,304","-31.87","22.76","22.72","23.02","-0.5513","23.73","-0.2888","-0.3888","0.1000","22.23","21.10","27.89","34.81"
"2018-12-03T05:00:00.000Z","23.39","23.44","23.07","23.32","10,689,504","33.48","22.75","23.07","22.99","-0.2655","23.70","-0.1972","-0.3505","0.1533","22.29","27.31","25.63","32.55"
"2018-12-04T05:00:00.000Z","23.16","23.18","22.38","22.42","5,527,856","-35.45","22.72","22.87","22.94","-0.0582","23.66","-0.1947","-0.3193","0.1247","22.32","24.08","31.26","31.15"
"2018-12-06T05:00:00.000Z","21.93","22.49","21.82","22.49","7,358,776","-81.17","22.68","22.45","22.89","-0.0690","23.62","-0.1851","-0.2925","0.1074","22.29","22.07","35.72","30.61"
"2018-12-07T05:00:00.000Z","22.40","22.50","21.61","21.71","5,882,176","-116.73","22.66","22.10","22.85","-0.1387","23.56","-0.2375","-0.2815","0.0440","22.27","19.70","34.42","30.37"
"2018-12-10T05:00:00.000Z","21.61","22.08","21.49","22.00","6,881,096","-120.00","22.62","21.85","22.83","-0.2680","23.51","-0.2529","-0.2758","0.0229","22.18","18.30","33.43","30.29"
"2018-12-11T05:00:00.000Z","22.34","22.37","21.84","22.01","6,878,656","-88.81","22.59","22.00","22.79","-0.4548","23.45","-0.2613","-0.2729","0.0116","22.26","20.71","31.28","29.58"
"2018-12-12T05:00:00.000Z","22.36","22.55","22.20","22.20","4,840,696","-55.69","22.59","22.11","22.76","-0.5107","23.41","-0.2491","-0.2681","0.0190","22.30","21.48","29.22","28.56"
"2018-12-13T05:00:00.000Z","22.25","22.36","22.01","22.13","3,814,744","-71.70","22.57","22.16","22.71","-0.4813","23.36","-0.2431","-0.2631","0.0201","22.36","20.54","30.33","27.89"
"2018-12-14T05:00:00.000Z","21.86","21.99","21.58","21.61","5,430,728","-123.42","22.52","21.87","22.65","-0.4994","23.30","-0.2767","-0.2658","-0.0109","22.37","19.12","33.69","27.87"
"2018-12-17T05:00:00.000Z","21.53","21.65","20.95","21.11","30,304,928","-174.47","22.44","21.36","22.59","-0.5533","23.24","-0.3398","-0.2806","-0.0592","22.34","17.47","38.54","28.56"
"2018-12-18T05:00:00.000Z","21.28","21.47","21.11","21.29","7,756,200","-156.35","22.38","21.20","22.54","-0.6797","23.17","-0.3713","-0.2988","-0.0725","22.27","16.67","36.77","29.21"
"2018-12-19T05:00:00.000Z","21.28","21.63","20.66","20.85","9,553,472","-173.86","22.31","21.07","22.47","-0.8884","23.10","-0.4262","-0.3243","-0.1020","22.16","14.72","37.96","30.28"
"2018-12-20T05:00:00.000Z","20.78","20.98","20.19","20.50","12,953,968","-211.14","22.22","20.67","22.40","-1.13","23.02","-0.4929","-0.3580","-0.1349","22.01","13.36","39.97","31.68"
"2018-12-21T05:00:00.000Z","20.43","20.71","19.77","19.86","11,974,192","-232.32","22.09","20.18","22.33","-1.35","22.93","-0.5900","-0.4044","-0.1856","21.79","11.93","40.56","33.31"
"2018-12-24T05:00:00.000Z","19.68","19.91","19.34","19.35","8,798,784","-259.12","21.94","19.61","22.24","-1.58","22.84","-0.7001","-0.4635","-0.2366","21.52","11.15","42.83","35.12"
"2018-12-26T05:00:00.000Z","19.49","20.52","19.39","20.52","12,259,008","-182.55","21.85","19.94","22.18","-1.77","22.76","-0.6852","-0.5079","-0.1774","21.33","16.37","37.42","35.41"
"2018-12-27T05:00:00.000Z","20.25","20.69","19.88","20.69","8,211,480","-144.93","21.79","20.60","22.14","-1.86","22.68","-0.6523","-0.5368","-0.1155","21.16","16.76","34.20","35.33"
"2018-12-28T05:00:00.000Z","20.82","20.99","20.47","20.65","9,861,104","-112.67","21.72","20.67","22.09","-1.74","22.60","-0.6224","-0.5539","-0.0685","21.10","19.09","32.29","34.64"
"2018-12-31T05:00:00.000Z","20.83","20.92","20.68","20.85","7,727,864","-97.69","21.67","20.75","22.03","-1.54","22.52","-0.5754","-0.5582","-0.0172","20.99","18.51","31.31","34.00"
"2019-01-02T05:00:00.000Z","20.44","20.97","20.42","20.87","6,909,464","-97.27","21.61","20.86","21.97","-1.25","22.45","-0.5310","-0.5528","0.0218","20.84","17.34","32.27","33.72"
"2019-01-03T05:00:00.000Z","20.34","20.38","19.81","19.84","5,640,544","-145.89","21.51","20.35","21.89","-1.14","22.37","-0.5724","-0.5567","-0.0157","20.69","15.36","35.15","34.11"
"2019-01-04T05:00:00.000Z","20.19","20.79","20.13","20.70","5,855,072","-98.33","21.46","20.27","21.83","-1.04","22.31","-0.5295","-0.5513","0.0217","20.56","18.18","31.61","33.60"
"2019-01-07T05:00:00.000Z","20.73","21.07","20.69","20.93","8,864,592","-67.55","21.44","20.81","21.77","-0.9610","22.25","-0.4715","-0.5353","0.0638","20.50","20.39","30.31","32.60"
"2019-01-08T05:00:00.000Z","21.13","21.21","20.87","21.13","34,047,856","-50.73","21.43","21.03","21.71","-0.8672","22.22","-0.4045","-0.5091","0.1046","20.49","21.23","29.13","31.39"
"2019-01-09T05:00:00.000Z","21.24","21.50","21.22","21.39","6,371,976","-23.36","21.42","21.26","21.65","-0.6925","22.19","-0.3264","-0.4726","0.1462","20.49","23.70","27.87","29.72"
"2019-01-10T05:00:00.000Z","21.25","21.51","21.14","21.49","3,222,512","-19.29","21.40","21.44","21.60","-0.4174","22.16","-0.2536","-0.4288","0.1752","20.52","22.67","27.54","28.29"
"2019-01-11T05:00:00.000Z","21.39","21.50","21.34","21.48","3,130,520","-11.70","21.39","21.49","21.57","-0.2235","22.13","-0.1946","-0.3820","0.1874","20.60","22.22","27.00","26.97"
"2019-01-14T05:00:00.000Z","21.28","21.34","21.20","21.27","4,406,544","-24.60","21.34","21.38","21.54","-0.1318","22.08","-0.1631","-0.3382","0.1751","20.72","21.39","27.91","25.98"
"2019-01-15T05:00:00.000Z","21.31","21.62","21.31","21.58","3,492,048","-1.09","21.30","21.43","21.52","-0.0435","22.04","-0.1116","-0.2929","0.1813","20.86","24.16","26.60","24.47"
"2019-01-16T05:00:00.000Z","21.62","21.74","21.54","21.61","29,173,064","13.68","21.26","21.59","21.49","0.0189","22.01","-0.0681","-0.2479","0.1798","20.97","25.20","25.83","22.81"
"2019-01-17T05:00:00.000Z","21.53","21.88","21.49","21.77","4,662,712","25.45","21.21","21.69","21.46","0.0973","21.98","-0.0201","-0.2024","0.1822","21.02","25.73","24.38","21.38"
"2019-01-18T05:00:00.000Z","21.96","22.15","21.83","22.09","5,026,176","57.87","21.20","21.93","21.47","0.2254","21.96","0.0435","-0.1532","0.1967","21.11","28.21","23.04","20.57"
"2019-01-22T05:00:00.000Z","21.93","21.96","21.56","21.73","8,316,288","29.11","21.17","21.91","21.47","0.3501","21.93","0.0639","-0.1098","0.1737","21.22","26.05","25.18","19.22"
"2019-01-23T05:00:00.000Z","21.82","21.98","21.55","21.78","4,011,656","30.92","21.18","21.76","21.47","0.4382","21.92","0.0832","-0.0712","0.1544","21.34","24.68","23.62","18.01"
"2019-01-24T05:00:00.000Z","21.86","22.06","21.86","22.00","4,652,704","49.38","21.18","21.89","21.49","0.5395","21.90","0.1152","-0.0339","0.1491","21.46","24.82","22.63","17.05"
"2019-01-25T05:00:00.000Z","22.17","22.40","22.10","22.35","5,065,312","77.99","21.19","22.18","21.49","0.6680","21.89","0.1662","0.0061","0.1601","21.57","28.52","21.27","16.87"
"2019-01-28T05:00:00.000Z","22.04","22.07","21.89","22.07","4,514,544","51.12","21.18","22.21","21.50","0.6708","21.89","0.1821","0.0413","0.1407","21.64","26.52","22.99","16.18"
"2019-01-29T05:00:00.000Z","22.09","22.11","21.80","21.85","4,280,728","44.96","21.17","21.96","21.47","0.7123","21.87","0.1747","0.0680","0.1067","21.71","25.26","23.20","15.32"
"2019-01-30T05:00:00.000Z","22.18","22.53","22.06","22.47","6,814,920","89.95","21.20","22.16","21.47","0.8028","21.86","0.2171","0.0978","0.1192","21.78","29.03","20.80","15.41"
"2019-01-31T05:00:00.000Z","22.40","22.64","22.34","22.52","5,125,464","106.27","21.25","22.50","21.46","0.8986","21.84","0.2514","0.1285","0.1229","21.86","29.39","19.82","15.70"
"2019-02-01T05:00:00.000Z","22.55","22.77","22.52","22.67","4,125,024","126.12","21.30","22.60","21.45","0.9696","21.84","0.2877","0.1604","0.1273","21.96","30.21","19.04","16.20"
"2019-02-04T05:00:00.000Z","22.70","23.03","22.70","23.03","3,495,072","151.63","21.37","22.85","21.46","1.13","21.84","0.3412","0.1965","0.1447","22.06","32.71","17.94","17.12"
"2019-02-05T05:00:00.000Z","23.09","23.27","23.07","23.22","4,258,056","171.16","21.46","23.12","21.48","1.33","21.84","0.3944","0.2361","0.1583","22.18","35.42","17.21","18.37"
"2019-02-06T05:00:00.000Z","23.25","23.36","23.15","23.30","3,294,832","167.90","21.57","23.26","21.52","1.46","21.83","0.4381","0.2765","0.1616","22.31","35.66","16.58","19.67"
"2019-02-07T05:00:00.000Z","23.09","23.18","22.83","22.98","4,116,704","134.21","21.69","23.14","21.54","1.52","21.82","0.4422","0.3096","0.1325","22.40","32.80","20.62","19.89"
"2019-02-08T05:00:00.000Z","22.79","23.13","22.77","23.13","3,611,256","129.07","21.78","23.06","21.57","1.52","21.81","0.4522","0.3382","0.1141","22.46","30.73","20.41","19.91"
"2019-02-11T05:00:00.000Z","23.23","23.33","23.09","23.15","3,044,760","138.83","21.86","23.14","21.60","1.52","21.82","0.4559","0.3617","0.0942","22.57","32.99","19.53","20.32"
"2019-02-12T05:00:00.000Z","23.30","23.48","23.28","23.46","4,639,704","148.77","21.96","23.30","21.63","1.47","21.84","0.4787","0.3851","0.0936","22.68","33.66","18.35","20.97"
"2019-02-13T05:00:00.000Z","23.57","23.65","23.47","23.50","3,289,256","147.30","22.05","23.48","21.68","1.41","21.86","0.4939","0.4069","0.0870","22.79","35.63","17.70","21.88"
"2019-02-14T05:00:00.000Z","23.42","23.63","23.39","23.55","3,239,368","136.02","22.13","23.52","21.74","1.41","21.87","0.5046","0.4264","0.0782","22.90","33.97","18.37","22.44"
"2019-02-15T05:00:00.000Z","23.74","23.75","23.59","23.73","3,117,296","137.92","22.26","23.64","21.80","1.45","21.88","0.5216","0.4455","0.0762","23.02","34.99","17.64","23.19"
"2019-02-19T05:00:00.000Z","23.68","23.82","23.65","23.75","5,238,632","131.59","22.37","23.74","21.87","1.47","21.91","0.5305","0.4625","0.0680","23.14","35.18","17.02","24.02"
"2019-02-20T05:00:00.000Z","23.77","23.87","23.66","23.78","8,563,704","126.29","22.46","23.77","21.95","1.46","21.95","0.5341","0.4768","0.0573","23.24","34.77","16.26","24.90"
"2019-02-21T05:00:00.000Z","23.73","23.86","23.64","23.78","2,730,720","118.74","22.55","23.78","22.05","1.41","21.99","0.5304","0.4875","0.0429","23.34","33.03","16.10","25.58"
"2019-02-22T05:00:00.000Z","23.88","24.10","23.88","24.10","3,096,872","129.19","22.64","23.94","22.17","1.39","22.03","0.5468","0.4994","0.0475","23.43","35.83","14.98","26.68"
"2019-02-25T05:00:00.000Z","24.29","24.37","24.19","24.21","7,432,200","136.98","22.73","24.15","22.26","1.40","22.07","0.5624","0.5120","0.0504","23.52","39.78","14.06","28.19"
"2019-02-26T05:00:00.000Z","24.14","24.31","24.13","24.25","5,792,816","127.63","22.82","24.23","22.35","1.40","22.10","0.5713","0.5238","0.0475","23.59","38.09","15.01","29.28"
"2019-02-27T05:00:00.000Z","24.16","24.26","24.00","24.25","3,204,688","116.84","22.92","24.25","22.44","1.38","22.13","0.5718","0.5334","0.0384","23.67","35.74","17.09","29.71"
"2019-02-28T05:00:00.000Z","24.16","24.26","24.10","24.17","2,187,048","111.33","23.01","24.21","22.52","1.38","22.15","0.5595","0.5386","0.0208","23.78","34.39","16.44","30.11"
"2019-03-01T05:00:00.000Z","24.36","24.38","24.12","24.32","3,285,216","111.89","23.10","24.25","22.61","1.35","22.18","0.5558","0.5421","0.0137","23.86","35.08","15.44","30.74"
"2019-03-04T05:00:00.000Z","24.43","24.46","23.91","24.18","4,511,032","101.75","23.18","24.26","22.72","1.24","22.19","0.5354","0.5407","-0.0053","23.95","30.67","18.47","30.31"
"2019-03-05T05:00:00.000Z","24.18","24.18","24.03","24.10","2,874,880","92.53","23.25","24.14","22.80","1.14","22.22","0.5069","0.5340","-0.0271","24.00","29.53","17.78","29.92"
"2019-03-06T05:00:00.000Z","24.10","24.11","23.92","23.95","2,557,784","81.20","23.32","24.03","22.88","1.04","22.25","0.4662","0.5204","-0.0542","24.05","28.16","19.68","29.05"
"2019-03-07T05:00:00.000Z","23.88","23.91","23.66","23.74","4,148,576","62.82","23.39","23.84","22.94","0.8974","22.28","0.4126","0.4988","-0.0863","24.06","26.18","24.56","27.20"
"2019-03-08T05:00:00.000Z","23.44","23.75","23.39","23.74","3,676,952","49.85","23.44","23.74","23.00","0.7062","22.31","0.3660","0.4723","-0.1063","24.04","23.93","28.81","25.92"
"2019-03-11T04:00:00.000Z","23.83","24.28","23.83","24.26","4,518,144","84.59","23.51","24.00","23.07","0.6204","22.35","0.3669","0.4512","-0.0843","24.05","32.96","25.32","25.01"
"2019-03-12T04:00:00.000Z","24.32","24.47","24.24","24.38","10,649,728","99.76","23.58","24.32","23.14","0.5943","22.38","0.3730","0.4356","-0.0625","24.09","35.66","23.97","24.62"
"2019-03-13T04:00:00.000Z","24.50","24.68","24.45","24.54","5,201,832","111.83","23.67","24.46","23.23","0.6230","22.42","0.3858","0.4256","-0.0399","24.14","38.09","22.31","24.73"
"2019-03-14T04:00:00.000Z","24.59","24.66","24.51","24.59","2,949,448","110.46","23.74","24.56","23.30","0.7058","22.47","0.3952","0.4195","-0.0243","24.16","36.78","21.54","24.83"
"2019-03-15T04:00:00.000Z","24.66","24.97","24.65","24.86","3,790,152","126.30","23.82","24.72","23.38","0.8777","22.54","0.4201","0.4197","0.0005","24.20","40.79","19.61","25.56"
"2019-03-18T04:00:00.000Z","24.89","25.03","24.80","24.96","4,539,288","131.05","23.90","24.91","23.46","0.9632","22.60","0.4425","0.4242","0.0183","24.26","40.08","18.49","26.37"
"2019-03-19T04:00:00.000Z","25.06","25.12","24.92","25.02","4,298,704","134.33","23.97","24.99","23.54","1.01","22.67","0.4597","0.4313","0.0284","24.33","40.26","17.59","27.28"
"2019-03-20T04:00:00.000Z","25.00","25.14","24.77","24.94","5,782,248","124.75","24.02","24.98","23.62","1.01","22.74","0.4619","0.4374","0.0245","24.38","36.72","19.59","27.51"
"2019-03-21T04:00:00.000Z","24.86","25.53","24.86","25.48","3,813,888","151.67","24.10","25.21","23.71","1.05","22.83","0.5018","0.4503","0.0515","24.41","39.92","16.69","28.47"
"2019-03-22T04:00:00.000Z","25.34","25.45","24.83","24.84","7,876,464","124.06","24.16","25.16","23.78","1.04","22.93","0.4757","0.4554","0.0203","24.50","34.53","15.05","29.25"
"2019-03-25T04:00:00.000Z","24.76","24.88","24.56","24.74","4,335,256","90.00","24.21","24.79","23.84","0.9477","23.00","0.4418","0.4527","-0.0109","24.55","32.24","19.57","28.90"
"2019-03-26T04:00:00.000Z","24.93","25.10","24.74","24.88","3,634,744","104.08","24.27","24.81","23.91","0.8765","23.07","0.4216","0.4465","-0.0248","24.63","34.32","18.10","29.05"
"2019-03-27T04:00:00.000Z","24.92","25.00","24.48","24.72","4,343,056","83.79","24.31","24.80","23.98","0.7898","23.13","0.3886","0.4349","-0.0463","24.74","30.80","21.41","28.26"
"2019-03-28T04:00:00.000Z","24.79","24.93","24.67","24.83","3,490,136","88.80","24.35","24.78","24.04","0.6580","23.20","0.3665","0.4212","-0.0547","24.82","29.14","20.26","27.53"
"2019-03-29T04:00:00.000Z","25.02","25.09","24.93","25.08","3,306,272","110.65","24.41","24.95","24.10","0.5723","23.27","0.3651","0.4100","-0.0449","24.87","30.82","19.16","27.23"
"2019-04-01T04:00:00.000Z","25.34","25.45","25.19","25.43","6,349,224","142.98","24.46","25.25","24.17","0.6298","23.36","0.3878","0.4055","-0.0177","24.94","35.92","17.70","27.71"
"2019-04-02T04:00:00.000Z","25.43","25.54","25.36","25.50","3,757,008","147.99","24.52","25.47","24.23","0.6739","23.44","0.4070","0.4058","0.0012","25.00","36.38","17.00","28.32"
"2019-04-03T04:00:00.000Z","25.66","25.85","25.62","25.72","4,337,928","166.78","24.59","25.61","24.30","0.8080","23.52","0.4346","0.4116","0.0230","25.08","40.24","15.76","29.42"
"2019-04-04T04:00:00.000Z","25.71","25.76","25.41","25.58","3,370,840","140.33","24.65","25.65","24.35","0.9041","23.60","0.4402","0.4173","0.0229","25.14","37.22","19.06","29.63"
"2019-04-05T04:00:00.000Z","25.67","25.73","25.62","25.70","3,260,496","142.90","24.70","25.64","24.42","0.9783","23.67","0.4493","0.4237","0.0256","25.19","35.99","18.43","29.81"
"2019-04-08T04:00:00.000Z","25.65","25.81","25.52","25.80","4,247,472","137.90","24.75","25.75","24.49","0.9904","23.74","0.4595","0.4309","0.0286","25.24","33.68","19.57","29.58"
"2019-04-09T04:00:00.000Z","25.69","25.80","25.64","25.68","5,589,296","130.71","24.80","25.74","24.55","0.9871","23.81","0.4528","0.4353","0.0175","25.30","32.40","18.82","29.36"
"2019-04-10T04:00:00.000Z","25.72","25.89","25.71","25.89","4,414,464","136.89","24.85","25.79","24.61","0.9402","23.89","0.4587","0.4399","0.0187","25.33","33.08","17.90","29.39"
"2019-04-11T04:00:00.000Z","25.93","25.94","25.82","25.88","2,858,520","134.61","24.91","25.88","24.67","0.9436","23.96","0.4571","0.4434","0.0137","25.42","33.29","17.34","29.54"
"2019-04-12T04:00:00.000Z","26.02","26.05","25.88","26.05","3,101,192","139.62","24.97","25.96","24.74","0.9515","24.03","0.4640","0.4475","0.0165","25.50","34.54","16.58","29.94"
"2019-04-15T04:00:00.000Z","26.07","26.12","25.91","26.05","3,165,104","135.70","25.03","26.05","24.79","0.9689","24.11","0.4641","0.4508","0.0133","25.59","34.48","15.66","30.48"
"2019-04-16T04:00:00.000Z","26.14","26.21","26.05","26.16","3,223,816","139.79","25.10","26.10","24.85","0.9921","24.17","0.4679","0.4542","0.0137","25.70","35.25","14.98","31.19"
"2019-04-17T04:00:00.000Z","26.31","26.32","26.14","26.25","4,665,448","142.27","25.18","26.20","24.91","1.02","24.25","0.4730","0.4580","0.0150","25.79","36.69","14.26","32.10"
"2019-04-18T04:00:00.000Z","26.29","26.30","26.11","26.30","3,067,672","134.01","25.26","26.27","24.98","1.03","24.32","0.4754","0.4615","0.0139","25.87","34.67","14.57","32.73"
"2019-04-22T04:00:00.000Z","26.19","26.39","26.17","26.38","3,950,952","133.08","25.35","26.34","25.03","1.03","24.40","0.4784","0.4649","0.0135","25.93","34.81","13.69","33.50"
"2019-04-23T04:00:00.000Z","26.44","26.71","26.41","26.68","15,756,064","150.49","25.43","26.53","25.10","1.06","24.47","0.4995","0.4718","0.0277","25.99","40.60","12.45","34.90"
"2019-04-24T04:00:00.000Z","26.70","26.83","26.67","26.70","3,895,576","151.38","25.51","26.69","25.16","1.11","24.55","0.5117","0.4798","0.0319","26.06","42.06","11.87","36.40"
"2019-04-25T04:00:00.000Z","26.83","26.88","26.52","26.67","5,011,760","137.73","25.58","26.68","25.22","1.12","24.63","0.5127","0.4864","0.0264","26.15","37.91","14.72","36.95"
"2019-04-26T04:00:00.000Z","26.55","26.61","26.33","26.61","13,605,528","115.27","25.65","26.64","25.28","1.08","24.70","0.5032","0.4897","0.0135","26.22","34.46","18.53","36.46"
"2019-04-29T04:00:00.000Z","26.61","26.72","26.60","26.63","12,079,760","120.68","25.70","26.62","25.34","1.08","24.76","0.4915","0.4901","0.0014","26.29","36.32","17.92","36.28"
"2019-04-30T04:00:00.000Z","26.63","26.71","26.46","26.68","11,304,672","111.55","25.76","26.65","25.40","1.02","24.83","0.4804","0.4881","-0.0077","26.36","33.79","20.70","35.40"
"2019-05-01T04:00:00.000Z","26.93","26.97","26.57","26.57","3,688,024","114.24","25.81","26.63","25.46","0.9626","24.89","0.4581","0.4821","-0.0240","26.44","37.23","18.49","35.28"
"2019-05-02T04:00:00.000Z","26.57","26.76","26.30","26.45","6,543,280","91.90","25.86","26.51","25.52","0.8712","24.94","0.4256","0.4708","-0.0452","26.48","32.84","23.38","33.96"
"2019-05-03T04:00:00.000Z","26.57","26.73","26.52","26.71","2,588,448","102.29","25.91","26.58","25.60","0.8487","25.00","0.4161","0.4599","-0.0438","26.52","30.47","21.69","32.73"
"2019-05-06T04:00:00.000Z","26.09","26.57","25.99","26.53","8,004,304","71.87","25.96","26.62","25.67","0.7319","25.06","0.3895","0.4458","-0.0563","26.52","25.42","30.17","31.01"
"2019-05-07T04:00:00.000Z","26.23","26.34","25.73","25.97","8,403,472","33.74","26.00","26.25","25.71","0.5920","25.11","0.3193","0.4205","-0.1012","26.51","21.23","30.50","30.07"
"2019-05-08T04:00:00.000Z","25.90","26.13","25.83","25.92","5,636,800","25.25","26.04","25.94","25.75","0.4033","25.15","0.2568","0.3878","-0.1310","26.48","19.88","28.57","29.21"
"2019-05-09T04:00:00.000Z","25.62","25.82","25.29","25.75","7,343,176","-16.29","26.07","25.83","25.78","0.1981","25.19","0.1911","0.3484","-0.1573","26.44","17.42","35.56","29.57"
"2019-05-10T04:00:00.000Z","25.58","25.93","25.21","25.82","4,191,336","-16.26","26.10","25.78","25.81","-0.0259","25.23","0.1432","0.3074","-0.1642","26.37","17.11","30.86","29.50"
"2019-05-13T04:00:00.000Z","25.11","25.23","24.74","24.82","12,482,016","-104.86","26.10","25.32","25.81","-0.2916","25.25","0.0242","0.2507","-0.2266","26.25","14.12","33.01","30.26"
"2019-05-14T04:00:00.000Z","24.95","25.38","24.95","25.23","5,300,376","-75.46","26.09","25.03","25.82","-0.4729","25.28","-0.0361","0.1934","-0.2295","26.10","15.11","30.07","30.46"
"2019-05-15T04:00:00.000Z","25.06","25.57","25.05","25.49","12,253,968","-54.40","26.09","25.36","25.83","-0.6233","25.30","-0.0623","0.1422","-0.2046","25.99","16.99","27.57","29.98"
"2019-05-16T04:00:00.000Z","25.52","25.92","25.50","25.76","6,360,040","-12.68","26.09","25.62","25.85","-0.6190","25.34","-0.0611","0.1016","-0.1627","25.91","21.34","25.69","28.50"
"2019-05-17T04:00:00.000Z","25.48","25.85","25.47","25.50","3,238,032","-29.44","26.09","25.63","25.85","-0.6192","25.37","-0.0799","0.0653","-0.1452","25.82","20.05","24.51","27.18"
"2019-05-20T04:00:00.000Z","25.11","25.26","24.95","25.05","5,127,264","-99.22","26.07","25.28","25.85","-0.5900","25.38","-0.1293","0.0264","-0.1557","25.68","18.31","30.65","27.04"
"2019-05-21T04:00:00.000Z","25.32","25.46","25.29","25.40","2,459,272","-63.98","26.05","25.23","25.87","-0.5450","25.40","-0.1392","-0.0068","-0.1325","25.58","20.36","28.66","26.32"
"2019-05-22T04:00:00.000Z","25.22","25.41","25.22","25.24","2,517,744","-79.49","26.04","25.32","25.88","-0.5321","25.42","-0.1577","-0.0369","-0.1207","25.48","19.74","28.89","25.78"
"2019-05-23T04:00:00.000Z","24.92","24.94","24.62","24.78","6,333,512","-151.36","26.00","25.01","25.88","-0.6947","25.43","-0.2069","-0.0709","-0.1360","25.39","17.77","35.66","26.33"
"2019-05-24T04:00:00.000Z","24.94","25.05","24.78","24.80","2,337,504","-138.34","25.96","24.79","25.88","-0.8218","25.44","-0.2416","-0.1051","-0.1365","25.29","18.81","34.10","26.51"
"2019-05-28T04:00:00.000Z","24.88","25.05","24.73","24.73","3,350,360","-142.71","25.92","24.77","25.87","-0.8425","25.44","-0.2721","-0.1385","-0.1336","25.21","17.80","33.24","26.78"
"2019-05-29T04:00:00.000Z","24.56","24.71","24.42","24.56","6,293,056","-170.49","25.87","24.64","25.85","-0.9703","25.45","-0.3062","-0.1720","-0.1342","25.13","16.88","36.71","27.51"
"2019-05-30T04:00:00.000Z","24.64","24.77","24.56","24.70","3,237,888","-146.93","25.82","24.63","25.83","-1.07","25.46","-0.3179","-0.2012","-0.1167","25.06","17.33","35.28","27.98"
"2019-05-31T04:00:00.000Z","24.40","24.54","24.30","24.31","3,840,200","-169.84","25.76","24.51","25.79","-1.10","25.47","-0.3551","-0.2320","-0.1231","25.00","16.08","37.31","28.82"
"2019-06-03T04:00:00.000Z","24.35","24.46","23.71","23.86","6,700,936","-195.86","25.68","24.09","25.75","-1.21","25.47","-0.4155","-0.2687","-0.1468","24.96","14.06","42.45","30.35"
"2019-06-04T04:00:00.000Z","24.17","24.67","24.06","24.66","3,471,320","-134.23","25.62","24.26","25.73","-1.26","25.48","-0.3949","-0.2939","-0.1010","24.89","15.56","37.06","31.10"
"2019-06-05T04:00:00.000Z","24.97","25.03","24.68","24.98","6,544,592","-82.78","25.56","24.82","25.70","-1.17","25.50","-0.3488","-0.3049","-0.0439","24.84","20.39","34.85","30.75"
"2019-06-06T04:00:00.000Z","25.02","25.31","24.92","25.25","4,419,856","-52.57","25.51","25.11","25.69","-1.04","25.51","-0.2867","-0.3013","0.0146","24.81","23.60","32.65","29.70"
"2019-06-07T04:00:00.000Z","25.38","25.84","25.35","25.69","3,231,360","-4.66","25.48","25.47","25.69","-0.7908","25.53","-0.1996","-0.2809","0.0814","24.83","29.71","29.63","27.59"
"2019-06-10T04:00:00.000Z","25.91","26.24","25.90","25.98","6,394,736","36.59","25.46","25.83","25.69","-0.3880","25.55","-0.1066","-0.2461","0.1395","24.87","33.42","27.11","26.37"
"2019-06-11T04:00:00.000Z","26.26","26.29","25.81","25.94","9,744,688","33.95","25.44","25.96","25.69","-0.0368","25.57","-0.0350","-0.2039","0.1688","24.95","30.95","26.47","25.04"
"2019-06-12T04:00:00.000Z","25.86","25.91","25.76","25.83","3,163,712","16.14","25.41","25.89","25.68","0.1857","25.59","0.0125","-0.1606","0.1731","25.03","30.01","26.51","23.69"
"2019-06-13T04:00:00.000Z","25.92","25.98","25.82","25.91","8,293,368","24.38","25.39","25.87","25.68","0.3666","25.60","0.0555","-0.1174","0.1729","25.10","30.50","25.80","22.60"
"2019-06-14T04:00:00.000Z","25.71","25.76","25.59","25.67","1,984,368","1.95","25.36","25.79","25.66","0.4053","25.61","0.0701","-0.0799","0.1499","25.17","28.82","28.47","21.03"
"2019-06-17T04:00:00.000Z","25.70","25.84","25.67","25.73","2,194,880","11.14","25.33","25.70","25.65","0.3689","25.62","0.0847","-0.0470","0.1317","25.25","29.40","27.64","19.75"
"2019-06-18T04:00:00.000Z","25.98","26.31","25.92","26.16","3,220,080","53.15","25.32","25.94","25.64","0.3960","25.64","0.1297","-0.0116","0.1413","25.36","34.66","24.82","19.52"
"2019-06-19T04:00:00.000Z","26.23","26.34","26.06","26.28","3,016,160","65.99","25.33","26.22","25.63","0.4870","25.66","0.1735","0.0254","0.1481","25.50","33.49","23.58","19.36"
"2019-06-20T04:00:00.000Z","26.68","26.75","26.43","26.64","3,737,000","108.62","25.35","26.46","25.63","0.6231","25.69","0.2348","0.0673","0.1675","25.68","37.93","21.62","19.94"
"2019-06-21T04:00:00.000Z","26.52","26.65","26.41","26.43","3,852,832","96.85","25.37","26.54","25.63","0.7971","25.72","0.2625","0.1063","0.1562","25.86","36.29","21.15","20.39"
"2019-06-24T04:00:00.000Z","26.48","26.52","26.40","26.40","2,290,784","91.73","25.39","26.41","25.62","0.9332","25.75","0.2795","0.1410","0.1385","25.97","35.46","20.76","20.80"
"2019-06-25T04:00:00.000Z","26.40","26.41","25.91","25.94","3,763,152","55.01","25.43","26.17","25.60","0.9390","25.76","0.2527","0.1633","0.0894","26.08","32.14","27.95","19.82"
"2019-06-26T04:00:00.000Z","26.18","26.39","26.18","26.19","2,231,248","75.63","25.46","26.06","25.59","0.9464","25.78","0.2487","0.1804","0.0683","26.14","29.48","25.63","18.90"
"2019-06-27T04:00:00.000Z","26.30","26.37","26.24","26.31","3,141,176","84.14","25.49","26.25","25.58","0.8667","25.79","0.2524","0.1948","0.0576","26.17","28.45","24.74","18.05"
"2019-06-28T04:00:00.000Z","26.40","26.42","26.23","26.36","5,061,520","88.71","25.51","26.34","25.58","0.8044","25.80","0.2565","0.2071","0.0494","26.18","28.39","23.80","17.39"
"2019-07-01T04:00:00.000Z","26.92","26.96","26.63","26.75","7,154,752","139.25","25.55","26.55","25.58","0.8175","25.82","0.2876","0.2232","0.0644","26.26","35.30","21.12","17.94"
"2019-07-02T04:00:00.000Z","26.72","26.83","26.66","26.83","2,842,496","135.38","25.61","26.79","25.59","0.8872","25.84","0.3150","0.2416","0.0734","26.32","34.16","20.44","18.45"
"2019-07-03T04:00:00.000Z","26.88","27.02","26.83","27.02","1,915,624","148.80","25.66","26.92","25.62","0.9673","25.86","0.3482","0.2629","0.0853","26.41","36.74","19.64","19.30"
"2019-07-05T04:00:00.000Z","26.83","27.01","26.70","26.98","2,205,432","135.00","25.72","27.00","25.64","1.04","25.88","0.3669","0.2837","0.0832","26.50","34.38","20.89","19.67"
"2019-07-08T04:00:00.000Z","26.79","26.81","26.66","26.78","2,008,816","111.62","25.79","26.88","25.67","1.09","25.89","0.3615","0.2993","0.0622","26.56","32.16","20.37","19.86"
"2019-07-09T04:00:00.000Z","26.62","26.90","26.61","26.88","6,789,664","109.06","25.86","26.83","25.70","1.04","25.91","0.3612","0.3117","0.0496","26.59","32.13","19.13","20.26"
"2019-07-10T04:00:00.000Z","27.02","27.25","27.02","27.09","4,880,528","132.87","25.94","26.98","25.75","1.07","25.93","0.3733","0.3240","0.0493","26.62","36.86","17.65","21.33"
"2019-07-11T04:00:00.000Z","27.16","27.27","27.08","27.18","3,053,008","129.99","26.02","27.13","25.80","1.06","25.95","0.3857","0.3363","0.0494","26.67","35.75","16.94","22.36"
"2019-07-12T04:00:00.000Z","27.24","27.39","27.21","27.39","2,436,008","135.77","26.11","27.28","25.85","1.08","25.97","0.4084","0.3507","0.0576","26.73","36.79","16.12","23.55"
"2019-07-15T04:00:00.000Z","27.45","27.50","27.39","27.46","2,244,760","136.45","26.22","27.43","25.89","1.14","25.99","0.4269","0.3660","0.0609","26.81","38.28","15.71","24.86"
"2019-07-16T04:00:00.000Z","27.44","27.44","27.17","27.23","13,224,040","114.37","26.33","27.34","25.93","1.18","26.00","0.4180","0.3764","0.0416","26.90","35.72","19.73","25.14"
"2019-07-17T04:00:00.000Z","27.24","27.33","27.16","27.16","1,744,056","104.24","26.41","27.19","25.99","1.12","26.02","0.4009","0.3813","0.0196","26.98","34.26","19.17","25.36"
"2019-07-18T04:00:00.000Z","27.13","27.39","27.07","27.35","2,786,528","103.56","26.49","27.26","26.04","1.06","26.03","0.3984","0.3847","0.0137","27.03","31.59","19.96","25.16"
"2019-07-19T04:00:00.000Z","27.58","27.61","27.19","27.20","2,954,912","104.00","26.56","27.28","26.08","0.9918","26.04","0.3800","0.3837","-0.0038","27.08","33.60","18.02","25.52"
"2019-07-22T04:00:00.000Z","27.31","27.57","27.31","27.50","2,832,728","109.84","26.62","27.35","26.15","0.8926","26.05","0.3847","0.3839","0.0008","27.13","30.80","16.51","25.86"
"2019-07-23T04:00:00.000Z","27.66","27.66","27.44","27.66","2,532,568","115.44","26.67","27.58","26.22","0.8479","26.07","0.3965","0.3865","0.0101","27.19","31.29","15.65","26.39"
"2019-07-24T04:00:00.000Z","27.62","27.92","27.61","27.91","2,664,040","129.28","26.74","27.79","26.30","0.8660","26.09","0.4219","0.3936","0.0284","27.25","35.05","14.51","27.47"
"2019-07-25T04:00:00.000Z","27.86","27.86","27.66","27.72","3,079,968","118.73","26.80","27.82","26.38","0.8945","26.11","0.4213","0.3991","0.0222","27.33","32.94","13.63","28.46"
"2019-07-26T04:00:00.000Z","27.82","27.95","27.82","27.91","2,031,152","126.34","26.87","27.81","26.46","0.9233","26.13","0.4313","0.4055","0.0257","27.43","33.21","12.88","29.58"
"2019-07-29T04:00:00.000Z","27.91","27.96","27.62","27.87","4,230,752","115.69","26.94","27.89","26.55","0.9421","26.15","0.4307","0.4106","0.0202","27.49","30.53","16.52","29.59"
"2019-07-30T04:00:00.000Z","27.66","27.80","27.61","27.70","1,849,488","103.15","27.01","27.78","26.65","0.9249","26.17","0.4119","0.4108","0.0011","27.53","28.66","15.73","29.56"
"2019-07-31T04:00:00.000Z","27.82","27.87","27.01","27.29","5,319,752","70.15","27.05","27.50","26.71","0.8124","26.18","0.3603","0.4007","-0.0404","27.58","23.43","25.61","27.77"
"2019-08-01T04:00:00.000Z","27.34","27.90","27.02","27.16","7,044,888","64.37","27.08","27.22","26.77","0.7067","26.20","0.3048","0.3815","-0.0768","27.57","20.10","21.35","26.00"
"2019-08-02T04:00:00.000Z","26.94","27.00","26.43","26.65","5,494,240","-13.35","27.08","26.90","26.80","0.4425","26.21","0.2174","0.3487","-0.1313","27.53","17.51","29.11","25.92"
"2019-08-05T04:00:00.000Z","25.95","25.95","25.33","25.55","8,776,280","-139.23","27.05","26.10","26.80","0.0160","26.21","0.0591","0.2908","-0.2317","27.43","13.97","40.07","27.52"
"2019-08-06T04:00:00.000Z","25.87","26.03","25.65","25.93","5,564,728","-107.93","27.03","25.74","26.80","-0.3493","26.21","-0.0357","0.2255","-0.2612","27.33","14.20","37.15","28.74"
"2019-08-07T04:00:00.000Z","25.66","26.16","25.52","26.11","3,702,144","-100.73","27.04","26.02","26.80","-0.6589","26.23","-0.0955","0.1613","-0.2568","27.19","12.85","35.54","30.04"
"2019-08-08T04:00:00.000Z","26.32","26.76","26.26","26.75","8,771,120","-26.99","27.06","26.43","26.83","-0.8460","26.26","-0.0897","0.1111","-0.2008","27.11","20.41","32.16","29.49"
"2019-08-09T04:00:00.000Z","26.61","26.66","26.26","26.45","2,870,848","-45.73","27.06","26.60","26.84","-0.8944","26.27","-0.1084","0.0672","-0.1756","27.03","18.96","29.91","28.98"
"2019-08-12T04:00:00.000Z","26.28","26.33","25.98","26.10","3,055,592","-88.16","27.05","26.27","26.85","-0.7821","26.28","-0.1499","0.0238","-0.1737","26.92","17.67","32.01","28.98"
"2019-08-13T04:00:00.000Z","26.08","26.82","26.02","26.72","3,390,568","-44.33","27.05","26.41","26.87","-0.6738","26.30","-0.1306","-0.0071","-0.1235","26.79","22.44","28.45","27.75"
"2019-08-14T04:00:00.000Z","26.22","26.31","25.82","25.90","18,065,864","-108.81","27.02","26.31","26.87","-0.6214","26.31","-0.1795","-0.0416","-0.1380","26.66","19.76","27.71","26.97"
"2019-08-15T04:00:00.000Z","25.92","25.97","25.63","25.85","5,145,736","-129.79","26.98","25.88","26.86","-0.7489","26.32","-0.2199","-0.0772","-0.1427","26.51","18.85","28.96","26.55"
"2019-08-16T04:00:00.000Z","26.10","26.39","26.04","26.32","2,838,416","-73.68","26.96","26.08","26.85","-0.7959","26.34","-0.2119","-0.1042","-0.1077","26.39","23.11","26.86","25.19"
"2019-08-19T04:00:00.000Z","26.73","26.81","26.57","26.70","5,273,960","-18.94","26.96","26.51","26.86","-0.6858","26.37","-0.1723","-0.1178","-0.0545","26.31","27.29","25.07","23.69"
"2019-08-20T04:00:00.000Z","26.67","26.79","26.55","26.59","2,715,432","-26.48","26.95","26.65","26.86","-0.6334","26.40","-0.1487","-0.1240","-0.0247","26.26","26.35","24.58","22.25"
"2019-08-21T04:00:00.000Z","26.84","26.97","26.77","26.89","2,978,296","0.6113","26.94","26.74","26.88","-0.4713","26.44","-0.1040","-0.1200","0.0160","26.25","27.45","23.22","21.26"
"2019-08-22T04:00:00.000Z","26.96","27.02","26.61","26.83","2,075,936","-9.16","26.93","26.86","26.90","-0.2678","26.48","-0.0729","-0.1106","0.0377","26.33","25.80","24.20","19.97"
"2019-08-23T04:00:00.000Z","26.68","26.94","25.88","25.97","5,008,248","-83.02","26.88","26.40","26.89","-0.2185","26.50","-0.1160","-0.1116","-0.0043","26.39","22.13","30.52","19.68"
"2019-08-26T04:00:00.000Z","26.30","26.34","26.11","26.30","3,018,272","-84.50","26.84","26.14","26.89","-0.2967","26.53","-0.1222","-0.1138","-0.0084","26.44","21.02","29.00","19.41"
"2019-08-27T04:00:00.000Z","26.48","26.52","26.09","26.24","2,899,744","-76.20","26.81","26.27","26.88","-0.3449","26.57","-0.1309","-0.1172","-0.0137","26.45","22.38","27.26","18.73"
"2019-08-28T04:00:00.000Z","26.10","26.30","25.89","26.25","2,405,400","-89.28","26.78","26.24","26.86","-0.4677","26.60","-0.1352","-0.1208","-0.0144","26.41","21.11","28.52","18.46"
"2019-08-29T04:00:00.000Z","26.61","26.79","26.54","26.71","3,327,096","-21.08","26.76","26.48","26.86","-0.4783","26.63","-0.1001","-0.1166","0.0165","26.44","26.48","26.34","17.16"
"2019-08-30T04:00:00.000Z","26.87","26.90","26.50","26.70","2,540,408","-18.28","26.74","26.70","26.85","-0.3986","26.65","-0.0729","-0.1079","0.0350","26.50","26.49","24.80","16.17"
"2019-09-03T04:00:00.000Z","26.50","26.58","26.27","26.37","3,684,040","-53.07","26.70","26.53","26.84","-0.3321","26.66","-0.0770","-0.1017","0.0248","26.52","24.86","26.55","15.25"
"2019-09-04T04:00:00.000Z","26.65","26.82","26.63","26.82","2,007,184","-9.22","26.68","26.59","26.84","-0.2330","26.67","-0.0429","-0.0899","0.0471","26.58","26.73","24.79","14.43"
"2019-09-05T04:00:00.000Z","27.16","27.47","27.15","27.36","3,512,088","59.73","26.66","27.09","26.84","0.0075","26.70","0.0276","-0.0664","0.0940","26.66","33.48","22.51","14.80"
"2019-09-06T04:00:00.000Z","27.43","27.44","27.27","27.33","2,199,184","60.92","26.64","27.35","26.85","0.1473","26.72","0.0794","-0.0373","0.1167","26.71","32.65","21.96","15.14"
"2019-09-09T04:00:00.000Z","27.44","27.46","26.95","27.12","5,603,096","41.06","26.62","27.22","26.84","0.2558","26.74","0.1023","-0.0093","0.1117","26.77","30.20","25.08","14.72"
"2019-09-10T04:00:00.000Z","26.96","26.98","26.66","26.98","3,516,984","6.26","26.59","27.05","26.83","0.3567","26.77","0.1084","0.0142","0.0942","26.78","28.16","27.73","13.72"
"2019-09-11T04:00:00.000Z","27.05","27.27","26.99","27.26","2,323,376","44.53","26.57","27.12","26.83","0.4565","26.79","0.1340","0.0382","0.0958","26.79","31.40","26.48","13.35"
"2019-09-12T04:00:00.000Z","27.44","27.63","27.29","27.39","13,385,744","75.75","26.58","27.32","26.84","0.4951","26.81","0.1627","0.0631","0.0996","26.84","35.06","24.97","13.60"
"2019-09-13T04:00:00.000Z","27.36","27.38","27.17","27.19","2,281,264","52.34","26.58","27.29","26.83","0.4962","26.83","0.1679","0.0840","0.0839","26.93","33.84","26.08","13.55"
"2019-09-16T04:00:00.000Z","26.98","27.22","26.93","27.17","2,328,400","36.04","26.59","27.18","26.83","0.4912","26.84","0.1680","0.1008","0.0671","26.96","32.21","28.79","12.98"
"2019-09-17T04:00:00.000Z","27.18","27.28","27.13","27.26","1,571,544","52.23","26.65","27.22","26.82","0.5824","26.85","0.1739","0.1154","0.0584","27.05","32.39","28.02","12.57"
"2019-09-18T04:00:00.000Z","27.24","27.29","26.91","27.28","2,223,848","46.06","26.70","27.27","26.81","0.5849","26.86","0.1777","0.1279","0.0498","27.10","30.24","30.00","11.70"
"2019-09-19T04:00:00.000Z","27.36","27.57","27.30","27.34","3,741,584","81.19","26.74","27.31","26.80","0.5805","26.89","0.1836","0.1390","0.0446","27.13","33.73","28.44","11.47"
"2019-09-20T04:00:00.000Z","27.42","27.43","26.94","27.05","3,160,976","49.93","26.75","27.20","26.78","0.5493","26.90","0.1630","0.1438","0.0192","27.21","30.85","32.21","10.81"
"2019-09-23T04:00:00.000Z","27.03","27.19","26.96","27.11","2,371,488","47.42","26.77","27.08","26.76","0.5071","26.92","0.1497","0.1450","0.0047","27.23","29.57","30.87","10.19"
"2019-09-24T04:00:00.000Z","27.27","27.38","26.70","26.80","4,346,624","33.72","26.79","26.96","26.74","0.4389","26.92","0.1132","0.1387","-0.0254","27.24","26.14","31.76","10.16"
"2019-09-25T04:00:00.000Z","26.78","27.20","26.53","27.12","2,807,712","36.74","26.81","26.96","26.72","0.3625","26.93","0.1089","0.1327","-0.0238","27.19","23.23","31.12","10.47"
"2019-09-26T04:00:00.000Z","27.02","27.13","26.85","27.05","2,096,520","48.30","26.85","27.08","26.72","0.2599","26.93","0.0979","0.1258","-0.0278","27.16","22.12","29.64","10.76"
"2019-09-27T04:00:00.000Z","27.07","27.09","26.45","26.65","4,148,504","6.02","26.87","26.85","26.70","0.1673","26.93","0.0569","0.1120","-0.0550","27.17","19.83","33.09","11.78"
"2019-09-30T04:00:00.000Z","26.76","27.00","26.71","26.94","2,855,456","31.04","26.89","26.80","26.71","0.1025","26.93","0.0474","0.0991","-0.0517","27.15","18.68","31.18","12.73"
"2019-10-01T04:00:00.000Z","27.06","27.24","26.67","26.70","4,180,976","25.07","26.89","26.82","26.74","0.0701","26.92","0.0201","0.0833","-0.0632","27.12","20.85","28.31","12.90"
"2019-10-02T04:00:00.000Z","26.52","26.54","26.00","26.20","4,815,824","-90.08","26.88","26.45","26.75","-0.0552","26.91","-0.0415","0.0583","-0.0998","27.05","18.57","35.71","14.24"
"2019-10-03T04:00:00.000Z","26.19","26.54","25.86","26.54","4,041,496","-81.47","26.87","26.37","26.76","-0.2243","26.90","-0.0622","0.0342","-0.0964","26.99","16.68","34.11","15.67"
"2019-10-04T04:00:00.000Z","26.70","27.02","26.70","26.99","3,182,944","27.33","26.87","26.76","26.76","-0.2252","26.90","-0.0420","0.0190","-0.0609","26.96","22.60","31.67","15.75"
"2019-10-07T04:00:00.000Z","26.90","27.11","26.87","26.90","2,777,536","36.76","26.90","26.95","26.78","-0.2068","26.89","-0.0324","0.0087","-0.0411","26.93","23.28","30.48","15.58"
"2019-10-08T04:00:00.000Z","26.71","26.75","26.37","26.38","3,870,072","-54.59","26.91","26.64","26.78","-0.2828","26.87","-0.0662","-0.0063","-0.0599","26.88","21.35","35.75","16.27"
"2019-10-09T04:00:00.000Z","26.64","26.86","26.61","26.76","2,898,888","-8.91","26.92","26.57","26.78","-0.1864","26.87","-0.0619","-0.0174","-0.0445","26.82","21.38","33.15","16.65"
"2019-10-10T04:00:00.000Z","26.75","27.03","26.74","26.92","2,624,120","19.46","26.95","26.84","26.81","-0.0518","26.86","-0.0450","-0.0229","-0.0221","26.80","23.23","31.62","16.55"
"2019-10-11T04:00:00.000Z","27.23","27.55","27.23","27.31","6,261,776","117.00","26.97","27.12","26.85","0.0263","26.86","0.0002","-0.0183","0.0185","26.80","28.96","28.53","15.42"
"2019-10-14T04:00:00.000Z","27.28","27.41","27.28","27.31","2,265,808","106.24","26.99","27.31","26.87","0.0637","26.86","0.0355","-0.0075","0.0430","26.83","28.36","27.95","14.37"
"2019-10-15T04:00:00.000Z","27.39","27.66","27.37","27.59","3,079,952","144.33","27.03","27.45","26.89","0.2193","26.87","0.0854","0.0110","0.0743","26.86","30.93","26.32","13.92"
"2019-10-16T04:00:00.000Z","27.43","27.43","27.25","27.35","2,817,480","94.95","27.05","27.47","26.91","0.3043","26.86","0.1043","0.0297","0.0746","26.89","29.14","26.79","13.23"
"2019-10-17T04:00:00.000Z","27.47","27.52","27.19","27.33","2,614,968","89.71","27.04","27.34","26.92","0.3770","26.85","0.1157","0.0469","0.0688","26.95","29.01","25.27","12.77"
"2019-10-18T04:00:00.000Z","27.27","27.31","26.85","27.04","2,541,728","29.02","27.03","27.18","26.93","0.3027","26.84","0.1004","0.0576","0.0428","26.96","26.69","28.86","12.14"
"2019-10-21T04:00:00.000Z","27.19","27.33","27.11","27.31","1,924,312","65.66","27.04","27.17","26.96","0.2545","26.83","0.1089","0.0679","0.0410","27.01","25.77","27.41","11.49"
"2019-10-22T04:00:00.000Z","27.37","27.46","26.93","26.94","2,832,440","31.48","27.04","27.13","26.98","0.1767","26.81","0.0848","0.0712","0.0135","27.10","23.47","28.00","11.30"
"2019-10-23T04:00:00.000Z","26.88","27.00","26.81","26.97","1,988,664","-15.70","27.03","26.95","26.99","0.1024","26.80","0.0671","0.0704","-0.0033","27.12","22.69","29.14","11.38"
"2019-10-24T04:00:00.000Z","27.25","27.40","27.17","27.38","2,054,336","77.68","27.03","27.17","27.02","0.0908","26.80","0.0854","0.0734","0.0120","27.14","27.86","26.95","10.69"
"2019-10-25T04:00:00.000Z","27.38","27.73","27.38","27.71","2,226,328","145.16","27.05","27.55","27.05","0.1751","26.81","0.1251","0.0837","0.0413","27.20","31.94","25.28","10.76"
"2019-10-28T04:00:00.000Z","27.90","28.06","27.89","28.03","6,899,816","228.02","27.08","27.87","27.08","0.2921","26.84","0.1801","0.1030","0.0771","27.29","35.89","23.71","11.45"
"2019-10-29T04:00:00.000Z","28.02","28.06","27.80","27.80","2,366,224","192.79","27.09","27.91","27.12","0.4158","26.87","0.2030","0.1230","0.0800","27.39","34.17","24.24","11.85"
"2019-10-30T04:00:00.000Z","27.88","28.01","27.71","27.99","2,788,984","183.39","27.12","27.89","27.15","0.5948","26.91","0.2335","0.1451","0.0884","27.44","32.27","24.52","11.98"
"2019-10-31T04:00:00.000Z","28.05","28.05","27.79","27.95","2,745,760","176.59","27.14","27.97","27.16","0.7028","26.94","0.2522","0.1665","0.0857","27.50","31.38","23.28","12.18"
"2019-11-01T04:00:00.000Z","28.07","28.32","28.02","28.32","4,552,328","219.75","27.18","28.14","27.19","0.7941","26.96","0.2930","0.1918","0.1012","27.55","34.30","21.67","12.92"
"2019-11-04T05:00:00.000Z","28.54","28.56","28.40","28.45","2,966,344","239.14","27.22","28.38","27.22","0.8575","27.00","0.3319","0.2198","0.1121","27.64","37.35","20.66","14.05"
"2019-11-05T05:00:00.000Z","28.53","28.53","28.33","28.42","3,818,840","208.28","27.28","28.43","27.26","0.9176","27.04","0.3564","0.2472","0.1093","27.72","35.82","21.40","14.85"
"2019-11-06T05:00:00.000Z","28.42","28.42","28.25","28.39","2,830,504","176.62","27.32","28.41","27.28","0.9860","27.06","0.3693","0.2716","0.0977","27.81","34.56","22.14","15.35"
"2019-11-07T05:00:00.000Z","28.59","28.78","28.55","28.62","3,541,616","202.38","27.37","28.51","27.31","1.09","27.11","0.3934","0.2960","0.0975","27.91","39.21","20.36","16.52"
"2019-11-08T05:00:00.000Z","28.53","28.77","28.43","28.77","2,728,576","183.16","27.44","28.70","27.35","1.13","27.16","0.4202","0.3208","0.0994","28.00","36.41","21.28","17.21"
"2019-11-11T05:00:00.000Z","28.61","28.84","28.58","28.81","2,587,040","174.29","27.51","28.79","27.40","1.13","27.20","0.4392","0.3445","0.0948","28.14","35.77","20.08","17.99"
"2019-11-12T05:00:00.000Z","28.84","29.00","28.77","28.90","3,093,728","172.94","27.58","28.86","27.44","1.16","27.24","0.4564","0.3669","0.0896","28.26","37.45","19.09","19.02"
"2019-11-13T05:00:00.000Z","28.78","28.99","28.78","28.97","2,394,408","158.40","27.67","28.94","27.48","1.22","27.28","0.4699","0.3875","0.0824","28.37","35.71","18.21","19.98"
"2019-11-14T05:00:00.000Z","28.86","28.95","28.79","28.93","3,606,232","142.22","27.75","28.95","27.52","1.20","27.31","0.4723","0.4044","0.0679","28.44","34.24","17.46","20.87"
"2019-11-15T05:00:00.000Z","29.12","29.18","29.04","29.17","2,561,776","152.72","27.82","29.05","27.57","1.23","27.35","0.4880","0.4212","0.0669","28.53","37.66","16.47","22.18"
"2019-11-18T05:00:00.000Z","29.16","29.30","29.05","29.24","2,754,040","145.98","27.90","29.21","27.62","1.26","27.40","0.5003","0.4370","0.0633","28.62","38.33","15.51","23.62"
"2019-11-19T05:00:00.000Z","29.35","29.42","29.21","29.34","4,795,904","144.98","28.00","29.29","27.69","1.25","27.45","0.5119","0.4520","0.0599","28.72","39.33","14.73","25.18"
"2019-11-20T05:00:00.000Z","29.26","29.37","28.96","29.18","6,477,320","122.79","28.08","29.26","27.74","1.22","27.50","0.5029","0.4621","0.0407","28.82","35.51","19.20","25.51"
"2019-11-21T05:00:00.000Z","29.16","29.16","28.97","29.03","2,904,488","105.96","28.15","29.11","27.79","1.20","27.55","0.4774","0.4652","0.0122","28.86","33.66","18.20","25.82"
"2019-11-22T05:00:00.000Z","29.12","29.17","28.90","29.02","2,763,088","98.62","28.21","29.02","27.85","1.12","27.59","0.4514","0.4624","-0.0110","28.91","31.49","18.68","25.80"
"2019-11-25T05:00:00.000Z","29.14","29.45","29.10","29.45","16,280,840","117.00","28.28","29.23","27.91","1.06","27.63","0.4599","0.4619","-0.0020","28.96","34.95","16.79","26.47"
"2019-11-26T05:00:00.000Z","29.46","29.54","29.42","29.46","3,694,928","121.10","28.34","29.45","27.98","1.01","27.69","0.4626","0.4621","0.0005","29.03","36.12","16.30","27.28"
"2019-11-27T05:00:00.000Z","29.56","29.64","29.48","29.64","2,572,120","123.62","28.42","29.55","28.07","1.02","27.73","0.4740","0.4645","0.0096","29.11","37.08","15.55","28.25"
"2019-11-29T05:00:00.000Z","29.56","29.61","29.51","29.52","1,515,624","114.44","28.49","29.58","28.14","1.05","27.77","0.4676","0.4651","0.0025","29.18","35.78","15.00","29.15"
"2019-12-02T05:00:00.000Z","29.55","29.56","28.97","29.10","4,131,304","83.30","28.56","29.31","28.19","1.04","27.80","0.4237","0.4568","-0.0331","29.24","30.65","25.95","27.66"
"2019-12-03T05:00:00.000Z","28.62","28.88","28.50","28.87","4,631,584","43.40","28.61","28.98","28.24","0.8897","27.83","0.3661","0.4387","-0.0726","29.23","26.53","32.92","26.46"
"2019-12-04T05:00:00.000Z","29.04","29.06","28.93","28.96","4,181,576","60.18","28.68","28.92","28.31","0.7439","27.86","0.3245","0.4158","-0.0913","29.24","29.64","31.44","24.78"
"2019-12-05T05:00:00.000Z","29.07","29.09","28.93","29.05","2,831,824","60.72","28.75","29.01","28.36","0.5847","27.89","0.2946","0.3916","-0.0970","29.23","29.22","30.16","23.12"
"2019-12-06T05:00:00.000Z","29.27","29.38","29.25","29.36","3,121,472","85.58","28.82","29.20","28.42","0.4703","27.92","0.2933","0.3719","-0.0786","29.24","33.70","27.74","22.16"
"2019-12-09T05:00:00.000Z","29.32","29.39","29.20","29.21","2,439,712","76.58","28.87","29.29","28.47","0.4156","27.96","0.2768","0.3529","-0.0761","29.24","32.10","27.67","21.11"
"2019-12-10T05:00:00.000Z","29.24","29.35","29.15","29.20","5,842,240","70.40","28.90","29.21","28.52","0.4672","27.99","0.2598","0.3343","-0.0745","29.24","30.54","27.49","19.97"
"2019-12-11T05:00:00.000Z","29.27","29.41","29.20","29.39","2,736,656","77.28","28.96","29.30","28.56","0.4589","28.03","0.2588","0.3192","-0.0604","29.25","30.45","26.05","19.10"
"2019-12-12T05:00:00.000Z","29.33","29.72","29.24","29.68","4,912,128","95.14","29.01","29.54","28.62","0.4879","28.07","0.2780","0.3109","-0.0330","29.26","34.46","23.01","19.16"
"2019-12-13T05:00:00.000Z","29.70","29.94","29.61","29.87","4,336,360","118.60","29.08","29.78","28.69","0.5137","28.11","0.3051","0.3098","-0.0046","29.31","36.94","21.19","19.73"
"2019-12-16T05:00:00.000Z","30.00","30.17","30.00","30.06","4,234,168","144.10","29.14","29.96","28.76","0.6094","28.16","0.3378","0.3154","0.0224","29.35","39.84","19.68","20.74"
"2019-12-17T05:00:00.000Z","30.12","30.12","29.95","30.00","3,983,576","135.33","29.19","30.03","28.83","0.7048","28.21","0.3550","0.3233","0.0317","29.39","38.10","20.14","21.46"
"2019-12-18T05:00:00.000Z","30.05","30.12","29.99","30.01","3,247,952","135.55","29.24","30.01","28.91","0.7896","28.26","0.3652","0.3317","0.0335","29.43","36.83","19.47","22.13"
"2019-12-19T05:00:00.000Z","30.04","30.21","30.03","30.21","4,196,640","147.29","29.30","30.11","28.99","0.8531","28.31","0.3848","0.3423","0.0425","29.47","37.38","18.44","22.98"
"2019-12-20T05:00:00.000Z","30.39","30.42","30.31","30.38","4,157,240","170.52","29.36","30.29","29.06","0.9068","28.37","0.4092","0.3557","0.0535","29.60","40.76","17.40","24.20"
"2019-12-23T05:00:00.000Z","30.49","30.54","30.42","30.48","3,445,208","176.99","29.42","30.43","29.13","0.9270","28.43","0.4318","0.3709","0.0609","29.72","42.27","16.62","25.58"
"2019-12-24T05:00:00.000Z","30.51","30.53","30.41","30.48","1,876,808","167.57","29.47","30.48","29.19","0.9538","28.49","0.4448","0.3857","0.0592","29.83","40.81","16.32","26.82"
"2019-12-26T05:00:00.000Z","30.54","30.72","30.54","30.72","2,411,752","180.31","29.53","30.60","29.27","1.00","28.56","0.4687","0.4023","0.0664","29.92","43.39","15.23","28.34"
"2019-12-27T05:00:00.000Z","30.84","30.84","30.62","30.70","2,795,720","176.39","29.59","30.71","29.33","1.06","28.63","0.4812","0.4181","0.0631","30.04","44.23","14.23","29.98"
"2019-12-30T05:00:00.000Z","30.69","30.70","30.26","30.52","4,057,096","138.25","29.64","30.61","29.40","1.03","28.70","0.4709","0.4286","0.0423","30.15","38.89","22.16","29.79"
"2019-12-31T05:00:00.000Z","30.41","30.63","30.38","30.61","2,994,656","133.30","29.69","30.56","29.45","0.9839","28.76","0.4642","0.4357","0.0284","30.24","36.17","20.61","29.62"
"2020-01-02T05:00:00.000Z","30.88","31.17","30.83","31.17","11,322,048","179.18","29.76","30.89","29.52","1.03","28.83","0.4984","0.4483","0.0501","30.36","44.61","17.68","30.60"
"2020-01-03T05:00:00.000Z","30.74","31.05","30.74","30.84","13,060,680","146.78","29.81","31.00","29.58","1.02","28.90","0.4934","0.4573","0.0361","30.44","39.95","18.08","31.10"
"2020-01-06T05:00:00.000Z","30.55","30.95","30.48","30.94","4,204,880","127.61","29.86","30.89","29.65","0.9645","28.97","0.4920","0.4642","0.0278","30.48","35.54","22.08","30.55"
"2020-01-07T05:00:00.000Z","30.98","31.07","30.88","30.94","3,119,952","135.20","29.93","30.94","29.70","1.01","29.04","0.4850","0.4684","0.0166","30.55","36.68","21.07","30.30"
"2020-01-08T05:00:00.000Z","30.96","31.39","30.92","31.27","4,976,712","147.85","30.00","31.10","29.77","1.08","29.11","0.5001","0.4747","0.0253","30.62","40.17","18.78","30.73"
"2020-01-09T05:00:00.000Z","31.54","31.63","31.39","31.62","4,615,496","169.15","30.07","31.44","29.84","1.12","29.18","0.5342","0.4866","0.0476","30.73","42.15","17.24","31.53"
"2020-01-10T05:00:00.000Z","31.75","31.78","31.49","31.55","4,839,368","161.95","30.14","31.58","29.90","1.19","29.24","0.5493","0.4992","0.0502","30.84","42.88","16.08","32.52"
"2020-01-13T05:00:00.000Z","31.69","31.98","31.67","31.97","4,740,600","173.08","30.22","31.76","29.98","1.33","29.32","0.5886","0.5171","0.0716","30.93","43.17","14.52","33.75"
"2020-01-14T05:00:00.000Z","31.99","32.02","31.77","31.80","7,725,024","160.59","30.30","31.89","30.05","1.43","29.40","0.5992","0.5335","0.0657","31.04","41.55","13.68","34.94"
"2020-01-15T05:00:00.000Z","31.84","32.00","31.73","31.83","5,982,440","148.32","30.39","31.81","30.12","1.50","29.47","0.6027","0.5473","0.0554","31.14","38.99","13.68","35.88"
"2020-01-16T05:00:00.000Z","32.05","32.27","32.00","32.26","4,519,392","162.53","30.50","32.04","30.19","1.55","29.56","0.6334","0.5645","0.0688","31.24","41.12","12.35","37.16"
"2020-01-17T05:00:00.000Z","32.40","32.47","32.23","32.45","4,334,000","165.47","30.62","32.36","30.27","1.61","29.65","0.6654","0.5847","0.0807","31.37","43.47","11.68","38.62"
"2020-01-21T05:00:00.000Z","32.36","32.60","32.34","32.41","5,878,424","158.93","30.73","32.43","30.35","1.65","29.74","0.6792","0.6036","0.0756","31.52","43.83","10.99","40.14"
"2020-01-22T05:00:00.000Z","32.63","32.77","32.51","32.54","6,105,112","159.82","30.84","32.47","30.44","1.70","29.83","0.6929","0.6215","0.0714","31.65","44.05","10.10","41.75"
"2020-01-23T05:00:00.000Z","32.56","32.70","32.43","32.70","3,712,472","150.45","30.95","32.62","30.53","1.73","29.91","0.7086","0.6389","0.0697","31.79","41.29","11.34","42.83"
"2020-01-24T05:00:00.000Z","32.94","33.00","32.41","32.53","6,326,608","142.40","31.06","32.62","30.61","1.73","29.98","0.6994","0.6510","0.0484","31.98","42.42","9.90","44.21"
"2020-01-27T05:00:00.000Z","31.76","31.99","31.43","31.76","8,578,592","74.58","31.14","32.14","30.66","1.52","30.05","0.6223","0.6452","-0.0230","32.04","33.82","25.85","42.01"
"2020-01-28T05:00:00.000Z","32.02","32.43","31.96","32.36","4,981,032","104.41","31.23","32.06","30.73","1.38","30.12","0.6029","0.6368","-0.0339","32.12","37.50","22.79","40.75"
"2020-01-29T05:00:00.000Z","32.60","32.67","32.30","32.39","5,184,608","111.23","31.32","32.38","30.80","1.26","30.20","0.5835","0.6261","-0.0426","32.20","39.21","21.30","39.96"
"2020-01-30T05:00:00.000Z","32.36","32.67","32.17","32.65","4,530,128","107.92","31.40","32.52","30.89","1.14","30.27","0.5822","0.6173","-0.0351","32.25","35.84","21.63","38.87"
"2020-01-31T05:00:00.000Z","32.50","32.50","31.66","31.77","7,536,968","69.59","31.46","32.21","30.97","0.9311","30.32","0.5045","0.5948","-0.0903","32.31","30.25","26.33","36.59"
"2020-02-03T05:00:00.000Z","31.81","32.24","31.78","32.17","7,801,272","71.42","31.53","31.97","31.05","0.9157","30.39","0.4697","0.5698","-0.1001","32.29","28.04","24.41","34.47"
"2020-02-04T05:00:00.000Z","32.72","33.07","32.64","33.01","6,640,920","122.85","31.63","32.59","31.15","0.9561","30.46","0.5042","0.5566","-0.0525","32.36","36.55","21.20","33.90"
"2020-02-05T05:00:00.000Z","33.54","33.58","32.93","33.17","6,062,280","136.94","31.72","33.09","31.24","1.02","30.54","0.5379","0.5529","-0.0150","32.48","40.50","19.24","34.02"
"2020-02-06T05:00:00.000Z","33.30","33.44","33.14","33.44","4,151,296","137.02","31.82","33.30","31.35","1.09","30.62","0.5794","0.5582","0.0212","32.55","38.75","18.40","34.14"
"2020-02-07T05:00:00.000Z","33.26","33.39","33.05","33.12","4,630,776","121.33","31.91","33.28","31.44","1.23","30.69","0.5804","0.5627","0.0178","32.62","36.51","18.73","34.00"
"2020-02-10T05:00:00.000Z","32.95","33.54","32.93","33.53","4,401,648","126.62","32.00","33.33","31.55","1.38","30.77","0.6075","0.5716","0.0359","32.64","35.52","17.04","34.08"
"2020-02-11T05:00:00.000Z","33.83","33.86","33.38","33.47","4,290,472","137.04","32.09","33.50","31.64","1.44","30.84","0.6169","0.5807","0.0363","32.74","37.63","15.84","34.56"
"2020-02-12T05:00:00.000Z","33.69","33.84","33.51","33.83","4,111,432","141.71","32.20","33.65","31.74","1.43","30.92","0.6457","0.5937","0.0520","32.80","35.56","14.97","35.00"
"2020-02-13T05:00:00.000Z","33.59","33.93","33.54","33.76","4,100,248","136.41","32.31","33.80","31.83","1.42","31.00","0.6554","0.6060","0.0494","32.94","34.84","14.08","35.53"
"2020-02-14T05:00:00.000Z","33.84","33.97","33.73","33.90","3,859,552","138.43","32.40","33.83","31.93","1.46","31.08","0.6664","0.6181","0.0483","33.08","34.13","13.55","36.08"
"2020-02-18T05:00:00.000Z","33.66","33.83","33.59","33.77","5,774,896","122.93","32.50","33.84","32.03","1.46","31.15","0.6575","0.6260","0.0315","33.16","32.44","15.17","36.09"
"2020-02-19T05:00:00.000Z","33.97","34.22","33.97","34.15","5,274,192","142.37","32.60","33.96","32.12","1.45","31.23","0.6732","0.6354","0.0378","33.28","36.37","14.09","36.67"
"2020-02-20T05:00:00.000Z","34.11","34.19","33.35","33.84","6,853,560","114.41","32.70","33.99","32.21","1.37","31.31","0.6526","0.6389","0.0137","33.41","31.78","21.55","35.42"
"2020-02-21T05:00:00.000Z","33.65","33.69","32.87","33.09","9,127,120","69.85","32.76","33.46","32.28","1.22","31.38","0.5692","0.6249","-0.0557","33.55","27.45","25.48","33.16"
"2020-02-24T05:00:00.000Z","31.52","32.16","31.13","31.73","15,646,960","-45.93","32.77","32.41","32.31","0.7522","31.42","0.3893","0.5778","-0.1885","33.46","21.16","40.01","32.99"
"2020-02-25T05:00:00.000Z","32.00","32.11","30.59","30.72","14,342,504","-87.73","32.74","31.23","32.31","0.2622","31.44","0.1635","0.4950","-0.3314","33.34","17.77","39.21","33.32"
"2020-02-26T05:00:00.000Z","30.79","31.49","30.57","30.79","14,315,832","-103.63","32.70","30.76","32.31","-0.3524","31.46","-0.0095","0.3941","-0.4036","33.14","16.08","35.79","33.66"
"2020-02-27T05:00:00.000Z","29.78","30.47","29.20","29.20","20,147,576","-198.58","32.61","30.00","32.28","-1.10","31.45","-0.2722","0.2608","-0.5330","32.88","13.66","43.29","34.97"
"2020-02-28T05:00:00.000Z","28.05","29.67","27.97","29.46","28,300,064","-230.10","32.53","29.33","32.25","-1.91","31.46","-0.4544","0.1178","-0.5722","32.50","11.66","47.57","36.80"
"2020-03-02T05:00:00.000Z","29.92","31.00","29.37","31.00","17,407,896","-124.58","32.49","30.23","32.24","-2.16","31.50","-0.4687","0.0005","-0.4691","32.20","20.94","41.28","36.51"
"2020-03-03T05:00:00.000Z","31.20","31.40","29.56","29.87","16,729,824","-134.16","32.40","30.44","32.22","-2.30","31.51","-0.5647","-0.1126","-0.4522","32.01","21.03","35.57","35.73"
"2020-03-04T05:00:00.000Z","30.55","31.11","30.09","31.09","7,609,472","-100.25","32.36","30.48","32.22","-2.34","31.55","-0.5363","-0.1973","-0.3390","31.77","19.11","32.32","35.02"
"2020-03-05T05:00:00.000Z","30.28","30.86","29.93","30.12","7,586,936","-128.87","32.28","30.60","32.20","-2.19","31.56","-0.5855","-0.2750","-0.3106","31.50","17.50","30.76","34.48"
"2020-03-06T05:00:00.000Z","29.12","29.65","28.69","29.48","13,494,456","-185.74","32.17","29.80","32.16","-2.03","31.56","-0.6684","-0.3536","-0.3147","31.15","15.74","36.40","34.84"
"2020-03-09T04:00:00.000Z","27.19","28.39","26.93","27.21","20,152,824","-264.58","32.00","28.34","32.05","-2.40","31.53","-0.9069","-0.4643","-0.4426","30.63","13.20","41.65","36.06"
"2020-03-10T04:00:00.000Z","28.21","28.82","27.20","28.82","24,197,096","-198.21","31.90","28.01","31.98","-2.76","31.52","-0.9552","-0.5625","-0.3927","30.17","14.51","37.51","36.64"
"2020-03-11T04:00:00.000Z","28.04","28.19","27.02","27.43","12,651,120","-209.58","31.73","28.12","31.87","-3.21","31.48","-1.09","-0.6685","-0.4242","29.74","12.96","34.59","37.27"
"2020-03-12T04:00:00.000Z","25.41","26.76","24.72","24.73","27,701,584","-266.54","31.48","26.08","31.69","-3.94","31.40","-1.40","-0.8155","-0.5878","29.27","11.05","41.99","38.78"
"2020-03-13T04:00:00.000Z","26.33","27.49","24.91","27.45","16,578,112","-190.12","31.30","26.09","31.58","-4.35","31.35","-1.41","-0.9350","-0.4783","28.84","13.18","36.16","39.33"
"2020-03-16T04:00:00.000Z","24.16","25.82","23.75","23.75","15,118,096","-237.42","31.04","25.60","31.37","-4.72","31.25","-1.70","-1.09","-0.6123","28.33","10.97","35.33","40.28"
"2020-03-17T04:00:00.000Z","24.26","25.57","23.45","25.18","12,671,856","-202.26","30.80","24.47","31.18","-5.19","31.17","-1.79","-1.23","-0.5630","27.90","9.95","33.36","41.27"
"2020-03-18T04:00:00.000Z","23.66","24.75","22.88","24.34","30,476,392","-201.17","30.51","24.76","30.98","-5.69","31.07","-1.91","-1.37","-0.5453","27.56","8.96","32.51","42.38"
"2020-03-19T04:00:00.000Z","23.95","25.20","23.39","24.38","10,612,520","-173.19","30.22","24.36","30.78","-5.74","30.97","-1.98","-1.49","-0.4908","27.11","10.17","30.01","42.88"
"2020-03-20T04:00:00.000Z","25.00","25.24","23.35","23.39","12,591,944","-165.10","29.89","23.88","30.55","-5.90","30.85","-2.09","-1.61","-0.4799","26.63","9.55","27.62","43.29"
"2020-03-23T04:00:00.000Z","23.37","23.79","22.43","23.19","13,807,936","-169.46","29.56","23.29","30.31","-5.97","30.73","-2.17","-1.72","-0.4465","26.08","8.99","29.94","44.04"
"2020-03-24T04:00:00.000Z","24.65","25.62","24.50","25.60","12,481,472","-110.81","29.29","24.39","30.16","-5.63","30.65","-2.01","-1.78","-0.2327","25.64","15.66","26.92","42.78"
"2020-03-25T04:00:00.000Z","25.86","26.77","25.09","25.61","14,562,576","-91.30","29.03","25.60","29.99","-4.99","30.56","-1.86","-1.80","-0.0695","25.39","19.33","25.05","40.65"
"2020-03-26T04:00:00.000Z","25.91","27.24","25.91","27.19","13,282,168","-66.27","28.81","26.40","29.86","-4.34","30.51","-1.60","-1.76","0.1538","25.29","20.00","23.34","38.29"
"2020-03-27T04:00:00.000Z","26.37","26.82","25.91","25.99","11,522,224","-73.67","28.55","26.59","29.69","-3.72","30.43","-1.48","-1.70","0.2250","25.15","18.92","22.08","36.11"
"2020-03-30T04:00:00.000Z","26.23","27.06","26.22","27.02","12,261,296","-59.14","28.32","26.50","29.57","-2.82","30.36","-1.28","-1.62","0.3389","25.01","19.10","21.04","33.87"
"2020-03-31T04:00:00.000Z","26.99","27.41","26.34","26.49","11,818,216","-56.49","28.08","26.75","29.43","-2.26","30.29","-1.15","-1.52","0.3735","25.13","19.73","20.04","31.51"
"2020-04-01T04:00:00.000Z","25.61","26.10","25.03","25.23","9,639,984","-79.49","27.78","25.86","29.24","-2.10","30.19","-1.14","-1.44","0.3095","25.08","18.43","24.65","30.29"
"2020-04-02T04:00:00.000Z","25.11","25.79","25.00","25.73","6,090,400","-74.48","27.51","25.48","29.05","-2.09","30.10","-1.07","-1.37","0.2979","25.15","17.76","23.86","29.18"
"2020-04-03T04:00:00.000Z","25.63","25.89","25.00","25.31","4,014,096","-72.93","27.25","25.52","28.85","-2.02","30.01","-1.04","-1.31","0.2610","25.26","17.46","22.85","28.05"
"2020-04-06T04:00:00.000Z","26.45","27.66","26.27","27.47","9,448,576","-33.79","27.11","26.39","28.71","-1.76","29.94","-0.8380","-1.21","0.3737","25.47","23.75","20.37","26.59"
"2020-04-07T04:00:00.000Z","28.52","28.52","27.23","27.26","13,885,792","-19.70","26.99","27.37","28.55","-1.38","29.86","-0.6836","-1.11","0.4225","25.82","26.36","19.14","25.82"
"2020-04-08T04:00:00.000Z","27.59","28.16","27.38","28.04","8,488,736","-12.79","26.90","27.65","28.41","-0.7583","29.80","-0.4924","-0.9833","0.4909","26.02","25.22","18.31","25.11"
"2020-04-09T04:00:00.000Z","28.45","28.57","27.90","28.11","13,693,896","-1.85","26.86","28.08","28.27","-0.0420","29.74","-0.3317","-0.8530","0.5213","26.41","26.42","17.70","24.73"
"2020-04-13T04:00:00.000Z","28.04","28.18","27.58","28.17","8,111,664","-3.87","26.82","28.14","28.13","0.5558","29.68","-0.1970","-0.7218","0.5248","26.67","25.59","18.84","24.05"
"2020-04-14T04:00:00.000Z","28.82","29.38","28.69","29.32","12,955,456","31.26","26.77","28.75","28.02","1.04","29.63","0.0021","-0.5770","0.5791","26.90","30.27","17.65","24.21"
"2020-04-15T04:00:00.000Z","28.73","28.89","28.45","28.68","7,298,728","23.48","26.73","29.00","27.89","1.26","29.57","0.1073","-0.4402","0.5475","27.12","28.84","18.12","24.11"
"2020-04-16T04:00:00.000Z","29.02","29.07","28.53","28.98","10,008,560","35.07","26.66","28.83","27.76","1.50","29.51","0.2123","-0.3097","0.5220","27.32","29.00","17.57","24.14"
"2020-04-17T04:00:00.000Z","29.50","29.54","29.01","29.45","8,070,424","56.57","26.63","29.21","27.65","1.69","29.46","0.3294","-0.1819","0.5112","27.57","30.82","16.99","24.48"
"2020-04-20T04:00:00.000Z","29.06","29.41","28.95","28.96","10,507,136","55.34","26.62","29.20","27.55","1.99","29.39","0.3783","-0.0698","0.4481","27.73","29.89","16.81","24.73"
"2020-04-21T04:00:00.000Z","28.56","28.63","27.61","27.77","8,399,784","20.52","26.63","28.36","27.45","1.87","29.31","0.3174","0.0076","0.3098","27.96","27.43","23.61","23.50"
"2020-04-22T04:00:00.000Z","28.45","28.97","28.33","28.82","5,394,872","50.30","26.63","28.29","27.40","1.93","29.27","0.3501","0.0761","0.2739","28.22","27.51","21.89","22.64"
"2020-04-23T04:00:00.000Z","28.89","29.22","28.64","28.67","4,806,784","59.09","26.68","28.75","27.35","1.99","29.20","0.3599","0.1329","0.2270","28.47","28.10","21.08","22.04"
"2020-04-24T04:00:00.000Z","28.78","29.26","28.59","29.24","6,853,264","67.43","26.83","28.95","27.35","1.93","29.15","0.4084","0.1880","0.2205","28.65","26.87","20.47","21.43"
"2020-04-27T04:00:00.000Z","29.52","29.63","29.38","29.57","7,089,072","85.82","26.90","29.40","27.35","1.94","29.10","0.4684","0.2441","0.2243","28.72","28.64","19.93","21.18"
"2020-04-28T04:00:00.000Z","29.94","29.96","29.16","29.19","6,745,224","84.57","27.08","29.38","27.31","2.18","29.06","0.4800","0.2913","0.1888","28.91","29.35","18.83","21.23"
"2020-04-29T04:00:00.000Z","29.81","30.52","29.72","30.44","7,588,784","116.02","27.25","29.82","27.32","2.40","29.03","0.5832","0.3496","0.2335","29.01","30.55","17.13","21.72"
"2020-04-30T04:00:00.000Z","30.51","30.51","30.04","30.25","6,699,368","118.87","27.45","30.35","27.30","2.54","28.98","0.6421","0.4081","0.2340","29.20","29.53","16.56","22.18"
"2020-05-01T04:00:00.000Z","29.57","29.91","29.26","29.38","7,438,648","90.72","27.62","29.82","27.28","2.57","28.92","0.6117","0.4488","0.1629","29.26","27.46","20.94","21.56"
"2020-05-04T04:00:00.000Z","29.17","29.77","29.07","29.74","4,998,224","90.52","27.83","29.56","27.29","2.42","28.86","0.6097","0.4810","0.1287","29.29","26.08","21.23","20.75"
"2020-05-05T04:00:00.000Z","30.08","30.56","30.06","30.20","7,200,176","113.43","28.06","29.97","27.36","2.40","28.81","0.6379","0.5124","0.1255","29.37","30.31","19.96","20.74"
"2020-05-06T04:00:00.000Z","30.46","30.71","30.27","30.42","5,697,864","115.57","28.22","30.31","27.40","2.28","28.76","0.6701","0.5439","0.1262","29.45","30.31","19.19","20.86"
"2020-05-07T04:00:00.000Z","30.88","31.14","30.84","30.97","6,501,920","126.12","28.40","30.69","27.49","2.22","28.72","0.7313","0.5814","0.1499","29.59","31.91","18.13","21.34"
"2020-05-08T04:00:00.000Z","31.29","31.46","31.07","31.43","6,195,288","131.46","28.54","31.20","27.66","2.35","28.68","0.8076","0.6267","0.1809","29.80","33.24","17.41","22.05"
"2020-05-11T04:00:00.000Z","31.22","31.83","31.17","31.64","11,072,328","131.56","28.73","31.53","27.76","2.52","28.64","0.8754","0.6764","0.1990","30.01","34.44","16.47","22.99"
"2020-05-12T04:00:00.000Z","31.80","31.86","30.96","30.96","28,762,400","117.35","28.86","31.30","27.94","2.56","28.59","0.8643","0.7140","0.1503","30.23","31.92","16.94","23.54"
"2020-05-13T04:00:00.000Z","31.02","31.22","30.02","30.41","9,307,784","88.85","28.99","30.69","28.08","2.45","28.54","0.8018","0.7315","0.0703","30.40","28.90","22.78","22.71"
"2020-05-14T04:00:00.000Z","30.16","30.81","29.82","30.78","6,399,072","83.07","29.18","30.60","28.24","2.20","28.48","0.7730","0.7398","0.0332","30.45","26.65","22.56","21.68"
"2020-05-15T04:00:00.000Z","30.35","30.96","30.26","30.96","5,324,344","89.59","29.35","30.87","28.40","1.95","28.43","0.7560","0.7431","0.0130","30.49","26.34","21.30","20.88"
"2020-05-18T04:00:00.000Z","31.57","31.89","31.49","31.71","7,204,192","124.04","29.57","31.33","28.61","1.83","28.41","0.7937","0.7532","0.0405","30.62","31.78","19.73","21.06"
"2020-05-19T04:00:00.000Z","31.75","32.12","31.61","31.61","5,676,768","126.32","29.70","31.66","28.82","1.78","28.41","0.8065","0.7638","0.0426","30.72","32.37","18.90","21.43"
"2020-05-20T04:00:00.000Z","32.07","32.40","32.03","32.33","5,671,856","141.14","29.87","31.97","28.99","1.90","28.43","0.8650","0.7841","0.0809","30.91","32.54","17.68","22.02"
"2020-05-21T04:00:00.000Z","32.31","32.42","31.87","31.93","5,638,768","128.21","30.00","32.13","29.15","2.07","28.45","0.8691","0.8011","0.0680","31.15","31.01","18.20","22.30"
"2020-05-22T04:00:00.000Z","31.88","32.11","31.75","32.09","4,169,400","118.21","30.14","32.01","29.27","2.14","28.50","0.8749","0.8158","0.0590","31.29","30.02","18.64","22.38"
"2020-05-26T04:00:00.000Z","32.74","32.75","32.06","32.11","6,106,296","126.45","30.27","32.10","29.42","2.12","28.54","0.8712","0.8269","0.0443","31.47","33.85","17.48","23.06"
"2020-05-27T04:00:00.000Z","32.09","32.30","31.36","32.29","6,694,144","107.08","30.37","32.20","29.55","2.00","28.57","0.8727","0.8361","0.0366","31.56","31.06","22.16","22.61"
"2020-05-28T04:00:00.000Z","32.20","32.82","32.13","32.23","5,629,520","118.10","30.48","32.26","29.70","1.91","28.61","0.8587","0.8406","0.0181","31.63","33.81","20.79","22.70"
"2020-05-29T04:00:00.000Z","32.30","32.71","32.07","32.63","5,908,552","116.69","30.61","32.43","29.88","1.84","28.63","0.8701","0.8465","0.0236","31.71","31.84","20.10","22.69"
"2020-06-01T04:00:00.000Z","32.50","32.81","32.39","32.73","8,141,080","120.37","30.72","32.68","30.06","1.84","28.67","0.8775","0.8527","0.0248","31.77","31.49","19.30","22.78"
"2020-06-02T04:00:00.000Z","32.80","33.03","32.46","33.03","4,566,592","126.38","30.85","32.88","30.25","1.79","28.73","0.8966","0.8615","0.0351","31.90","31.84","18.25","23.09"
"2020-06-03T04:00:00.000Z","33.16","33.42","33.04","33.33","5,732,888","140.23","31.04","33.18","30.40","1.94","28.84","0.9259","0.8743","0.0515","32.13","34.48","17.55","23.77"
"2020-06-04T04:00:00.000Z","33.21","33.39","32.80","33.01","5,651,152","124.31","31.18","33.17","30.54","1.94","28.91","0.9121","0.8819","0.0302","32.35","32.46","18.88","23.96"
"2020-06-05T04:00:00.000Z","33.26","33.90","33.14","33.80","5,711,320","142.28","31.35","33.41","30.68","2.04","29.01","0.9546","0.8964","0.0582","32.48","34.61","17.23","24.64"
"2020-06-08T04:00:00.000Z","33.77","34.02","33.49","34.01","11,108,656","144.15","31.51","33.91","30.83","2.14","29.17","0.9935","0.9159","0.0777","32.64","34.01","16.31","25.40"
"2020-06-09T04:00:00.000Z","33.83","34.27","33.79","34.09","5,111,344","145.78","31.66","34.05","30.98","2.22","29.28","1.02","0.9364","0.0824","32.77","34.90","15.50","26.33"
"2020-06-10T04:00:00.000Z","34.35","34.85","34.26","34.59","5,130,296","158.92","31.84","34.34","31.11","2.31","29.46","1.07","0.9627","0.1048","32.93","38.06","14.30","27.69"
"2020-06-11T04:00:00.000Z","33.87","34.02","32.59","32.62","10,707,280","86.86","31.91","33.61","31.21","2.23","29.58","0.9362","0.9574","-0.0212","33.08","31.20","26.76","26.26"
"2020-06-12T04:00:00.000Z","33.57","33.67","32.46","33.02","8,929,616","81.94","32.00","32.82","31.31","2.01","29.73","0.8547","0.9368","-0.0821","33.15","27.91","25.10","24.77"
"2020-06-15T04:00:00.000Z","32.40","33.56","32.33","33.44","5,964,584","80.63","32.14","33.23","31.41","1.75","29.88","0.8139","0.9122","-0.0984","33.17","25.04","23.61","23.21"
"2020-06-16T04:00:00.000Z","34.28","34.42","33.63","34.14","8,832,848","120.08","32.28","33.79","31.54","1.62","30.06","0.8288","0.8955","-0.0668","33.33","30.15","21.69","22.71"
"2020-06-17T04:00:00.000Z","34.40","34.45","34.08","34.11","4,323,520","123.11","32.41","34.13","31.70","1.44","30.24","0.8289","0.8822","-0.0533","33.49","29.41","21.00","22.28"
"2020-06-18T04:00:00.000Z","34.08","34.34","34.00","34.30","5,334,728","118.55","32.54","34.21","31.84","1.49","30.38","0.8344","0.8727","-0.0382","33.61","28.52","21.04","21.77"
"2020-06-19T04:00:00.000Z","34.72","34.75","33.92","34.07","5,107,304","116.01","32.65","34.19","31.97","1.61","30.52","0.8111","0.8603","-0.0493","33.76","30.13","19.47","21.75"
"2020-06-22T04:00:00.000Z","34.05","34.65","34.00","34.62","4,426,376","119.71","32.75","34.35","32.11","1.74","30.65","0.8270","0.8537","-0.0266","33.83","28.34","18.32","21.73"
"2020-06-23T04:00:00.000Z","34.90","35.26","34.80","34.84","5,562,320","140.64","32.86","34.73","32.24","1.80","30.80","0.8483","0.8526","-0.0043","33.96","32.28","17.24","22.35"
"2020-06-24T04:00:00.000Z","34.71","34.90","33.86","34.06","7,295,048","100.80","32.96","34.45","32.36","1.71","30.91","0.7924","0.8406","-0.0482","34.07","29.25","24.12","21.44"
"2020-06-25T04:00:00.000Z","34.09","34.54","33.73","34.51","5,040,800","95.31","33.10","34.28","32.46","1.61","31.05","0.7757","0.8276","-0.0519","34.09","27.12","23.55","20.41"
"2020-06-26T04:00:00.000Z","34.44","34.50","33.74","33.87","7,037,480","79.80","33.20","34.19","32.55","1.49","31.19","0.7029","0.8027","-0.0997","34.14","25.23","21.91","19.45"
"2020-06-29T04:00:00.000Z","33.91","34.22","33.43","34.22","6,950,504","72.15","33.31","34.05","32.67","1.32","31.33","0.6654","0.7752","-0.1098","34.11","23.45","23.13","18.11"
"2020-06-30T04:00:00.000Z","34.20","34.94","34.19","34.84","5,989,888","106.67","33.42","34.53","32.80","1.13","31.49","0.6780","0.7558","-0.0778","34.13","28.39","21.56","17.80"
"2020-07-01T04:00:00.000Z","34.83","35.11","34.69","34.92","7,565,960","116.15","33.53","34.88","32.92","1.11","31.62","0.6867","0.7420","-0.0552","34.23","28.89","20.71","17.70"
"2020-07-02T04:00:00.000Z","35.24","35.41","35.03","35.11","6,565,016","126.96","33.62","35.02","33.03","1.18","31.75","0.7010","0.7338","-0.0328","34.45","30.42","19.73","17.96"
"2020-07-06T04:00:00.000Z","35.56","35.90","35.52","35.67","6,248,848","148.60","33.74","35.39","33.15","1.35","31.87","0.7484","0.7367","0.0117","34.55","32.78","18.25","18.71"
"2020-07-07T04:00:00.000Z","35.62","36.02","35.29","35.34","6,304,200","132.38","33.85","35.50","33.25","1.60","31.99","0.7510","0.7395","0.0114","34.64","30.52","19.10","19.02"
"2020-07-08T04:00:00.000Z","35.58","35.95","35.45","35.95","4,529,336","137.46","33.98","35.65","33.36","1.71","32.12","0.7933","0.7503","0.0430","34.76","28.70","17.97","19.30"
"2020-07-09T04:00:00.000Z","36.25","36.26","35.55","36.10","4,821,432","140.17","34.11","36.03","33.49","1.81","32.24","0.8291","0.7661","0.0630","34.88","29.68","16.73","19.92"
"2020-07-10T04:00:00.000Z","36.02","36.08","35.66","36.03","4,670,192","132.72","34.23","36.06","33.63","1.83","32.36","0.8420","0.7813","0.0608","35.03","28.38","15.99","20.49"
"2020-07-13T04:00:00.000Z","36.34","36.55","35.13","35.21","11,260,096","112.68","34.32","35.62","33.74","1.74","32.46","0.7770","0.7804","-0.0034","35.14","24.58","18.86","19.96"
"2020-07-14T04:00:00.000Z","34.92","35.67","34.52","35.63","8,339,816","89.07","34.42","35.42","33.85","1.55","32.57","0.7508","0.7745","-0.0237","35.15","22.02","22.39","18.60"
"2020-07-15T04:00:00.000Z","35.97","36.11","35.39","35.85","6,807,272","116.56","34.51","35.74","33.96","1.44","32.68","0.7394","0.7675","-0.0280","35.30","24.57","20.92","17.84"
"2020-07-16T04:00:00.000Z","35.48","35.56","35.12","35.40","4,161,896","87.05","34.58","35.62","34.05","1.24","32.81","0.6860","0.7512","-0.0652","35.38","22.94","21.95","16.72"
"2020-07-17T04:00:00.000Z","35.59","35.71","35.27","35.61","3,878,280","94.15","34.67","35.50","34.13","1.08","32.92","0.6531","0.7316","-0.0785","35.51","23.40","21.05","15.91"
"2020-07-20T04:00:00.000Z","35.71","36.63","35.55","36.54","5,259,744","135.10","34.76","36.08","34.25","1.02","33.05","0.6944","0.7241","-0.0297","35.62","29.49","18.96","16.32"
"2020-07-21T04:00:00.000Z","36.87","36.87","36.08","36.19","6,195,616","136.79","34.83","36.37","34.35","1.19","33.17","0.6908","0.7175","-0.0267","35.78","29.53","17.59","16.97"
"2020-07-22T04:00:00.000Z","36.25","36.62","36.20","36.46","4,807,752","132.13","34.91","36.33","34.46","1.23","33.28","0.7018","0.7143","-0.0125","35.86","28.34","16.88","17.57"
"2020-07-23T04:00:00.000Z","36.33","36.55","35.40","35.57","8,460,552","88.85","34.94","36.01","34.54","1.27","33.39","0.6310","0.6977","-0.0667","35.92","25.35","22.41","16.75"
"2020-07-24T04:00:00.000Z","35.02","35.36","34.55","35.11","10,396,856","29.59","35.02","35.34","34.61","1.12","33.47","0.5317","0.6645","-0.1328","35.87","23.05","27.93","16.24"
"2020-07-27T04:00:00.000Z","35.33","35.74","35.28","35.70","5,584,896","66.07","35.11","35.41","34.69","0.9542","33.56","0.4953","0.6306","-0.1354","35.85","25.19","26.32","15.23"
"2020-07-28T04:00:00.000Z","35.63","35.71","35.26","35.28","3,546,128","51.22","35.17","35.49","34.75","0.7139","33.66","0.4271","0.5899","-0.1628","35.80","24.12","25.41","14.33"
"2020-07-29T04:00:00.000Z","35.43","35.95","35.43","35.88","3,222,400","73.30","35.23","35.58","34.83","0.5375","33.76","0.4170","0.5553","-0.1383","35.76","24.85","23.79","13.46"
"2020-07-30T04:00:00.000Z","35.55","36.09","35.34","36.06","3,514,608","75.86","35.30","35.97","34.89","0.4149","33.86","0.4187","0.5280","-0.1093","35.70","24.39","22.12","12.85"
"2020-07-31T04:00:00.000Z","36.64","36.92","36.02","36.91","6,257,296","132.48","35.38","36.48","34.99","0.6171","33.96","0.4829","0.5190","-0.0361","35.83","30.02","20.26","13.32"
"2020-08-03T04:00:00.000Z","37.44","37.91","37.34","37.77","7,623,688","202.78","35.51","37.34","35.09","0.9017","34.08","0.5967","0.5345","0.0622","35.94","36.30","18.43","14.70"
"2020-08-04T04:00:00.000Z","37.74","37.91","37.55","37.90","7,246,632","197.36","35.62","37.83","35.19","1.24","34.19","0.6889","0.5654","0.1235","36.12","35.09","17.81","15.98"
"2020-08-05T04:00:00.000Z","38.03","38.15","37.89","38.06","4,141,864","201.14","35.72","37.98","35.29","1.60","34.29","0.7665","0.6056","0.1609","36.30","36.62","17.35","17.39"
"2020-08-06T04:00:00.000Z","38.07","38.56","37.92","38.52","4,428,800","205.04","35.87","38.29","35.39","1.98","34.42","0.8552","0.6555","0.1997","36.49","38.39","16.25","19.04"
"2020-08-07T04:00:00.000Z","38.39","38.39","37.59","37.90","8,194,792","171.12","35.99","38.21","35.52","2.18","34.54","0.8653","0.6975","0.1678","36.60","34.88","18.07","19.95"
"2020-08-10T04:00:00.000Z","37.99","38.04","37.28","37.78","5,455,880","146.93","36.12","37.84","35.64","2.09","34.66","0.8538","0.7287","0.1250","36.74","32.26","19.74","20.25"
"2020-08-11T04:00:00.000Z","37.66","37.85","37.06","37.11","5,034,960","116.41","36.21","37.44","35.73","1.96","34.76","0.7816","0.7393","0.0423","36.84","29.79","20.31","20.15"
"2020-08-12T04:00:00.000Z","37.42","38.00","37.38","37.92","8,552,208","137.35","36.32","37.52","35.82","1.80","34.87","0.7811","0.7477","0.0335","37.03","28.69","18.58","20.24"
"2020-08-13T04:00:00.000Z","37.97","38.31","37.86","38.02","6,113,328","145.67","36.42","37.97","35.92","1.65","34.97","0.7792","0.7540","0.0252","37.23","30.48","17.75","20.68"
"2020-08-14T04:00:00.000Z","38.03","38.08","37.74","37.92","3,306,008","125.71","36.51","37.97","36.01","1.52","35.07","0.7614","0.7555","0.0059","37.41","29.42","18.35","20.86"
"2020-08-17T04:00:00.000Z","38.14","38.31","38.13","38.25","3,270,200","134.77","36.60","38.09","36.12","1.51","35.17","0.7646","0.7573","0.0073","37.62","30.67","17.60","21.30"
"2020-08-18T04:00:00.000Z","38.34","38.47","38.05","38.36","3,289,648","128.71","36.70","38.30","36.21","1.56","35.28","0.7675","0.7594","0.0082","37.84","31.02","16.79","21.91"
"2020-08-19T04:00:00.000Z","38.44","38.63","38.25","38.30","3,474,128","125.04","36.78","38.33","36.30","1.61","35.38","0.7563","0.7587","-0.0024","37.97","31.47","16.07","22.66"
"2020-08-20T04:00:00.000Z","38.19","38.87","38.10","38.80","3,663,616","127.27","36.87","38.55","36.41","1.59","35.49","0.7783","0.7626","0.0156","38.03","31.40","14.72","23.62"
"2020-08-21T04:00:00.000Z","38.85","39.25","38.82","39.20","5,164,880","144.70","36.97","39.00","36.53","1.72","35.60","0.8188","0.7739","0.0449","38.12","34.15","13.96","24.93"
"2020-08-24T04:00:00.000Z","39.78","39.80","39.20","39.52","4,546,320","155.60","37.12","39.36","36.67","1.86","35.72","0.8667","0.7924","0.0742","38.25","38.02","13.00","26.65"
"2020-08-25T04:00:00.000Z","39.46","39.73","39.36","39.71","4,108,704","149.53","37.25","39.61","36.81","2.00","35.83","0.9093","0.8158","0.0935","38.36","36.35","12.43","28.25"
"2020-08-26T04:00:00.000Z","40.11","40.64","40.06","40.53","5,108,504","177.22","37.41","40.12","36.95","2.25","35.96","0.9979","0.8522","0.1457","38.49","42.72","11.12","30.43"
"2020-08-27T04:00:00.000Z","40.71","40.83","40.16","40.50","5,459,880","168.64","37.58","40.52","37.09","2.52","36.08","1.05","0.8926","0.1614","38.70","41.60","10.29","32.56"
"2020-08-28T04:00:00.000Z","40.68","41.01","40.65","40.89","5,985,776","173.01","37.75","40.70","37.24","2.73","36.21","1.12","0.9375","0.1796","38.93","41.30","9.70","34.66"
"2020-08-31T04:00:00.000Z","41.04","41.29","40.81","41.02","5,144,320","169.27","37.90","40.96","37.37","2.87","36.33","1.16","0.9827","0.1810","39.21","42.22","9.16","36.78"
"2020-09-01T04:00:00.000Z","41.47","42.04","41.28","41.99","6,871,128","187.99","38.10","41.51","37.54","3.12","36.46","1.26","1.04","0.2258","39.48","45.71","8.13","39.14"
"2020-09-02T04:00:00.000Z","42.59","42.59","41.53","42.30","9,090,728","189.94","38.29","42.15","37.69","3.26","36.60","1.35","1.10","0.2516","39.83","46.48","7.22","41.57"
"2020-09-03T04:00:00.000Z","41.59","41.59","39.49","39.79","17,240,968","106.46","38.43","41.04","37.79","3.12","36.69","1.21","1.12","0.0850","40.10","35.24","23.11","40.08"
"2020-09-04T04:00:00.000Z","39.56","40.10","37.48","39.16","18,643,680","46.25","38.57","39.48","37.87","2.63","36.80","1.03","1.10","-0.0745","40.19","28.32","33.61","37.83"
"2020-09-08T04:00:00.000Z","37.78","38.63","37.40","37.45","16,859,848","-2.16","38.63","38.31","37.92","1.98","36.87","0.7428","1.03","-0.2895","40.14","24.81","29.97","35.80"
"2020-09-09T04:00:00.000Z","38.32","39.02","37.92","38.64","9,693,760","25.83","38.74","38.05","38.00","1.28","36.96","0.6035","0.9466","-0.3431","40.15","24.86","26.79","33.51"
"2020-09-10T04:00:00.000Z","39.19","39.27","37.62","37.82","9,372,000","10.23","38.80","38.23","38.05","0.4864","37.02","0.4224","0.8417","-0.4193","40.18","22.18","25.89","31.66"
"2020-09-11T04:00:00.000Z","38.13","38.18","36.97","37.43","9,998,440","-26.51","38.85","37.63","38.10","-0.1838","37.07","0.2446","0.7223","-0.4777","40.05","20.45","28.03","30.52"
"2020-09-14T04:00:00.000Z","38.05","38.41","37.89","38.23","5,762,872","1.89","38.89","37.83","38.16","-0.3893","37.14","0.1659","0.6110","-0.4451","39.94","20.64","26.24","29.19"
"2020-09-15T04:00:00.000Z","38.84","38.88","38.37","38.65","6,196,856","22.46","38.92","38.44","38.21","-0.3597","37.22","0.1358","0.5160","-0.3802","39.84","22.88","25.10","27.44"
"2020-09-16T04:00:00.000Z","38.79","38.84","38.05","38.07","5,392,456","3.81","38.93","38.36","38.26","-0.4461","37.27","0.0644","0.4257","-0.3613","39.70","21.63","25.94","26.12"
"2020-09-17T04:00:00.000Z","37.19","37.95","37.14","37.73","7,148,176","-37.05","38.92","37.90","38.29","-0.6801","37.32","-0.0195","0.3366","-0.3561","39.43","20.25","30.54","25.71"
"2020-09-18T04:00:00.000Z","37.82","37.83","36.71","37.17","8,878,744","-60.75","38.87","37.45","38.33","-0.7652","37.37","-0.1291","0.2435","-0.3726","39.18","18.69","31.14","25.65"
"2020-09-21T04:00:00.000Z","36.55","37.53","36.40","37.51","10,964,200","-71.40","38.86","37.34","38.39","-0.9835","37.42","-0.1863","0.1575","-0.3438","38.80","17.25","30.85","25.84"
"2020-09-22T04:00:00.000Z","37.95","38.21","37.29","38.14","6,552,600","-33.07","38.87","37.83","38.45","-1.16","37.49","-0.1792","0.0902","-0.2694","38.44","20.85","28.91","25.15"
"2020-09-23T04:00:00.000Z","38.12","38.16","36.87","37.00","5,966,608","-70.81","38.87","37.57","38.50","-1.33","37.54","-0.2626","0.0196","-0.2822","38.18","19.03","29.24","24.87"
"2020-09-24T04:00:00.000Z","36.59","37.56","36.57","37.11","5,826,064","-91.16","38.84","37.05","38.53","-1.39","37.58","-0.3159","-0.0475","-0.2684","37.95","17.75","29.30","24.84"
"2020-09-25T04:00:00.000Z","37.16","38.14","36.94","38.05","5,177,744","-55.80","38.84","37.58","38.58","-1.32","37.63","-0.2794","-0.0939","-0.1856","37.90","20.20","26.93","24.09"
"2020-09-28T04:00:00.000Z","38.64","38.75","38.36","38.75","5,347,232","1.17","38.87","38.40","38.62","-1.03","37.69","-0.1915","-0.1134","-0.0781","37.92","23.41","25.62","22.69"
"2020-09-29T04:00:00.000Z","38.73","38.89","38.59","38.64","4,341,744","5.70","38.88","38.70","38.65","-0.8703","37.74","-0.1288","-0.1165","-0.0123","37.89","23.94","25.06","21.23"
"2020-09-30T04:00:00.000Z","38.65","39.32","38.59","38.93","5,853,408","20.11","38.90","38.79","38.67","-0.6196","37.80","-0.0553","-0.1043","0.0489","37.93","25.80","23.70","20.02"
"2020-10-01T04:00:00.000Z","39.45","39.52","39.18","39.42","5,610,320","46.70","38.94","39.17","38.71","-0.2004","37.86","0.0415","-0.0751","0.1166","38.04","26.16","22.63","19.11"
"2020-10-02T04:00:00.000Z","38.49","39.14","38.36","38.51","8,308,512","-2.03","38.93","38.96","38.70","0.0170","37.90","0.0446","-0.0512","0.0957","38.01","24.08","27.02","18.15"
"2020-10-05T04:00:00.000Z","38.80","39.38","38.80","39.38","5,774,664","31.62","38.93","38.95","38.74","0.0993","37.95","0.1163","-0.0177","0.1339","38.01","24.32","25.23","16.99"
"2020-10-06T04:00:00.000Z","39.30","39.72","38.68","38.84","5,019,912","21.86","38.91","39.11","38.77","0.1628","38.01","0.1278","0.0114","0.1164","38.17","24.93","23.26","16.02"
"2020-10-07T04:00:00.000Z","39.24","39.65","39.24","39.58","4,262,960","46.82","38.91","39.21","38.83","0.2313","38.08","0.1941","0.0479","0.1461","38.28","23.40","21.83","15.13"
"2020-10-08T04:00:00.000Z","39.91","39.96","39.64","39.75","9,513,112","63.60","38.88","39.66","38.88","0.2828","38.15","0.2576","0.0899","0.1677","38.54","25.17","21.17","14.66"
"2020-10-09T04:00:00.000Z","39.97","40.42","39.95","40.42","3,540,824","91.15","38.88","40.09","38.94","0.5368","38.23","0.3580","0.1435","0.2145","38.70","27.52","20.02","14.74"
"2020-10-12T04:00:00.000Z","41.04","41.68","40.78","41.44","5,247,840","148.70","38.90","40.93","39.02","0.9134","38.33","0.5138","0.2176","0.2963","38.92","34.69","18.04","15.94"
"2020-10-13T04:00:00.000Z","41.59","41.67","41.10","41.24","7,586,840","139.61","38.90","41.34","39.10","1.30","38.40","0.6140","0.2969","0.3172","39.31","33.09","17.21","17.06"
"2020-10-14T04:00:00.000Z","41.36","41.54","40.69","41.01","8,701,264","115.08","38.87","41.12","39.16","1.61","38.48","0.6671","0.3709","0.2962","39.63","30.83","19.30","17.49"
"2020-10-15T04:00:00.000Z","40.28","40.91","40.14","40.85","4,654,712","83.40","38.82","40.93","39.23","1.75","38.56","0.6887","0.4345","0.2542","39.76","28.67","22.42","17.11"
"2020-10-16T04:00:00.000Z","41.07","41.22","40.72","40.72","3,188,344","92.11","38.85","40.79","39.28","1.90","38.64","0.6874","0.4850","0.2023","39.94","30.01","21.49","17.07"
"2020-10-19T04:00:00.000Z","40.97","41.12","39.96","40.10","4,294,368","60.85","38.89","40.41","39.30","1.78","38.73","0.6289","0.5138","0.1151","40.11","27.16","25.68","16.05"
"2020-10-20T04:00:00.000Z","40.24","40.58","39.96","40.15","6,567,200","49.96","38.98","40.13","39.32","1.60","38.80","0.5799","0.5270","0.0529","40.18","25.78","24.37","15.11"
"2020-10-21T04:00:00.000Z","40.11","40.44","39.92","40.01","2,578,000","42.87","39.02","40.08","39.32","1.47","38.88","0.5235","0.5263","-0.0028","40.30","24.65","23.62","14.18"
"2020-10-22T04:00:00.000Z","40.02","40.17","39.34","39.85","3,618,016","25.86","39.09","39.93","39.31","1.34","38.95","0.4607","0.5132","-0.0525","40.39","22.89","26.95","13.75"
"2020-10-23T04:00:00.000Z","39.91","39.98","39.50","39.83","2,091,688","26.17","39.17","39.84","39.29","1.06","39.01","0.4044","0.4914","-0.0871","40.44","21.93","25.81","13.35"
"2020-10-26T04:00:00.000Z","39.42","39.70","38.48","38.97","4,810,016","-11.71","39.19","39.40","39.24","0.7413","39.04","0.2870","0.4505","-0.1636","40.45","19.44","31.48","14.08"
"2020-10-27T04:00:00.000Z","39.16","39.29","38.96","39.14","3,296,952","-4.63","39.21","39.05","39.19","0.4927","39.07","0.2057","0.4016","-0.1959","40.40","18.87","30.57","14.77"
"2020-10-28T04:00:00.000Z","38.40","38.41","37.50","37.58","6,428,496","-79.89","39.19","38.36","39.08","0.0626","39.06","0.0151","0.3243","-0.3092","40.28","16.33","38.43","16.59"
"2020-10-29T04:00:00.000Z","37.75","38.53","37.69","38.11","5,878,472","-59.48","39.21","37.84","38.98","-0.2823","39.06","-0.0920","0.2410","-0.3330","40.02","16.04","35.42","18.10"
"2020-10-30T04:00:00.000Z","37.63","37.82","36.85","37.25","6,740,632","-107.48","39.21","37.68","38.92","-0.7387","39.04","-0.2435","0.1441","-0.3877","39.72","14.44","38.51","20.05"
"2020-11-02T05:00:00.000Z","37.55","37.81","36.93","37.33","4,955,248","-98.24","39.20","37.29","38.87","-1.05","39.03","-0.3533","0.0446","-0.3979","39.42","13.43","35.82","21.87"
"2020-11-03T05:00:00.000Z","37.60","38.26","37.45","38.00","7,177,232","-63.23","39.20","37.66","38.88","-1.28","39.03","-0.3813","-0.0406","-0.3408","39.22","16.02","33.17","22.79"
"2020-11-04T05:00:00.000Z","39.17","39.77","38.75","39.51","7,358,792","27.30","39.28","38.75","38.90","-1.07","39.07","-0.2791","-0.0883","-0.1908","39.07","25.13","28.83","21.66"
"2020-11-05T05:00:00.000Z","40.50","40.84","40.39","40.76","7,439,880","105.11","39.40","40.13","38.98","-0.6708","39.12","-0.0955","-0.0897","-0.0058","39.04","30.39","26.06","20.66"
"2020-11-06T05:00:00.000Z","40.67","41.05","40.16","40.95","3,914,576","103.29","39.50","40.86","39.07","-0.1247","39.17","0.0646","-0.0589","0.1234","39.07","28.42","26.06","19.49"
"2020-11-09T05:00:00.000Z","42.03","42.03","40.45","40.52","7,241,744","113.92","39.56","40.74","39.12","0.5480","39.21","0.1552","-0.0161","0.1712","39.22","32.15","23.20","19.25"
"2020-11-10T05:00:00.000Z","40.11","40.40","39.32","39.69","10,053,400","39.15","39.59","40.11","39.15","0.8799","39.24","0.1576","0.0187","0.1389","39.22","29.49","29.07","17.93"
"2020-11-11T05:00:00.000Z","40.13","40.78","40.06","40.66","5,468,064","77.07","39.65","40.17","39.21","1.01","39.28","0.2350","0.0619","0.1731","39.24","29.88","26.90","17.02"
"2020-11-12T05:00:00.000Z","40.70","40.89","40.17","40.34","2,979,896","71.72","39.68","40.50","39.28","0.9083","39.31","0.2678","0.1031","0.1647","39.34","29.16","25.55","16.28"
"2020-11-13T05:00:00.000Z","40.63","40.73","40.27","40.66","2,505,000","73.79","39.75","40.50","39.37","0.8313","39.34","0.3158","0.1456","0.1701","39.45","28.17","24.68","15.59"
"2020-11-16T05:00:00.000Z","40.78","41.13","40.55","41.06","4,412,528","91.94","39.81","40.86","39.46","0.6885","39.37","0.3817","0.1928","0.1888","39.63","29.88","23.61","15.31"
"2020-11-17T05:00:00.000Z","40.89","41.15","40.70","40.94","2,993,856","88.82","39.88","41.00","39.53","0.8428","39.40","0.4194","0.2382","0.1813","39.88","29.00","22.78","15.08"
"2020-11-18T05:00:00.000Z","40.92","41.07","40.51","40.51","2,917,984","71.15","39.91","40.73","39.61","0.8749","39.41","0.4103","0.2726","0.1377","40.13","27.72","23.22","14.63"
"2020-11-19T05:00:00.000Z","40.53","40.99","40.33","40.96","2,460,336","72.60","39.95","40.74","39.71","0.8447","39.42","0.4338","0.3048","0.1290","40.36","26.20","23.50","13.97"
"2020-11-20T05:00:00.000Z","40.98","41.06","40.61","40.63","2,561,552","70.75","39.96","40.79","39.77","0.8605","39.42","0.4211","0.3281","0.0930","40.62","25.79","22.61","13.44"
"2020-11-23T05:00:00.000Z","40.76","40.98","40.31","40.66","3,317,856","59.24","39.93","40.64","39.82","0.7798","39.41","0.4084","0.3442","0.0643","40.74","24.30","23.90","12.54"
"2020-11-24T05:00:00.000Z","40.82","41.21","40.49","41.14","3,806,320","77.35","39.93","40.90","39.88","0.7244","39.42","0.4323","0.3618","0.0705","40.77","24.77","22.41","12.01"
"2020-11-25T05:00:00.000Z","41.29","41.42","41.13","41.33","2,536,992","98.12","39.94","41.23","39.94","0.7779","39.41","0.4615","0.3817","0.0798","40.81","26.04","21.81","11.78"
"2020-11-27T05:00:00.000Z","41.57","41.76","41.53","41.64","1,742,960","117.59","39.97","41.48","40.00","0.9326","39.39","0.5035","0.4061","0.0974","40.78","28.19","20.92","11.99"
"2020-11-30T05:00:00.000Z","41.66","41.94","41.10","41.92","3,122,424","114.11","40.01","41.78","40.09","1.06","39.43","0.5530","0.4355","0.1175","40.90","25.98","23.33","11.52"
"2020-12-01T05:00:00.000Z","42.19","42.49","41.98","42.26","5,751,400","150.00","40.08","42.09","40.16","1.35","39.48","0.6132","0.4710","0.1422","41.06","29.83","22.06","11.77"
"2020-12-02T05:00:00.000Z","42.10","42.25","41.77","42.21","2,906,800","132.81","40.15","42.24","40.24","1.56","39.56","0.6493","0.5067","0.1426","41.16","28.38","23.05","11.67"
"2020-12-03T05:00:00.000Z","42.29","42.53","42.16","42.24","2,306,928","142.17","40.22","42.23","40.31","1.72","39.62","0.6723","0.5398","0.1325","41.29","30.10","22.18","11.92"
"2020-12-04T05:00:00.000Z","42.33","42.71","42.25","42.71","2,955,264","151.44","40.32","42.48","40.38","1.84","39.70","0.7204","0.5759","0.1445","41.41","30.49","21.09","12.37"
"2020-12-07T05:00:00.000Z","42.73","42.95","42.69","42.82","3,590,248","158.54","40.42","42.77","40.44","2.03","39.79","0.7584","0.6124","0.1460","41.55","32.16","20.50","13.07"
"2020-12-08T05:00:00.000Z","42.81","43.16","42.66","43.01","3,336,512","159.57","40.55","42.92","40.48","2.09","39.87","0.7950","0.6489","0.1460","41.70","32.74","19.38","13.96"
"2020-12-09T05:00:00.000Z","43.02","43.11","41.97","42.13","7,506,392","120.51","40.65","42.57","40.50","2.13","39.93","0.7442","0.6680","0.0762","41.89","28.82","24.29","13.57"
"2020-12-10T05:00:00.000Z","41.86","42.48","41.76","42.32","6,370,656","102.85","40.81","42.22","40.54","2.01","40.00","0.7107","0.6765","0.0342","41.96","26.66","24.61","12.89"
"2020-12-11T05:00:00.000Z","42.06","42.25","41.76","42.24","3,391,968","91.59","40.95","42.28","40.57","1.85","40.08","0.6705","0.6753","-0.0049","42.06","25.10","23.20","12.25"
"2020-12-14T05:00:00.000Z","42.42","42.77","42.40","42.42","2,468,640","112.51","41.12","42.33","40.61","1.70","40.16","0.6457","0.6694","-0.0237","42.18","29.25","21.89","12.40"
"2020-12-15T05:00:00.000Z","42.85","43.13","42.65","43.13","3,762,192","129.64","41.31","42.78","40.69","1.59","40.26","0.6752","0.6706","0.0047","42.30","30.86","20.24","13.00"
"2020-12-16T05:00:00.000Z","43.20","43.54","43.06","43.44","2,983,768","140.84","41.49","43.28","40.77","1.58","40.35","0.7157","0.6796","0.0361","42.42","33.76","19.17","14.04"
"2020-12-17T05:00:00.000Z","43.66","43.81","43.54","43.75","3,900,952","148.30","41.63","43.60","40.86","1.73","40.46","0.7638","0.6964","0.0674","42.58","35.36","18.37","15.30"
"2020-12-18T05:00:00.000Z","43.85","43.85","43.43","43.63","3,025,728","135.77","41.73","43.69","40.96","1.87","40.57","0.7835","0.7138","0.0696","42.71","33.65","18.75","16.24"
"2020-12-21T05:00:00.000Z","43.22","43.77","42.82","43.75","4,828,864","118.01","41.82","43.69","41.06","1.84","40.66","0.7992","0.7309","0.0683","42.79","30.11","23.56","15.95"
"2020-12-22T05:00:00.000Z","44.02","44.38","43.85","44.22","4,201,032","142.57","41.95","43.99","41.19","1.90","40.75","0.8402","0.7528","0.0874","42.93","34.80","21.89","16.43"
"2020-12-23T05:00:00.000Z","44.31","44.36","43.81","43.82","3,109,320","127.56","42.08","44.02","41.31","1.92","40.84","0.8305","0.7683","0.0622","43.08","32.67","20.95","16.82"
"2020-12-24T05:00:00.000Z","43.91","44.21","43.91","44.11","1,459,544","125.46","42.20","43.96","41.47","1.89","40.93","0.8368","0.7820","0.0548","43.17","31.20","20.01","17.18"
"2020-12-28T05:00:00.000Z","44.53","44.56","44.19","44.42","4,860,880","134.51","42.34","44.27","41.63","1.93","41.01","0.8568","0.7970","0.0599","43.30","33.68","18.95","17.95"
"2020-12-29T05:00:00.000Z","44.66","44.71","44.04","44.13","4,263,192","125.60","42.45","44.27","41.80","2.05","41.10","0.8394","0.8055","0.0339","43.43","32.81","17.47","18.85"
"2020-12-30T05:00:00.000Z","44.32","44.38","44.10","44.19","2,837,152","118.77","42.56","44.16","41.97","1.95","41.18","0.8208","0.8085","0.0123","43.62","31.70","16.87","19.68"
"2020-12-31T05:00:00.000Z","44.21","44.30","43.89","44.22","3,288,344","111.30","42.66","44.20","42.13","1.84","41.27","0.8000","0.8068","-0.0068","43.78","30.08","18.71","19.94"
"2021-01-04T05:00:00.000Z","44.42","44.44","42.89","43.49","6,481,368","78.94","42.76","43.86","42.23","1.67","41.34","0.7159","0.7886","-0.0727","43.93","24.92","26.52","18.74"
"2021-01-05T05:00:00.000Z","43.38","43.87","43.38","43.85","3,567,952","79.85","42.86","43.67","42.30","1.43","41.41","0.6704","0.7650","-0.0946","43.98","23.54","25.06","17.62"
"2021-01-06T05:00:00.000Z","43.26","43.92","42.99","43.12","6,245,584","56.97","42.94","43.48","42.36","1.17","41.45","0.5691","0.7258","-0.1567","43.98","21.13","26.75","17.20"
"2021-01-07T05:00:00.000Z","43.57","44.44","43.57","44.35","4,466,888","96.10","43.07","43.73","42.45","1.03","41.50","0.5812","0.6969","-0.1157","43.97","23.56","23.15","16.04"
"2021-01-08T05:00:00.000Z","44.63","44.83","44.19","44.67","4,317,904","116.24","43.18","44.51","42.58","1.00","41.56","0.6098","0.6795","-0.0697","44.03","25.99","21.62","15.55"
"2021-01-11T05:00:00.000Z","44.33","44.62","44.05","44.29","5,321,616","97.39","43.28","44.48","42.67","1.03","41.61","0.5949","0.6626","-0.0677","44.12","24.33","21.63","14.86"
"2021-01-12T05:00:00.000Z","44.29","44.36","43.78","44.22","14,567,472","82.21","43.37","44.26","42.76","1.02","41.67","0.5713","0.6443","-0.0730","44.14","22.86","23.16","13.84"
"2021-01-13T05:00:00.000Z","44.26","44.61","44.19","44.45","3,873,248","95.61","43.45","44.33","42.86","1.10","41.73","0.5639","0.6282","-0.0643","44.14","24.49","22.11","13.22"
"2021-01-14T05:00:00.000Z","44.57","44.71","44.10","44.17","3,349,600","86.61","43.52","44.31","42.94","1.08","41.80","0.5295","0.6085","-0.0790","44.19","23.92","20.67","12.80"
"2021-01-15T05:00:00.000Z","44.12","44.33","43.60","43.70","4,157,832","56.42","43.57","43.94","43.01","0.8888","41.86","0.4595","0.5787","-0.1192","44.15","22.05","24.46","12.25"
"2021-01-19T05:00:00.000Z","44.01","44.33","43.87","44.25","4,024,720","70.55","43.63","43.98","43.10","0.7696","41.93","0.4428","0.5515","-0.1087","44.11","20.56","22.81","11.75"
"2021-01-20T05:00:00.000Z","44.60","45.21","44.60","45.09","3,961,400","120.02","43.71","44.67","43.20","0.8367","42.01","0.4916","0.5395","-0.0480","44.13","27.66","20.52","11.97"
"2021-01-21T05:00:00.000Z","45.35","45.73","45.08","45.61","3,646,480","150.00","43.81","45.35","43.33","0.9438","42.11","0.5658","0.5448","0.0210","44.21","31.18","19.13","12.82"
"2021-01-22T05:00:00.000Z","45.38","45.65","45.30","45.47","3,696,080","147.23","43.89","45.54","43.45","1.06","42.22","0.6069","0.5572","0.0497","44.29","30.01","18.41","13.62"
"2021-01-25T05:00:00.000Z","46.02","46.19","44.68","45.78","6,279,568","148.67","44.01","45.63","43.56","1.26","42.33","0.6566","0.5771","0.0795","44.49","25.50","21.86","13.20"
"2021-01-26T05:00:00.000Z","45.95","45.99","45.55","45.63","6,351,600","157.24","44.12","45.71","43.67","1.50","42.46","0.6763","0.5969","0.0794","44.70","24.34","20.86","12.80"
"2021-01-27T05:00:00.000Z","45.39","45.50","44.32","44.72","10,807,536","87.93","44.20","45.18","43.75","1.43","42.57","0.6110","0.5997","0.0113","44.84","21.27","30.01","13.10"
"2021-01-28T05:00:00.000Z","44.97","45.63","44.82","44.95","3,754,200","106.71","44.29","44.84","43.82","1.33","42.70","0.5718","0.5942","-0.0223","44.87","20.63","27.43","13.18"
"2021-01-29T05:00:00.000Z","44.75","44.89","43.66","43.91","7,925,896","25.09","44.31","44.43","43.87","1.04","42.81","0.4515","0.5656","-0.1142","44.90","18.22","34.72","14.46"
"2021-02-01T05:00:00.000Z","44.43","45.20","44.12","45.02","5,582,296","75.43","44.37","44.46","43.94","0.8111","42.93","0.4400","0.5405","-0.1005","44.91","18.93","30.86","15.14"
"2021-02-02T05:00:00.000Z","45.51","45.84","45.42","45.73","3,617,496","148.42","44.43","45.37","44.02","0.6772","43.03","0.4832","0.5290","-0.0459","45.00","23.10","28.65","14.83"
"2021-02-03T05:00:00.000Z","45.89","45.92","45.42","45.56","3,337,752","140.69","44.50","45.65","44.09","0.7386","43.11","0.4980","0.5228","-0.0248","45.11","22.75","27.39","14.43"
"2021-02-04T05:00:00.000Z","45.81","46.33","45.69","46.33","3,022,272","174.17","44.58","45.95","44.18","0.8039","43.20","0.5651","0.5313","0.0338","45.24","24.83","25.53","13.50"
"2021-02-05T05:00:00.000Z","46.53","46.53","46.18","46.34","2,909,128","180.19","44.65","46.33","44.27","1.13","43.30","0.6118","0.5474","0.0644","45.43","25.87","24.71","12.70"
"2021-02-08T05:00:00.000Z","46.58","46.88","46.50","46.87","3,250,504","197.95","44.75","46.60","44.38","1.45","43.42","0.6839","0.5747","0.1092","45.58","27.85","23.45","12.40"
"2021-02-09T05:00:00.000Z","46.73","47.04","46.73","46.88","4,437,136","191.66","44.85","46.88","44.50","1.60","43.52","0.7337","0.6065","0.1272","45.69","28.66","22.73","12.34"
"2021-02-10T05:00:00.000Z","47.10","47.15","46.40","46.80","3,140,328","169.60","44.93","46.84","44.61","1.72","43.63","0.7577","0.6367","0.1210","45.82","26.55","24.31","11.78"
"2021-02-11T05:00:00.000Z","47.09","47.33","46.89","47.31","4,443,728","183.32","45.03","47.06","44.73","1.85","43.74","0.8086","0.6711","0.1375","45.90","26.94","23.00","11.50"
"2021-02-12T05:00:00.000Z","47.22","47.60","47.04","47.58","2,378,400","183.19","45.14","47.44","44.85","1.95","43.85","0.8605","0.7090","0.1515","46.00","28.12","21.69","11.60"
"2021-02-16T05:00:00.000Z","47.77","47.84","47.20","47.39","3,398,272","172.18","45.25","47.48","44.94","2.02","43.96","0.8766","0.7425","0.1341","46.18","28.77","20.27","12.01"
"2021-02-17T05:00:00.000Z","46.97","47.00","46.38","46.88","3,561,728","114.84","45.36","47.14","45.02","1.91","44.06","0.8388","0.7618","0.0771","46.34","25.86","26.46","11.23"
"2021-02-18T05:00:00.000Z","46.38","46.76","46.06","46.67","2,929,896","92.03","45.46","46.78","45.10","1.77","44.16","0.7825","0.7659","0.0166","46.46","23.76","27.40","10.94"
"2021-02-19T05:00:00.000Z","46.95","47.04","46.51","46.73","2,415,496","102.53","45.58","46.70","45.17","1.63","44.26","0.7340","0.7595","-0.0256","46.66","25.34","25.93","10.24"
"2021-02-22T05:00:00.000Z","46.13","46.26","45.56","45.59","3,909,168","38.89","45.62","46.16","45.21","1.30","44.34","0.5968","0.7270","-0.1302","46.70","22.50","32.14","10.77"
"2021-02-23T05:00:00.000Z","44.75","45.60","43.79","45.33","9,189,672","-20.40","45.64","45.46","45.24","0.7011","44.41","0.4618","0.6739","-0.2121","46.62","18.95","42.43","12.73"
"2021-02-24T05:00:00.000Z","45.08","46.00","44.60","45.95","5,370,112","17.65","45.70","45.64","45.29","0.3744","44.49","0.4005","0.6193","-0.2187","46.56","20.06","37.51","13.99"
"2021-02-25T05:00:00.000Z","45.62","45.91","44.08","44.25","5,407,584","-34.79","45.70","45.10","45.29","0.0466","44.53","0.2119","0.5378","-0.3259","46.49","17.19","36.10","15.52"
"2021-02-26T05:00:00.000Z","44.69","45.21","44.06","44.56","5,278,400","-44.80","45.70","44.40","45.30","-0.3996","44.58","0.0868","0.4476","-0.3608","46.34","15.71","33.14","16.96"
"2021-03-01T05:00:00.000Z","45.31","46.08","45.11","46.03","5,344,928","29.85","45.76","45.30","45.34","-0.4935","44.64","0.1052","0.3791","-0.2739","46.24","20.29","29.51","17.07"
"2021-03-02T05:00:00.000Z","46.15","46.20","45.19","45.22","3,537,560","13.46","45.81","45.63","45.37","-0.3342","44.69","0.0534","0.3140","-0.2605","46.16","19.65","27.37","17.03"
"2021-03-03T05:00:00.000Z","45.10","45.19","43.92","43.98","4,440,152","-72.32","45.81","44.60","45.38","-0.4978","44.72","-0.0867","0.2338","-0.3206","46.01","17.85","33.78","18.02"
"2021-03-04T05:00:00.000Z","43.84","44.13","42.31","42.86","9,154,672","-159.89","45.73","43.42","45.36","-0.8189","44.72","-0.2850","0.1301","-0.4151","45.75","15.68","40.45","19.88"
"2021-03-05T05:00:00.000Z","43.39","43.67","41.95","43.55","8,106,968","-161.05","45.66","43.20","45.37","-1.14","44.73","-0.3818","0.0277","-0.4095","45.41","13.96","38.30","21.79"
"2021-03-08T05:00:00.000Z","43.49","43.77","42.39","42.43","6,213,072","-166.69","45.56","42.99","45.32","-1.61","44.72","-0.5429","-0.0864","-0.4565","45.15","13.39","34.98","23.42"
"2021-03-09T05:00:00.000Z","43.55","44.33","43.46","44.05","8,612,728","-90.34","45.50","43.24","45.30","-1.97","44.76","-0.5334","-0.1758","-0.3576","44.93","15.22","30.99","24.18"
"2021-03-10T05:00:00.000Z","44.63","44.63","43.83","43.86","5,151,848","-78.71","45.44","43.96","45.29","-2.01","44.78","-0.5348","-0.2476","-0.2872","44.75","16.32","29.48","24.51"
"2021-03-11T05:00:00.000Z","44.52","45.18","44.52","44.95","4,310,216","-28.75","45.45","44.40","45.31","-1.67","44.83","-0.4434","-0.2868","-0.1566","44.63","18.40","27.11","24.12"
"2021-03-12T05:00:00.000Z","44.41","44.62","44.09","44.62","3,212,728","-58.87","45.44","44.78","45.31","-1.33","44.86","-0.3928","-0.3080","-0.0849","44.60","17.42","28.37","24.11"
"2021-03-15T04:00:00.000Z","44.66","45.18","44.51","45.17","3,546,032","-25.67","45.48","44.89","45.34","-0.9578","44.90","-0.3049","-0.3074","0.0025","44.57","20.22","27.16","23.43"
"2021-03-16T04:00:00.000Z","45.49","45.88","45.15","45.41","5,140,720","8.53","45.50","45.29","45.38","-0.6252","44.93","-0.2131","-0.2885","0.0754","44.56","23.88","25.86","22.04"
"2021-03-17T04:00:00.000Z","45.00","45.67","44.62","45.42","4,606,912","-11.34","45.49","45.42","45.41","-0.4489","44.96","-0.1377","-0.2584","0.1206","44.58","22.24","27.56","21.23"
"2021-03-18T04:00:00.000Z","44.78","44.88","43.91","43.97","3,857,632","-81.46","45.43","44.70","45.38","-0.5163","44.96","-0.1933","-0.2453","0.0521","44.54","20.09","29.45","21.07"
"2021-03-19T04:00:00.000Z","44.01","44.25","43.63","43.94","3,244,160","-97.61","45.35","43.96","45.34","-0.5895","44.97","-0.2367","-0.2436","0.0069","44.38","19.25","30.12","21.13"
"2021-03-22T04:00:00.000Z","44.13","44.97","44.11","44.74","7,044,536","-48.65","45.30","44.34","45.32","-0.6470","44.98","-0.2040","-0.2357","0.0317","44.30","22.69","28.07","20.38"
"2021-03-23T04:00:00.000Z","44.87","45.03","44.28","44.41","2,419,768","-48.79","45.22","44.58","45.29","-0.7908","44.99","-0.2029","-0.2291","0.0262","44.38","21.94","26.65","19.62"
"2021-03-24T04:00:00.000Z","44.67","44.68","43.73","43.73","2,912,928","-80.64","45.11","44.07","45.24","-0.9360","44.98","-0.2541","-0.2341","-0.0200","44.48","20.51","28.71","19.41"
"2021-03-25T04:00:00.000Z","43.48","43.87","43.10","43.74","3,506,024","-107.04","45.01","43.73","45.22","-1.04","44.97","-0.2906","-0.2454","-0.0452","44.48","19.41","31.52","19.72"
"2021-03-26T04:00:00.000Z","43.66","44.75","43.64","44.70","2,933,056","-53.40","44.92","44.22","45.21","-0.9294","44.98","-0.2390","-0.2441","0.0051","44.49","23.95","29.10","19.01"
"2021-03-29T04:00:00.000Z","44.59","44.72","44.11","44.36","3,451,856","-51.83","44.82","44.53","45.22","-0.8878","44.98","-0.2228","-0.2399","0.0171","44.48","22.91","27.84","18.34"
"2021-03-30T04:00:00.000Z","44.08","44.16","43.69","44.08","2,257,160","-76.08","44.71","44.22","45.20","-0.9469","44.98","-0.2299","-0.2379","0.0080","44.45","21.79","29.52","18.11"
"2021-03-31T04:00:00.000Z","44.38","45.12","44.38","44.81","3,500,320","-24.78","44.64","44.45","45.18","-0.7784","45.00","-0.1746","-0.2252","0.0506","44.45","27.11","27.30","16.84"
"2021-04-01T04:00:00.000Z","45.41","45.76","45.38","45.75","3,245,688","29.73","44.61","45.28","45.18","-0.3166","45.03","-0.0548","-0.1911","0.1364","44.50","29.94","25.41","16.22"
"2021-04-05T04:00:00.000Z","46.08","46.64","45.97","46.56","4,255,416","77.11","44.60","46.15","45.19","0.1366","45.09","0.1044","-0.1320","0.2364","44.55","34.43","23.74","16.38"
"2021-04-06T04:00:00.000Z","46.50","46.75","46.28","46.47","2,087,360","83.46","44.63","46.51","45.19","0.5870","45.12","0.2212","-0.0614","0.2826","44.66","34.02","22.89","16.61"
"2021-04-07T04:00:00.000Z","46.44","46.73","46.26","46.64","2,062,848","86.85","44.67","46.56","45.18","1.11","45.16","0.3236","0.0156","0.3080","44.79","32.77","22.18","16.80"
"2021-04-08T04:00:00.000Z","47.05","47.35","47.00","47.35","3,368,616","128.63","44.72","47.00","45.20","1.57","45.21","0.4567","0.1038","0.3529","45.03","35.91","20.92","17.48"
"2021-04-09T04:00:00.000Z","47.17","47.76","47.06","47.74","2,573,488","142.78","44.84","47.55","45.22","1.92","45.27","0.5873","0.2005","0.3867","45.26","37.21","19.71","18.43"
"2021-04-12T04:00:00.000Z","47.61","47.73","47.31","47.59","2,900,112","142.32","44.94","47.66","45.23","2.11","45.32","0.6703","0.2945","0.3758","45.47","35.86","19.00","19.31"
"2021-04-13T04:00:00.000Z","47.76","48.13","47.71","48.10","3,532,744","165.38","45.01","47.84","45.24","2.30","45.39","0.7686","0.3893","0.3793","45.71","37.59","18.11","20.42"
"2021-04-14T04:00:00.000Z","48.13","48.19","47.48","47.58","3,935,984","150.26","45.08","47.84","45.24","2.49","45.45","0.7952","0.4705","0.3247","46.07","35.27","18.98","21.11"
"2021-04-15T04:00:00.000Z","48.05","48.41","48.05","48.39","3,339,888","173.09","45.23","47.98","45.28","2.61","45.52","0.8716","0.5507","0.3209","46.40","34.70","17.59","21.94"
"2021-04-16T04:00:00.000Z","48.51","48.51","48.13","48.31","2,581,856","164.88","45.41","48.35","45.32","2.68","45.57","0.9155","0.6236","0.2918","46.70","34.32","16.98","22.79"
"2021-04-19T04:00:00.000Z","48.10","48.33","47.57","47.85","2,954,944","137.85","45.56","48.08","45.35","2.70","45.61","0.9030","0.6795","0.2235","47.01","31.94","20.86","22.66"
"2021-04-20T04:00:00.000Z","47.76","47.96","47.11","47.37","3,850,664","108.06","45.72","47.61","45.40","2.57","45.64","0.8443","0.7125","0.1318","47.27","29.48","23.42","21.86"
"2021-04-21T04:00:00.000Z","47.27","47.89","47.17","47.87","5,244,936","108.65","45.85","47.62","45.46","2.42","45.68","0.8285","0.7357","0.0928","47.42","27.54","21.88","21.12"
"2021-04-22T04:00:00.000Z","47.81","48.12","47.20","47.42","4,719,872","98.85","45.97","47.65","45.50","2.18","45.71","0.7711","0.7428","0.0283","47.55","27.33","20.07","20.70"
"2021-04-23T04:00:00.000Z","47.51","48.29","47.51","48.12","1,837,848","109.22","46.07","47.77","45.59","1.94","45.76","0.7725","0.7487","0.0238","47.63","26.70","18.51","20.52"
"2021-04-26T04:00:00.000Z","48.13","48.53","48.13","48.51","3,493,792","119.28","46.20","48.31","45.69","1.86","45.82","0.7959","0.7582","0.0378","47.76","27.90","17.80","20.63"
"2021-04-27T04:00:00.000Z","48.59","48.59","48.20","48.34","3,614,512","110.28","46.31","48.42","45.75","1.90","45.90","0.7917","0.7649","0.0268","47.88","27.42","17.12","20.81"
"2021-04-28T04:00:00.000Z","48.17","48.19","47.88","47.95","3,096,992","89.00","46.39","48.14","45.82","1.89","45.94","0.7488","0.7616","-0.0129","47.95","26.18","19.51","20.36"
"2021-04-29T04:00:00.000Z","48.35","48.35","47.32","47.80","3,199,816","77.33","46.47","47.88","45.91","1.84","45.98","0.6949","0.7483","-0.0534","48.01","23.59","22.93","19.01"
"2021-04-30T04:00:00.000Z","47.31","47.58","47.01","47.12","2,964,920","50.84","46.58","47.46","46.02","1.63","46.00","0.5899","0.7166","-0.1267","47.97","21.81","24.09","18.01"
"2021-05-03T04:00:00.000Z","47.34","47.43","46.81","46.93","4,213,120","40.79","46.68","47.02","46.10","1.32","46.01","0.4858","0.6704","-0.1846","47.91","20.50","24.59","17.37"
"2021-05-04T04:00:00.000Z","46.54","46.54","45.45","45.98","5,891,824","-7.91","46.72","46.45","46.19","0.8285","46.01","0.3229","0.6009","-0.2780","47.80","17.77","33.57","18.33"
"2021-05-05T04:00:00.000Z","46.32","46.38","45.76","45.84","1,647,872","-10.41","46.77","45.91","46.24","0.4091","45.99","0.1806","0.5169","-0.3363","47.63","16.76","31.66","19.22"
"2021-05-06T04:00:00.000Z","45.80","46.14","45.35","46.12","3,890,128","-18.66","46.85","45.98","46.29","-0.0482","45.98","0.0894","0.4314","-0.3420","47.45","15.55","33.09","20.42"
"2021-05-07T04:00:00.000Z","46.59","46.88","46.38","46.56","2,438,056","14.60","46.94","46.34","46.33","-0.2608","45.98","0.0522","0.3555","-0.3033","47.36","21.21","30.80","20.28"
"2021-05-10T04:00:00.000Z","46.38","46.38","45.34","45.36","3,598,864","-32.06","46.96","45.96","46.35","-0.5518","45.94","-0.0735","0.2697","-0.3433","47.30","18.93","36.61","21.10"
"2021-05-11T04:00:00.000Z","44.44","45.42","44.29","45.32","6,449,176","-66.36","46.99","45.34","46.36","-0.7857","45.90","-0.1744","0.1809","-0.3553","47.04","17.09","42.11","22.62"
"2021-05-12T04:00:00.000Z","44.60","44.87","43.87","43.98","6,812,784","-100.57","46.99","44.65","46.32","-1.13","45.85","-0.3579","0.0731","-0.4310","46.81","15.08","40.52","24.27"
"2021-05-13T04:00:00.000Z","44.44","44.90","44.12","44.48","3,992,664","-85.70","46.98","44.24","46.30","-1.41","45.81","-0.4576","-0.0330","-0.4246","46.53","14.24","37.50","25.74"
"2021-05-14T04:00:00.000Z","45.00","45.66","44.88","45.52","2,633,640","-47.40","46.97","45.00","46.34","-1.71","45.79","-0.4484","-0.1161","-0.3323","46.25","18.92","34.01","25.94"
"2021-05-17T04:00:00.000Z","45.27","45.28","44.74","45.17","2,685,752","-64.16","46.93","45.34","46.37","-1.90","45.76","-0.4634","-0.1855","-0.2778","46.03","17.75","32.98","26.23"
"2021-05-18T04:00:00.000Z","45.35","45.49","44.86","44.88","3,142,680","-64.96","46.87","45.02","46.37","-1.87","45.75","-0.4935","-0.2471","-0.2464","45.80","18.51","31.27","26.19"
"2021-05-19T04:00:00.000Z","44.13","45.05","44.09","45.03","2,688,208","-83.16","46.82","44.95","46.39","-1.83","45.75","-0.4989","-0.2975","-0.2014","45.55","17.06","35.05","26.79"
"2021-05-20T04:00:00.000Z","45.22","46.08","45.20","45.92","2,498,416","-35.26","46.77","45.48","46.44","-1.60","45.75","-0.4263","-0.3232","-0.1031","45.39","23.84","32.13","25.93"
"2021-05-21T04:00:00.000Z","46.18","46.26","45.67","45.70","2,177,928","-32.19","46.70","45.82","46.49","-1.45","45.77","-0.3822","-0.3350","-0.0471","45.36","24.20","30.56","24.91"
"2021-05-24T04:00:00.000Z","46.07","46.66","46.07","46.50","5,910,592","-5.84","46.67","46.10","46.53","-1.18","45.80","-0.2798","-0.3240","0.0442","45.34","25.58","28.17","23.47"
"2021-05-25T04:00:00.000Z","46.71","46.80","46.42","46.52","2,138,032","0.6712","46.61","46.51","46.59","-0.8952","45.81","-0.1952","-0.2982","0.1030","45.41","25.88","27.27","21.98"
"2021-05-26T04:00:00.000Z","46.63","46.75","46.45","46.61","2,072,856","-1.86","46.58","46.56","46.65","-0.4722","45.83","-0.1194","-0.2625","0.1430","45.42","25.19","26.55","20.60"
"2021-05-27T04:00:00.000Z","46.56","46.73","46.39","46.41","1,900,440","-10.96","46.52","46.51","46.69","-0.2623","45.87","-0.0743","-0.2248","0.1505","45.43","24.39","26.26","19.39"
"2021-05-28T04:00:00.000Z","46.60","46.82","46.51","46.53","1,802,688","-5.30","46.46","46.47","46.71","-0.0969","45.94","-0.0282","-0.1855","0.1573","45.60","24.28","25.23","18.14"
"2021-06-01T04:00:00.000Z","46.75","46.81","46.21","46.33","3,530,336","-17.29","46.41","46.43","46.71","-0.0267","45.98","-0.0084","-0.1501","0.1417","45.76","22.87","26.69","17.40"
"2021-06-02T04:00:00.000Z","46.43","46.77","46.33","46.59","3,009,000","-9.74","46.38","46.46","46.71","-0.0012","46.05","0.0283","-0.1144","0.1427","45.92","21.86","25.51","16.71"
"2021-06-03T04:00:00.000Z","46.20","46.37","45.84","46.09","3,086,784","-40.12","46.32","46.34","46.69","-0.0378","46.09","0.0169","-0.0882","0.1050","46.01","20.23","28.43","16.72"
"2021-06-04T04:00:00.000Z","46.40","47.03","46.40","46.96","2,740,600","7.96","46.31","46.53","46.68","0.0398","46.14","0.0773","-0.0551","0.1323","46.10","24.83","25.84","15.67"
"2021-06-07T04:00:00.000Z","46.93","47.05","46.81","47.03","4,038,464","20.72","46.27","47.00","46.67","0.1229","46.17","0.1289","-0.0183","0.1472","46.22","24.49","25.20","14.65"
"2021-06-08T04:00:00.000Z","47.27","47.50","46.91","47.11","1,863,016","36.41","46.22","47.07","46.65","0.2718","46.21","0.1744","0.0203","0.1542","46.46","27.63","23.67","14.15"
"2021-06-09T04:00:00.000Z","47.34","47.39","47.07","47.09","1,462,912","39.40","46.18","47.10","46.63","0.4180","46.24","0.2061","0.0574","0.1487","46.62","26.68","22.86","13.69"
"2021-06-10T04:00:00.000Z","47.17","47.54","47.05","47.51","2,942,432","53.90","46.17","47.30","46.63","0.6667","46.28","0.2624","0.0984","0.1640","46.70","26.87","21.63","13.49"
"2021-06-11T04:00:00.000Z","47.55","47.81","47.50","47.80","2,219,456","80.99","46.17","47.65","46.61","0.8622","46.32","0.3268","0.1441","0.1827","46.81","29.06","20.85","13.70"
"2021-06-14T04:00:00.000Z","47.88","48.33","47.73","48.33","2,419,992","113.62","46.21","48.06","46.61","1.09","46.39","0.4156","0.1984","0.2172","46.90","32.96","19.43","14.56"
"2021-06-15T04:00:00.000Z","48.31","48.31","47.89","47.99","2,442,256","108.02","46.24","48.16","46.62","1.28","46.46","0.4539","0.2495","0.2044","47.03","31.26","18.43","15.37"
"2021-06-16T04:00:00.000Z","48.04","48.19","47.28","47.79","4,434,560","83.75","46.30","47.89","46.63","1.39","46.51","0.4626","0.2921","0.1705","47.14","28.05","23.42","14.91"
"2021-06-17T04:00:00.000Z","47.63","48.60","47.60","48.41","11,314,632","113.87","46.39","48.10","46.64","1.54","46.58","0.5134","0.3364","0.1770","47.22","29.45","20.88","15.06"
"2021-06-18T04:00:00.000Z","48.16","48.38","47.92","48.02","7,348,712","104.35","46.45","48.22","46.66","1.61","46.65","0.5164","0.3724","0.1440","47.33","27.86","19.76","15.20"
"2021-06-21T04:00:00.000Z","48.04","48.48","47.67","48.45","4,687,544","109.80","46.51","48.24","46.66","1.59","46.73","0.5470","0.4073","0.1397","47.46","25.43","20.76","14.84"
"2021-06-22T04:00:00.000Z","48.44","48.93","48.37","48.91","2,717,496","146.08","46.63","48.68","46.67","1.63","46.80","0.6018","0.4462","0.1556","47.63","28.89","19.49","15.17"
"2021-06-23T04:00:00.000Z","48.92","49.07","48.80","48.88","2,051,360","155.15","46.75","48.90","46.69","1.78","46.87","0.6352","0.4840","0.1512","47.82","29.58","18.88","15.66"
"2021-06-24T04:00:00.000Z","49.14","49.32","49.04","49.14","2,785,512","164.92","46.92","49.01","46.72","1.90","46.96","0.6750","0.5222","0.1528","47.99","30.95","17.92","16.45"
"2021-06-25T04:00:00.000Z","49.25","49.25","49.01","49.13","2,283,072","154.58","47.08","49.14","46.75","2.02","47.03","0.6975","0.5573","0.1403","48.14","30.03","17.84","17.09"
"2021-06-28T04:00:00.000Z","49.31","49.71","49.31","49.66","3,522,720","168.23","47.22","49.39","46.81","2.20","47.09","0.7490","0.5956","0.1534","48.30","33.56","16.57","18.29"
"2021-06-29T04:00:00.000Z","49.66","50.02","49.58","50.01","6,235,712","170.23","47.38","49.83","46.89","2.28","47.15","0.8092","0.6383","0.1709","48.49","35.55","15.65","19.76"
"2021-06-30T04:00:00.000Z","49.94","49.98","49.72","49.85","4,003,936","155.37","47.54","49.93","46.99","2.31","47.21","0.8340","0.6775","0.1565","48.67","34.23","15.07","21.12"
"2021-07-01T04:00:00.000Z","49.80","49.92","49.55","49.86","3,462,008","140.03","47.70","49.85","47.09","2.26","47.26","0.8453","0.7110","0.1342","48.82","32.55","16.67","21.92"
"2021-07-02T04:00:00.000Z","50.15","50.51","50.10","50.46","3,037,816","157.23","47.86","50.16","47.20","2.35","47.31","0.8924","0.7473","0.1451","48.96","37.56","15.26","23.37"
"2021-07-06T04:00:00.000Z","50.57","50.91","50.22","50.71","3,209,128","155.46","48.02","50.59","47.30","2.40","47.36","0.9391","0.7857","0.1534","49.15","39.30","13.92","25.11"
"2021-07-07T04:00:00.000Z","51.06","51.11","50.51","50.91","8,688,752","153.96","48.17","50.81","47.44","2.43","47.42","0.9805","0.8246","0.1559","49.42","38.89","12.86","26.91"
"2021-07-08T04:00:00.000Z","50.03","50.56","49.78","50.41","4,490,824","120.34","48.30","50.66","47.57","2.33","47.46","0.9623","0.8522","0.1101","49.56","33.69","19.80","26.84"
"2021-07-09T04:00:00.000Z","50.39","50.94","50.30","50.89","2,294,424","133.48","48.44","50.65","47.74","2.36","47.51","0.9750","0.8767","0.0982","49.74","35.55","18.30","27.21"
"2021-07-12T04:00:00.000Z","51.13","51.14","50.73","50.88","9,925,376","135.27","48.59","50.89","47.90","2.34","47.55","0.9734","0.8961","0.0773","49.95","36.27","17.39","27.78"
"2021-07-13T04:00:00.000Z","50.79","51.39","50.72","50.99","10,912,832","132.52","48.74","50.94","48.04","2.30","47.60","0.9699","0.9108","0.0590","50.09","36.28","16.00","28.57"
"2021-07-14T04:00:00.000Z","51.39","51.60","51.05","51.22","3,155,008","136.03","48.90","51.10","48.19","2.27","47.65","0.9737","0.9234","0.0503","50.27","36.18","14.84","29.51"
"2021-07-15T04:00:00.000Z","51.16","51.16","50.44","50.75","3,947,736","107.69","49.04","50.98","48.34","2.27","47.71","0.9284","0.9244","0.0040","50.41","32.90","20.60","29.05"
"2021-07-16T04:00:00.000Z","50.92","51.11","50.23","50.28","3,324,096","91.93","49.18","50.52","48.47","2.16","47.75","0.8453","0.9086","-0.0632","50.54","29.60","21.03","28.18"
"2021-07-19T04:00:00.000Z","49.66","49.87","49.30","49.68","5,865,016","48.43","49.27","49.98","48.56","1.80","47.79","0.7221","0.8713","-0.1492","50.54","26.42","28.84","26.48"
"2021-07-20T04:00:00.000Z","49.93","50.77","49.64","50.48","7,273,152","75.04","49.39","50.08","48.68","1.52","47.83","0.6817","0.8334","-0.1517","50.54","32.71","25.43","25.48"
"2021-07-21T04:00:00.000Z","50.51","51.01","50.40","51.00","11,829,112","93.39","49.52","50.74","48.79","1.28","47.87","0.6833","0.8034","-0.1200","50.59","33.09","23.80","24.83"
"2021-07-22T04:00:00.000Z","51.09","51.40","51.09","51.34","2,611,576","109.42","49.66","51.17","48.91","1.22","47.92","0.7039","0.7835","-0.0796","50.66","35.87","22.77","24.65"
"2021-07-23T04:00:00.000Z","51.63","51.89","51.43","51.84","3,441,312","123.34","49.80","51.59","49.04","1.27","47.98","0.7521","0.7772","-0.0251","50.75","39.07","21.38","24.98"
"2021-07-26T04:00:00.000Z","51.74","51.93","51.56","51.85","2,535,528","120.54","49.94","51.85","49.18","1.56","48.05","0.7824","0.7782","0.0041","50.80","37.83","20.51","25.32"
"2021-07-27T04:00:00.000Z","51.77","51.77","50.59","51.29","13,480,808","90.89","50.04","51.57","49.30","1.64","48.12","0.7521","0.7730","-0.0209","50.93","32.80","28.00","24.07"
"2021-07-28T04:00:00.000Z","51.30","51.54","50.83","51.34","2,940,952","88.25","50.15","51.32","49.42","1.62","48.20","0.7241","0.7632","-0.0392","51.00","30.35","25.90","22.92"
"2021-07-29T04:00:00.000Z","51.34","51.78","51.27","51.60","4,777,968","99.32","50.28","51.47","49.55","1.55","48.29","0.7141","0.7534","-0.0393","51.02","31.20","24.49","22.14"
"2021-07-30T04:00:00.000Z","51.22","51.59","51.19","51.53","2,057,288","91.43","50.38","51.56","49.68","1.39","48.38","0.6926","0.7412","-0.0487","51.05","29.80","24.26","21.29"
"2021-08-02T04:00:00.000Z","51.76","51.88","51.35","51.40","3,688,208","93.65","50.49","51.46","49.80","1.25","48.47","0.6576","0.7245","-0.0669","51.08","31.20","22.85","20.88"
"2021-08-03T04:00:00.000Z","51.52","51.71","51.10","51.69","2,353,360","88.38","50.60","51.54","49.91","1.20","48.56","0.6456","0.7087","-0.0631","51.11","29.07","24.15","20.04"
"2021-08-04T04:00:00.000Z","51.68","51.94","51.51","51.81","3,041,160","98.59","50.70","51.75","50.03","1.19","48.66","0.6391","0.6948","-0.0557","51.17","30.29","22.96","19.60"
"2021-08-05T04:00:00.000Z","51.94","52.16","51.78","52.14","1,587,632","110.56","50.80","51.98","50.16","1.17","48.78","0.6528","0.6864","-0.0336","51.34","31.61","21.94","19.49"
"2021-08-06T04:00:00.000Z","51.97","52.13","51.88","52.06","1,865,688","107.30","50.90","52.10","50.27","1.18","48.91","0.6497","0.6791","-0.0294","51.50","30.58","21.22","19.38"
"2021-08-09T04:00:00.000Z","52.12","52.17","51.83","51.93","1,790,568","102.15","51.00","52.00","50.37","1.14","49.04","0.6296","0.6692","-0.0395","51.62","29.28","20.88","19.20"
"2021-08-10T04:00:00.000Z","52.04","52.11","51.41","51.54","3,051,864","81.71","51.06","51.74","50.45","1.12","49.14","0.5755","0.6504","-0.0749","51.69","26.73","24.26","18.17"
"2021-08-11T04:00:00.000Z","51.75","51.80","51.21","51.50","9,620,128","67.44","51.11","51.52","50.54","0.9993","49.24","0.5230","0.6250","-0.1019","51.70","24.77","25.02","16.91"
"2021-08-12T04:00:00.000Z","51.44","51.81","51.23","51.77","1,751,776","72.53","51.17","51.64","50.64","0.8400","49.36","0.4981","0.5996","-0.1015","51.68","23.13","23.23","15.72"
"2021-08-13T04:00:00.000Z","51.81","52.05","51.74","52.01","1,635,376","93.69","51.24","51.89","50.73","0.7376","49.47","0.4917","0.5780","-0.0863","51.68","25.26","22.34","15.03"
"2021-08-16T04:00:00.000Z","51.85","52.11","51.36","52.11","2,450,136","86.40","51.30","52.06","50.83","0.6194","49.58","0.4888","0.5602","-0.0714","51.73","22.87","25.09","14.29"
"2021-08-17T04:00:00.000Z","51.80","51.86","51.32","51.66","2,999,432","64.51","51.33","51.88","50.91","0.5319","49.68","0.4454","0.5372","-0.0918","51.76","20.67","23.15","13.68"
"2021-08-18T04:00:00.000Z","51.55","51.75","50.95","51.00","2,657,976","28.93","51.33","51.33","50.97","0.4575","49.75","0.3537","0.5005","-0.1468","51.79","18.70","25.28","13.77"
"2021-08-19T04:00:00.000Z","50.70","51.59","50.64","51.38","3,270,336","22.59","51.37","51.19","51.03","0.3356","49.83","0.3084","0.4621","-0.1537","51.70","16.66","26.10","14.36"
"2021-08-20T04:00:00.000Z","51.61","52.08","51.50","52.03","3,579,064","86.11","51.40","51.71","51.10","0.2711","49.92","0.3213","0.4339","-0.1127","51.71","20.89","24.03","13.83"
"2021-08-23T04:00:00.000Z","52.22","52.83","52.22","52.77","3,031,024","159.90","51.47","52.40","51.19","0.3713","50.03","0.3860","0.4243","-0.0383","51.75","27.32","21.91","13.63"
"2021-08-24T04:00:00.000Z","52.88","53.00","52.79","52.84","2,638,904","185.21","51.53","52.80","51.27","0.5711","50.13","0.4383","0.4271","0.0112","51.83","28.58","21.32","13.70"
"2021-08-25T04:00:00.000Z","52.94","53.09","52.74","52.84","3,657,512","178.68","51.58","52.84","51.34","0.8028","50.24","0.4746","0.4366","0.0380","51.90","28.44","20.42","13.89"
"2021-08-26T04:00:00.000Z","52.81","52.93","52.47","52.53","1,985,424","144.97","51.64","52.69","51.41","1.06","50.34","0.4729","0.4439","0.0290","51.95","26.85","22.51","13.53"
"2021-08-27T04:00:00.000Z","52.62","53.18","52.56","53.14","1,859,376","173.25","51.74","52.84","51.49","1.22","50.46","0.5141","0.4579","0.0562","52.00","27.78","20.75","13.60"
"2021-08-30T04:00:00.000Z","53.27","53.73","53.27","53.66","2,983,400","224.68","51.87","53.40","51.57","1.34","50.57","0.5826","0.4829","0.0997","52.11","32.44","19.25","14.45"
"2021-08-31T04:00:00.000Z","53.66","53.67","53.26","53.34","14,336,984","193.80","51.96","53.50","51.64","1.39","50.68","0.6034","0.5070","0.0964","52.29","30.77","18.46","15.20"
"2021-09-01T04:00:00.000Z","53.52","53.74","53.33","53.37","4,305,312","183.38","52.04","53.35","51.70","1.44","50.78","0.6157","0.5287","0.0870","52.42","30.03","17.51","16.00"
"2021-09-02T04:00:00.000Z","53.59","53.66","53.17","53.41","2,581,416","164.94","52.11","53.39","51.77","1.50","50.89","0.6215","0.5473","0.0743","52.55","28.13","18.48","16.33"
"2021-09-03T04:00:00.000Z","53.35","53.78","53.29","53.67","2,078,056","166.26","52.17","53.54","51.84","1.52","50.99","0.6396","0.5657","0.0739","52.67","27.84","17.32","16.83"
"2021-09-07T04:00:00.000Z","53.72","53.78","53.39","53.61","3,236,080","154.31","52.23","53.64","51.91","1.43","51.09","0.6420","0.5810","0.0610","52.84","26.46","16.42","17.30"
"2021-09-08T04:00:00.000Z","53.61","53.61","52.95","53.30","2,914,920","117.56","52.30","53.46","51.97","1.32","51.17","0.6117","0.5871","0.0246","53.06","24.19","20.73","16.61"
"2021-09-09T04:00:00.000Z","53.33","53.53","53.11","53.13","1,966,160","106.91","52.36","53.21","52.02","1.22","51.25","0.5671","0.5831","-0.0160","53.19","22.85","19.59","15.98"
"2021-09-10T04:00:00.000Z","53.43","53.56","52.55","52.60","3,044,464","72.34","52.39","52.86","52.06","1.10","51.33","0.4834","0.5632","-0.0798","53.29","19.99","24.10","15.50"
"2021-09-13T04:00:00.000Z","52.96","53.08","52.26","52.60","9,537,744","47.17","52.43","52.60","52.12","0.9020","51.40","0.4126","0.5331","-0.1205","53.29","18.02","25.23","15.58"
"2021-09-14T04:00:00.000Z","52.83","52.94","52.38","52.53","13,045,760","40.45","52.47","52.57","52.19","0.6736","51.48","0.3471","0.4959","-0.1488","53.29","16.80","23.53","15.66"
"2021-09-15T04:00:00.000Z","52.65","53.01","52.36","52.98","2,415,368","51.07","52.51","52.76","52.25","0.5111","51.55","0.3276","0.4622","-0.1346","53.27","16.36","21.69","15.54"
"2021-09-16T04:00:00.000Z","52.78","53.13","52.55","53.07","1,963,696","58.85","52.55","53.03","52.31","0.3754","51.62","0.3157","0.4329","-0.1172","53.29","16.57","20.17","15.14"
"2021-09-17T04:00:00.000Z","52.98","52.98","52.24","52.36","2,631,696","20.94","52.56","52.72","52.33","0.2513","51.68","0.2460","0.3955","-0.1496","53.26","14.97","21.73","15.37"
"2021-09-20T04:00:00.000Z","51.48","51.80","50.67","51.35","18,233,696","-94.64","52.54","51.86","52.32","-0.0241","51.72","0.1084","0.3381","-0.2297","53.10","12.34","34.29","17.63"
"2021-09-21T04:00:00.000Z","51.68","51.78","51.17","51.38","2,737,232","-77.32","52.52","51.37","52.31","-0.2638","51.76","0.0015","0.2708","-0.2692","52.95","11.56","32.11","19.74"
"2021-09-22T04:00:00.000Z","51.65","52.31","51.46","52.14","2,617,576","-31.68","52.54","51.76","52.33","-0.4299","51.80","-0.0216","0.2123","-0.2339","52.80","15.87","29.07","20.43"
"2021-09-23T04:00:00.000Z","52.41","52.94","52.23","52.81","2,852,072","31.00","52.58","52.48","52.37","-0.4980","51.84","0.0143","0.1727","-0.1584","52.73","20.99","26.71","19.82"
"2021-09-24T04:00:00.000Z","52.47","52.91","52.41","52.82","13,228,848","33.49","52.62","52.82","52.40","-0.5086","51.89","0.0426","0.1467","-0.1041","52.63","19.90","25.33","19.26"
"2021-09-27T04:00:00.000Z","52.38","52.47","51.97","52.30","3,009,968","-14.40","52.63","52.56","52.42","-0.3181","51.93","0.0230","0.1220","-0.0989","52.54","18.19","27.54","19.35"
"2021-09-28T04:00:00.000Z","51.61","51.72","50.64","50.67","11,591,648","-135.97","52.58","51.49","52.40","-0.3604","51.94","-0.1230","0.0730","-0.1960","52.41","15.40","35.63","20.80"
"2021-09-29T04:00:00.000Z","50.81","51.01","50.37","50.44","5,506,200","-167.59","52.54","50.55","52.37","-0.5746","51.93","-0.2540","0.0076","-0.2616","52.21","14.47","36.01","22.36"
"2021-09-30T04:00:00.000Z","50.74","50.98","50.16","50.16","3,710,888","-172.57","52.51","50.30","52.32","-0.9495","51.92","-0.3762","-0.0692","-0.3070","52.04","13.37","35.22","23.98"
"2021-10-01T04:00:00.000Z","50.39","51.00","49.84","50.86","5,498,576","-149.36","52.49","50.51","52.29","-1.35","51.93","-0.4120","-0.1377","-0.2743","51.85","11.96","34.45","25.72"
"2021-10-04T04:00:00.000Z","50.63","50.63","49.26","49.62","6,989,464","-193.28","52.41","50.24","52.23","-1.76","51.91","-0.5338","-0.2170","-0.3168","51.69","10.36","34.67","27.74"
"2021-10-05T04:00:00.000Z","49.78","50.63","49.74","50.34","3,806,728","-148.89","52.33","49.98","52.19","-1.91","51.90","-0.5660","-0.2868","-0.2793","51.46","9.50","31.80","29.62"
"2021-10-06T04:00:00.000Z","49.82","50.73","49.65","50.69","15,155,472","-131.52","52.26","50.51","52.17","-1.98","51.89","-0.5571","-0.3408","-0.2163","51.22","9.55","29.01","31.11"
"2021-10-07T04:00:00.000Z","51.18","51.64","51.12","51.23","13,247,488","-59.77","52.20","50.96","52.16","-1.83","51.89","-0.5003","-0.3727","-0.1275","51.20","16.12","26.78","30.66"
"2021-10-08T04:00:00.000Z","51.45","51.45","50.93","50.99","1,991,816","-72.64","52.15","51.11","52.14","-1.65","51.90","-0.4693","-0.3920","-0.0773","51.18","15.42","27.15","30.44"
"2021-10-11T04:00:00.000Z","50.75","51.39","50.69","50.71","2,057,120","-82.60","52.07","50.85","52.11","-1.39","51.90","-0.4624","-0.4061","-0.0563","51.11","14.51","27.62","30.49"
"2021-10-12T04:00:00.000Z","50.97","51.00","50.49","50.59","1,820,224","-93.83","51.97","50.65","52.07","-1.22","51.92","-0.4613","-0.4172","-0.0442","51.00","13.87","28.10","30.73"
"2021-10-13T04:00:00.000Z","50.85","51.05","50.61","51.01","4,864,560","-77.68","51.89","50.80","52.06","-1.03","51.93","-0.4213","-0.4180","-0.0033","50.87","13.72","26.94","30.86"
"2021-10-14T04:00:00.000Z","51.57","52.15","51.51","52.12","4,765,640","-10.61","51.85","51.56","52.09","-0.9104","51.95","-0.2970","-0.3938","0.0968","50.81","21.97","24.27","29.01"
"2021-10-15T04:00:00.000Z","52.34","52.50","52.18","52.48","3,179,984","18.96","51.82","52.30","52.11","-0.6654","51.97","-0.1670","-0.3484","0.1814","50.87","24.35","23.43","27.07"
"2021-10-18T04:00:00.000Z","52.22","53.00","52.12","52.97","2,669,904","38.45","51.80","52.73","52.14","-0.3342","51.98","-0.0242","-0.2836","0.2594","50.98","26.87","21.58","25.92"
"2021-10-19T04:00:00.000Z","53.13","53.52","53.00","53.46","2,967,560","79.26","51.79","53.22","52.15","0.1746","52.01","0.1269","-0.2015","0.3284","51.16","30.31","20.50","25.45"
"2021-10-20T04:00:00.000Z","53.53","53.62","53.11","53.36","5,694,104","80.03","51.79","53.41","52.17","0.6864","52.05","0.2355","-0.1141","0.3496","51.40","29.81","19.52","25.12"
"2021-10-21T04:00:00.000Z","53.22","53.63","53.07","53.59","3,291,592","82.56","51.81","53.47","52.18","0.9918","52.08","0.3363","-0.0240","0.3603","51.60","28.21","18.90","24.74"
"2021-10-22T04:00:00.000Z","53.53","53.80","53.15","53.36","2,197,984","80.64","51.83","53.47","52.21","1.22","52.11","0.3933","0.0594","0.3338","51.89","28.09","17.73","24.59"
"2021-10-25T04:00:00.000Z","53.57","53.78","53.36","53.61","2,136,584","88.19","51.87","53.48","52.22","1.42","52.15","0.4534","0.1382","0.3151","52.18","26.90","16.98","24.44"
"2021-10-26T04:00:00.000Z","53.97","54.15","53.62","53.68","3,010,248","102.22","51.91","53.64","52.22","1.53","52.19","0.5010","0.2108","0.2902","52.39","29.17","16.04","24.77"
"2021-10-27T04:00:00.000Z","53.76","53.91","53.47","53.48","2,315,496","88.84","51.92","53.58","52.22","1.59","52.22","0.5164","0.2719","0.2445","52.57","27.82","16.90","24.75"
"2021-10-28T04:00:00.000Z","53.72","54.10","53.67","54.02","2,087,352","107.26","51.95","53.75","52.24","1.67","52.25","0.5662","0.3308","0.2354","52.80","28.01","15.79","24.97"
"2021-10-29T04:00:00.000Z","53.51","54.30","53.48","54.27","2,259,352","110.30","52.02","54.15","52.26","1.72","52.29","0.6184","0.3883","0.2301","52.99","27.67","14.43","25.44"
"2021-11-01T04:00:00.000Z","54.30","54.36","53.99","54.34","2,984,808","121.01","52.12","54.30","52.28","1.79","52.33","0.6574","0.4421","0.2153","53.26","27.18","13.87","25.93"
"2021-11-02T04:00:00.000Z","54.39","54.82","54.39","54.71","2,549,968","141.73","52.23","54.52","52.30","1.88","52.37","0.7101","0.4957","0.2144","53.48","30.77","13.14","26.95"
"2021-11-03T04:00:00.000Z","54.76","55.13","54.50","55.04","2,429,296","149.74","52.32","54.87","52.35","2.05","52.43","0.7697","0.5505","0.2191","53.66","32.03","12.23","28.22"
"2021-11-04T04:00:00.000Z","55.24","55.94","55.16","55.82","2,463,792","182.32","52.42","55.43","52.41","2.29","52.50","0.8702","0.6145","0.2558","53.89","37.60","11.05","30.10"
"2021-11-05T04:00:00.000Z","56.21","56.42","55.68","56.01","2,806,480","188.84","52.53","55.92","52.50","2.58","52.57","0.9542","0.6824","0.2718","54.13","39.70","10.19","32.18"
"2021-11-08T05:00:00.000Z","56.25","56.52","56.16","56.41","2,639,944","188.51","52.67","56.21","52.59","2.87","52.65","1.04","0.7541","0.2870","54.34","38.64","9.62","34.17"
"2021-11-09T05:00:00.000Z","56.54","56.61","55.95","56.26","2,844,480","168.56","52.85","56.34","52.69","3.08","52.72","1.09","0.8204","0.2650","54.60","35.88","11.21","35.48"
"2021-11-10T05:00:00.000Z","55.82","56.11","55.02","55.21","12,805,952","121.31","53.01","55.74","52.74","3.14","52.77","1.02","0.8611","0.1627","54.77","31.37","19.16","34.67"
"2021-11-11T05:00:00.000Z","55.64","55.66","55.44","55.51","2,167,912","116.82","53.19","55.36","52.80","3.06","52.85","0.9877","0.8864","0.1013","54.93","29.89","18.26","33.92"
"2021-11-12T05:00:00.000Z","55.69","56.26","55.61","56.17","2,934,640","126.94","53.37","55.84","52.90","2.93","52.93","1.00","0.9094","0.0919","55.06","33.73","16.84","33.88"
"2021-11-15T05:00:00.000Z","56.37","56.44","55.80","56.10","3,280,048","122.92","53.58","56.14","53.02","2.74","53.00","0.9945","0.9264","0.0681","55.26","33.34","15.72","34.02"
"2021-11-16T05:00:00.000Z","56.05","56.76","55.98","56.69","2,513,824","129.02","53.80","56.39","53.15","2.59","53.06","1.02","0.9460","0.0785","55.44","33.96","14.45","34.47"
"2021-11-17T05:00:00.000Z","56.61","56.79","56.34","56.45","10,190,184","123.42","53.99","56.57","53.26","2.61","53.12","1.02","0.9603","0.0570","55.68","32.63","13.77","34.91"
"2021-11-18T05:00:00.000Z","56.80","56.94","56.27","56.85","3,549,360","121.74","54.18","56.65","53.36","2.64","53.19","1.03","0.9747","0.0578","55.87","31.91","12.80","35.47"
"2021-11-19T05:00:00.000Z","57.10","57.43","56.90","57.18","9,458,928","130.35","54.38","57.02","53.47","2.67","53.27","1.06","0.9916","0.0674","56.08","35.17","12.01","36.44"
"2021-11-22T05:00:00.000Z","57.37","57.96","56.29","56.33","7,039,936","112.53","54.57","56.76","53.57","2.67","53.32","0.9996","0.9932","0.0065","56.28","29.51","15.94","35.97"
"2021-11-23T05:00:00.000Z","56.08","56.33","55.34","56.07","10,875,296","76.47","54.75","56.20","53.70","2.40","53.36","0.9212","0.9788","-0.0576","56.35","26.77","23.39","33.89"
"2021-11-24T05:00:00.000Z","55.77","56.56","55.45","56.54","3,497,296","81.75","54.94","56.31","53.86","2.15","53.41","0.8864","0.9603","-0.0739","56.31","26.17","21.02","32.24"
"2021-11-26T05:00:00.000Z","55.82","56.22","55.03","55.27","4,521,672","55.25","55.04","55.90","53.98","1.82","53.45","0.7475","0.9177","-0.1703","56.28","22.79","21.89","30.09"
"2021-11-29T05:00:00.000Z","55.99","56.68","55.81","56.52","4,714,256","80.86","55.18","55.89","54.13","1.49","53.50","0.7301","0.8802","-0.1501","56.24","23.93","19.37","28.69"
"2021-11-30T05:00:00.000Z","56.33","56.78","55.48","55.96","5,407,352","68.17","55.28","56.24","54.28","1.13","53.54","0.6637","0.8369","-0.1732","56.28","21.48","19.94","26.90"
"2021-12-01T05:00:00.000Z","56.44","56.87","54.90","54.94","4,500,136","46.21","55.32","55.45","54.40","0.9885","53.56","0.5226","0.7740","-0.2514","56.34","18.41","21.31","25.50"
"2021-12-02T05:00:00.000Z","54.46","55.79","54.36","55.53","6,698,392","29.68","55.40","55.24","54.52","0.7067","53.59","0.4533","0.7099","-0.2566","56.24","16.56","22.97","24.84"
"2021-12-03T05:00:00.000Z","55.70","55.80","53.84","54.50","8,196,400","5.45","55.43","55.02","54.60","0.4732","53.62","0.3116","0.6302","-0.3186","56.19","14.42","23.42","24.77"
"2021-12-06T05:00:00.000Z","54.60","55.11","53.91","54.96","4,181,432","-0.8674","55.48","54.73","54.70","0.0684","53.66","0.2340","0.5510","-0.3170","56.08","13.28","21.57","24.70"
"2021-12-07T05:00:00.000Z","56.06","57.06","56.06","56.95","4,040,168","90.73","55.59","55.96","54.86","0.0569","53.73","0.3291","0.5066","-0.1775","56.04","23.55","18.79","23.73"
"2021-12-08T05:00:00.000Z","57.00","57.37","56.60","57.33","2,591,680","108.06","55.71","57.14","55.03","0.1709","53.81","0.4301","0.4913","-0.0612","56.06","24.37","17.88","23.14"
"2021-12-09T05:00:00.000Z","57.21","57.58","56.54","56.59","2,635,656","95.85","55.82","56.96","55.17","0.4587","53.87","0.4451","0.4821","-0.0370","56.06","24.05","16.71","22.77"
"2021-12-10T05:00:00.000Z","57.16","57.58","56.89","57.51","3,232,648","116.20","55.93","57.05","55.30","0.8303","53.94","0.5249","0.4906","0.0343","56.05","22.55","15.65","22.43"
"2021-12-13T05:00:00.000Z","57.61","57.75","56.60","56.66","3,591,392","95.78","56.01","57.08","55.41","1.26","54.02","0.5142","0.4953","0.0188","56.17","20.89","16.34","21.71"
"2021-12-14T05:00:00.000Z","55.96","56.31","55.08","55.73","4,749,512","15.94","56.06","56.20","55.47","1.03","54.09","0.4259","0.4815","-0.0555","56.18","18.85","24.15","21.03"
"2021-12-15T05:00:00.000Z","55.79","57.30","55.24","57.21","3,966,120","68.91","56.14","56.47","55.57","0.8124","54.19","0.4696","0.4791","-0.0095","56.18","22.34","21.23","19.71"
"2021-12-16T05:00:00.000Z","57.38","57.42","55.09","55.45","5,015,248","26.66","56.16","56.33","55.62","0.5820","54.24","0.3581","0.4549","-0.0968","56.29","19.49","19.30","18.34"
"2021-12-17T05:00:00.000Z","54.84","55.76","54.59","55.26","3,289,608","-33.14","56.14","55.35","55.66","0.1324","54.28","0.2514","0.4142","-0.1628","56.17","18.22","20.85","17.51"
"2021-12-20T05:00:00.000Z","54.49","54.77","54.21","54.61","4,557,792","-87.97","56.09","54.93","55.69","-0.4145","54.31","0.1131","0.3540","-0.2409","56.02","17.15","21.76","17.11"
"2021-12-21T05:00:00.000Z","55.24","56.13","54.70","56.08","3,927,384","-7.30","56.08","55.35","55.75","-0.4943","54.37","0.1210","0.3074","-0.1864","56.08","23.28","19.92","16.44"
"2021-12-22T05:00:00.000Z","56.00","56.79","55.85","56.75","2,871,400","57.10","56.10","56.42","55.83","-0.5282","54.48","0.1792","0.2817","-0.1026","56.10","25.74","18.86","16.37"
"2021-12-23T05:00:00.000Z","56.85","57.28","56.80","57.06","2,410,664","104.58","56.16","56.91","55.92","-0.4147","54.59","0.2475","0.2749","-0.0274","56.28","27.86","18.27","16.68"
"2021-12-27T05:00:00.000Z","57.24","58.26","57.24","58.26","4,098,944","177.57","56.25","57.66","56.03","0.0512","54.72","0.3940","0.2987","0.0953","56.37","31.66","16.98","17.65"
"2021-12-28T05:00:00.000Z","58.35","58.38","57.70","57.85","4,148,096","175.66","56.31","58.06","56.12","0.7120","54.84","0.4718","0.3333","0.1385","56.47","31.07","16.27","18.62"
"2021-12-29T05:00:00.000Z","57.84","58.07","57.51","57.86","2,933,800","152.97","56.37","57.86","56.21","1.14","54.97","0.5278","0.3722","0.1556","56.52","29.96","16.90","19.28"
"2021-12-30T05:00:00.000Z","57.85","58.13","57.50","57.56","2,676,552","138.20","56.39","57.71","56.28","1.38","55.10","0.5415","0.4061","0.1354","56.57","29.13","16.20","19.94"
"2021-12-31T05:00:00.000Z","57.54","57.67","57.24","57.27","3,201,440","101.92","56.42","57.41","56.33","1.40","55.20","0.5232","0.4295","0.0937","56.57","28.28","17.52","20.19"
"2022-01-03T05:00:00.000Z","57.34","57.81","57.02","57.75","4,452,840","108.07","56.45","57.51","56.38","1.29","55.31","0.5411","0.4518","0.0893","56.67","26.71","18.10","20.12"
"2022-01-04T05:00:00.000Z","57.80","57.88","56.47","57.02","6,572,752","67.32","56.45","57.39","56.41","1.09","55.41","0.4908","0.4596","0.0312","56.83","24.18","20.06","19.35"
"2022-01-05T05:00:00.000Z","56.64","56.75","55.10","55.13","7,571,336","-62.76","56.41","56.07","56.37","0.7270","55.49","0.2948","0.4266","-0.1319","56.77","21.22","26.36","18.74"
"2022-01-06T05:00:00.000Z","54.67","55.43","54.46","54.92","5,834,912","-118.60","56.37","55.02","56.34","0.2004","55.56","0.1212","0.3656","-0.2444","56.76","19.89","28.85","18.72"
"2022-01-07T05:00:00.000Z","54.90","55.20","54.02","54.36","14,682,784","-147.09","56.29","54.64","56.32","-0.3100","55.62","-0.0610","0.2802","-0.3412","56.79","18.37","29.52","19.04"
"2022-01-10T05:00:00.000Z","53.49","54.48","52.75","54.41","21,678,400","-186.59","56.27","54.39","56.29","-0.9651","55.65","-0.1984","0.1845","-0.3829","56.66","16.41","34.17","20.19"
"2022-01-11T05:00:00.000Z","54.29","55.22","53.93","55.13","4,537,632","-111.24","56.22","54.77","56.27","-1.41","55.70","-0.2465","0.0983","-0.3448","56.52","19.60","31.47","20.41"
"2022-01-12T05:00:00.000Z","55.53","55.93","55.05","55.31","9,529,960","-58.12","56.20","55.22","56.25","-1.49","55.74","-0.2670","0.0253","-0.2922","56.42","22.97","29.74","19.87"
"2022-01-13T05:00:00.000Z","55.52","55.72","53.64","53.75","4,798,256","-127.05","56.16","54.53","56.17","-1.50","55.74","-0.4048","-0.0608","-0.3440","56.29","20.16","34.41","20.31"
"2022-01-14T05:00:00.000Z","53.46","54.23","53.39","54.18","3,943,888","-145.89","56.11","53.97","56.12","-1.61","55.76","-0.4735","-0.1433","-0.3302","55.91","19.15","34.17","20.88"
"2022-01-18T05:00:00.000Z","53.38","53.74","52.69","52.80","5,846,592","-186.40","56.06","53.49","56.01","-1.60","55.74","-0.6322","-0.2411","-0.3911","55.57","17.45","35.31","21.80"
"2022-01-19T05:00:00.000Z","53.00","53.65","52.04","52.06","20,038,944","-199.56","55.96","52.43","55.89","-1.85","55.72","-0.8081","-0.3545","-0.4536","55.20","15.82","35.77","23.01"
"2022-01-20T05:00:00.000Z","52.55","53.22","51.35","51.42","5,035,912","-213.65","55.78","51.74","55.76","-2.38","55.68","-0.9883","-0.4812","-0.5071","54.81","14.18","35.88","24.46"
"2022-01-21T05:00:00.000Z","51.15","51.83","50.29","50.30","14,998,024","-248.76","55.54","50.86","55.62","-2.99","55.63","-1.21","-0.6264","-0.5807","54.34","12.98","38.69","26.27"
"2022-01-24T05:00:00.000Z","49.23","50.69","47.58","50.63","49,905,760","-269.47","55.34","50.47","55.47","-3.76","55.58","-1.34","-0.7689","-0.5700","53.68","10.96","46.21","28.79"
"2022-01-25T05:00:00.000Z","49.65","50.32","48.85","49.38","6,685,008","-239.84","55.07","50.01","55.32","-4.34","55.50","-1.53","-0.9203","-0.6057","53.14","10.01","42.17","31.14"
"2022-01-26T05:00:00.000Z","50.83","51.30","48.99","49.56","31,089,560","-199.54","54.84","49.47","55.15","-4.69","55.42","-1.64","-1.06","-0.5771","52.85","13.51","37.60","32.28"
"2022-01-27T05:00:00.000Z","50.35","50.63","48.95","49.14","5,255,416","-192.14","54.62","49.35","54.98","-4.98","55.34","-1.75","-1.20","-0.5459","52.50","12.45","34.86","33.36"
"2022-01-28T05:00:00.000Z","49.73","51.25","48.92","51.23","7,489,224","-146.99","54.42","50.18","54.89","-4.97","55.28","-1.64","-1.29","-0.3532","52.21","13.96","31.20","33.70"
"2022-01-31T05:00:00.000Z","51.31","52.85","51.13","52.78","5,448,728","-82.46","54.33","52.01","54.82","-4.24","55.24","-1.42","-1.32","-0.1031","51.98","20.06","28.79","32.57"
"2022-02-01T05:00:00.000Z","52.88","53.08","52.13","53.00","12,721,648","-63.63","54.25","52.89","54.78","-3.50","55.20","-1.21","-1.29","0.0850","51.77","20.23","27.52","31.34"
"2022-02-02T05:00:00.000Z","53.15","53.39","52.58","53.28","4,036,432","-50.40","54.21","53.14","54.74","-2.86","55.15","-1.01","-1.24","0.2278","51.59","20.95","26.45","29.93"
"2022-02-03T05:00:00.000Z","52.39","52.80","51.42","51.62","5,508,560","-80.55","54.06","52.45","54.61","-2.27","55.07","-0.9736","-1.18","0.2107","51.51","19.12","29.57","29.32"
"2022-02-04T05:00:00.000Z","51.53","52.47","51.20","52.01","3,656,928","-77.61","53.90","51.81","54.47","-1.79","55.00","-0.9032","-1.13","0.2249","51.37","17.97","28.86","28.89"
"2022-02-07T05:00:00.000Z","52.10","52.48","51.55","51.76","2,815,696","-72.26","53.72","51.88","54.35","-1.69","54.94","-0.8581","-1.07","0.2160","51.30","17.22","27.54","28.47"
"2022-02-08T05:00:00.000Z","51.57","52.57","51.43","52.42","2,191,480","-62.18","53.53","52.09","54.22","-1.74","54.89","-0.7597","-1.01","0.2515","51.22","16.24","26.57","28.16"
"2022-02-09T05:00:00.000Z","53.10","53.71","52.89","53.71","9,534,512","-21.12","53.39","53.07","54.15","-1.61","54.85","-0.5713","-0.9232","0.3519","51.37","20.88","24.86","26.77"
"2022-02-10T05:00:00.000Z","52.70","53.68","52.09","52.40","6,132,384","-40.74","53.21","53.05","54.07","-1.36","54.79","-0.5218","-0.8429","0.3212","51.64","19.20","26.85","26.05"
"2022-02-11T05:00:00.000Z","52.44","52.72","50.55","50.74","11,590,472","-79.32","52.98","51.57","53.91","-1.24","54.69","-0.6089","-0.7961","0.1872","51.85","17.21","31.45","26.28"
"2022-02-14T05:00:00.000Z","50.61","51.21","50.18","50.74","18,081,464","-93.38","52.76","50.74","53.79","-1.30","54.59","-0.6710","-0.7711","0.1001","51.84","16.34","31.66","26.68"
"2022-02-15T05:00:00.000Z","51.52","52.23","51.38","52.20","2,955,192","-53.55","52.58","51.47","53.71","-1.15","54.52","-0.5954","-0.7360","0.1406","51.93","20.12","29.36","26.11"
"2022-02-16T05:00:00.000Z","51.77","52.26","51.23","52.10","2,641,432","-53.22","52.42","52.15","53.65","-1.29","54.43","-0.5367","-0.6961","0.1594","52.08","19.08","28.63","25.67"
"2022-02-17T05:00:00.000Z","51.59","51.62","50.31","50.39","3,650,744","-82.01","52.26","51.25","53.51","-1.47","54.33","-0.6214","-0.6812","0.0598","52.10","17.41","30.58","25.80"
"2022-02-18T05:00:00.000Z","50.57","50.63","49.41","49.76","5,172,648","-102.86","52.09","50.08","53.33","-1.57","54.23","-0.7309","-0.6911","-0.0398","51.93","16.35","33.21","26.38"
"2022-02-22T05:00:00.000Z","49.32","50.12","48.77","49.27","17,467,608","-115.08","51.92","49.52","53.14","-1.59","54.11","-0.8474","-0.7224","-0.1250","51.63","15.26","34.14","27.23"
"2022-02-23T05:00:00.000Z","49.76","49.95","47.95","48.03","5,747,240","-133.80","51.70","48.65","52.88","-1.91","53.99","-1.03","-0.7836","-0.2448","51.43","13.78","34.82","28.38"
"2022-02-24T05:00:00.000Z","46.36","49.83","46.13","49.76","18,479,952","-132.47","51.52","48.89","52.68","-2.43","53.87","-1.02","-0.8309","-0.1892","51.03","11.55","37.17","30.11"
"2022-02-25T05:00:00.000Z","49.86","50.49","49.24","50.48","5,365,984","-81.53","51.36","50.12","52.49","-2.50","53.78","-0.9447","-0.8536","-0.0911","50.86","13.88","35.11","31.05"
"2022-02-28T05:00:00.000Z","50.02","50.75","49.66","50.49","4,740,728","-71.34","51.25","50.48","52.32","-2.34","53.71","-0.8741","-0.8577","-0.0164","50.74","14.37","33.36","31.68"
"2022-03-01T05:00:00.000Z","50.32","50.62","49.13","49.52","2,845,864","-88.28","51.10","50.00","52.12","-2.14","53.61","-0.8863","-0.8634","-0.0228","50.53","13.38","33.53","32.48"
"2022-03-02T05:00:00.000Z","49.82","50.75","49.44","50.55","2,871,528","-67.54","51.02","50.03","51.94","-1.78","53.54","-0.8034","-0.8514","0.0480","50.31","13.16","31.50","33.10"
"2022-03-03T05:00:00.000Z","50.89","50.89","49.53","49.76","2,961,064","-70.95","50.95","50.16","51.76","-1.18","53.45","-0.7921","-0.8396","0.0475","50.19","12.98","29.50","33.51"
"2022-03-04T05:00:00.000Z","49.43","49.60","48.42","48.77","3,484,544","-112.04","50.86","49.27","51.60","-1.18","53.32","-0.8534","-0.8423","-0.0110","50.10","12.17","32.84","34.40"
"2022-03-07T05:00:00.000Z","48.77","49.01","46.90","46.94","7,074,368","-157.98","50.75","47.86","51.40","-1.46","53.14","-1.04","-0.8814","-0.1562","49.88","10.99","36.64","35.79"
"2022-03-08T05:00:00.000Z","46.81","48.19","46.07","46.71","14,316,832","-172.98","50.62","46.83","51.21","-1.83","52.98","-1.19","-0.9428","-0.2457","49.50","9.95","36.86","37.34"
"2022-03-09T05:00:00.000Z","47.95","48.88","47.68","48.70","5,317,000","-109.27","50.59","47.71","51.07","-2.06","52.83","-1.13","-0.9811","-0.1532","49.22","12.00","33.39","38.03"
"2022-03-10T05:00:00.000Z","47.83","47.99","47.13","47.86","7,906,944","-135.13","50.54","48.28","50.89","-2.45","52.69","-1.15","-1.01","-0.1320","49.01","11.17","33.52","38.89"
"2022-03-11T05:00:00.000Z","48.30","48.30","46.81","46.87","6,370,424","-144.62","50.46","47.36","50.68","-2.64","52.54","-1.22","-1.06","-0.1660","48.93","10.45","32.71","39.80"
"2022-03-14T04:00:00.000Z","46.67","47.13","45.74","45.85","8,731,808","-181.13","50.28","46.36","50.48","-2.87","52.35","-1.35","-1.11","-0.2337","48.69","9.80","35.46","41.00"
"2022-03-15T04:00:00.000Z","46.19","47.50","46.03","47.39","4,068,888","-143.33","50.10","46.62","50.31","-2.86","52.22","-1.31","-1.15","-0.1553","48.68","10.74","32.87","41.70"
"2022-03-16T04:00:00.000Z","47.98","49.15","47.35","49.13","5,334,392","-73.11","49.97","48.26","50.22","-2.81","52.11","-1.12","-1.15","0.0231","48.54","17.13","30.27","40.70"
"2022-03-17T04:00:00.000Z","48.81","49.66","48.63","49.66","3,284,024","-36.76","49.85","49.39","50.16","-2.47","52.03","-0.9242","-1.10","0.1783","48.44","18.65","28.87","39.33"
"2022-03-18T04:00:00.000Z","49.48","50.86","49.24","50.80","4,051,984","9.28","49.83","50.23","50.14","-1.97","51.94","-0.6664","-1.02","0.3489","48.38","22.70","26.77","37.11"
"2022-03-21T04:00:00.000Z","50.62","50.98","49.99","50.67","3,906,088","20.93","49.78","50.73","50.15","-1.11","51.84","-0.4671","-0.9056","0.4385","48.44","22.20","25.55","34.96"
"2022-03-22T04:00:00.000Z","50.69","51.76","50.65","51.48","3,306,696","53.12","49.77","51.08","50.17","-0.1852","51.75","-0.2410","-0.7727","0.5317","48.42","24.75","24.21","32.54"
"2022-03-23T04:00:00.000Z","50.96","51.54","50.59","50.70","3,107,984","35.18","49.71","51.09","50.21","0.4348","51.62","-0.1235","-0.6429","0.5193","48.54","23.62","23.39","30.25"
"2022-03-24T04:00:00.000Z","50.81","51.94","50.69","51.94","2,732,128","58.69","49.66","51.32","50.26","0.8912","51.52","0.0687","-0.5006","0.5692","48.70","24.12","21.95","28.43"
"2022-03-25T04:00:00.000Z","51.95","52.03","51.20","51.81","2,457,408","63.07","49.64","51.88","50.33","1.21","51.42","0.2088","-0.3587","0.5675","49.09","23.59","21.03","26.81"
"2022-03-28T04:00:00.000Z","51.59","52.46","51.41","52.45","4,118,056","78.23","49.69","52.14","50.36","1.50","51.34","0.3673","-0.2135","0.5808","49.38","24.54","19.89","25.64"
"2022-03-29T04:00:00.000Z","53.07","53.70","52.70","53.62","15,691,528","127.98","49.79","53.04","50.38","1.87","51.28","0.5798","-0.0548","0.6346","49.78","29.36","18.61","25.41"
"2022-03-30T04:00:00.000Z","53.33","53.47","52.54","52.80","3,304,816","110.32","49.81","53.21","50.38","2.26","51.19","0.6749","0.0911","0.5838","50.16","27.69","18.41","25.03"
"2022-03-31T04:00:00.000Z","52.80","52.93","52.00","52.06","4,216,128","86.44","49.81","52.43","50.35","2.51","51.11","0.6825","0.2094","0.4731","50.64","26.30","20.40","24.15"
"2022-04-01T04:00:00.000Z","52.06","52.25","51.35","51.91","2,493,744","65.40","49.86","51.98","50.36","2.54","51.06","0.6685","0.3012","0.3672","51.09","25.00","22.99","22.72"
"2022-04-04T04:00:00.000Z","52.01","52.95","52.01","52.93","2,383,288","97.59","49.96","52.42","50.38","2.59","51.02","0.7313","0.3872","0.3441","51.40","27.46","21.65","21.94"
"2022-04-05T04:00:00.000Z","52.71","52.79","51.50","51.68","5,225,400","70.26","50.04","52.30","50.38","2.37","50.98","0.6724","0.4443","0.2282","51.70","25.28","22.77","20.75"
"2022-04-06T04:00:00.000Z","50.85","50.88","49.90","50.29","4,793,360","2.96","50.12","50.98","50.32","1.89","50.91","0.5079","0.4570","0.0509","51.80","22.85","29.23","20.14"
"2022-04-07T04:00:00.000Z","50.20","50.75","49.69","50.45","2,646,640","3.87","50.14","50.37","50.24","1.46","50.83","0.3857","0.4428","-0.0570","51.77","21.52","28.69","19.72"
"2022-04-08T04:00:00.000Z","50.19","50.28","49.58","49.71","3,554,568","-13.35","50.12","50.08","50.17","1.09","50.74","0.2266","0.3995","-0.1729","51.73","20.47","27.89","19.41"
"2022-04-11T04:00:00.000Z","49.07","49.11","48.49","48.53","3,998,184","-64.10","50.05","49.12","50.12","0.3745","50.65","0.0054","0.3207","-0.3153","51.59","19.06","32.15","19.85"
"2022-04-12T04:00:00.000Z","49.25","49.61","48.19","48.40","21,755,560","-59.77","50.01","48.46","50.06","-0.2728","50.56","-0.1786","0.2208","-0.3994","51.47","20.33","29.61","19.76"
"2022-04-13T04:00:00.000Z","48.41","49.41","48.26","49.24","4,735,736","-45.91","49.97","48.82","49.99","-0.6094","50.50","-0.2534","0.1260","-0.3794","51.20","19.02","27.70","19.68"
"2022-04-14T04:00:00.000Z","49.28","49.39","48.00","48.02","3,141,744","-65.59","49.91","48.63","49.88","-0.8796","50.43","-0.4062","0.0196","-0.4257","51.02","17.54","27.00","19.79"
"2022-04-18T04:00:00.000Z","47.80","48.41","47.65","48.08","5,384,632","-81.00","49.89","48.05","49.83","-1.20","50.37","-0.5168","-0.0877","-0.4291","50.61","16.78","27.84","20.15"
"2022-04-19T04:00:00.000Z","47.99","49.13","47.79","49.05","2,949,032","-50.50","49.96","48.56","49.81","-1.22","50.35","-0.5203","-0.1742","-0.3461","50.20","19.62","25.70","19.67"
"2022-04-20T04:00:00.000Z","49.52","49.66","48.72","48.84","3,242,072","-30.95","50.03","48.95","49.80","-1.14","50.32","-0.5333","-0.2460","-0.2872","49.95","21.63","24.29","18.67"
"2022-04-21T04:00:00.000Z","49.29","49.81","47.74","47.91","3,678,992","-57.08","50.00","48.38","49.79","-1.11","50.30","-0.6123","-0.3193","-0.2930","49.74","19.14","26.91","18.55"
"2022-04-22T04:00:00.000Z","47.91","48.11","46.52","46.58","6,024,488","-116.11","49.96","47.24","49.72","-1.33","50.25","-0.7729","-0.4100","-0.3629","49.42","17.48","31.23","19.24"
"2022-04-25T04:00:00.000Z","46.37","47.37","46.16","47.34","5,154,256","-113.32","49.98","46.96","49.64","-1.55","50.22","-0.8292","-0.4939","-0.3354","48.93","16.32","31.18","20.10"
"2022-04-26T04:00:00.000Z","46.95","46.96","45.54","45.54","5,703,120","-142.34","49.97","46.44","49.51","-1.97","50.12","-1.01","-0.5966","-0.4111","48.63","14.75","31.47","21.25"
"2022-04-27T04:00:00.000Z","45.84","46.90","45.77","46.03","13,649,680","-124.71","49.92","45.78","49.43","-2.48","50.01","-1.10","-0.6967","-0.4003","48.30","13.68","29.19","22.31"
"2022-04-28T04:00:00.000Z","46.77","48.17","46.46","47.89","4,571,120","-71.72","49.88","46.96","49.36","-2.77","49.93","-1.01","-0.7585","-0.2473","48.03","18.72","25.98","21.88"
"2022-04-29T04:00:00.000Z","47.35","48.03","45.83","45.90","4,924,248","-101.70","49.75","46.90","49.26","-2.82","49.80","-1.08","-0.8232","-0.2587","47.90","16.70","26.28","21.91"
"2022-05-02T04:00:00.000Z","45.80","46.70","45.36","46.66","5,693,944","-108.70","49.62","46.28","49.21","-2.96","49.72","-1.07","-0.8723","-0.1963","47.64","15.59","26.86","22.24"
"2022-05-03T04:00:00.000Z","46.59","46.94","46.27","46.69","3,248,568","-92.47","49.48","46.67","49.20","-2.88","49.63","-1.04","-0.9065","-0.1370","47.50","16.28","25.94","22.29"
"2022-05-04T04:00:00.000Z","46.86","48.38","45.96","48.31","26,319,264","-60.34","49.38","47.50","49.24","-2.69","49.57","-0.8829","-0.9018","0.0189","47.31","21.39","22.87","20.93"
"2022-05-05T04:00:00.000Z","47.58","47.62","45.29","45.84","6,905,760","-102.86","49.22","47.07","49.17","-2.78","49.47","-0.9438","-0.9102","-0.0336","47.29","18.46","22.76","20.18"
"2022-05-06T04:00:00.000Z","45.48","46.13","44.63","45.34","14,177,504","-128.76","49.00","45.59","49.11","-2.95","49.33","-1.02","-0.9322","-0.0881","47.10","17.20","24.21","19.95"
"2022-05-09T04:00:00.000Z","44.54","44.79","43.19","43.39","17,486,560","-173.17","48.72","44.37","49.02","-3.17","49.18","-1.22","-0.9907","-0.2338","46.72","15.56","28.30","20.60"
"2022-05-10T04:00:00.000Z","44.44","44.64","43.28","44.02","13,925,280","-160.87","48.43","43.71","48.98","-3.48","49.06","-1.32","-1.06","-0.2636","46.34","14.61","26.57","21.21"
"2022-05-11T04:00:00.000Z","43.60","44.48","42.40","42.51","18,795,016","-177.34","48.06","43.27","48.85","-4.01","48.93","-1.50","-1.15","-0.3551","46.01","13.27","28.01","22.24"
"2022-05-12T04:00:00.000Z","41.86","42.84","41.20","42.20","10,018,224","-190.97","47.71","42.36","48.68","-4.62","48.76","-1.65","-1.25","-0.4033","45.67","12.31","31.23","23.76"
"2022-05-13T04:00:00.000Z","42.77","44.01","42.65","43.80","5,004,088","-139.01","47.44","43.00","48.53","-4.78","48.62","-1.62","-1.32","-0.2991","45.34","16.44","28.76","24.01"
"2022-05-16T04:00:00.000Z","43.49","43.87","42.98","43.27","16,830,352","-132.12","47.15","43.54","48.35","-4.65","48.50","-1.62","-1.38","-0.2395","45.16","15.78","27.62","24.24"
"2022-05-17T04:00:00.000Z","44.20","44.55","43.64","44.50","3,927,184","-103.02","46.87","43.89","48.19","-4.35","48.42","-1.50","-1.41","-0.0987","44.96","17.98","26.01","23.81"
"2022-05-18T04:00:00.000Z","43.87","44.04","42.29","42.45","4,623,584","-128.39","46.56","43.47","47.97","-4.12","48.30","-1.56","-1.44","-0.1235","44.70","16.22","29.44","24.18"
"2022-05-19T04:00:00.000Z","42.17","42.88","41.85","42.15","5,187,232","-135.38","46.29","42.30","47.75","-3.75","48.20","-1.61","-1.47","-0.1383","44.42","15.47","30.07","24.74"
"2022-05-20T04:00:00.000Z","42.65","42.88","40.88","42.22","5,229,400","-134.93","46.01","42.19","47.51","-3.75","48.08","-1.62","-1.50","-0.1225","44.11","14.09","31.73","25.73"
"2022-05-23T04:00:00.000Z","42.36","43.18","42.16","43.12","4,188,800","-109.04","45.79","42.67","47.29","-3.61","47.96","-1.55","-1.51","-0.0355","43.77","14.82","30.25","26.33"
"2022-05-24T04:00:00.000Z","42.52","42.68","41.63","42.28","5,151,880","-118.24","45.59","42.70","47.04","-3.71","47.82","-1.53","-1.52","-0.0186","43.38","13.81","30.63","27.16"
"2022-05-25T04:00:00.000Z","42.00","43.21","42.00","42.89","3,336,416","-101.63","45.40","42.58","46.77","-3.59","47.71","-1.46","-1.50","0.0456","43.11","15.49","28.91","27.38"
"2022-05-26T04:00:00.000Z","42.70","44.16","42.50","43.98","4,561,392","-77.25","45.23","43.43","46.55","-3.20","47.60","-1.30","-1.46","0.1665","42.97","18.73","26.68","26.67"
"2022-05-27T04:00:00.000Z","44.42","45.52","44.42","45.51","9,528,168","-33.31","45.14","44.74","46.39","-2.43","47.53","-1.03","-1.38","0.3446","42.97","23.69","24.77","24.92"
"2022-05-31T04:00:00.000Z","45.33","45.59","44.70","45.14","3,848,848","-30.41","45.04","45.32","46.22","-1.83","47.47","-0.8419","-1.27","0.4272","43.10","23.02","23.71","23.25"
"2022-06-01T04:00:00.000Z","45.59","45.93","44.60","44.96","8,730,648","-25.90","44.91","45.05","46.02","-1.10","47.43","-0.6979","-1.15","0.4570","43.39","23.19","22.19","21.75"
"2022-06-02T04:00:00.000Z","44.66","46.20","44.50","46.20","5,162,120","-7.98","44.82","45.58","45.88","-0.4478","47.43","-0.4784","-1.02","0.5412","43.53","22.62","20.39","20.56"
"2022-06-03T04:00:00.000Z","45.34","45.65","44.83","45.03","7,981,480","-19.32","44.72","45.61","45.75","0.0353","47.36","-0.3946","-0.8946","0.5000","43.68","21.13","19.05","19.46"
"2022-06-06T04:00:00.000Z","45.64","45.88","44.84","45.05","2,685,384","-12.99","44.67","45.04","45.61","0.1919","47.32","-0.3224","-0.7802","0.4577","43.79","21.19","18.08","18.64"
"2022-06-07T04:00:00.000Z","44.57","45.72","44.49","45.65","4,402,368","-8.57","44.62","45.35","45.51","0.2822","47.30","-0.2144","-0.6670","0.4526","43.84","19.89","18.75","17.52"
"2022-06-08T04:00:00.000Z","45.50","45.79","45.02","45.16","2,251,416","-4.24","44.60","45.41","45.43","0.4217","47.29","-0.1665","-0.5669","0.4004","44.10","19.50","18.01","16.55"
"2022-06-09T04:00:00.000Z","44.84","45.25","43.88","43.89","2,709,432","-38.94","44.53","44.53","45.32","0.3879","47.23","-0.2284","-0.4992","0.2708","44.27","18.13","22.62","16.16"
"2022-06-10T04:00:00.000Z","43.13","43.21","42.16","42.17","10,926,680","-106.22","44.34","43.03","45.14","0.0137","47.11","-0.4117","-0.4817","0.0700","44.32","16.54","29.32","16.99"
"2022-06-13T04:00:00.000Z","40.83","41.19","40.05","40.18","11,103,352","-173.38","44.15","41.18","44.94","-0.7541","46.95","-0.7089","-0.5271","-0.1817","44.19","14.83","36.60","18.80"
"2022-06-14T04:00:00.000Z","40.47","40.69","40.02","40.41","6,220,248","-164.37","43.94","40.30","44.75","-1.53","46.78","-0.9158","-0.6049","-0.3109","44.08","14.33","35.48","20.49"
"2022-06-15T04:00:00.000Z","40.86","41.91","40.37","41.30","6,900,672","-126.62","43.76","40.85","44.56","-2.23","46.62","-0.9961","-0.6831","-0.3130","43.94","19.39","32.72","20.86"
"2022-06-16T04:00:00.000Z","40.26","40.26","39.21","39.50","15,526,032","-174.19","43.47","40.40","44.32","-2.97","46.42","-1.19","-0.7848","-0.4069","43.62","17.41","35.04","21.77"
"2022-06-17T04:00:00.000Z","39.54","40.34","39.32","39.98","6,344,136","-156.82","43.27","39.74","44.13","-3.34","46.25","-1.29","-0.8865","-0.4066","43.17","16.93","33.26","22.54"
"2022-06-21T04:00:00.000Z","40.62","41.32","40.62","40.99","5,422,040","-110.44","43.13","40.48","43.99","-3.12","46.06","-1.28","-0.9646","-0.3126","42.79","20.71","31.02","22.35"
"2022-06-22T04:00:00.000Z","40.53","41.41","40.38","40.84","4,294,624","-108.25","43.04","40.92","43.82","-2.84","45.88","-1.26","-1.02","-0.2375","42.47","19.63","30.59","22.31"
"2022-06-23T04:00:00.000Z","41.11","41.56","40.75","41.48","5,215,616","-89.48","42.96","41.16","43.72","-2.66","45.70","-1.18","-1.06","-0.1284","42.14","19.61","29.28","22.13"
"2022-06-24T04:00:00.000Z","41.93","43.01","41.93","43.00","4,959,808","-36.42","42.98","42.24","43.65","-2.00","45.52","-0.9888","-1.04","0.0539","41.86","25.59","26.93","20.73"
"2022-06-27T04:00:00.000Z","43.17","43.28","42.52","42.69","3,886,840","-26.58","42.99","42.85","43.52","-1.31","45.35","-0.8490","-1.00","0.1549","41.75","26.00","25.82","19.28"
"2022-06-28T04:00:00.000Z","42.80","43.14","41.36","41.37","4,977,480","-57.85","42.91","42.03","43.40","-1.00","45.17","-0.8351","-0.9702","0.1351","41.54","23.57","29.49","18.70"
"2022-06-29T04:00:00.000Z","41.33","41.64","40.95","41.41","3,051,776","-79.40","42.85","41.39","43.27","-0.8441","45.00","-0.8121","-0.9386","0.1265","41.27","22.68","30.61","18.43"
"2022-06-30T04:00:00.000Z","40.91","41.33","40.15","40.82","4,476,192","-98.85","42.73","41.11","43.12","-0.8488","44.80","-0.8316","-0.9172","0.0856","41.10","21.12","32.90","18.67"
"2022-07-01T04:00:00.000Z","40.60","41.05","40.23","40.94","3,977,872","-96.70","42.68","40.88","42.94","-1.17","44.62","-0.8276","-0.8993","0.0716","41.09","20.15","31.38","18.89"
"2022-07-05T04:00:00.000Z","40.42","41.57","40.17","41.57","4,279,632","-77.97","42.66","41.25","42.83","-1.51","44.47","-0.7651","-0.8724","0.1073","41.08","21.44","28.93","18.61"
"2022-07-06T04:00:00.000Z","41.62","42.18","41.40","41.86","3,241,144","-42.98","42.64","41.71","42.75","-1.55","44.33","-0.6844","-0.8348","0.1504","41.14","23.99","27.64","17.78"
"2022-07-07T04:00:00.000Z","42.06","42.88","42.05","42.79","3,207,456","-6.42","42.63","42.32","42.73","-1.27","44.21","-0.5390","-0.7757","0.2366","41.28","26.61","26.01","16.59"
"2022-07-08T04:00:00.000Z","42.26","42.99","42.19","42.82","5,434,912","-0.3772","42.65","42.80","42.70","-0.8828","44.12","-0.4166","-0.7039","0.2872","41.49","26.01","24.77","15.58"
"2022-07-11T04:00:00.000Z","42.45","42.53","41.86","42.13","3,114,328","-23.12","42.63","42.48","42.69","-0.5679","44.01","-0.3706","-0.6372","0.2666","41.63","24.50","25.33","14.59"
"2022-07-12T04:00:00.000Z","42.28","42.59","41.33","41.55","5,042,232","-39.53","42.55","41.84","42.68","-0.3515","43.89","-0.3764","-0.5851","0.2086","41.77","22.65","26.56","14.11"
"2022-07-13T04:00:00.000Z","40.78","41.69","40.58","41.46","4,747,048","-64.57","42.41","41.51","42.62","-0.4370","43.78","-0.3844","-0.5449","0.1605","41.74","21.13","29.31","14.26"
"2022-07-14T04:00:00.000Z","41.07","41.90","40.55","41.74","4,225,744","-54.77","42.30","41.60","42.58","-0.6567","43.67","-0.3640","-0.5087","0.1448","41.67","20.65","26.95","14.19"
"2022-07-15T04:00:00.000Z","42.17","42.51","41.94","42.50","3,084,376","-8.35","42.22","42.12","42.53","-0.7175","43.56","-0.2827","-0.4635","0.1808","41.60","23.44","25.67","13.50"
"2022-07-18T04:00:00.000Z","42.91","43.10","41.97","42.12","3,815,552","-3.86","42.08","42.31","42.52","-0.6255","43.45","-0.2464","-0.4201","0.1737","41.60","25.43","23.89","12.76"
"2022-07-19T04:00:00.000Z","42.62","43.45","42.35","43.39","3,296,056","28.13","42.03","42.75","42.55","-0.3770","43.37","-0.1141","-0.3589","0.2448","41.70","25.50","21.95","12.38"
"2022-07-20T04:00:00.000Z","43.41","44.38","43.31","44.20","4,146,888","68.86","42.00","43.79","42.60","0.2024","43.34","0.0556","-0.2760","0.3316","41.90","29.52","20.52","12.78"
"2022-07-21T04:00:00.000Z","44.25","44.84","43.83","44.84","3,534,856","89.97","41.97","44.52","42.64","0.8518","43.29","0.2392","-0.1730","0.4121","42.18","30.55","19.23","13.49"
"2022-07-22T04:00:00.000Z","44.79","45.01","43.89","44.14","3,590,536","77.93","41.94","44.49","42.69","1.32","43.27","0.3244","-0.0735","0.3979","42.51","29.48","17.89","14.28"
"2022-07-25T04:00:00.000Z","44.11","44.11","43.52","43.86","4,685,200","51.88","41.93","44.00","42.71","1.62","43.23","0.3649","0.0142","0.3507","42.70","28.30","19.53","14.57"
"2022-07-26T04:00:00.000Z","43.73","43.76","42.91","43.03","2,521,176","25.75","41.96","43.44","42.69","1.77","43.15","0.3265","0.0767","0.2499","42.83","26.56","22.30","14.15"
"2022-07-27T04:00:00.000Z","43.76","45.09","43.71","44.89","5,747,768","87.12","42.12","43.96","42.68","1.90","43.14","0.4412","0.1496","0.2917","42.95","31.33","19.50","14.80"
"2022-07-28T04:00:00.000Z","44.91","45.63","44.49","45.53","3,670,776","116.67","42.29","45.21","42.69","2.05","43.12","0.5771","0.2351","0.3420","43.14","32.46","18.14","15.77"
"2022-07-29T04:00:00.000Z","45.70","46.39","45.48","46.27","4,623,568","150.77","42.46","45.90","42.72","2.31","43.11","0.7362","0.3353","0.4009","43.40","35.35","17.11","17.12"
"2022-08-01T04:00:00.000Z","45.90","46.66","45.70","46.19","4,644,384","154.51","42.68","46.23","42.72","2.68","43.08","0.8459","0.4374","0.4085","43.79","34.92","16.08","18.54"
"2022-08-02T04:00:00.000Z","45.76","46.49","45.57","45.95","4,469,944","143.14","42.88","46.07","42.74","3.06","43.08","0.9032","0.5306","0.3726","44.16","32.86","16.02","19.67"
"2022-08-03T04:00:00.000Z","46.19","47.38","46.19","47.29","3,915,984","176.66","43.09","46.62","42.80","3.35","43.11","1.04","0.6333","0.4108","44.46","35.50","14.59","21.25"
"2022-08-04T04:00:00.000Z","47.22","47.44","46.87","47.44","2,701,232","180.28","43.31","47.36","42.84","3.59","43.18","1.15","0.7375","0.4170","44.80","34.55","14.05","22.75"
"2022-08-05T04:00:00.000Z","46.67","47.52","46.63","47.36","2,720,208","169.49","43.51","47.40","42.90","3.60","43.23","1.22","0.8344","0.3876","45.11","32.55","14.78","23.80"
"2022-08-08T04:00:00.000Z","47.33","47.77","46.79","47.03","4,254,360","159.49","43.64","47.20","42.98","3.60","43.31","1.23","0.9145","0.3202","45.41","32.15","13.82","24.95"
"2022-08-09T04:00:00.000Z","46.66","46.70","46.21","46.46","3,160,432","121.41","43.77","46.74","43.08","3.53","43.38","1.18","0.9685","0.2160","45.59","30.36","16.97","25.19"
"2022-08-10T04:00:00.000Z","47.60","47.91","47.30","47.87","5,209,736","151.81","43.98","47.17","43.28","3.49","43.45","1.24","1.02","0.2210","45.81","35.42","15.36","26.21"
"2022-08-11T04:00:00.000Z","48.21","48.49","47.54","47.60","4,467,280","145.48","44.19","47.74","43.45","3.46","43.52","1.26","1.07","0.1855","46.13","37.01","14.39","27.48"
"2022-08-12T04:00:00.000Z","47.99","48.59","47.79","48.59","2,770,464","147.29","44.45","48.09","43.64","3.52","43.59","1.33","1.12","0.2069","46.45","35.23","13.45","28.72"
"2022-08-15T04:00:00.000Z","48.42","48.95","48.38","48.88","2,602,920","149.35","44.71","48.73","43.87","3.62","43.69","1.39","1.18","0.2180","46.81","36.35","12.91","30.06"
"2022-08-16T04:00:00.000Z","48.62","48.94","48.22","48.71","2,854,296","136.62","44.95","48.79","44.09","3.86","43.80","1.42","1.22","0.1919","47.10","34.50","13.36","31.07"
"2022-08-17T04:00:00.000Z","48.30","48.64","47.94","48.30","4,397,472","118.79","45.16","48.50","44.27","3.79","43.90","1.38","1.26","0.1282","47.30","32.59","14.64","31.57"
"2022-08-18T04:00:00.000Z","48.32","48.74","48.16","48.55","2,099,808","117.05","45.36","48.43","44.47","3.66","44.00","1.36","1.28","0.0862","47.48","31.94","14.01","32.10"
"2022-08-19T04:00:00.000Z","48.09","48.17","47.52","47.62","2,844,872","91.44","45.52","48.08","44.62","3.38","44.08","1.26","1.27","-0.0160","47.66","29.53","17.64","31.61"
"2022-08-22T04:00:00.000Z","46.98","46.98","46.19","46.31","3,717,536","52.34","45.66","46.96","44.70","2.79","44.14","1.06","1.23","-0.1741","47.72","26.53","25.34","29.51"
"2022-08-23T04:00:00.000Z","46.24","46.71","46.15","46.20","2,161,544","45.93","45.81","46.26","44.79","2.23","44.18","0.8775","1.16","-0.2823","47.65","25.43","24.58","27.52"
"2022-08-24T04:00:00.000Z","46.18","46.49","46.06","46.28","2,733,200","41.11","45.97","46.24","44.91","1.71","44.19","0.7335","1.07","-0.3411","47.61","24.60","24.49","25.58"
"2022-08-25T04:00:00.000Z","46.50","47.13","46.41","47.12","1,689,840","55.60","46.15","46.70","45.05","1.25","44.22","0.6792","0.9955","-0.3162","47.55","27.96","22.88","24.46"
"2022-08-26T04:00:00.000Z","47.12","47.20","45.12","45.12","4,351,000","21.74","46.24","46.12","45.16","0.7969","44.23","0.4699","0.8904","-0.4205","47.58","23.84","28.60","23.36"
"2022-08-29T04:00:00.000Z","44.65","45.00","44.37","44.54","4,379,128","-17.78","46.32","44.83","45.25","0.3366","44.20","0.2540","0.7631","-0.5091","47.36","22.55","32.44","22.98"
"2022-08-30T04:00:00.000Z","44.84","44.87","43.69","44.09","3,971,216","-34.99","46.34","44.31","45.32","-0.1863","44.18","0.0462","0.6197","-0.5735","47.10","20.66","34.55","23.14"
"2022-08-31T04:00:00.000Z","44.39","44.52","43.65","43.66","3,451,776","-47.14","46.32","43.88","45.36","-0.7077","44.16","-0.1514","0.4655","-0.6169","46.82","19.36","32.67","23.31"
"2022-09-01T04:00:00.000Z","43.17","43.34","42.37","43.28","4,960,104","-80.35","46.27","43.47","45.37","-1.51","44.12","-0.3351","0.3054","-0.6404","46.42","17.61","38.68","24.32"
"2022-09-02T04:00:00.000Z","43.75","43.99","42.53","42.77","4,328,168","-77.61","46.23","43.02","45.37","-2.11","44.08","-0.5157","0.1412","-0.6569","46.04","20.35","34.83","24.46"
"2022-09-06T04:00:00.000Z","42.85","42.96","42.19","42.46","4,844,664","-97.87","46.18","42.61","45.38","-2.52","44.06","-0.6761","-0.0223","-0.6538","45.62","19.26","35.37","24.82"
"2022-09-07T04:00:00.000Z","42.52","43.31","42.38","43.13","4,394,232","-86.05","46.18","42.80","45.42","-2.78","44.07","-0.7401","-0.1658","-0.5742","45.18","20.47","33.05","24.72"
"2022-09-08T04:00:00.000Z","42.82","43.57","42.64","43.40","3,164,072","-80.84","46.13","43.27","45.47","-2.94","44.13","-0.7611","-0.2849","-0.4762","44.77","20.92","30.89","24.33"
"2022-09-09T04:00:00.000Z","43.75","44.42","43.74","44.33","2,464,320","-50.39","46.09","43.86","45.53","-2.68","44.19","-0.6940","-0.3667","-0.3273","44.52","25.41","28.67","23.02"
"2022-09-12T04:00:00.000Z","44.58","45.04","44.58","45.03","2,426,952","-26.63","46.05","44.68","45.60","-2.40","44.25","-0.5776","-0.4089","-0.1687","44.39","28.57","27.21","21.55"
"2022-09-13T04:00:00.000Z","43.76","43.90","42.57","42.68","5,642,992","-100.32","45.93","43.86","45.61","-2.27","44.31","-0.6679","-0.4607","-0.2072","44.21","24.00","35.92","21.44"
"2022-09-14T04:00:00.000Z","42.88","43.10","42.44","42.86","3,511,792","-109.49","45.83","42.77","45.60","-2.24","44.36","-0.7163","-0.5118","-0.2045","43.93","22.94","35.20","21.41"
"2022-09-15T04:00:00.000Z","42.49","42.81","41.67","41.91","4,664,872","-130.33","45.65","42.38","45.54","-2.32","44.37","-0.8221","-0.5739","-0.2483","43.57","21.13","37.51","21.88"
"2022-09-16T04:00:00.000Z","41.48","41.66","41.02","41.59","5,660,696","-147.61","45.46","41.75","45.46","-2.74","44.38","-0.9207","-0.6432","-0.2775","43.33","19.87","39.63","22.69"
"2022-09-19T04:00:00.000Z","41.20","41.95","41.19","41.92","21,618,624","-130.57","45.28","41.76","45.40","-3.25","44.39","-0.9614","-0.7069","-0.2546","43.05","20.86","37.55","23.11"
"2022-09-20T04:00:00.000Z","41.52","41.94","41.31","41.66","3,778,000","-126.50","45.10","41.79","45.35","-3.44","44.37","-1.00","-0.7661","-0.2370","42.83","19.94","35.88","23.50"
"2022-09-21T04:00:00.000Z","41.86","42.50","41.03","41.03","4,011,736","-126.17","44.92","41.34","45.30","-3.50","44.34","-1.07","-0.8279","-0.2469","42.73","21.76","32.28","23.21"
"2022-09-22T04:00:00.000Z","40.83","40.98","40.28","40.49","5,844,448","-146.32","44.67","40.76","45.19","-3.63","44.33","-1.16","-0.8946","-0.2670","42.50","20.63","35.79","23.47"
"2022-09-23T04:00:00.000Z","40.12","40.19","39.42","39.91","20,828,536","-155.39","44.41","40.20","45.05","-3.72","44.30","-1.26","-0.9681","-0.2941","42.29","19.09","39.16","24.26"
"2022-09-26T04:00:00.000Z","39.83","40.53","39.55","39.66","9,041,632","-142.11","44.12","39.79","44.88","-3.81","44.28","-1.35","-1.04","-0.3035","42.08","20.17","36.48","24.58"
"2022-09-27T04:00:00.000Z","40.19","40.59","39.40","39.80","18,527,008","-131.97","43.81","39.73","44.72","-3.95","44.26","-1.39","-1.11","-0.2748","41.88","18.51","34.50","24.98"
"2022-09-28T04:00:00.000Z","39.42","40.36","39.18","40.16","11,395,544","-124.28","43.53","39.98","44.58","-4.12","44.24","-1.37","-1.16","-0.2090","41.55","17.03","33.22","25.50"
"2022-09-29T04:00:00.000Z","39.58","39.64","38.67","39.13","21,223,424","-135.48","43.22","39.65","44.37","-4.15","44.19","-1.43","-1.22","-0.2120","41.16","15.34","33.34","26.31"
"2022-09-30T04:00:00.000Z","38.98","39.61","38.39","38.42","7,930,864","-136.18","42.89","38.78","44.15","-4.04","44.12","-1.51","-1.28","-0.2369","40.80","14.12","32.48","27.25"
"2022-10-03T04:00:00.000Z","38.76","39.80","38.53","39.59","6,112,584","-116.93","42.62","39.00","43.95","-3.94","44.07","-1.47","-1.32","-0.1541","40.48","14.11","29.59","27.83"
"2022-10-04T04:00:00.000Z","40.38","40.99","40.35","40.97","7,688,648","-76.65","42.44","40.28","43.80","-3.57","44.05","-1.31","-1.31","0.0064","40.32","20.38","26.96","26.84"
"2022-10-05T04:00:00.000Z","40.37","41.38","40.15","41.10","4,502,256","-70.70","42.27","41.04","43.67","-3.15","44.04","-1.16","-1.28","0.1269","40.23","21.21","24.88","25.49"
"2022-10-06T04:00:00.000Z","40.97","41.47","40.74","40.79","12,242,024","-64.76","42.09","40.95","43.49","-2.54","44.03","-1.05","-1.24","0.1876","40.22","20.83","23.70","24.13"
"2022-10-07T04:00:00.000Z","39.99","39.99","38.90","39.09","6,407,040","-104.08","41.82","39.94","43.28","-2.21","43.98","-1.09","-1.21","0.1188","40.10","18.41","32.22","24.35"
"2022-10-10T04:00:00.000Z","39.09","39.16","37.99","38.39","7,816,272","-121.80","41.60","38.74","43.02","-2.09","43.92","-1.16","-1.20","0.0353","39.89","17.09","35.51","25.11"
"2022-10-11T04:00:00.000Z","38.13","38.41","37.48","37.76","8,125,552","-133.26","41.37","38.08","42.75","-2.39","43.84","-1.26","-1.21","-0.0478","39.68","16.10","36.64","26.10"
"2022-10-12T04:00:00.000Z","37.83","38.03","37.52","37.63","6,151,032","-131.88","41.15","37.70","42.47","-2.73","43.75","-1.33","-1.23","-0.0950","39.50","15.56","35.42","27.02"
"2022-10-13T04:00:00.000Z","36.60","38.91","36.45","38.71","10,501,544","-118.90","40.99","38.17","42.23","-3.15","43.66","-1.28","-1.24","-0.0396","39.25","13.29","36.60","28.43"
"2022-10-14T04:00:00.000Z","39.09","39.13","37.54","37.60","4,933,544","-112.98","40.80","38.16","41.95","-3.14","43.54","-1.32","-1.26","-0.0618","39.17","13.36","33.22","29.44"
"2022-10-17T04:00:00.000Z","38.52","38.95","38.49","38.79","3,721,056","-90.94","40.67","38.20","41.73","-2.94","43.45","-1.24","-1.25","0.0149","39.10","12.32","30.63","30.39"
"2022-10-18T04:00:00.000Z","39.78","39.98","38.70","39.19","10,938,712","-71.67","40.56","38.99","41.56","-2.51","43.37","-1.13","-1.23","0.0991","39.12","17.32","28.38","29.94"
"2022-10-19T04:00:00.000Z","38.84","39.40","38.62","39.00","3,306,096","-77.27","40.42","39.10","41.38","-2.12","43.30","-1.05","-1.19","0.1456","39.11","16.52","27.59","29.60"
"2022-10-20T04:00:00.000Z","39.04","39.88","38.83","39.02","3,849,760","-66.40","40.27","39.01","41.20","-1.68","43.20","-0.9690","-1.15","0.1793","39.13","18.36","25.87","28.70"
"2022-10-21T04:00:00.000Z","38.92","40.13","38.77","40.05","3,866,768","-49.80","40.13","39.54","41.02","-1.35","43.11","-0.8144","-1.08","0.2671","39.01","18.37","23.80","27.57"
"2022-10-24T04:00:00.000Z","40.21","40.66","39.64","40.52","3,693,960","-24.23","39.98","40.29","40.90","-0.9889","43.02","-0.6463","-0.9945","0.3481","39.00","20.47","22.34","25.91"
"2022-10-25T04:00:00.000Z","40.64","41.44","40.64","41.41","5,120,280","13.21","39.94","40.97","40.83","-0.5958","42.94","-0.4365","-0.8829","0.4464","38.98","24.04","21.10","24.53"
"2022-10-26T04:00:00.000Z","40.44","41.45","40.39","40.58","4,164,776","2.51","39.86","40.99","40.74","-0.1487","42.85","-0.3335","-0.7730","0.4395","39.01","22.48","21.28","22.97"
"2022-10-27T04:00:00.000Z","40.68","40.98","40.07","40.16","4,264,728","-11.16","39.80","40.37","40.65","0.1909","42.73","-0.2826","-0.6749","0.3924","39.13","21.20","22.05","21.47"
"2022-10-28T04:00:00.000Z","40.33","41.86","40.33","41.77","4,393,400","32.07","39.81","40.96","40.61","0.6291","42.63","-0.1105","-0.5620","0.4516","39.30","24.32","19.78","20.67"
"2022-10-31T04:00:00.000Z","41.39","41.54","41.04","41.27","4,329,880","33.62","39.79","41.52","40.57","0.9140","42.53","-0.0141","-0.4524","0.4384","39.58","23.22","18.89","19.93"
"2022-11-01T04:00:00.000Z","41.80","41.89","40.78","40.96","3,250,944","32.44","39.77","41.12","40.54","1.02","42.43","0.0362","-0.3547","0.3909","39.98","23.82","17.58","19.58"
"2022-11-02T04:00:00.000Z","40.93","41.34","39.44","39.44","4,510,064","-19.53","39.71","40.20","40.44","0.9647","42.31","-0.0457","-0.2929","0.2472","40.12","21.13","23.57","18.57"
"2022-11-03T04:00:00.000Z","38.90","39.01","38.29","38.32","16,798,776","-92.50","39.64","38.88","40.32","0.6678","42.15","-0.1989","-0.2741","0.0752","40.15","19.68","28.80","18.59"
"2022-11-04T04:00:00.000Z","38.99","39.16","37.95","38.82","5,880,848","-84.21","39.60","38.57","40.18","0.2488","42.01","-0.2770","-0.2747","-0.0023","40.08","18.26","28.75","18.86"
"2022-11-07T05:00:00.000Z","38.98","39.46","38.57","39.39","5,657,928","-54.33","39.59","39.10","40.04","-0.1296","41.86","-0.2891","-0.2776","-0.0115","40.10","19.05","27.21","18.77"
"2022-11-08T05:00:00.000Z","39.72","40.30","39.20","39.76","4,400,952","-14.65","39.59","39.57","39.97","-0.3885","41.70","-0.2661","-0.2753","0.0092","40.15","22.89","25.39","17.80"
"2022-11-09T05:00:00.000Z","39.36","39.47","38.64","38.70","5,306,552","-62.99","39.54","39.23","39.86","-0.6094","41.54","-0.3295","-0.2861","-0.0434","40.18","21.32","27.09","17.38"
"2022-11-10T05:00:00.000Z","40.66","42.02","40.52","41.98","10,920,536","109.67","39.64","40.34","39.86","-0.1288","41.43","-0.1139","-0.2517","0.1378","40.22","31.25","22.24","17.34"
"2022-11-11T05:00:00.000Z","41.92","42.96","41.76","42.83","10,210,976","171.30","39.79","42.41","39.89","0.5640","41.34","0.1247","-0.1764","0.3011","40.32","34.34","20.79","17.86"
"2022-11-14T05:00:00.000Z","42.46","42.94","42.17","42.42","7,431,504","165.89","39.88","42.63","39.91","1.20","41.25","0.2776","-0.0856","0.3632","40.47","32.86","19.89","18.34"
"2022-11-15T05:00:00.000Z","43.40","43.59","42.61","43.04","7,284,032","192.39","39.95","42.73","39.94","1.77","41.19","0.4430","0.0201","0.4229","40.68","34.37","18.58","19.16"
"2022-11-16T05:00:00.000Z","42.66","42.76","42.16","42.30","4,236,520","146.19","39.99","42.67","39.97","2.35","41.13","0.5091","0.1179","0.3912","40.86","32.63","20.25","19.46"
"2022-11-17T05:00:00.000Z","41.64","42.48","41.54","42.28","5,822,960","120.76","40.04","42.29","40.02","2.41","41.06","0.5531","0.2050","0.3482","40.88","30.83","22.73","19.15"
"2022-11-18T05:00:00.000Z","42.81","42.83","41.99","42.33","3,657,840","126.65","40.15","42.30","40.08","2.33","40.98","0.5851","0.2810","0.3041","40.96","31.37","21.59","19.10"
"2022-11-21T05:00:00.000Z","42.06","42.22","41.72","41.82","8,138,160","94.73","40.26","42.08","40.13","2.17","40.93","0.5634","0.3375","0.2259","41.04","30.19","22.46","18.79"
"2022-11-22T05:00:00.000Z","41.93","42.60","41.65","42.57","4,139,344","106.03","40.42","42.20","40.20","1.94","40.90","0.5996","0.3899","0.2097","41.28","30.80","21.12","18.78"
"2022-11-23T05:00:00.000Z","42.52","43.13","42.49","43.03","3,525,088","127.29","40.60","42.80","40.27","1.96","40.88","0.6575","0.4434","0.2141","41.55","32.96","20.26","19.14"
"2022-11-25T05:00:00.000Z","42.72","42.89","42.63","42.76","1,474,584","114.09","40.74","42.89","40.36","2.01","40.86","0.6738","0.4895","0.1843","41.84","32.06","19.70","19.48"
"2022-11-28T05:00:00.000Z","42.38","42.57","41.69","41.85","5,042,688","75.91","40.88","42.31","40.45","1.85","40.84","0.6068","0.5129","0.0938","42.04","29.73","24.66","18.75"
"2022-11-29T05:00:00.000Z","41.88","41.95","41.30","41.47","4,314,808","51.32","40.97","41.66","40.50","1.67","40.82","0.5164","0.5136","0.0028","42.23","28.40","26.24","17.70"
"2022-11-30T05:00:00.000Z","41.51","43.50","41.39","43.49","4,822,896","103.45","41.11","42.48","40.56","1.60","40.83","0.6014","0.5312","0.0702","42.30","34.61","22.64","17.92"
"2022-12-01T05:00:00.000Z","43.55","43.86","43.08","43.65","11,018,928","128.59","41.27","43.57","40.62","1.56","40.84","0.6734","0.5596","0.1138","42.43","35.22","21.46","18.38"
"2022-12-02T05:00:00.000Z","42.85","43.53","42.75","43.40","4,314,496","109.08","41.41","43.52","40.69","1.49","40.84","0.7026","0.5882","0.1144","42.46","33.11","22.36","18.45"
"2022-12-05T05:00:00.000Z","43.08","43.29","42.31","42.58","3,923,008","83.53","41.50","42.99","40.78","1.51","40.81","0.6516","0.6009","0.0507","42.43","30.69","23.69","18.05"
"2022-12-06T05:00:00.000Z","42.63","42.63","41.37","41.65","6,495,512","45.50","41.53","42.11","40.86","1.51","40.76","0.5304","0.5868","-0.0564","42.43","28.15","27.94","16.79"
"2022-12-07T05:00:00.000Z","41.52","41.75","41.16","41.46","6,806,728","24.33","41.54","41.56","40.95","1.24","40.74","0.4142","0.5523","-0.1381","42.42","27.01","28.27","15.75"
"2022-12-08T05:00:00.000Z","41.75","42.31","41.46","42.18","3,288,392","45.71","41.59","41.82","41.06","0.8442","40.73","0.3761","0.5170","-0.1409","42.34","29.28","26.59","14.97"
"2022-12-09T05:00:00.000Z","42.01","42.51","41.80","41.93","11,599,184","47.91","41.65","42.05","41.14","0.5668","40.73","0.3215","0.4779","-0.1564","42.33","29.20","25.25","14.42"
"2022-12-12T05:00:00.000Z","42.02","42.85","42.00","42.85","4,852,360","70.61","41.68","42.39","41.28","0.4250","40.75","0.3485","0.4521","-0.1036","42.34","29.71","23.58","14.21"
"2022-12-13T05:00:00.000Z","44.45","44.68","42.94","43.36","7,355,264","125.16","41.75","43.10","41.39","0.7063","40.77","0.4064","0.4429","-0.0365","42.49","38.37","20.67","15.34"
"2022-12-14T05:00:00.000Z","43.31","43.84","42.53","43.03","5,572,192","93.10","41.82","43.20","41.49","0.9848","40.79","0.4214","0.4386","-0.0173","42.53","35.05","21.63","15.93"
"2022-12-15T05:00:00.000Z","42.25","42.34","41.18","41.30","5,431,512","4.73","41.88","42.17","41.54","0.9238","40.80","0.2899","0.4089","-0.1190","42.52","30.95","27.61","15.20"
"2022-12-16T05:00:00.000Z","41.18","41.38","40.56","40.76","5,028,792","-41.37","41.97","41.03","41.59","0.6904","40.80","0.1404","0.3552","-0.2147","42.47","29.32","30.13","14.21"
"2022-12-19T05:00:00.000Z","40.83","40.84","39.91","40.17","12,658,984","-80.23","42.01","40.47","41.59","0.3071","40.81","-0.0251","0.2791","-0.3042","42.42","27.55","32.52","13.79"
"2022-12-20T05:00:00.000Z","39.92","40.47","39.76","40.26","6,609,192","-88.91","42.04","40.22","41.58","-0.3971","40.82","-0.1474","0.1938","-0.3412","42.14","26.26","31.99","13.51"
"2022-12-21T05:00:00.000Z","40.44","41.09","40.32","40.90","4,404,192","-49.61","42.08","40.58","41.57","-0.9010","40.84","-0.1907","0.1169","-0.3076","41.95","29.03","30.19","12.68"
"2022-12-22T05:00:00.000Z","40.41","40.41","39.22","39.88","5,084,488","-103.29","42.12","40.39","41.55","-1.32","40.83","-0.3033","0.0329","-0.3362","41.75","25.86","34.08","12.76"
"2022-12-23T05:00:00.000Z","39.64","39.94","39.28","39.90","7,944,968","-108.19","42.05","39.89","41.55","-1.63","40.84","-0.3869","-0.0511","-0.3358","41.52","24.72","32.58","12.83"
"2022-12-27T05:00:00.000Z","39.81","39.81","39.30","39.51","5,281,928","-110.30","41.94","39.70","41.49","-1.81","40.86","-0.4791","-0.1367","-0.3424","41.39","23.70","31.24","12.89"
"2022-12-28T05:00:00.000Z","39.45","39.74","38.84","38.89","4,907,360","-122.36","41.82","39.20","41.43","-1.96","40.85","-0.5954","-0.2284","-0.3670","41.21","22.22","32.49","13.31"
"2022-12-29T05:00:00.000Z","39.32","40.09","39.23","39.95","4,966,312","-85.01","41.72","39.42","41.40","-2.18","40.83","-0.5952","-0.3018","-0.2934","41.00","22.83","29.79","13.30"
"2022-12-30T05:00:00.000Z","39.53","39.93","39.30","39.93","4,979,720","-85.75","41.64","39.94","41.42","-2.18","40.81","-0.5900","-0.3594","-0.2305","40.81","21.79","28.43","13.30"
"2023-01-03T05:00:00.000Z","40.30","40.65","39.28","39.54","5,940,112","-84.58","41.55","39.74","41.45","-2.03","40.79","-0.6096","-0.4095","-0.2002","40.49","24.71","25.75","12.50"
"2023-01-04T05:00:00.000Z","39.75","39.98","39.30","39.72","4,562,008","-96.95","41.46","39.63","41.47","-1.93","40.80","-0.6044","-0.4485","-0.1560","40.22","23.52","24.52","11.75"
"2023-01-05T05:00:00.000Z","39.49","39.50","38.84","38.89","4,449,496","-128.62","41.36","39.30","41.46","-1.84","40.81","-0.6591","-0.4906","-0.1685","40.00","22.05","26.28","11.54"
"2023-01-06T05:00:00.000Z","39.23","40.18","38.75","40.01","6,176,288","-97.23","41.28","39.45","41.46","-1.79","40.85","-0.6057","-0.5136","-0.0921","39.85","24.60","23.67","10.85"
"2023-01-09T05:00:00.000Z","40.42","41.22","40.38","40.51","5,166,384","-44.22","41.19","40.26","41.51","-1.52","40.90","-0.5169","-0.5143","-0.0026","39.82","29.66","21.70","11.18"
"2023-01-10T05:00:00.000Z","40.40","40.81","40.16","40.77","18,122,368","-48.89","41.13","40.64","41.48","-1.36","40.93","-0.4205","-0.4955","0.0750","39.86","28.30","22.28","11.23"
"2023-01-11T05:00:00.000Z","40.91","41.47","40.74","41.46","4,168,968","-11.57","41.11","41.11","41.44","-1.04","41.00","-0.2854","-0.4535","0.1681","39.90","31.54","21.12","11.85"
"2023-01-12T05:00:00.000Z","41.51","41.94","40.97","41.78","4,303,712","9.08","41.12","41.62","41.43","-0.5616","41.05","-0.1504","-0.3929","0.2424","39.98","32.74","19.66","12.78"
"2023-01-13T05:00:00.000Z","41.40","41.98","41.29","41.96","3,956,960","21.83","41.07","41.87","41.40","-0.0930","41.09","-0.0289","-0.3201","0.2912","40.12","31.41","18.65","13.69"
"2023-01-17T05:00:00.000Z","41.86","42.37","41.81","42.17","4,363,384","44.20","41.02","42.06","41.40","0.1838","41.14","0.0833","-0.2394","0.3227","40.27","33.00","17.86","14.84"
"2023-01-18T05:00:00.000Z","42.45","42.69","41.60","41.63","5,847,608","36.28","40.96","41.90","41.38","0.5151","41.19","0.1280","-0.1659","0.2939","40.50","32.69","16.40","16.15"
"2023-01-19T05:00:00.000Z","41.31","41.50","40.95","41.12","6,995,400","-8.30","40.91","41.38","41.35","0.5511","41.21","0.1207","-0.1086","0.2293","40.66","30.99","20.52","16.45"
"2023-01-20T05:00:00.000Z","41.37","42.27","41.20","42.27","4,634,360","35.08","40.94","41.70","41.36","0.6279","41.23","0.2055","-0.0458","0.2513","40.80","34.13","18.74","17.35"
"2023-01-23T05:00:00.000Z","42.43","43.47","42.37","43.28","10,939,368","99.92","41.00","42.78","41.38","0.9004","41.27","0.3496","0.0333","0.3163","40.96","39.94","17.09","18.97"
"2023-01-24T05:00:00.000Z","43.05","43.37","42.96","43.21","4,677,272","107.10","41.03","43.24","41.38","1.12","41.31","0.4528","0.1172","0.3356","41.22","38.67","16.54","20.48"
"2023-01-25T05:00:00.000Z","42.46","43.21","42.03","43.12","5,066,440","83.87","41.07","43.16","41.39","1.22","41.36","0.5212","0.1980","0.3232","41.45","35.22","22.08","20.66"
"2023-01-26T05:00:00.000Z","43.57","43.83","43.07","43.80","3,878,440","123.76","41.10","43.46","41.44","1.62","41.39","0.6236","0.2831","0.3405","41.78","37.90","20.80","21.26"
"2023-01-27T05:00:00.000Z","43.52","44.31","43.50","44.00","4,538,752","135.50","41.12","43.90","41.51","1.98","41.44","0.7127","0.3690","0.3437","42.02","39.29","19.48","22.15"
"2023-01-30T05:00:00.000Z","43.49","43.70","43.12","43.14","4,832,952","99.88","41.13","43.57","41.50","2.03","41.47","0.7059","0.4364","0.2695","42.26","36.59","21.13","22.48"
"2023-01-31T05:00:00.000Z","43.18","43.81","43.12","43.80","4,666,328","113.62","41.21","43.47","41.50","2.05","41.55","0.7447","0.4981","0.2466","42.43","35.48","19.98","22.87"
"2023-02-01T05:00:00.000Z","43.77","45.21","43.63","44.87","4,440,128","161.35","41.35","44.34","41.54","2.35","41.66","0.8524","0.5689","0.2835","42.60","41.80","17.61","24.15"
"2023-02-02T05:00:00.000Z","45.68","46.42","45.50","46.21","11,626,360","220.67","41.55","45.54","41.63","2.79","41.78","1.03","0.6619","0.3718","42.93","45.85","15.64","25.93"
"2023-02-03T05:00:00.000Z","45.18","46.48","45.18","45.72","6,144,888","189.19","41.73","45.97","41.73","3.10","41.89","1.12","0.7545","0.3704","43.19","41.66","16.45","27.18"
"2023-02-06T05:00:00.000Z","45.24","45.53","44.94","45.12","2,552,864","148.70","41.87","45.42","41.82","3.37","41.97","1.14","0.8307","0.3050","43.40","39.34","17.26","28.02"
"2023-02-07T05:00:00.000Z","45.17","46.35","45.13","46.20","4,282,920","163.78","42.08","45.66","41.92","3.68","42.10","1.22","0.9081","0.3094","43.70","41.73","15.77","29.24"
"2023-02-08T05:00:00.000Z","46.19","46.53","45.55","45.62","10,204,016","150.52","42.27","45.91","42.01","3.84","42.16","1.22","0.9707","0.2503","44.07","40.07","14.68","30.47"
"2023-02-09T05:00:00.000Z","46.34","46.42","45.21","45.42","3,125,296","132.62","42.47","45.52","42.08","3.64","42.20","1.19","1.02","0.1790","44.37","36.71","15.77","31.14"
"2023-02-10T05:00:00.000Z","45.04","45.25","44.71","45.13","2,698,000","105.29","42.68","45.28","42.12","3.34","42.25","1.14","1.04","0.0973","44.53","34.85","18.53","31.10"
"2023-02-13T05:00:00.000Z","45.35","46.01","45.26","45.90","7,827,824","122.68","42.88","45.52","42.20","3.25","42.30","1.14","1.06","0.0805","44.75","38.11","17.37","31.55"
"2023-02-14T05:00:00.000Z","45.68","46.40","45.39","46.15","4,117,984","121.50","43.08","46.02","42.32","3.10","42.36","1.15","1.08","0.0716","44.91","38.14","16.11","32.20"
"2023-02-15T05:00:00.000Z","45.91","46.47","45.84","46.47","3,173,328","121.54","43.31","46.31","42.46","2.93","42.43","1.17","1.10","0.0732","45.09","36.88","15.35","32.84"
"2023-02-16T05:00:00.000Z","45.78","46.31","45.62","45.62","3,686,512","102.37","43.51","46.05","42.60","2.76","42.49","1.10","1.10","0.0063","45.27","34.54","15.99","33.12"
"2023-02-17T05:00:00.000Z","45.35","45.36","44.67","45.06","3,314,760","73.21","43.72","45.34","42.72","2.61","42.54","0.9956","1.08","-0.0817","45.44","32.10","21.90","32.10"
"2023-02-21T05:00:00.000Z","44.45","44.73","43.95","43.98","8,300,472","45.78","43.85","44.52","42.79","2.21","42.56","0.8124","1.02","-0.2119","45.49","29.46","25.41","30.34"
"2023-02-22T05:00:00.000Z","44.04","44.28","43.73","43.97","3,921,520","36.49","43.97","43.97","42.89","1.72","42.58","0.6588","0.9512","-0.2924","45.36","28.24","25.96","28.47"
"2023-02-23T05:00:00.000Z","44.75","44.78","43.98","44.64","3,250,832","48.80","44.09","44.30","43.01","1.22","42.61","0.5849","0.8779","-0.2930","45.33","30.27","24.34","27.21"
"2023-02-24T05:00:00.000Z","43.91","44.02","43.59","43.87","3,160,064","25.49","44.17","44.25","43.12","0.6527","42.64","0.4584","0.7940","-0.3356","45.23","27.85","25.34","25.61"
"2023-02-27T05:00:00.000Z","44.31","44.51","44.00","44.06","4,658,824","35.14","44.25","43.96","43.25","0.3599","42.69","0.3698","0.7092","-0.3394","45.16","30.27","24.08","24.59"
"2023-02-28T05:00:00.000Z","43.95","44.42","43.88","44.02","1,654,832","29.48","44.32","44.04","43.35","0.2232","42.70","0.2924","0.6258","-0.3334","44.99","28.96","24.02","23.50"
"2023-03-01T05:00:00.000Z","44.02","44.13","43.56","43.67","3,965,864","14.81","44.37","43.85","43.45","0.0908","42.70","0.2013","0.5409","-0.3396","44.81","27.61","25.51","22.11"
"2023-03-02T05:00:00.000Z","43.54","44.32","43.40","44.19","2,246,440","19.03","44.45","43.93","43.56","-0.0940","42.71","0.1691","0.4665","-0.2975","44.70","27.11","23.60","21.02"
"2023-03-03T05:00:00.000Z","44.45","45.14","44.40","45.12","3,400,808","54.27","44.59","44.66","43.70","0.0015","42.75","0.2159","0.4164","-0.2005","44.63","31.69","21.80","20.84"
"2023-03-06T05:00:00.000Z","45.42","45.92","45.26","45.28","4,309,024","78.45","44.69","45.20","43.86","0.1517","42.81","0.2631","0.3857","-0.1226","44.61","36.02","20.38","21.33"
"2023-03-07T05:00:00.000Z","45.28","45.43","44.61","44.73","2,481,584","49.46","44.74","45.01","43.98","0.2401","42.87","0.2527","0.3591","-0.1065","44.56","33.59","24.31","20.95"
"2023-03-08T05:00:00.000Z","44.85","45.14","44.66","45.08","3,633,168","48.42","44.80","44.90","44.09","0.3708","42.91","0.2698","0.3413","-0.0715","44.49","32.20","23.31","20.60"
"2023-03-09T05:00:00.000Z","45.13","45.63","44.30","44.37","4,273,488","34.87","44.84","44.73","44.18","0.4820","42.96","0.2235","0.3177","-0.0942","44.47","32.68","20.77","20.72"
"2023-03-10T05:00:00.000Z","44.29","44.35","43.30","43.49","5,625,976","-28.88","44.83","43.93","44.23","0.2318","42.97","0.1147","0.2771","-0.1624","44.46","29.88","26.96","19.61"
"2023-03-13T04:00:00.000Z","43.22","44.32","42.92","43.70","13,410,072","-37.72","44.82","43.59","44.28","-0.1820","42.97","0.0443","0.2306","-0.1862","44.40","26.67","26.97","18.25"
"2023-03-14T04:00:00.000Z","44.30","44.84","44.08","44.68","4,953,328","13.63","44.87","44.19","44.35","-0.3318","43.00","0.0674","0.1979","-0.1306","44.36","28.34","24.63","17.45"
"2023-03-15T04:00:00.000Z","44.27","44.71","43.94","44.67","11,355,064","3.75","44.90","44.67","44.41","-0.4969","43.06","0.0833","0.1750","-0.0917","44.39","26.66","24.26","16.54"
"2023-03-16T04:00:00.000Z","44.56","45.94","44.35","45.89","11,622,032","66.39","44.93","45.28","44.52","-0.5106","43.14","0.1922","0.1784","0.0138","44.41","32.52","21.45","16.82"
"2023-03-17T04:00:00.000Z","45.99","46.30","45.50","45.76","4,110,352","96.29","44.92","45.82","44.63","-0.1548","43.23","0.2653","0.1958","0.0695","44.56","33.27","20.18","17.37"
"2023-03-20T04:00:00.000Z","45.68","45.97","45.38","45.90","3,491,312","84.96","44.93","45.83","44.72","0.1895","43.33","0.3308","0.2228","0.1080","44.69","31.76","20.18","17.72"
"2023-03-21T04:00:00.000Z","46.19","46.49","45.82","46.42","11,869,696","118.49","44.97","46.16","44.80","0.4488","43.42","0.4196","0.2622","0.1574","44.90","34.10","19.14","18.46"
"2023-03-22T04:00:00.000Z","46.38","47.27","45.85","45.85","4,700,656","119.53","44.96","46.14","44.87","0.8330","43.52","0.4394","0.2976","0.1418","45.04","36.33","17.12","19.71"
"2023-03-23T04:00:00.000Z","46.37","47.19","46.10","46.50","4,758,928","136.20","44.99","46.18","44.95","1.11","43.63","0.5016","0.3384","0.1632","45.12","32.80","15.45","20.87"
"2023-03-24T04:00:00.000Z","46.27","46.49","45.92","46.49","2,968,976","106.19","45.02","46.50","45.02","1.16","43.75","0.5436","0.3794","0.1641","45.19","31.36","16.19","21.66"
"2023-03-27T04:00:00.000Z","46.55","46.78","46.09","46.20","4,940,344","105.02","45.06","46.34","45.07","1.28","43.87","0.5470","0.4130","0.1341","45.32","31.93","15.33","22.62"
"2023-03-28T04:00:00.000Z","46.16","46.16","45.61","46.00","4,692,032","66.41","45.06","46.10","45.15","1.22","43.97","0.5277","0.4359","0.0918","45.40","30.46","18.37","22.78"
"2023-03-29T04:00:00.000Z","46.55","47.04","46.49","46.94","3,071,936","134.60","45.09","46.47","45.22","1.24","44.09","0.5815","0.4650","0.1165","45.58","34.81","16.88","23.63"
"2023-03-30T04:00:00.000Z","47.33","47.51","47.13","47.41","2,971,520","165.76","45.12","47.18","45.29","1.33","44.22","0.6548","0.5030","0.1518","45.89","36.96","16.12","24.74"
"2023-03-31T04:00:00.000Z","47.41","48.22","47.36","48.18","4,054,568","197.27","45.20","47.80","45.34","1.57","44.36","0.7662","0.5556","0.2106","46.13","40.13","15.01","26.23"
"2023-04-03T04:00:00.000Z","47.91","48.17","47.68","48.12","6,167,120","187.09","45.31","48.15","45.40","1.80","44.51","0.8397","0.6124","0.2272","46.41","38.45","14.38","27.61"
"2023-04-04T04:00:00.000Z","48.17","48.29","47.65","47.81","3,695,176","167.30","45.43","47.97","45.46","2.15","44.64","0.8633","0.6626","0.2007","46.69","37.42","13.61","28.97"
"2023-04-05T04:00:00.000Z","47.58","47.58","46.90","47.24","9,765,568","115.25","45.54","47.53","45.49","2.22","44.75","0.8262","0.6953","0.1308","46.81","34.54","18.92","28.99"
"2023-04-06T04:00:00.000Z","46.90","47.51","46.68","47.48","2,229,264","108.69","45.64","47.36","45.54","2.14","44.87","0.8072","0.7177","0.0895","46.91","32.13","19.38","28.69"
"2023-04-10T04:00:00.000Z","47.02","47.46","46.81","47.46","2,393,136","103.27","45.76","47.47","45.59","1.95","44.97","0.7809","0.7303","0.0506","46.97","30.27","18.27","28.40"
"2023-04-11T04:00:00.000Z","47.38","47.42","46.97","47.10","13,228,672","93.28","45.86","47.28","45.64","1.72","45.05","0.7233","0.7289","-0.0056","47.05","28.98","17.49","28.14"
"2023-04-12T04:00:00.000Z","47.38","47.60","46.76","46.82","3,059,856","82.65","45.95","46.96","45.66","1.46","45.14","0.6474","0.7126","-0.0652","47.12","26.85","18.07","27.53"
"2023-04-13T04:00:00.000Z","47.07","47.80","47.01","47.73","8,540,472","103.43","46.09","47.28","45.70","1.41","45.23","0.6528","0.7007","-0.0478","47.19","26.30","16.54","27.19"
"2023-04-14T04:00:00.000Z","47.52","47.91","47.13","47.55","4,209,216","99.94","46.20","47.64","45.73","1.38","45.33","0.6351","0.6875","-0.0525","47.26","25.46","15.42","27.00"
"2023-04-17T04:00:00.000Z","47.52","47.76","47.34","47.72","2,506,896","98.45","46.29","47.63","45.78","1.37","45.44","0.6277","0.6756","-0.0479","47.37","24.48","14.83","26.83"
"2023-04-18T04:00:00.000Z","48.06","48.21","47.67","47.85","3,436,664","108.15","46.37","47.79","45.85","1.41","45.53","0.6256","0.6656","-0.0400","47.48","27.40","14.09","27.20"
"2023-04-19T04:00:00.000Z","47.48","47.84","47.41","47.75","2,138,368","90.82","46.47","47.80","45.94","1.38","45.60","0.6088","0.6542","-0.0455","47.49","26.23","16.00","26.99"
"2023-04-20T04:00:00.000Z","47.35","47.85","47.22","47.41","2,300,792","78.13","46.55","47.58","46.03","1.30","45.67","0.5613","0.6356","-0.0743","47.49","24.64","16.86","26.40"
"2023-04-21T04:00:00.000Z","47.27","47.34","47.00","47.27","2,632,576","60.19","46.65","47.34","46.10","1.16","45.74","0.5066","0.6098","-0.1032","47.44","23.63","18.30","25.42"
"2023-04-24T04:00:00.000Z","47.12","47.36","46.73","47.07","2,344,104","49.55","46.77","47.17","46.18","1.02","45.80","0.4416","0.5762","-0.1346","47.36","22.13","19.87","23.99"
"2023-04-25T04:00:00.000Z","46.88","46.90","46.05","46.05","3,125,448","7.31","46.84","46.56","46.23","0.6814","45.83","0.3046","0.5219","-0.2173","47.30","19.95","24.47","23.01"
"2023-04-26T04:00:00.000Z","46.80","47.14","46.55","46.66","5,786,688","30.86","46.91","46.36","46.29","0.4687","45.89","0.2426","0.4660","-0.2234","47.30","20.18","21.98","21.67"
"2023-04-27T04:00:00.000Z","46.86","47.59","46.81","47.55","3,313,904","60.66","47.01","47.10","46.39","0.3370","45.95","0.2618","0.4252","-0.1634","47.28","22.63","20.10","20.54"
"2023-04-28T04:00:00.000Z","47.54","48.05","47.46","48.05","2,913,768","91.17","47.08","47.80","46.48","0.3382","46.01","0.3137","0.4029","-0.0892","47.30","25.70","18.98","20.15"
"2023-05-01T04:00:00.000Z","48.01","48.32","47.97","48.09","2,163,272","104.83","47.16","48.07","46.56","0.4247","46.04","0.3547","0.3932","-0.0386","47.34","27.42","18.32","20.13"
"2023-05-02T04:00:00.000Z","48.09","48.12","47.33","47.56","2,673,040","71.76","47.21","47.83","46.62","0.5797","46.07","0.3398","0.3825","-0.0428","47.42","25.32","23.06","19.03"
"2023-05-03T04:00:00.000Z","47.59","48.00","47.21","47.22","2,817,224","56.46","47.24","47.39","46.68","0.6358","46.10","0.2974","0.3655","-0.0681","47.43","23.38","22.49","17.81"
"2023-05-04T04:00:00.000Z","47.06","47.31","46.86","47.03","3,993,632","25.63","47.28","47.12","46.73","0.5545","46.12","0.2456","0.3415","-0.0959","47.39","22.33","24.98","16.93"
"2023-05-05T04:00:00.000Z","47.54","48.42","47.52","48.27","3,083,904","96.36","47.34","47.65","46.82","0.5363","46.16","0.3014","0.3335","-0.0321","47.35","29.77","21.76","16.84"
"2023-05-08T04:00:00.000Z","48.18","48.36","48.02","48.32","1,961,936","108.71","47.40","48.30","46.94","0.4710","46.21","0.3458","0.3360","0.0098","47.41","28.79","21.04","16.74"
"2023-05-09T04:00:00.000Z","48.07","48.14","47.93","47.97","1,658,448","91.66","47.46","48.15","47.05","0.4769","46.26","0.3486","0.3385","0.0101","47.46","27.66","21.05","16.52"
"2023-05-10T04:00:00.000Z","48.38","48.59","48.02","48.49","3,171,584","124.72","47.54","48.23","47.15","0.5658","46.30","0.3885","0.3485","0.0400","47.55","30.53","19.73","16.87"
"2023-05-11T04:00:00.000Z","48.43","48.44","47.98","48.29","2,363,312","112.15","47.59","48.39","47.24","0.7452","46.34","0.3990","0.3586","0.0404","47.65","28.91","19.10","17.12"
"2023-05-12T04:00:00.000Z","48.38","48.44","47.84","48.19","1,940,008","101.04","47.61","48.24","47.30","0.7224","46.37","0.3950","0.3659","0.0291","47.76","27.09","19.38","17.09"
"2023-05-15T04:00:00.000Z","48.23","48.60","48.08","48.60","2,129,656","126.91","47.62","48.40","47.37","0.6969","46.41","0.4198","0.3767","0.0431","47.88","27.25","18.31","17.27"
"2023-05-16T04:00:00.000Z","48.50","48.83","48.50","48.57","2,423,832","145.42","47.64","48.58","47.43","0.7408","46.47","0.4318","0.3877","0.0441","48.00","28.76","17.65","17.74"
"2023-05-17T04:00:00.000Z","48.77","49.34","48.56","49.28","8,323,632","186.35","47.69","48.92","47.50","0.8051","46.56","0.4930","0.4088","0.0843","48.10","31.89","16.17","18.81"
"2023-05-18T04:00:00.000Z","49.34","50.31","49.34","50.25","11,084,920","266.94","47.79","49.76","47.61","1.05","46.67","0.6126","0.4495","0.1631","48.20","38.59","14.43","20.72"
"2023-05-19T04:00:00.000Z","50.27","50.32","49.99","50.16","2,890,712","259.48","47.88","50.20","47.71","1.39","46.76","0.6920","0.4980","0.1940","48.37","37.35","13.92","22.51"
"2023-05-22T04:00:00.000Z","49.99","50.43","49.95","50.28","2,228,624","241.39","47.97","50.22","47.80","1.69","46.86","0.7566","0.5497","0.2068","48.55","36.60","13.18","24.26"
"2023-05-23T04:00:00.000Z","50.05","50.19","49.49","49.52","3,291,544","180.16","48.05","49.90","47.88","1.87","46.96","0.7374","0.5873","0.1502","48.78","33.44","17.02","24.85"
"2023-05-24T04:00:00.000Z","49.13","49.39","48.92","49.21","3,038,832","121.17","48.13","49.36","47.96","1.86","47.04","0.6896","0.6077","0.0819","48.90","31.27","22.10","24.30"
"2023-05-25T04:00:00.000Z","50.61","51.16","50.29","50.96","5,887,480","247.08","48.24","50.09","48.06","1.93","47.16","0.7841","0.6430","0.1411","49.09","42.36","17.97","25.45"
"2023-05-26T04:00:00.000Z","51.13","52.39","51.13","52.32","4,089,600","295.61","48.40","51.64","48.19","2.11","47.30","0.9570","0.7058","0.2512","49.33","48.00","15.66","27.26"
"2023-05-30T04:00:00.000Z","53.08","53.27","52.44","52.59","6,355,504","298.50","48.56","52.45","48.30","2.48","47.42","1.10","0.7853","0.3181","49.69","51.73","14.34","29.36"
"2023-05-31T04:00:00.000Z","52.27","52.70","52.03","52.11","3,402,984","229.26","48.70","52.35","48.40","2.83","47.54","1.17","0.8617","0.3056","49.98","48.67","17.13","30.69"
"2023-06-01T04:00:00.000Z","51.95","52.88","51.72","52.65","4,221,016","206.53","48.87","52.38","48.52","3.32","47.67","1.25","0.9388","0.3082","50.26","43.76","18.17","31.45"
"2023-06-02T04:00:00.000Z","52.97","53.21","52.61","53.01","3,810,728","205.83","49.05","52.83","48.66","3.60","47.80","1.32","1.02","0.3084","50.62","44.42","17.21","32.35"
"2023-06-05T04:00:00.000Z","52.95","53.31","52.61","52.73","3,634,016","180.62","49.23","52.87","48.79","3.68","47.94","1.35","1.08","0.2650","50.96","42.54","16.13","33.26"
"2023-06-06T04:00:00.000Z","52.59","52.95","52.35","52.82","2,843,272","156.35","49.43","52.77","48.93","3.50","48.10","1.36","1.14","0.2196","51.26","40.21","17.65","33.67"
"2023-06-07T04:00:00.000Z","52.81","53.19","51.92","52.03","4,487,984","131.50","49.63","52.42","49.05","3.39","48.24","1.29","1.17","0.1191","51.52","35.75","19.41","33.38"
"2023-06-08T04:00:00.000Z","52.06","52.64","52.06","52.55","1,981,704","122.82","49.82","52.29","49.19","3.26","48.37","1.26","1.18","0.0726","51.66","33.81","18.36","33.11"
"2023-06-09T04:00:00.000Z","52.84","53.32","52.59","52.77","5,760,264","129.40","50.00","52.66","49.32","3.10","48.50","1.24","1.20","0.0429","51.88","37.51","17.11","33.41"
"2023-06-12T04:00:00.000Z","53.10","53.88","53.01","53.87","3,580,928","141.88","50.19","53.32","49.48","3.01","48.63","1.30","1.22","0.0814","52.11","38.82","15.46","34.10"
"2023-06-13T04:00:00.000Z","54.32","54.46","53.82","54.26","5,443,792","149.11","50.40","54.07","49.64","3.08","48.78","1.36","1.24","0.1148","52.51","41.73","14.59","35.10"
"2023-06-14T04:00:00.000Z","54.26","54.78","53.95","54.71","15,333,136","146.54","50.63","54.49","49.81","3.22","48.92","1.43","1.28","0.1471","52.79","41.52","13.52","36.23"
"2023-06-15T04:00:00.000Z","54.50","55.64","54.46","55.42","5,165,704","155.00","50.91","55.07","50.00","3.53","49.07","1.52","1.33","0.1935","53.05","44.65","12.16","37.73"
"2023-06-16T04:00:00.000Z","55.92","55.99","54.92","54.95","4,974,408","146.57","51.17","55.18","50.19","3.81","49.22","1.54","1.37","0.1697","53.27","43.58","11.07","39.28"
"2023-06-20T04:00:00.000Z","54.63","55.01","54.32","54.63","6,059,368","119.85","51.38","54.79","50.38","3.86","49.36","1.51","1.40","0.1130","53.45","41.04","15.54","39.70"
"2023-06-21T04:00:00.000Z","54.45","54.53","53.60","53.79","4,290,184","95.06","51.57","54.21","50.54","3.66","49.48","1.41","1.40","0.0053","53.65","37.52","20.26","38.99"
"2023-06-22T04:00:00.000Z","53.53","54.25","53.53","54.23","13,498,824","90.98","51.77","54.01","50.75","3.38","49.62","1.34","1.39","-0.0470","53.69","35.26","19.58","38.25"
"2023-06-23T04:00:00.000Z","53.58","53.94","53.40","53.60","4,286,736","77.04","51.94","53.92","50.92","2.91","49.74","1.23","1.36","-0.1302","53.74","32.78","19.33","37.36"
"2023-06-26T04:00:00.000Z","53.61","54.14","53.15","53.16","3,321,536","68.86","52.11","53.38","51.06","2.38","49.85","1.09","1.30","-0.2157","53.82","30.07","19.86","36.16"
"2023-06-27T04:00:00.000Z","53.45","54.39","53.40","54.24","2,601,176","79.86","52.31","53.70","51.22","2.05","49.96","1.05","1.25","-0.2012","53.87","29.15","17.88","35.29"
"2023-06-28T04:00:00.000Z","53.99","54.67","53.91","54.38","3,463,456","84.75","52.50","54.31","51.37","1.92","50.06","1.02","1.21","-0.1841","54.01","29.62","16.77","34.74"
"2023-06-29T04:00:00.000Z","54.38","54.51","54.11","54.41","2,787,344","82.09","52.70","54.40","51.55","1.82","50.17","0.9915","1.16","-0.1726","54.13","28.62","16.21","34.24"
"2023-06-30T04:00:00.000Z","55.00","55.41","54.92","55.27","3,355,056","103.49","52.90","54.84","51.75","1.92","50.29","1.02","1.14","-0.1123","54.28","33.84","14.85","34.58"
"2023-07-03T04:00:00.000Z","55.30","55.31","54.91","55.18","6,658,904","99.00","53.06","55.22","51.95","2.01","50.42","1.03","1.11","-0.0849","54.35","32.66","14.43","34.87"
"2023-07-05T04:00:00.000Z","54.88","55.20","54.74","54.83","3,725,248","90.05","53.22","55.01","52.12","2.02","50.55","0.9957","1.09","-0.0954","54.40","31.30","15.38","34.82"
"2023-07-06T04:00:00.000Z","54.30","54.66","54.02","54.62","3,535,224","72.58","53.36","54.73","52.27","1.87","50.67","0.9405","1.06","-0.1204","54.39","29.02","20.67","33.53"
"2023-07-07T04:00:00.000Z","54.50","55.09","54.41","54.44","2,548,272","77.86","53.52","54.53","52.43","1.79","50.79","0.8718","1.02","-0.1513","54.28","31.19","19.40","32.80"
"2023-07-10T04:00:00.000Z","54.21","54.65","54.00","54.65","2,748,024","68.15","53.71","54.54","52.59","1.49","50.92","0.8254","0.9836","-0.1582","54.25","29.31","22.05","31.47"
"2023-07-11T04:00:00.000Z","54.75","54.90","54.30","54.86","7,305,232","75.34","53.84","54.76","52.75","1.25","51.04","0.7961","0.9461","-0.1500","54.27","30.00","20.82","30.51"
"2023-07-12T04:00:00.000Z","55.42","55.67","55.08","55.43","3,729,424","100.31","53.94","55.15","52.93","1.18","51.17","0.8099","0.9188","-0.1090","54.41","34.92","19.24","30.40"
"2023-07-13T04:00:00.000Z","55.84","56.36","55.73","56.26","4,014,560","125.54","54.06","55.85","53.12","1.34","51.31","0.8773","0.9105","-0.0332","54.59","38.26","17.59","30.87"
"2023-07-14T04:00:00.000Z","56.40","56.74","55.88","56.06","6,105,936","127.08","54.19","56.16","53.31","1.44","51.45","0.9041","0.9092","-0.0051","54.80","38.73","16.22","31.59"
"2023-07-17T04:00:00.000Z","56.14","56.97","56.14","56.80","6,068,928","141.99","54.33","56.43","53.50","1.72","51.60","0.9743","0.9223","0.0521","55.01","37.59","14.89","32.43"
"2023-07-18T04:00:00.000Z","56.70","57.70","56.40","57.45","4,880,040","161.46","54.48","57.13","53.68","2.05","51.77","1.07","0.9517","0.1178","55.22","39.70","13.22","33.68"
"2023-07-19T04:00:00.000Z","57.63","57.87","57.09","57.30","11,341,288","166.18","54.63","57.37","53.86","2.34","51.93","1.12","0.9853","0.1345","55.47","38.46","12.33","34.95"
"2023-07-20T04:00:00.000Z","56.91","57.17","55.93","56.08","8,937,240","116.11","54.74","56.69","54.00","2.31","52.08","1.05","0.9982","0.0515","55.61","34.11","20.54","34.23"
"2023-07-21T04:00:00.000Z","56.49","56.69","55.92","55.99","2,669,672","104.25","54.87","56.04","54.17","2.19","52.25","0.9752","0.9936","-0.0184","55.71","31.94","19.26","33.55"
"2023-07-24T04:00:00.000Z","56.25","56.34","55.85","56.05","4,907,816","96.26","54.99","56.02","54.34","2.01","52.41","0.9108","0.9770","-0.0663","55.81","30.59","19.11","32.81"
"2023-07-25T04:00:00.000Z","56.20","56.88","56.19","56.69","4,749,584","119.85","55.12","56.37","54.48","1.80","52.56","0.9008","0.9618","-0.0610","55.96","33.09","17.75","32.62"
"2023-07-26T04:00:00.000Z","56.13","56.27","55.62","56.04","2,721,440","81.00","55.19","56.36","54.57","1.40","52.69","0.8306","0.9356","-0.1049","56.08","30.10","21.01","31.56"
"2023-07-27T04:00:00.000Z","56.75","56.94","55.53","55.78","2,870,176","82.91","55.24","55.91","54.65","1.22","52.82","0.7457","0.8976","-0.1519","56.28","32.05","18.63","31.20"
"2023-07-28T04:00:00.000Z","56.33","56.72","56.23","56.57","3,349,784","101.63","55.31","56.18","54.76","1.14","52.97","0.7338","0.8648","-0.1310","56.40","29.65","17.23","30.86"
"2023-07-31T04:00:00.000Z","56.65","56.90","56.52","56.85","3,744,248","110.25","55.35","56.71","54.87","1.15","53.13","0.7385","0.8396","-0.1011","56.49","30.26","16.68","30.72"
"2023-08-01T04:00:00.000Z","56.61","56.98","56.45","56.88","2,152,080","105.44","55.42","56.87","54.97","1.09","53.29","0.7362","0.8189","-0.0827","56.55","29.58","15.92","30.67"
"2023-08-02T04:00:00.000Z","56.34","56.34","55.12","55.37","5,733,520","35.12","55.44","56.12","55.03","0.9994","53.41","0.6052","0.7761","-0.1710","56.55","25.45","24.26","28.65"
"2023-08-03T04:00:00.000Z","54.98","55.45","54.87","55.15","4,242,624","4.46","55.49","55.26","55.09","0.7613","53.53","0.4782","0.7165","-0.2384","56.46","24.24","25.17","26.74"
"2023-08-04T04:00:00.000Z","55.07","55.33","54.35","54.43","9,604,568","-29.46","55.49","54.79","55.15","0.4414","53.63","0.3158","0.6364","-0.3206","56.33","22.31","27.37","25.56"
"2023-08-07T04:00:00.000Z","54.64","54.80","54.08","54.52","3,884,064","-51.35","55.52","54.47","55.20","0.0169","53.73","0.1923","0.5476","-0.3553","56.10","20.99","27.98","24.75"
"2023-08-08T04:00:00.000Z","54.07","54.20","53.46","54.01","3,758,072","-95.66","55.55","54.27","55.23","-0.5361","53.83","0.0528","0.4486","-0.3958","55.88","19.20","30.53","24.61"
"2023-08-09T04:00:00.000Z","54.11","54.11","53.05","53.26","6,037,032","-125.29","55.52","53.63","55.21","-0.9521","53.91","-0.1173","0.3354","-0.4528","55.70","17.59","31.22","24.85"
"2023-08-10T04:00:00.000Z","53.72","54.16","53.04","53.31","6,748,352","-120.11","55.48","53.28","55.19","-1.26","53.99","-0.2454","0.2193","-0.4646","55.51","16.44","28.50","24.99"
"2023-08-11T04:00:00.000Z","52.90","53.27","52.78","52.96","5,036,480","-147.66","55.44","53.13","55.15","-1.60","54.07","-0.3708","0.1013","-0.4721","55.25","15.74","29.41","25.37"
"2023-08-14T04:00:00.000Z","52.88","53.75","52.74","53.74","4,504,448","-112.08","55.38","53.35","55.11","-1.83","54.14","-0.4025","0.0005","-0.4030","55.00","18.30","27.04","24.93"
"2023-08-15T04:00:00.000Z","53.60","53.75","53.10","53.21","4,637,176","-108.44","55.32","53.47","55.06","-1.89","54.19","-0.4651","-0.0926","-0.3725","54.76","17.37","25.62","24.52"
"2023-08-16T04:00:00.000Z","53.10","53.36","52.68","52.70","4,026,656","-128.27","55.25","52.95","55.01","-1.97","54.23","-0.5491","-0.1839","-0.3652","54.51","16.39","27.64","24.59"
"2023-08-17T04:00:00.000Z","52.88","52.97","52.03","52.13","3,894,424","-153.48","55.16","52.41","54.97","-2.14","54.26","-0.6546","-0.2781","-0.3765","54.22","15.13","30.90","25.28"
"2023-08-18T04:00:00.000Z","51.57","52.42","51.54","52.23","5,096,056","-162.28","55.09","52.18","54.92","-2.25","54.31","-0.7217","-0.3668","-0.3549","53.84","14.03","32.66","26.33"
"2023-08-21T04:00:00.000Z","52.52","53.24","52.43","53.13","4,789,736","-110.68","55.04","52.68","54.91","-2.26","54.37","-0.6944","-0.4323","-0.2621","53.54","19.53","29.97","25.95"
"2023-08-22T04:00:00.000Z","53.65","53.70","53.02","53.15","3,360,112","-90.20","54.98","53.14","54.91","-2.23","54.41","-0.6635","-0.4785","-0.1849","53.44","22.21","28.28","24.96"
"2023-08-23T04:00:00.000Z","53.25","54.28","53.23","54.11","5,698,176","-57.33","54.94","53.63","54.91","-2.07","54.44","-0.5547","-0.4938","-0.0609","53.30","24.89","25.69","23.29"
"2023-08-24T04:00:00.000Z","54.76","54.76","52.84","52.85","7,540,776","-76.40","54.83","53.48","54.87","-1.78","54.44","-0.5634","-0.5077","-0.0557","53.31","24.85","22.02","22.06"
"2023-08-25T04:00:00.000Z","52.96","53.62","52.55","53.39","4,685,760","-89.01","54.74","53.12","54.84","-1.52","54.47","-0.5214","-0.5104","-0.0109","53.22","22.88","22.45","20.55"
"2023-08-28T04:00:00.000Z","53.78","53.92","53.41","53.80","2,808,032","-58.31","54.64","53.59","54.81","-1.33","54.48","-0.4498","-0.4983","0.0485","53.20","24.23","21.53","19.50"
"2023-08-29T04:00:00.000Z","53.65","54.94","53.54","54.88","3,804,608","-18.58","54.55","54.34","54.80","-1.12","54.52","-0.3021","-0.4591","0.1569","53.19","29.20","19.32","19.56"
"2023-08-30T04:00:00.000Z","54.87","55.40","54.71","55.33","3,729,976","17.46","54.49","55.11","54.81","-0.8289","54.56","-0.1469","-0.3966","0.2497","53.34","31.19","18.32","20.02"
"2023-08-31T04:00:00.000Z","55.49","55.84","55.45","55.61","2,634,616","40.79","54.47","55.47","54.84","-0.4397","54.61","-0.0015","-0.3176","0.3161","53.54","33.38","17.59","20.81"
"2023-09-01T04:00:00.000Z","55.97","56.13","55.58","55.83","3,005,464","49.34","54.46","55.72","54.87","0.1344","54.67","0.1303","-0.2280","0.3583","53.73","34.18","16.81","21.75"
"2023-09-05T04:00:00.000Z","55.66","56.07","55.42","55.93","2,142,696","45.25","54.46","55.88","54.90","0.5886","54.73","0.2396","-0.1345","0.3741","53.92","32.34","17.20","22.38"
"2023-09-06T04:00:00.000Z","55.75","55.88","54.98","55.29","5,174,064","22.90","54.41","55.61","54.91","0.8868","54.77","0.2715","-0.0533","0.3248","54.14","29.85","19.41","22.30"
"2023-09-07T04:00:00.000Z","54.25","54.57","54.00","54.46","4,717,352","-27.73","54.36","54.88","54.89","0.7991","54.78","0.2274","0.0028","0.2246","54.35","26.84","25.14","20.94"
"2023-09-08T04:00:00.000Z","54.48","54.90","54.39","54.53","2,540,256","-12.97","54.32","54.50","54.85","0.6472","54.78","0.1958","0.0414","0.1544","54.50","28.38","24.10","20.02"
"2023-09-11T04:00:00.000Z","55.00","55.03","54.33","54.79","2,494,464","-5.57","54.26","54.66","54.81","0.4544","54.78","0.1895","0.0711","0.1184","54.61","27.83","22.72","19.31"
"2023-09-12T04:00:00.000Z","54.39","54.60","53.79","53.83","2,743,224","-36.77","54.16","54.31","54.74","0.2131","54.76","0.1058","0.0780","0.0278","54.69","25.56","25.29","17.97"
"2023-09-13T04:00:00.000Z","53.79","54.17","53.62","53.90","2,910,672","-43.50","54.06","53.87","54.65","-0.0335","54.74","0.0448","0.0714","-0.0266","54.62","24.37","25.56","16.86"
"2023-09-14T04:00:00.000Z","54.16","54.39","53.87","54.28","2,733,632","-24.55","54.02","54.09","54.58","-0.0031","54.73","0.0266","0.0624","-0.0358","54.71","25.15","24.42","15.76"
"2023-09-15T04:00:00.000Z","54.11","54.11","53.11","53.29","4,768,400","-61.26","53.96","53.79","54.51","-0.1252","54.72","-0.0667","0.0366","-0.1033","54.74","22.70","28.33","15.42"
"2023-09-18T04:00:00.000Z","53.12","53.70","53.08","53.51","2,419,536","-63.24","53.93","53.40","54.44","-0.2862","54.71","-0.1218","0.0049","-0.1267","54.70","21.50","27.16","15.15"
"2023-09-19T04:00:00.000Z","53.31","53.55","52.95","53.41","3,309,832","-67.69","53.89","53.46","54.38","-0.3730","54.71","-0.1712","-0.0303","-0.1409","54.58","20.37","26.85","15.05"
"2023-09-20T04:00:00.000Z","53.62","53.68","52.62","52.63","3,233,424","-85.21","53.85","53.02","54.28","-0.4462","54.70","-0.2706","-0.0784","-0.1923","54.43","18.52","27.25","15.34"
"2023-09-21T04:00:00.000Z","52.14","52.35","51.74","51.76","4,799,552","-144.53","53.80","52.19","54.17","-0.7707","54.66","-0.4151","-0.1457","-0.2694","54.14","17.13","32.61","16.47"
"2023-09-22T04:00:00.000Z","51.95","52.38","51.82","51.90","3,611,000","-133.93","53.75","51.83","54.07","-0.9928","54.62","-0.5120","-0.2190","-0.2931","53.85","16.41","30.86","17.47"
"2023-09-25T04:00:00.000Z","51.75","52.20","51.65","52.10","8,459,840","-133.04","53.72","52.00","53.96","-1.21","54.58","-0.5657","-0.2883","-0.2774","53.54","15.60","30.87","18.57"
"2023-09-26T04:00:00.000Z","51.76","51.80","51.01","51.17","4,269,424","-171.71","53.64","51.64","53.82","-1.51","54.51","-0.6755","-0.3658","-0.3097","53.35","14.13","33.44","20.14"
"2023-09-27T04:00:00.000Z","51.42","51.61","50.81","51.33","4,679,512","-171.31","53.58","51.25","53.68","-1.83","54.45","-0.7413","-0.4409","-0.3004","53.12","13.15","32.81","21.76"
"2023-09-28T04:00:00.000Z","51.03","51.98","50.75","51.66","3,564,656","-149.83","53.54","51.50","53.59","-1.90","54.39","-0.7583","-0.5044","-0.2540","52.81","14.83","29.45","22.57"
"2023-09-29T04:00:00.000Z","52.16","52.48","51.71","51.86","4,677,728","-106.58","53.53","51.76","53.50","-1.87","54.35","-0.7468","-0.5528","-0.1939","52.64","18.05","27.42","22.43"
"2023-10-02T04:00:00.000Z","51.90","52.55","51.84","52.34","8,020,592","-86.79","53.54","52.10","53.45","-1.79","54.31","-0.6911","-0.5805","-0.1106","52.50","17.52","25.77","22.18"
"2023-10-03T04:00:00.000Z","52.01","52.35","51.11","51.34","5,905,912","-124.61","53.48","51.84","53.37","-1.67","54.26","-0.7190","-0.6082","-0.1108","52.33","15.74","29.13","22.73"
"2023-10-04T04:00:00.000Z","51.44","52.07","51.37","51.94","3,692,816","-104.49","53.44","51.64","53.32","-1.53","54.21","-0.6854","-0.6237","-0.0618","52.12","14.79","27.37","23.24"
"2023-10-05T04:00:00.000Z","51.97","52.08","51.41","51.98","3,958,016","-96.36","53.36","51.96","53.29","-1.43","54.15","-0.6477","-0.6285","-0.0193","52.04","13.96","25.82","23.71"
"2023-10-06T04:00:00.000Z","51.62","53.21","51.50","53.02","5,262,296","-44.79","53.37","52.50","53.28","-1.39","54.10","-0.5276","-0.6083","0.0807","51.91","21.02","22.35","22.23"
"2023-10-09T04:00:00.000Z","52.62","53.36","52.42","53.27","3,654,816","-16.67","53.37","53.15","53.29","-1.26","54.05","-0.4081","-0.5683","0.1602","51.83","20.63","20.70","20.66"
"2023-10-10T04:00:00.000Z","53.31","53.88","53.22","53.45","8,476,040","15.20","53.35","53.36","53.28","-0.8973","54.00","-0.2957","-0.5137","0.2180","51.92","23.69","19.61","19.85"
"2023-10-11T04:00:00.000Z","53.63","53.89","53.38","53.87","2,668,632","27.10","53.32","53.66","53.30","-0.5113","53.94","-0.1705","-0.4451","0.2746","52.05","22.78","18.79","19.12"
"2023-10-12T04:00:00.000Z","53.91","54.34","53.34","53.74","2,936,312","31.92","53.27","53.81","53.33","-0.0919","53.88","-0.0806","-0.3722","0.2916","52.21","24.66","17.25","19.02"
"2023-10-13T04:00:00.000Z","53.85","53.93","52.72","52.88","7,941,600","-9.74","53.18","53.31","53.34","0.0953","53.82","-0.0780","-0.3133","0.2354","52.38","22.29","20.53","17.95"
"2023-10-16T04:00:00.000Z","52.95","53.71","52.95","53.49","2,081,712","1.39","53.10","53.18","53.38","0.1932","53.78","-0.0266","-0.2560","0.2294","52.49","20.82","19.17","16.96"
"2023-10-17T04:00:00.000Z","52.75","53.56","52.44","53.26","3,183,440","-18.75","53.01","53.37","53.38","0.1202","53.74","-0.0042","-0.2056","0.2014","52.63","18.99","21.49","16.19"
"2023-10-18T04:00:00.000Z","52.83","53.18","52.37","52.53","2,546,424","-43.55","52.92","52.89","53.36","0.0157","53.67","-0.0449","-0.1735","0.1286","52.68","17.66","20.58","15.58"
"2023-10-19T04:00:00.000Z","52.78","53.07","52.08","52.16","3,483,544","-57.58","52.84","52.34","53.31","-0.1476","53.60","-0.1061","-0.1600","0.0539","52.74","16.30","21.22","15.41"
"2023-10-20T04:00:00.000Z","52.09","52.17","51.18","51.23","4,617,352","-109.66","52.73","51.70","53.27","-0.3558","53.53","-0.2262","-0.1732","-0.0530","52.75","15.04","26.62","16.29"
"2023-10-23T04:00:00.000Z","50.88","51.78","50.58","51.24","3,157,968","-121.23","52.61","51.24","53.22","-0.6509","53.44","-0.3170","-0.2020","-0.1150","52.71","13.66","28.72","17.67"
"2023-10-24T04:00:00.000Z","51.50","51.76","51.12","51.70","3,522,048","-96.00","52.54","51.47","53.17","-0.8453","53.35","-0.3483","-0.2313","-0.1170","52.67","12.99","27.29","18.94"
"2023-10-25T04:00:00.000Z","51.79","51.84","50.72","50.84","3,273,056","-112.59","52.44","51.27","53.07","-1.06","53.25","-0.4369","-0.2724","-0.1645","52.68","11.87","28.01","20.48"
"2023-10-26T04:00:00.000Z","50.91","51.16","49.72","49.95","4,045,752","-153.37","52.30","50.40","52.93","-1.36","53.16","-0.5732","-0.3325","-0.2406","52.55","10.61","32.41","22.64"
"2023-10-27T04:00:00.000Z","50.29","50.66","49.95","50.15","8,012,968","-146.77","52.19","50.05","52.80","-1.50","53.08","-0.6568","-0.3974","-0.2594","52.32","10.03","30.66","24.64"
"2023-10-30T04:00:00.000Z","50.42","50.80","50.18","50.59","2,618,944","-126.41","52.09","50.37","52.67","-1.53","53.01","-0.6797","-0.4539","-0.2258","52.07","10.56","29.14","26.22"
"2023-10-31T04:00:00.000Z","50.63","51.05","50.24","50.98","2,146,752","-109.06","52.01","50.78","52.54","-1.60","52.95","-0.6594","-0.4950","-0.1645","51.82","11.82","27.31","27.18"
"2023-11-01T04:00:00.000Z","51.05","51.85","51.05","51.81","3,117,672","-56.58","51.99","51.39","52.45","-1.48","52.92","-0.5694","-0.5099","-0.0595","51.61","17.26","25.45","26.61"
"2023-11-02T04:00:00.000Z","52.42","52.77","52.28","52.73","3,441,960","11.25","52.02","52.27","52.41","-1.04","52.91","-0.4186","-0.4916","0.0730","51.56","23.12","23.56","24.77"
"2023-11-03T04:00:00.000Z","52.73","53.69","52.64","53.48","2,812,216","60.19","52.07","53.11","52.39","-0.4574","52.91","-0.2359","-0.4405","0.2046","51.56","28.33","21.67","23.96"
"2023-11-06T05:00:00.000Z","53.57","53.79","53.25","53.73","3,852,536","86.13","52.12","53.61","52.36","0.1403","52.92","-0.0707","-0.3665","0.2958","51.62","27.91","20.75","23.30"
"2023-11-07T05:00:00.000Z","53.90","54.53","53.82","54.38","3,084,832","131.26","52.23","54.05","52.37","0.8167","52.93","0.1115","-0.2709","0.3824","51.71","32.05","19.42","23.39"
"2023-11-08T05:00:00.000Z","54.51","54.75","54.25","54.60","2,946,000","148.12","52.34","54.49","52.39","1.35","52.96","0.2710","-0.1625","0.4335","51.89","32.55","18.62","23.66"
"2023-11-09T05:00:00.000Z","54.79","55.12","54.22","54.28","2,246,720","146.46","52.43","54.44","52.39","1.71","52.98","0.3667","-0.0567","0.4234","52.19","33.19","17.25","24.23"
"2023-11-10T05:00:00.000Z","54.62","55.73","54.55","55.71","3,234,848","188.44","52.56","54.99","52.45","2.01","53.04","0.5520","0.0650","0.4869","52.43","34.21","15.28","25.23"
"2023-11-13T05:00:00.000Z","55.50","55.56","55.16","55.43","4,615,392","179.78","52.66","55.57","52.50","2.26","53.10","0.6685","0.1857","0.4828","52.72","32.69","14.60","26.16"
"2023-11-14T05:00:00.000Z","56.36","56.87","56.28","56.77","4,658,312","233.51","52.84","56.10","52.58","2.58","53.16","0.8593","0.3205","0.5388","53.14","39.19","12.98","27.88"
"2023-11-15T05:00:00.000Z","57.00","57.20","56.63","56.85","3,882,312","221.11","53.00","56.81","52.69","2.90","53.22","1.00","0.4573","0.5475","53.65","40.01","12.39","29.65"
"2023-11-16T05:00:00.000Z","56.70","57.07","56.56","56.97","3,135,640","197.32","53.17","56.91","52.82","3.19","53.27","1.12","0.5893","0.5281","54.14","38.32","12.42","31.18"
"2023-11-17T05:00:00.000Z","56.90","57.16","56.73","57.00","7,452,608","182.87","53.30","56.99","52.95","3.41","53.34","1.19","0.7104","0.4845","54.62","37.63","11.96","32.65"
"2023-11-20T05:00:00.000Z","57.04","57.95","57.04","57.80","3,589,856","191.80","53.45","57.40","53.09","3.67","53.41","1.31","0.8296","0.4765","55.08","41.26","11.01","34.45"
"2023-11-21T05:00:00.000Z","57.57","57.64","57.13","57.32","9,713,696","167.28","53.58","57.56","53.24","3.67","53.47","1.34","0.9317","0.4084","55.48","38.88","10.38","36.12"
"2023-11-22T05:00:00.000Z","57.63","58.06","57.40","57.53","3,091,472","164.60","53.71","57.43","53.40","3.65","53.51","1.37","1.02","0.3492","55.85","40.01","9.72","37.90"
"2023-11-24T05:00:00.000Z","57.44","57.51","57.25","57.47","1,320,096","142.95","53.83","57.50","53.54","3.62","53.55","1.37","1.09","0.2805","56.15","38.98","10.88","39.21"
"2023-11-27T05:00:00.000Z","57.38","57.77","57.25","57.44","3,514,920","134.45","53.98","57.46","53.68","3.59","53.58","1.35","1.14","0.2109","56.42","39.52","10.36","40.59"
"2023-11-28T05:00:00.000Z","57.27","57.72","57.26","57.55","2,890,456","125.10","54.12","57.49","53.81","3.48","53.61","1.33","1.18","0.1526","56.63","37.80","9.91","41.87"
"2023-11-29T05:00:00.000Z","58.02","58.33","57.70","57.77","2,759,496","128.89","54.27","57.66","53.97","3.48","53.64","1.32","1.21","0.1116","56.88","40.84","9.16","43.40"
"2023-11-30T05:00:00.000Z","58.01","58.07","57.27","57.75","2,575,272","113.14","54.44","57.76","54.12","3.35","53.68","1.29","1.22","0.0679","57.14","37.74","12.50","43.89"
"2023-12-01T05:00:00.000Z","57.64","58.13","57.40","58.08","3,532,096","110.97","54.64","57.92","54.27","3.30","53.74","1.28","1.24","0.0468","57.30","35.65","11.64","44.38"
"2023-12-04T05:00:00.000Z","57.55","57.55","56.85","57.49","3,264,152","87.99","54.85","57.79","54.38","3.12","53.79","1.21","1.23","-0.0179","57.40","31.65","15.39","43.68"
"2023-12-05T05:00:00.000Z","57.22","57.86","57.22","57.80","7,185,376","92.18","55.07","57.65","54.50","3.00","53.84","1.17","1.22","-0.0489","57.41","32.59","14.49","43.31"
"2023-12-06T05:00:00.000Z","58.11","58.15","57.26","57.30","2,568,000","85.36","55.25","57.55","54.59","2.79","53.90","1.08","1.19","-0.1090","57.52","32.60","13.31","43.21"
"2023-12-07T05:00:00.000Z","57.51","57.99","57.37","57.92","3,070,832","85.65","55.49","57.61","54.69","2.64","53.96","1.05","1.16","-0.1123","57.57","30.52","12.46","43.13"
"2023-12-08T05:00:00.000Z","57.78","58.49","57.75","58.44","2,585,600","92.85","55.77","58.18","54.81","2.53","54.03","1.06","1.14","-0.0861","57.63","32.99","11.62","43.47"
"2023-12-11T05:00:00.000Z","58.25","58.85","58.14","58.84","5,589,320","97.61","56.06","58.64","54.96","2.57","54.13","1.08","1.13","-0.0499","57.68","34.16","10.85","44.06"
"2023-12-12T05:00:00.000Z","58.66","59.20","58.55","59.19","2,745,720","101.79","56.35","59.01","55.10","2.62","54.22","1.11","1.13","-0.0124","57.76","35.39","10.19","44.86"
"2023-12-13T05:00:00.000Z","59.34","60.00","59.16","59.87","4,744,432","113.79","56.64","59.53","55.27","2.75","54.33","1.18","1.14","0.0450","57.90","40.10","9.39","46.09"
"2023-12-14T05:00:00.000Z","60.01","60.38","59.49","59.99","4,763,648","115.09","56.92","59.93","55.45","2.92","54.45","1.23","1.16","0.0757","58.11","40.25","8.62","47.42"
"2023-12-15T05:00:00.000Z","59.96","60.56","59.96","60.28","4,424,856","117.33","57.17","60.13","55.66","3.05","54.59","1.28","1.18","0.0989","58.31","39.71","8.13","48.75"
"2023-12-18T05:00:00.000Z","60.23","60.56","60.02","60.42","9,959,208","114.62","57.40","60.35","55.89","3.12","54.73","1.32","1.21","0.1063","58.48","37.65","7.71","49.98"
"2023-12-19T05:00:00.000Z","60.34","60.63","60.31","60.63","3,066,912","116.06","57.63","60.52","56.12","3.15","54.88","1.34","1.24","0.1076","58.66","37.15","7.47","51.16"
"2023-12-20T05:00:00.000Z","60.53","60.79","59.65","59.65","3,177,368","100.81","57.80","60.14","56.32","3.02","55.02","1.27","1.24","0.0295","58.88","33.08","13.05","50.61"
"2023-12-21T05:00:00.000Z","60.25","60.49","59.84","60.39","3,268,184","104.97","58.00","60.02","56.56","2.85","55.17","1.26","1.25","0.0149","59.09","30.45","12.01","50.10"
"2023-12-22T05:00:00.000Z","60.57","60.64","60.16","60.45","3,161,912","109.86","58.20","60.42","56.82","2.66","55.32","1.24","1.25","-0.0027","59.35","30.48","11.46","49.76"
"2023-12-26T05:00:00.000Z","60.57","60.88","60.54","60.75","2,553,688","119.38","58.37","60.60","57.09","2.54","55.46","1.24","1.24","-0.0058","59.54","31.64","10.96","49.67"
"2023-12-27T05:00:00.000Z","60.78","60.89","60.52","60.81","5,111,296","120.15","58.55","60.78","57.34","2.39","55.60","1.23","1.24","-0.0151","59.79","30.42","10.69","49.55"
"2023-12-28T05:00:00.000Z","60.93","60.98","60.79","60.85","2,565,752","124.70","58.69","60.83","57.59","2.34","55.76","1.20","1.23","-0.0289","60.03","30.76","10.48","49.52"
"2023-12-29T05:00:00.000Z","60.87","60.95","60.24","60.50","4,265,120","109.53","58.81","60.67","57.81","2.25","55.91","1.15","1.22","-0.0695","60.23","28.38","15.71","48.04"
"2024-01-02T05:00:00.000Z","59.71","59.73","58.53","58.91","4,973,832","46.79","58.87","59.71","57.96","1.88","56.02","0.9616","1.17","-0.2038","60.31","23.05","29.06","45.43"
"2024-01-03T05:00:00.000Z","58.35","58.60","58.07","58.12","11,002,088","10.07","58.91","58.52","58.08","1.31","56.11","0.7426","1.08","-0.3383","60.24","21.21","31.08","43.54"
"2024-01-04T05:00:00.000Z","57.72","58.21","57.72","57.77","4,192,384","-10.95","58.91","57.95","58.18","0.7238","56.18","0.5346","0.9716","-0.4370","60.06","20.20","32.99","42.14"
"2024-01-05T05:00:00.000Z","57.78","58.25","57.56","57.79","3,491,376","-17.58","58.92","57.78","58.26","0.0983","56.25","0.3667","0.8506","-0.4840","59.89","18.84","32.30","41.01"
"2024-01-08T05:00:00.000Z","58.07","59.28","58.03","59.26","5,165,368","26.12","58.98","58.52","58.38","-0.3439","56.34","0.3483","0.7502","-0.4019","59.73","25.63","27.93","38.39"
"2024-01-09T05:00:00.000Z","58.84","59.52","58.69","59.36","2,759,288","38.73","59.05","59.31","58.51","-0.4123","56.44","0.3383","0.6678","-0.3295","59.61","25.83","25.84","35.65"
"2024-01-10T05:00:00.000Z","59.36","59.98","59.23","59.87","2,900,152","61.17","59.13","59.61","58.61","-0.2210","56.55","0.3668","0.6076","-0.2408","59.52","28.27","24.08","33.68"
"2024-01-11T05:00:00.000Z","60.14","60.38","59.24","60.08","5,998,416","68.36","59.21","59.97","58.73","0.0769","56.66","0.4017","0.5664","-0.1647","59.51","28.95","21.66","32.30"
"2024-01-12T05:00:00.000Z","60.20","60.43","59.96","60.21","3,599,384","80.86","59.29","60.14","58.81","0.4625","56.78","0.4351","0.5401","-0.1050","59.49","28.16","20.74","31.08"
"2024-01-16T05:00:00.000Z","60.02","60.53","59.74","60.30","3,925,816","76.28","59.38","60.25","58.90","0.6774","56.91","0.4634","0.5248","-0.0614","59.44","26.15","21.27","29.59"
"2024-01-17T05:00:00.000Z","59.80","59.99","59.24","59.97","3,038,472","47.43","59.44","60.13","58.97","0.7181","57.04","0.4540","0.5106","-0.0566","59.37","23.70","23.71","27.48"
"2024-01-18T05:00:00.000Z","60.74","61.16","60.45","61.13","3,996,696","110.59","59.56","60.55","59.08","0.8606","57.20","0.5345","0.5154","0.0191","59.35","31.22","21.31","26.87"
"2024-01-19T05:00:00.000Z","61.53","62.48","61.38","62.46","6,461,120","167.70","59.72","61.80","59.19","1.17","57.39","0.6973","0.5518","0.1455","59.40","38.61","18.96","27.38"
"2024-01-22T05:00:00.000Z","62.91","63.25","62.68","62.87","4,953,064","198.46","59.90","62.67","59.33","1.57","57.58","0.8495","0.6113","0.2382","59.65","42.47","17.73","28.36"
"2024-01-23T05:00:00.000Z","62.98","63.18","62.65","63.13","3,875,144","187.14","60.08","63.00","59.47","1.97","57.78","0.9799","0.6850","0.2948","60.01","40.55","17.21","29.22"
"2024-01-24T05:00:00.000Z","63.59","64.12","63.36","63.43","5,022,320","206.48","60.24","63.28","59.62","2.61","58.01","1.09","0.7670","0.3279","60.46","45.04","15.79","30.57"
"2024-01-25T05:00:00.000Z","63.97","64.22","63.29","63.59","3,732,296","197.03","60.40","63.51","59.77","3.01","58.23","1.18","0.8506","0.3342","60.93","42.43","14.57","31.88"
"2024-01-26T05:00:00.000Z","63.27","63.51","62.84","62.92","3,081,480","157.66","60.53","63.26","59.91","3.10","58.44","1.19","0.9182","0.2707","61.33","39.78","17.46","32.39"
"2024-01-29T05:00:00.000Z","63.07","63.66","62.98","63.66","3,294,336","163.36","60.65","63.29","60.06","3.01","58.65","1.24","0.9820","0.2552","61.66","38.54","16.37","32.96"
"2024-01-30T05:00:00.000Z","63.63","63.74","62.92","63.05","5,046,848","145.16","60.75","63.35","60.19","2.94","58.84","1.21","1.03","0.1841","61.99","36.51","15.23","33.54"
"2024-01-31T05:00:00.000Z","62.52","62.75","61.74","61.74","6,493,560","86.62","60.80","62.39","60.28","2.53","58.99","1.07","1.04","0.0370","62.17","32.61","23.24","32.34"
"2024-02-01T05:00:00.000Z","62.05","62.63","61.94","62.53","3,939,992","94.91","60.87","62.14","60.41","2.13","59.14","1.02","1.03","-0.0158","62.31","30.23","21.54","31.23"
"2024-02-02T05:00:00.000Z","62.11","63.32","62.04","63.15","4,120,736","110.06","60.96","62.84","60.54","1.94","59.29","1.01","1.03","-0.0185","62.47","32.61","19.36","30.82"
"2024-02-05T05:00:00.000Z","63.37","63.43","62.57","63.17","3,384,000","113.03","61.07","63.16","60.69","1.79","59.44","0.9953","1.02","-0.0267","62.75","31.23","18.05","30.53"
"2024-02-06T05:00:00.000Z","63.33","63.38","62.58","63.07","2,948,616","103.91","61.16","63.12","60.81","1.64","59.58","0.9637","1.01","-0.0467","62.95","29.24","16.89","30.26"
"2024-02-07T05:00:00.000Z","63.51","63.90","63.22","63.88","3,152,504","124.70","61.28","63.48","60.95","1.80","59.74","0.9930","1.01","-0.0139","63.10","31.45","15.77","30.47"
"2024-02-08T05:00:00.000Z","63.97","64.38","63.88","64.21","3,168,968","135.17","61.39","64.04","61.09","2.07","59.88","1.03","1.01","0.0188","63.18","34.14","15.13","31.05"
"2024-02-09T05:00:00.000Z","64.58","65.26","64.48","65.18","4,077,552","156.28","61.54","64.69","61.23","2.37","60.04","1.13","1.03","0.0913","63.31","38.43","13.82","32.20"
"2024-02-12T05:00:00.000Z","65.19","65.45","64.67","64.77","4,206,784","143.78","61.67","64.98","61.36","2.63","60.18","1.16","1.06","0.0966","63.43","37.55","12.93","33.38"
"2024-02-13T05:00:00.000Z","63.25","63.98","63.02","63.51","7,037,736","81.18","61.77","64.14","61.45","2.65","60.29","1.06","1.06","0.0043","63.37","32.50","23.87","32.09"
"2024-02-14T05:00:00.000Z","64.06","64.40","63.65","64.36","4,721,728","99.42","61.95","63.93","61.55","2.64","60.41","1.05","1.06","-0.0092","63.43","33.53","22.23","31.25"
"2024-02-15T05:00:00.000Z","64.51","64.52","63.90","64.31","2,744,680","97.51","62.16","64.33","61.64","2.56","60.53","1.02","1.05","-0.0300","63.55","32.81","21.14","30.56"
"2024-02-16T05:00:00.000Z","64.41","64.53","63.55","63.63","3,134,216","80.59","62.35","63.97","61.72","2.30","60.63","0.9317","1.03","-0.0945","63.61","30.29","22.28","29.46"
"2024-02-20T05:00:00.000Z","63.24","63.40","62.22","62.87","4,426,792","39.53","62.52","63.25","61.80","1.78","60.72","0.7921","0.9794","-0.1873","63.66","27.07","29.93","27.72"
"2024-02-21T05:00:00.000Z","62.22","62.34","61.69","62.34","5,083,568","12.05","62.62","62.61","61.85","1.40","60.80","0.6309","0.9097","-0.2788","63.67","24.70","31.21","26.57"
"2024-02-22T05:00:00.000Z","63.94","64.52","63.79","64.36","5,963,312","87.05","62.79","63.35","61.95","1.25","60.92","0.6591","0.8596","-0.2004","63.81","35.88","26.57","25.73"
"2024-02-23T05:00:00.000Z","64.77","64.93","63.94","64.15","2,767,312","87.46","62.93","64.26","62.03","1.11","61.03","0.6564","0.8189","-0.1625","63.92","36.24","24.77","25.24"
"2024-02-26T05:00:00.000Z","64.45","64.63","64.19","64.31","2,452,808","85.49","63.08","64.23","62.12","0.9925","61.14","0.6602","0.7872","-0.1270","64.01","35.00","23.93","24.78"
"2024-02-27T05:00:00.000Z","64.52","64.52","63.96","64.41","2,238,320","79.11","63.22","64.36","62.21","1.12","61.25","0.6630","0.7624","-0.0993","64.08","33.56","24.64","24.10"
"2024-02-28T05:00:00.000Z","64.18","64.28","63.87","64.11","2,094,072","68.49","63.34","64.26","62.30","1.38","61.36","0.6339","0.7367","-0.1027","64.10","32.20","24.33","23.38"
"2024-02-29T05:00:00.000Z","64.43","64.88","64.03","64.72","8,285,360","83.39","63.50","64.42","62.44","1.30","61.47","0.6528","0.7199","-0.0671","64.09","34.71","22.75","23.19"
"2024-03-01T05:00:00.000Z","64.91","66.01","64.91","65.92","3,829,240","123.25","63.66","65.32","62.64","1.34","61.61","0.7559","0.7271","0.0288","64.07","39.80","20.58","23.81"
"2024-03-04T05:00:00.000Z","65.98","66.47","65.85","66.05","3,335,816","144.36","63.78","65.99","62.85","1.51","61.75","0.8379","0.7493","0.0886","64.28","41.44","19.60","24.67"
"2024-03-05T05:00:00.000Z","65.40","65.40","64.02","64.46","4,400,152","79.16","63.83","65.25","63.01","1.47","61.87","0.7660","0.7526","0.0134","64.38","35.52","29.69","23.54"
"2024-03-06T05:00:00.000Z","65.32","65.64","64.69","65.17","3,141,240","103.27","63.90","64.82","63.16","1.52","61.99","0.7580","0.7537","0.0043","64.44","34.32","27.25","22.68"
"2024-03-07T05:00:00.000Z","65.74","66.41","65.37","66.27","2,660,992","142.40","64.00","65.72","63.33","1.66","62.12","0.8304","0.7690","0.0614","64.55","36.66","24.95","22.42"
"2024-03-08T05:00:00.000Z","66.49","67.08","65.11","65.19","4,773,176","127.78","64.05","65.73","63.47","1.67","62.22","0.7913","0.7735","0.0178","64.80","36.35","21.79","22.61"
"2024-03-11T04:00:00.000Z","64.81","65.16","64.51","64.91","2,982,256","74.84","64.12","65.05","63.59","1.35","62.32","0.7293","0.7647","-0.0353","65.00","34.72","24.82","22.18"
"2024-03-12T04:00:00.000Z","65.55","66.25","64.86","66.25","3,057,160","124.67","64.20","65.58","63.74","1.44","62.43","0.7796","0.7676","0.0119","65.12","38.65","22.58","22.47"
"2024-03-13T04:00:00.000Z","66.01","66.10","65.33","65.55","3,282,608","113.55","64.28","65.90","63.87","1.49","62.52","0.7541","0.7649","-0.0108","65.21","36.30","21.21","22.74"
"2024-03-14T04:00:00.000Z","65.75","65.95","64.87","65.30","3,202,808","93.60","64.40","65.43","64.00","1.35","62.60","0.7059","0.7531","-0.0472","65.31","33.73","22.69","22.51"
"2024-03-15T04:00:00.000Z","64.47","64.81","64.22","64.44","3,792,712","31.09","64.47","64.87","64.09","0.9905","62.67","0.5917","0.7209","-0.1291","65.31","31.32","25.39","21.65"
"2024-03-18T04:00:00.000Z","65.08","65.47","64.64","64.75","2,567,176","61.58","64.52","64.60","64.14","0.9838","62.74","0.5197","0.6806","-0.1610","65.38","33.56","23.66","21.34"
"2024-03-19T04:00:00.000Z","64.34","65.13","63.90","65.02","2,881,352","38.91","64.58","64.88","64.20","0.7408","62.83","0.4791","0.6403","-0.1612","65.37","30.88","26.60","20.35"
"2024-03-20T04:00:00.000Z","65.16","65.91","64.84","65.90","2,554,976","100.57","64.68","65.46","64.27","0.5818","62.92","0.5122","0.6147","-0.1025","65.39","33.89","24.74","20.01"
"2024-03-21T04:00:00.000Z","66.75","66.75","66.00","66.09","2,771,752","145.45","64.75","66.00","64.33","0.6545","63.01","0.5470","0.6011","-0.0542","65.45","37.52","23.35","20.24"
"2024-03-22T04:00:00.000Z","65.90","66.27","65.69","66.03","2,291,280","117.16","64.81","66.06","64.39","0.8502","63.10","0.5639","0.5937","-0.0298","65.49","36.01","24.60","20.14"
"2024-03-25T04:00:00.000Z","65.44","66.09","65.38","65.77","3,001,880","94.15","64.83","65.90","64.46","0.9047","63.18","0.5494","0.5848","-0.0354","65.50","34.20","25.56","19.74"
"2024-03-26T04:00:00.000Z","66.08","66.14","65.36","65.48","2,566,472","83.82","64.85","65.62","64.51","1.07","63.26","0.5088","0.5696","-0.0608","65.52","32.64","24.14","19.40"
"2024-03-27T04:00:00.000Z","65.91","65.91","65.06","65.64","2,699,984","71.44","64.93","65.56","64.57","1.03","63.35","0.4835","0.5524","-0.0689","65.48","30.65","24.82","18.76"
"2024-03-28T04:00:00.000Z","65.53","65.76","65.36","65.54","2,021,912","69.56","64.96","65.59","64.67","0.8294","63.46","0.4508","0.5321","-0.0812","65.54","29.70","24.06","18.17"
"2024-04-01T04:00:00.000Z","65.63","66.08","65.34","65.68","2,817,848","76.98","65.01","65.61","64.75","0.7506","63.58","0.4309","0.5118","-0.0810","65.54","30.43","22.70","17.91"
"2024-04-02T04:00:00.000Z","64.84","65.06","64.32","64.94","3,367,928","1.22","65.05","65.31","64.79","0.5535","63.70","0.3512","0.4797","-0.1285","65.45","27.36","27.99","16.71"
"2024-04-03T04:00:00.000Z","64.58","65.44","64.54","65.07","2,298,184","18.26","65.13","65.00","64.84","0.3581","63.82","0.2954","0.4429","-0.1474","65.36","28.34","26.11","15.81"
"2024-04-04T04:00:00.000Z","65.79","65.97","63.99","64.02","3,271,824","-17.40","65.18","64.54","64.86","0.2293","63.90","0.1645","0.3872","-0.2227","65.46","24.44","26.36","14.95"
"2024-04-05T04:00:00.000Z","64.36","65.13","64.09","64.80","5,891,808","-19.37","65.20","64.41","64.89","0.0276","63.99","0.1222","0.3342","-0.2120","65.41","22.57","24.35","14.16"
"2024-04-08T04:00:00.000Z","64.91","65.02","64.49","64.70","1,700,480","-14.79","65.22","64.75","64.90","-0.1843","64.08","0.0801","0.2834","-0.2032","65.45","21.73","23.44","13.42"
"2024-04-09T04:00:00.000Z","65.01","65.13","64.09","64.85","2,108,320","-18.78","65.23","64.78","64.89","-0.2542","64.15","0.0580","0.2383","-0.1803","65.44","20.12","24.59","13.17"
"2024-04-10T04:00:00.000Z","64.01","64.45","63.94","64.26","3,273,600","-61.72","65.23","64.56","64.88","-0.4781","64.22","-0.0071","0.1892","-0.1963","65.23","18.80","24.07","13.11"
"2024-04-11T04:00:00.000Z","64.53","65.64","64.20","65.50","3,925,672","20.87","65.28","64.88","64.93","-0.5125","64.31","0.0409","0.1595","-0.1187","65.12","25.19","21.65","12.71"
"2024-04-12T04:00:00.000Z","64.82","65.07","64.19","64.33","3,588,792","-38.41","65.26","64.92","64.93","-0.5142","64.38","-0.0149","0.1246","-0.1396","65.08","22.94","19.80","12.33"
"2024-04-15T04:00:00.000Z","64.85","64.88","62.97","63.11","4,416,672","-122.23","65.17","63.72","64.90","-0.6654","64.41","-0.1561","0.0685","-0.2246","64.98","20.12","25.17","12.25"
"2024-04-16T04:00:00.000Z","63.15","63.55","62.90","63.15","4,465,944","-161.30","65.07","63.13","64.89","-0.9118","64.43","-0.2619","0.0024","-0.2643","64.77","19.26","24.56","12.24"
"2024-04-17T04:00:00.000Z","63.49","63.59","62.16","62.21","3,183,912","-212.15","65.00","62.68","64.87","-1.14","64.42","-0.4167","-0.0814","-0.3353","64.61","17.47","27.11","12.91"
"2024-04-18T04:00:00.000Z","62.23","62.46","61.52","61.62","4,317,952","-283.92","64.88","61.92","64.85","-1.65","64.39","-0.5802","-0.1812","-0.3990","64.35","16.40","29.61","14.03"
"2024-04-19T04:00:00.000Z","61.34","61.56","59.78","59.99","9,087,952","-361.45","64.67","60.80","64.74","-2.30","64.33","-0.8320","-0.3113","-0.5207","64.08","14.52","37.10","16.16"
"2024-04-22T04:00:00.000Z","60.52","61.08","59.91","60.81","8,457,336","-302.37","64.52","60.40","64.66","-2.82","64.29","-0.9544","-0.4400","-0.5145","63.77","13.47","34.40","18.13"
"2024-04-23T04:00:00.000Z","61.08","61.95","60.98","61.81","4,156,264","-204.25","64.42","61.31","64.60","-3.08","64.27","-0.9598","-0.5439","-0.4159","63.41","17.95","31.95","18.83"
"2024-04-24T04:00:00.000Z","62.35","62.55","61.61","61.91","4,115,768","-158.29","64.28","61.86","64.53","-3.15","64.24","-0.9452","-0.6242","-0.3210","63.25","20.69","30.04","18.81"
"2024-04-25T04:00:00.000Z","61.08","62.14","60.88","61.93","3,838,464","-164.60","64.15","61.92","64.48","-3.12","64.22","-0.9210","-0.6835","-0.2374","62.96","19.05","32.27","19.30"
"2024-04-26T04:00:00.000Z","62.50","63.35","62.30","62.99","2,915,448","-86.53","64.08","62.46","64.44","-2.59","64.24","-0.8067","-0.7082","-0.0986","62.76","24.87","29.44","18.53"
"2024-04-29T04:00:00.000Z","63.26","63.38","62.85","63.24","3,152,752","-66.49","64.04","63.12","64.37","-2.02","64.25","-0.6881","-0.7042","0.0161","62.71","24.17","28.46","17.78"
"2024-04-30T04:00:00.000Z","63.01","63.25","61.83","61.84","2,377,056","-103.47","63.94","62.54","64.26","-1.71","64.23","-0.6991","-0.7032","0.0040","62.59","22.02","32.32","17.87"
"2024-05-01T04:00:00.000Z","61.51","62.58","60.94","61.17","3,247,000","-129.87","63.81","61.51","64.18","-1.66","64.20","-0.7532","-0.7132","-0.0400","62.34","19.83","34.54","18.52"
"2024-05-02T04:00:00.000Z","61.91","62.17","61.04","62.01","2,541,240","-111.70","63.68","61.59","64.10","-1.53","64.18","-0.7203","-0.7146","-0.0057","62.11","18.46","32.15","19.13"
"2024-05-03T04:00:00.000Z","63.35","63.89","63.34","63.68","3,508,648","-20.66","63.60","62.85","64.04","-1.34","64.18","-0.5527","-0.6822","0.1295","62.12","26.47","28.61","18.05"
"2024-05-06T04:00:00.000Z","63.93","64.64","63.92","64.60","2,284,280","16.84","63.55","64.14","64.02","-1.09","64.18","-0.3416","-0.6141","0.2725","62.16","29.41","26.98","17.06"
"2024-05-07T04:00:00.000Z","64.70","64.75","64.32","64.33","1,947,896","21.25","63.51","64.47","64.01","-0.6892","64.17","-0.1938","-0.5300","0.3362","62.35","29.31","26.26","16.24"
"2024-05-08T04:00:00.000Z","64.08","64.49","63.96","64.43","1,691,408","14.85","63.47","64.38","63.96","-0.1619","64.16","-0.0684","-0.4377","0.3693","62.56","28.30","27.71","15.15"
"2024-05-09T04:00:00.000Z","64.39","64.44","64.00","64.36","3,096,808","15.65","63.43","64.40","63.93","0.4238","64.18","0.0256","-0.3450","0.3706","62.86","27.45","26.88","14.14"
"2024-05-10T04:00:00.000Z","64.69","65.02","64.36","64.53","1,829,520","35.72","63.40","64.45","63.91","0.6769","64.18","0.1124","-0.2535","0.3660","63.14","30.23","25.65","13.72"
"2024-05-13T04:00:00.000Z","65.00","65.10","64.65","64.85","2,198,864","46.59","63.37","64.69","63.92","0.8211","64.19","0.2043","-0.1620","0.3662","63.34","29.56","24.61","13.39"
"2024-05-14T04:00:00.000Z","64.82","65.57","64.82","65.52","1,822,480","67.86","63.39","65.18","63.94","0.9693","64.22","0.3271","-0.0642","0.3913","63.63","31.38","23.26","13.49"
"2024-05-15T04:00:00.000Z","65.97","67.04","65.93","67.02","2,849,408","130.34","63.45","66.27","63.99","1.39","64.29","0.5393","0.0565","0.4828","63.89","38.35","20.77","14.66"
"2024-05-16T04:00:00.000Z","67.12","67.28","66.73","66.73","2,905,616","138.57","63.54","66.87","64.01","1.91","64.36","0.6768","0.1806","0.4962","64.19","38.59","19.94","15.89"
"2024-05-17T04:00:00.000Z","66.92","66.95","66.20","66.57","2,498,512","121.27","63.60","66.65","64.03","2.26","64.40","0.7639","0.2973","0.4666","64.49","36.45","22.75","16.40"
"2024-05-20T04:00:00.000Z","66.72","67.54","66.68","67.41","2,975,096","147.96","63.69","66.99","64.06","2.63","64.45","0.8907","0.4159","0.4747","64.89","38.18","21.12","17.29"
"2024-05-21T04:00:00.000Z","67.12","67.55","66.97","67.48","2,179,736","148.61","63.78","67.44","64.10","2.98","64.51","0.9849","0.5297","0.4552","65.29","36.55","20.19","18.11"
"2024-05-22T04:00:00.000Z","67.61","67.77","67.07","67.49","3,801,120","148.46","63.89","67.48","64.15","3.09","64.56","1.05","0.6336","0.4153","65.62","36.33","19.09","19.04"
"2024-05-23T04:00:00.000Z","68.64","68.66","67.21","67.50","4,153,424","156.89","63.95","67.50","64.20","3.18","64.61","1.09","0.7243","0.3631","65.98","38.99","17.03","20.48"
"2024-05-24T04:00:00.000Z","67.65","68.24","67.46","68.15","2,294,312","156.39","64.08","67.83","64.26","3.35","64.67","1.16","0.8110","0.3466","66.21","36.70","16.03","21.82"
"2024-05-28T04:00:00.000Z","68.71","68.98","68.31","68.74","2,983,392","176.56","64.27","68.45","64.34","3.53","64.72","1.25","0.8980","0.3481","66.57","40.03","15.03","23.50"
"2024-05-29T04:00:00.000Z","68.14","68.73","68.03","68.50","2,501,320","154.30","64.45","68.62","64.43","3.63","64.76","1.28","0.9748","0.3073","66.85","37.81","16.37","24.65"
"2024-05-30T04:00:00.000Z","67.92","67.98","66.61","66.89","4,379,576","100.28","64.60","67.69","64.48","3.54","64.80","1.17","1.01","0.1537","67.10","32.65","24.35","23.93"
"2024-05-31T04:00:00.000Z","67.13","67.13","65.33","66.83","4,367,680","69.39","64.78","66.86","64.55","3.15","64.83","1.06","1.02","0.0363","67.27","28.65","30.07","22.39"
"2024-06-03T04:00:00.000Z","67.50","67.50","66.28","67.18","3,091,568","84.81","65.02","67.00","64.61","2.87","64.84","0.9898","1.02","-0.0260","67.47","28.76","27.59","20.94"
"2024-06-04T04:00:00.000Z","67.13","67.34","66.72","67.22","2,493,992","83.79","65.23","67.20","64.67","2.44","64.88","0.9278","0.9982","-0.0704","67.56","27.53","26.41","19.59"
"2024-06-05T04:00:00.000Z","67.87","68.99","67.73","68.93","3,935,128","123.77","65.47","68.08","64.77","2.27","64.94","1.01","0.9996","0.0057","67.62","35.21","23.33","19.64"
"2024-06-06T04:00:00.000Z","69.13","69.25","68.49","68.74","3,063,512","123.36","65.70","68.83","64.88","2.39","64.99","1.04","1.01","0.0315","67.79","35.17","22.14","19.86"
"2024-06-07T04:00:00.000Z","68.63","68.96","68.34","68.73","2,337,360","110.87","65.92","68.73","64.96","2.64","65.04","1.05","1.02","0.0366","67.93","33.65","22.25","19.90"
"2024-06-10T04:00:00.000Z","68.44","69.17","68.37","68.97","2,583,544","108.02","66.12","68.85","65.08","2.77","65.10","1.07","1.03","0.0437","68.04","33.24","21.00","20.09"
"2024-06-11T04:00:00.000Z","68.83","69.94","68.73","69.94","3,842,128","119.80","66.34","69.45","65.25","3.00","65.19","1.15","1.05","0.0982","68.13","35.77","19.23","20.80"
"2024-06-12T04:00:00.000Z","70.77","72.17","70.70","71.44","3,524,456","160.12","66.66","70.69","65.46","3.34","65.30","1.32","1.11","0.2137","68.30","44.99","16.47","22.63"
"2024-06-13T04:00:00.000Z","72.37","72.52","71.66","72.15","3,266,888","166.07","67.03","71.79","65.71","3.67","65.42","1.49","1.18","0.3098","68.66","44.12","15.33","24.48"
"2024-06-14T04:00:00.000Z","72.06","72.47","71.89","72.43","3,114,736","160.52","67.38","72.29","65.98","4.10","65.53","1.63","1.27","0.3609","68.92","42.40","14.73","26.19"
"2024-06-17T04:00:00.000Z","72.61","73.58","72.30","73.31","3,342,040","173.25","67.70","72.87","66.31","4.65","65.65","1.80","1.38","0.4187","69.26","46.16","13.49","28.23"
"2024-06-18T04:00:00.000Z","73.38","73.77","73.21","73.60","3,729,656","177.95","68.00","73.46","66.63","5.16","65.78","1.93","1.49","0.4392","69.68","45.69","12.97","30.19"
"2024-06-20T04:00:00.000Z","74.10","74.14","72.28","72.59","4,934,296","157.11","68.27","73.10","66.90","5.17","65.89","1.93","1.58","0.3511","70.22","40.20","17.45","30.86"
"2024-06-21T04:00:00.000Z","72.38","72.77","71.72","72.22","3,866,384","131.47","68.53","72.41","67.16","4.89","66.00","1.87","1.64","0.2390","70.59","37.46","19.89","30.84"
"2024-06-24T04:00:00.000Z","71.82","72.00","70.87","70.89","4,210,072","101.33","68.75","71.56","67.38","4.51","66.09","1.71","1.65","0.0568","70.95","34.24","23.59","29.95"
"2024-06-25T04:00:00.000Z","71.29","71.93","71.05","71.91","2,479,848","104.91","69.00","71.40","67.60","4.01","66.20","1.64","1.65","-0.0106","71.22","31.97","22.02","29.13"
"2024-06-26T04:00:00.000Z","71.89","72.24","71.60","72.05","4,519,512","107.44","69.24","71.98","67.82","3.48","66.30","1.57","1.63","-0.0582","71.43","32.71","21.09","28.59"
"2024-06-27T04:00:00.000Z","72.03","72.47","71.95","72.19","3,979,552","107.65","69.46","72.12","68.08","3.04","66.42","1.52","1.61","-0.0906","71.69","33.09","20.35","28.25"
"2024-06-28T04:00:00.000Z","72.54","73.26","72.00","72.07","3,043,552","108.43","69.63","72.13","68.35","2.88","66.54","1.45","1.58","-0.1286","72.01","35.66","18.61","28.48"
"2024-07-01T04:00:00.000Z","72.25","72.89","71.36","72.78","4,726,520","101.02","69.83","72.43","68.62","2.79","66.69","1.43","1.55","-0.1150","72.27","32.10","20.92","27.95"
"2024-07-02T04:00:00.000Z","72.37","73.27","72.31","73.27","2,935,032","110.48","70.05","73.02","68.86","2.82","66.83","1.44","1.53","-0.0836","72.39","32.58","19.60","27.73"
"2024-07-03T04:00:00.000Z","73.20","74.13","73.18","74.11","3,024,376","124.15","70.28","73.69","69.10","2.92","66.98","1.50","1.52","-0.0195","72.46","36.28","18.36","28.09"
"2024-07-05T04:00:00.000Z","74.18","74.68","74.00","74.49","4,102,976","129.93","70.51","74.30","69.35","3.11","67.14","1.56","1.53","0.0319","72.62","38.37","17.50","28.75"
"2024-07-08T04:00:00.000Z","74.75","75.06","74.56","74.99","3,916,656","133.37","70.76","74.74","69.62","3.32","67.32","1.63","1.55","0.0804","72.78","39.53","16.79","29.58"
"2024-07-09T04:00:00.000Z","75.29","75.38","74.47","74.83","3,111,736","125.88","71.00","74.91","69.88","3.64","67.48","1.65","1.57","0.0823","72.93","39.21","15.69","30.53"
"2024-07-10T04:00:00.000Z","75.27","75.89","74.99","75.86","3,171,480","134.68","71.26","75.34","70.16","3.92","67.67","1.73","1.60","0.1304","73.02","39.87","14.51","31.68"
"2024-07-11T04:00:00.000Z","76.07","76.07","74.07","74.39","5,795,240","111.00","71.45","75.13","70.40","3.97","67.86","1.66","1.62","0.0458","73.30","34.59","18.71","31.55"
"2024-07-12T04:00:00.000Z","74.57","75.75","74.38","75.09","5,523,816","111.40","71.67","74.74","70.64","3.89","68.06","1.64","1.62","0.0198","73.52","31.49","17.03","31.42"
"2024-07-15T04:00:00.000Z","75.69","76.14","75.10","75.47","4,792,416","118.06","71.96","75.28","70.85","3.83","68.28","1.64","1.62","0.0123","73.85","31.88","15.86","31.57"
"2024-07-16T04:00:00.000Z","75.72","75.80","74.91","75.56","3,374,168","109.67","72.25","75.52","71.07","3.69","68.51","1.62","1.62","-0.0020","74.15","30.01","16.18","31.46"
"2024-07-17T04:00:00.000Z","73.88","74.01","72.75","72.84","6,105,752","52.00","72.44","74.20","71.23","3.14","68.73","1.37","1.57","-0.1994","74.29","25.00","26.31","29.39"
"2024-07-18T04:00:00.000Z","73.42","73.49","71.74","72.46","9,515,088","33.44","72.61","72.65","71.36","2.53","68.92","1.13","1.49","-0.3512","74.36","22.49","29.45","28.25"
"2024-07-19T04:00:00.000Z","72.26","72.59","71.45","71.60","3,269,168","12.84","72.70","72.03","71.46","1.78","69.08","0.8650","1.36","-0.4964","74.36","21.00","29.18","27.40"
"2024-07-22T04:00:00.000Z","72.47","73.06","72.07","73.03","3,532,616","34.02","72.84","72.32","71.60","0.9815","69.27","0.7580","1.24","-0.4827","74.37","21.92","26.74","26.15"
"2024-07-23T04:00:00.000Z","72.81","73.48","72.66","72.89","3,251,400","40.42","72.98","72.96","71.73","0.3434","69.45","0.6547","1.12","-0.4688","74.34","23.32","25.46","24.59"
"2024-07-24T04:00:00.000Z","72.06","72.25","69.82","70.03","5,790,096","-33.36","73.02","71.46","71.78","-0.2428","69.57","0.3381","0.9664","-0.6283","74.17","19.54","36.32","24.98"
"2024-07-25T04:00:00.000Z","69.94","71.03","68.41","69.37","5,315,656","-69.79","73.00","69.70","71.80","-0.8615","69.67","0.0336","0.7799","-0.7462","73.80","17.00","38.59","25.97"
"2024-07-26T04:00:00.000Z","70.38","70.74","69.79","70.19","3,784,432","-52.17","72.96","69.78","71.84","-1.25","69.81","-0.1398","0.5959","-0.7357","73.43","15.85","35.97","26.89"
"2024-07-29T04:00:00.000Z","70.75","71.00","69.74","69.94","3,352,712","-57.98","72.88","70.07","71.91","-1.74","69.96","-0.2947","0.4178","-0.7125","73.08","16.16","33.70","27.48"
"2024-07-30T04:00:00.000Z","70.21","70.35","68.03","68.60","3,631,000","-107.24","72.75","69.27","71.96","-2.53","70.07","-0.5192","0.2304","-0.7496","72.63","14.36","38.16","28.76"
"2024-07-31T04:00:00.000Z","70.45","71.36","70.00","71.00","3,399,096","-48.79","72.68","69.80","72.05","-2.64","70.19","-0.4977","0.0848","-0.5825","72.31","17.13","33.41","29.00"
"2024-08-01T04:00:00.000Z","70.93","71.55","67.87","68.44","5,325,904","-112.51","72.51","69.72","72.09","-2.59","70.25","-0.6799","-0.0682","-0.6118","71.94","14.53","37.12","30.05"
"2024-08-02T04:00:00.000Z","66.87","67.38","65.91","66.76","6,441,520","-207.75","72.31","67.60","72.03","-3.16","70.29","-0.9489","-0.2443","-0.7046","71.26","13.06","41.22","31.61"
"2024-08-05T04:00:00.000Z","61.88","65.63","61.77","64.42","11,225,864","-285.39","72.05","65.59","71.92","-4.24","70.29","-1.34","-0.4625","-0.8727","70.34","10.75","48.60","33.91"
"2024-08-06T04:00:00.000Z","64.97","66.26","64.16","65.06","5,971,280","-225.80","71.86","64.74","71.83","-4.81","70.30","-1.57","-0.6843","-0.8872","69.69","12.18","45.00","35.59"
"2024-08-07T04:00:00.000Z","66.32","66.90","64.20","64.30","5,259,952","-211.18","71.60","64.68","71.71","-5.60","70.30","-1.80","-0.9072","-0.8918","69.23","13.26","40.81","36.69"
"2024-08-08T04:00:00.000Z","65.50","66.68","64.51","66.53","3,279,720","-174.31","71.42","65.42","71.63","-6.20","70.33","-1.78","-1.08","-0.6976","68.70","12.18","37.50","37.70"
"2024-08-09T04:00:00.000Z","66.40","67.20","66.11","66.95","3,382,168","-135.83","71.24","66.74","71.52","-6.04","70.35","-1.71","-1.21","-0.5023","68.20","13.57","36.05","38.25"
"2024-08-12T04:00:00.000Z","67.13","67.85","66.81","67.30","3,023,752","-110.73","71.09","67.13","71.40","-5.19","70.36","-1.61","-1.29","-0.3204","67.83","15.41","34.69","38.27"
"2024-08-13T04:00:00.000Z","67.98","69.27","67.98","69.25","4,966,968","-66.13","70.97","68.28","71.32","-4.42","70.40","-1.35","-1.30","-0.0538","67.67","19.49","32.20","37.29"
"2024-08-14T04:00:00.000Z","69.63","69.89","68.74","69.55","3,368,864","-48.54","70.84","69.40","71.22","-3.59","70.45","-1.12","-1.26","0.1475","67.62","21.01","30.80","35.97"
"2024-08-15T04:00:00.000Z","70.44","71.49","70.38","71.42","3,486,808","-2.72","70.75","70.49","71.17","-2.49","70.52","-0.7678","-1.16","0.3969","67.59","25.48","28.55","33.81"
"2024-08-16T04:00:00.000Z","71.16","71.75","70.91","71.59","3,007,184","6.89","70.66","71.51","71.14","-1.51","70.58","-0.4728","-1.03","0.5535","67.67","25.66","27.62","31.66"
"2024-08-19T04:00:00.000Z","71.50","72.59","71.11","72.59","4,010,296","25.25","70.58","72.09","71.15","-0.6031","70.67","-0.1567","-0.8524","0.6957","67.75","27.50","25.99","29.60"
"2024-08-20T04:00:00.000Z","72.45","72.80","71.96","72.34","3,182,808","31.61","70.49","72.47","71.19","0.1605","70.75","0.0734","-0.6672","0.7406","67.86","27.42","25.10","27.80"
"2024-08-21T04:00:00.000Z","72.36","72.99","72.20","72.75","2,658,904","38.05","70.39","72.55","71.21","0.8474","70.83","0.2857","-0.4766","0.7623","68.29","27.32","24.24","26.24"
"2024-08-22T04:00:00.000Z","73.13","73.27","71.16","71.23","4,973,392","18.06","70.29","71.99","71.19","1.17","70.87","0.3272","-0.3159","0.6431","69.15","24.89","26.45","24.58"
"2024-08-23T04:00:00.000Z","71.96","72.76","71.69","72.50","3,362,888","29.28","70.20","71.87","71.20","1.42","70.93","0.4573","-0.1612","0.6185","69.69","23.27","24.73","23.04"
"2024-08-26T04:00:00.000Z","72.54","72.70","71.43","71.81","2,830,224","20.80","70.08","72.16","71.19","1.55","71.02","0.4992","-0.0291","0.5284","70.17","21.99","24.48","21.78"
"2024-08-27T04:00:00.000Z","71.31","72.27","71.02","72.15","2,420,632","16.73","69.96","71.98","71.17","1.51","71.11","0.5531","0.0873","0.4658","70.62","20.79","24.94","20.87"
"2024-08-28T04:00:00.000Z","72.05","72.17","70.66","71.20","2,856,944","5.34","69.91","71.67","71.12","1.39","71.17","0.5132","0.1725","0.3407","71.05","19.40","24.87","20.26"
"2024-08-29T04:00:00.000Z","71.40","72.38","70.85","71.01","3,172,256","9.06","69.86","71.10","71.05","1.37","71.24","0.4609","0.2302","0.2307","71.38","19.02","23.19","19.52"
"2024-08-30T04:00:00.000Z","71.63","71.95","70.94","71.75","2,257,048","14.98","69.87","71.38","70.98","1.33","71.28","0.4735","0.2788","0.1946","71.66","18.14","22.12","18.83"
"2024-09-03T04:00:00.000Z","71.14","71.14","68.20","68.59","4,990,552","-44.74","69.72","70.17","70.82","1.02","71.28","0.2259","0.2682","-0.0424","71.78","15.45","30.28","19.80"
"2024-09-04T04:00:00.000Z","67.90","68.99","67.61","68.44","3,815,168","-68.11","69.57","68.51","70.66","0.5026","71.28","0.0175","0.2181","-0.2006","71.58","14.54","31.00","20.97"
"2024-09-05T04:00:00.000Z","68.01","69.07","67.89","68.29","2,816,616","-61.95","69.51","68.36","70.47","0.0382","71.26","-0.1581","0.1429","-0.3009","71.34","14.15","29.42","21.97"
"2024-09-06T04:00:00.000Z","68.34","68.46","66.36","66.65","5,536,872","-93.55","69.42","67.47","70.27","-0.6674","71.21","-0.4247","0.0294","-0.4540","71.09","12.89","33.32","23.56"
"2024-09-09T04:00:00.000Z","67.31","67.65","66.74","67.55","2,603,560","-84.08","69.33","67.10","70.09","-1.36","71.14","-0.5569","-0.0879","-0.4690","70.70","12.32","31.85","25.04"
"2024-09-10T04:00:00.000Z","67.77","68.29","67.17","68.23","4,584,912","-62.65","69.28","67.89","69.90","-1.59","71.08","-0.5995","-0.1902","-0.4093","70.34","14.56","30.26","25.75"
"2024-09-11T04:00:00.000Z","68.46","70.29","67.42","70.20","3,864,512","-15.93","69.33","69.21","69.77","-1.41","71.04","-0.4692","-0.2460","-0.2232","69.99","21.27","26.58","24.70"
"2024-09-12T04:00:00.000Z","70.20","71.03","69.64","70.74","3,342,760","24.48","69.32","70.47","69.72","-1.06","71.00","-0.3187","-0.2606","-0.0582","69.85","23.15","25.00","23.21"
"2024-09-13T04:00:00.000Z","70.89","71.37","70.68","71.16","2,505,232","46.46","69.41","70.95","69.69","-0.3613","70.96","-0.1639","-0.2412","0.0774","69.72","23.98","24.23","21.59"
"2024-09-16T04:00:00.000Z","70.52","70.92","70.12","70.74","2,273,008","31.93","69.54","70.95","69.66","0.2992","70.93","-0.0740","-0.2078","0.1338","69.66","22.84","25.66","20.47"
"2024-09-17T04:00:00.000Z","71.26","71.38","70.31","70.70","2,006,024","41.51","69.75","70.72","69.61","0.8720","70.90","-0.0056","-0.1673","0.1617","69.60","23.82","24.37","19.09"
"2024-09-18T04:00:00.000Z","70.91","71.62","70.29","70.38","3,575,816","43.52","69.93","70.54","69.54","1.28","70.89","0.0220","-0.1295","0.1515","69.56","23.48","22.83","17.83"
"2024-09-19T04:00:00.000Z","72.25","72.88","71.99","72.46","4,103,336","100.55","70.20","71.42","69.60","1.62","70.90","0.2094","-0.0617","0.2711","69.61","26.51","20.24","17.51"
"2024-09-20T04:00:00.000Z","72.29","72.59","71.71","72.20","2,511,584","85.90","70.39","72.33","69.67","1.69","70.90","0.3336","0.0174","0.3162","69.70","25.41","20.73","16.98"
"2024-09-23T04:00:00.000Z","72.30","72.34","71.99","72.18","3,055,952","82.43","70.56","72.19","69.72","1.77","70.90","0.4251","0.0989","0.3262","70.04","24.97","20.38","16.49"
"2024-09-24T04:00:00.000Z","72.49","72.84","71.69","72.83","2,599,488","87.96","70.75","72.50","69.80","1.84","70.92","0.5439","0.1879","0.3560","70.38","26.07","19.19","16.40"
"2024-09-25T04:00:00.000Z","72.59","73.25","72.59","72.88","2,404,080","97.39","70.87","72.85","69.90","2.02","70.92","0.6347","0.2773","0.3574","70.71","27.27","18.54","16.59"
"2024-09-26T04:00:00.000Z","74.21","74.28","73.01","73.78","3,957,504","116.83","71.01","73.33","69.97","2.02","70.93","0.7707","0.3760","0.3947","71.24","30.66","17.18","17.42"
"2024-09-27T04:00:00.000Z","73.83","73.83","72.73","73.12","2,637,976","97.27","71.07","73.45","70.09","2.06","70.91","0.8157","0.4639","0.3518","71.71","28.88","17.65","17.90"
"2024-09-30T04:00:00.000Z","72.78","73.36","72.44","73.31","4,310,008","88.52","71.12","73.22","70.25","2.04","70.89","0.8572","0.5426","0.3146","72.04","27.45","18.38","18.03"
"2024-10-01T04:00:00.000Z","73.13","73.13","71.03","71.47","4,869,344","50.25","71.09","72.39","70.43","1.90","70.83","0.7330","0.5806","0.1523","72.26","24.23","23.45","16.86"
"2024-10-02T04:00:00.000Z","71.43","72.27","71.00","71.92","2,305,008","43.07","71.07","71.70","70.60","1.58","70.78","0.6632","0.5972","0.0660","72.31","22.64","22.05","15.75"
"2024-10-03T04:00:00.000Z","71.73","72.75","71.69","72.20","2,632,912","59.27","71.06","72.06","70.80","1.25","70.72","0.6235","0.6024","0.0211","72.40","23.92","20.83","15.12"
"2024-10-04T04:00:00.000Z","73.24","73.24","72.28","73.13","2,840,488","84.85","71.12","72.67","70.96","1.11","70.70","0.6591","0.6138","0.0453","72.55","25.22","19.67","14.92"
"2024-10-07T04:00:00.000Z","72.78","73.28","72.48","72.61","2,870,512","79.51","71.12","72.87","71.10","1.07","70.66","0.6376","0.6185","0.0191","72.70","24.32","18.81","14.77"
"2024-10-08T04:00:00.000Z","73.08","74.04","72.97","73.93","2,663,648","117.46","71.19","73.27","71.27","1.33","70.64","0.7191","0.6386","0.0804","72.76","26.56","17.33","15.22"
"2024-10-09T04:00:00.000Z","73.95","74.82","73.82","74.76","3,749,864","152.50","71.28","74.34","71.41","1.81","70.62","0.8407","0.6791","0.1617","72.89","29.45","16.37","16.17"
"2024-10-10T04:00:00.000Z","74.25","74.95","74.03","74.82","4,061,904","152.58","71.40","74.79","71.54","2.20","70.65","0.9318","0.7296","0.2022","73.04","28.62","15.51","17.14"
"2024-10-11T04:00:00.000Z","74.64","75.21","74.59","75.06","2,567,112","158.73","71.53","74.94","71.63","2.55","70.70","1.01","0.7859","0.2252","73.20","29.11","14.95","18.21"
"2024-10-14T04:00:00.000Z","75.55","76.18","75.52","75.98","3,144,800","187.89","71.68","75.52","71.74","3.03","70.77","1.14","0.8559","0.2799","73.43","32.92","13.96","19.80"
"2024-10-15T04:00:00.000Z","76.11","76.26","74.34","74.61","3,642,920","142.14","71.88","75.30","71.79","3.28","70.80","1.11","0.9070","0.2043","73.58","29.33","19.13","19.89"
"2024-10-16T04:00:00.000Z","74.89","75.01","74.06","74.89","2,239,144","118.02","72.09","74.75","71.85","3.23","70.83","1.10","0.9459","0.1556","73.66","27.72","19.73","19.67"
"2024-10-17T04:00:00.000Z","75.90","75.99","75.16","75.19","3,032,584","142.81","72.32","75.04","71.92","3.33","70.92","1.10","0.9776","0.1271","73.90","31.68","18.47","20.14"
"2024-10-18T04:00:00.000Z","75.70","75.70","75.32","75.44","2,438,656","134.41","72.62","75.32","72.02","3.33","71.02","1.12","1.01","0.1102","74.10","30.69","17.89","20.59"
"2024-10-21T04:00:00.000Z","75.23","75.88","75.11","75.87","2,782,960","130.20","72.89","75.66","72.11","3.09","71.11","1.14","1.03","0.1115","74.39","29.22","18.39","20.74"
"2024-10-22T04:00:00.000Z","75.51","76.05","75.26","75.81","3,076,744","124.71","73.15","75.84","72.21","2.95","71.21","1.15","1.06","0.0937","74.68","28.85","17.46","21.02"
"2024-10-23T04:00:00.000Z","75.50","75.61","73.95","74.64","3,583,424","85.46","73.29","75.23","72.27","2.81","71.31","1.05","1.05","-0.0071","74.85","25.59","23.44","19.83"
"2024-10-24T04:00:00.000Z","74.95","75.06","74.41","74.89","2,189,896","82.81","73.43","74.76","72.36","2.43","71.38","0.9755","1.04","-0.0633","75.02","24.55","22.48","18.73"
"2024-10-25T04:00:00.000Z","75.24","76.07","75.12","75.25","3,286,496","100.30","73.57","75.07","72.47","2.20","71.49","0.9363","1.02","-0.0821","75.18","29.07","20.82","18.57"
"2024-10-28T04:00:00.000Z","75.80","75.80","75.36","75.40","2,640,848","96.02","73.72","75.32","72.56","1.98","71.63","0.9071","0.9961","-0.0890","75.33","28.03","20.07","18.42"
"2024-10-29T04:00:00.000Z","75.50","76.51","75.19","76.29","3,361,768","106.53","73.91","75.84","72.75","1.82","71.83","0.9450","0.9859","-0.0409","75.42","30.22","18.38","18.85"
"2024-10-30T04:00:00.000Z","75.78","76.00","75.21","75.29","3,105,280","87.38","74.07","75.79","72.92","1.83","72.00","0.8841","0.9655","-0.0814","75.51","28.12","17.10","19.25"
"2024-10-31T04:00:00.000Z","74.47","74.47","72.75","72.79","5,942,720","11.95","74.08","74.04","73.03","1.53","72.14","0.6268","0.8978","-0.2710","75.43","23.91","29.01","18.56"
"2024-11-01T04:00:00.000Z","72.92","73.88","72.88","73.31","3,330,496","7.70","74.12","73.05","73.20","0.9975","72.26","0.4595","0.8101","-0.3506","75.18","22.37","27.14","17.92"
"2024-11-04T05:00:00.000Z","73.36","73.80","72.92","73.24","2,911,144","0.7027","74.16","73.27","73.34","0.4797","72.36","0.3176","0.7116","-0.3940","75.07","21.18","25.69","17.33"
"2024-11-05T05:00:00.000Z","73.42","74.33","73.42","74.30","2,515,184","25.31","74.21","73.77","73.49","-0.0007","72.48","0.2875","0.6268","-0.3393","74.87","23.01","23.98","16.24"
"2024-11-06T05:00:00.000Z","75.87","76.77","75.67","76.63","5,134,568","125.24","74.33","75.46","73.65","0.0108","72.60","0.4462","0.5907","-0.1445","74.89","33.55","20.64","16.78"
"2024-11-07T05:00:00.000Z","77.23","78.22","77.19","78.20","4,263,896","182.14","74.48","77.41","73.84","0.6659","72.74","0.6908","0.6107","0.0801","75.04","38.60","18.83","18.04"
"2024-11-08T05:00:00.000Z","78.17","78.31","77.76","78.06","3,448,864","177.79","74.64","78.13","74.01","1.43","72.85","0.8635","0.6613","0.2023","75.25","37.91","18.24","19.26"
"2024-11-11T05:00:00.000Z","78.24","78.24","77.27","77.74","3,454,624","156.29","74.79","77.90","74.19","2.14","72.96","0.9636","0.7217","0.2419","75.46","35.77","20.08","19.89"
"2024-11-12T05:00:00.000Z","77.75","78.01","77.27","77.88","3,240,432","147.87","75.00","77.81","74.37","2.76","73.05","1.04","0.7858","0.2561","75.67","34.17","19.19","20.47"
"2024-11-13T05:00:00.000Z","77.75","78.20","77.40","77.56","5,676,520","142.19","75.19","77.72","74.55","2.95","73.13","1.07","0.8419","0.2245","75.87","33.65","18.24","21.13"
"2024-11-14T05:00:00.000Z","77.66","77.83","77.08","77.25","2,888,224","121.08","75.36","77.41","74.67","2.78","73.21","1.05","0.8832","0.1651","76.01","32.06","19.39","21.38"
"2024-11-15T05:00:00.000Z","76.46","76.46","75.04","75.37","4,914,696","40.61","75.43","76.31","74.75","2.24","73.28","0.8722","0.8810","-0.0088","76.08","27.86","28.99","20.00"
"2024-11-18T05:00:00.000Z","75.37","75.91","74.99","75.59","3,442,704","32.14","75.53","75.48","74.83","1.68","73.33","0.7420","0.8532","-0.1112","76.05","26.31","27.69","18.75"
"2024-11-19T05:00:00.000Z","75.20","76.56","75.13","76.52","3,313,880","55.98","75.62","76.06","74.92","1.19","73.41","0.7058","0.8237","-0.1179","76.11","27.93","25.33","17.76"
"2024-11-20T05:00:00.000Z","76.62","76.62","75.53","76.60","3,032,008","61.87","75.68","76.56","75.02","0.7356","73.48","0.6759","0.7941","-0.1182","76.39","26.51","23.68","16.89"
"2024-11-21T05:00:00.000Z","77.44","77.91","76.19","77.41","3,705,720","101.27","75.77","77.01","75.11","0.5275","73.58","0.7092","0.7772","-0.0680","76.71","31.32","21.32","17.04"
"2024-11-22T05:00:00.000Z","77.36","77.75","77.13","77.70","4,297,808","112.99","75.86","77.55","75.22","0.7320","73.70","0.7501","0.7718","-0.0216","77.01","30.14","20.51","17.18"
"2024-11-25T05:00:00.000Z","78.31","78.45","77.38","77.66","5,584,384","122.16","75.91","77.68","75.33","1.10","73.79","0.7708","0.7716","-0.0008","77.20","32.37","19.18","17.78"
"2024-11-26T05:00:00.000Z","77.96","78.28","77.65","77.90","2,853,288","124.73","76.02","77.78","75.49","1.41","73.95","0.7969","0.7766","0.0203","77.25","31.09","18.42","18.34"
"2024-11-27T05:00:00.000Z","77.60","77.60","76.31","77.09","3,337,544","74.56","76.09","77.50","75.62","1.52","74.09","0.7443","0.7702","-0.0258","77.21","28.09","24.77","17.48"
"2024-11-29T05:00:00.000Z","77.31","77.98","77.23","77.78","1,688,984","103.90","76.18","77.44","75.76","1.55","74.25","0.7494","0.7660","-0.0166","77.14","28.90","23.41","16.98"
"2024-12-02T05:00:00.000Z","77.94","78.83","77.89","78.55","3,458,160","135.80","76.28","78.16","75.90","1.66","74.45","0.8059","0.7740","0.0319","77.15","32.33","21.87","17.15"
"2024-12-03T05:00:00.000Z","78.34","78.98","78.13","78.95","2,441,856","141.03","76.39","78.75","76.05","1.69","74.64","0.8735","0.7939","0.0796","77.20","31.48","20.69","17.40"
"2024-12-04T05:00:00.000Z","79.97","80.57","79.82","80.55","3,933,912","206.43","76.55","79.75","76.22","1.97","74.85","1.04","0.8440","0.2002","77.38","38.18","18.62","18.62"
"2024-12-05T05:00:00.000Z","80.58","80.60","80.08","80.15","3,453,176","186.41","76.73","80.35","76.35","2.51","75.01","1.13","0.9019","0.2319","77.69","37.06","18.00","19.76"
"2024-12-06T05:00:00.000Z","80.37","80.81","80.29","80.57","2,702,216","181.97","76.92","80.36","76.50","2.95","75.18","1.22","0.9664","0.2579","78.08","36.85","17.21","20.94"
"2024-12-09T05:00:00.000Z","80.33","80.51","79.77","79.97","5,320,360","148.69","77.08","80.27","76.62","3.17","75.32","1.23","1.02","0.2136","78.47","34.87","19.81","21.41"
"2024-12-10T05:00:00.000Z","79.83","79.99","78.55","78.82","4,460,744","101.05","77.19","79.39","76.69","3.20","75.46","1.13","1.04","0.0920","78.72","31.57","25.95","20.58"
"2024-12-11T05:00:00.000Z","79.55","80.27","79.19","80.03","3,645,616","122.42","77.31","79.42","76.83","2.97","75.61","1.14","1.06","0.0785","78.88","30.39","23.54","20.02"
"2024-12-12T05:00:00.000Z","79.60","79.99","79.36","79.68","2,456,536","110.45","77.46","79.85","76.95","2.69","75.77","1.11","1.07","0.0341","79.05","29.06","22.51","19.50"
"2024-12-13T05:00:00.000Z","80.54","80.78","79.44","80.05","2,840,936","119.90","77.70","79.87","77.07","2.47","75.89","1.09","1.08","0.0186","79.22","31.62","20.55","19.62"
"2024-12-16T05:00:00.000Z","80.21","81.08","80.03","81.00","3,427,776","135.65","77.96","80.53","77.21","2.40","76.04","1.15","1.09","0.0584","79.40","31.45","19.14","19.96"
"2024-12-17T05:00:00.000Z","80.44","80.72","79.94","80.50","3,438,968","117.06","78.20","80.75","77.32","2.48","76.18","1.14","1.10","0.0384","79.62","29.29","18.37","20.17"
"2024-12-18T05:00:00.000Z","80.70","80.94","77.39","77.66","8,525,752","49.70","78.31","79.08","77.37","2.27","76.26","0.8906","1.06","-0.1674","79.88","23.44","29.07","19.49"
"2024-12-19T05:00:00.000Z","78.52","78.72","77.62","77.72","6,934,136","22.98","78.35","77.69","77.45","1.83","76.34","0.6917","0.9847","-0.2930","79.92","21.98","27.26","18.87"
"2024-12-20T05:00:00.000Z","77.17","79.55","76.99","78.95","5,290,088","39.43","78.37","78.34","77.55","1.32","76.43","0.6260","0.9130","-0.2870","79.83","23.40","23.56","17.55"
"2024-12-23T05:00:00.000Z","79.26","79.69","78.69","79.68","3,564,808","71.64","78.43","79.32","77.66","0.8752","76.54","0.6256","0.8555","-0.2299","79.78","22.91","22.29","16.39"
"2024-12-24T05:00:00.000Z","79.97","80.56","79.86","80.56","3,483,888","107.50","78.52","80.12","77.79","0.6641","76.66","0.6879","0.8220","-0.1341","79.73","26.57","21.21","16.02"
"2024-12-26T05:00:00.000Z","80.33","80.91","79.98","80.70","3,672,288","110.07","78.62","80.63","77.90","0.7952","76.81","0.7401","0.8056","-0.0655","79.73","27.15","20.11","15.94"
"2024-12-27T05:00:00.000Z","80.24","80.24","78.66","79.44","4,841,904","62.18","78.68","80.07","78.00","0.9993","76.94","0.6721","0.7789","-0.1068","79.72","24.16","25.03","14.93"
"2024-12-30T05:00:00.000Z","78.27","79.11","77.75","78.45","3,900,392","15.56","78.72","78.94","78.14","1.02","77.04","0.5321","0.7295","-0.1974","79.60","22.00","27.60","14.67"
"2024-12-31T05:00:00.000Z","78.69","78.70","77.48","77.72","5,553,080","-11.30","78.80","78.09","78.25","0.7899","77.12","0.3588","0.6554","-0.2966","79.53","20.56","27.25","14.62"
"2025-01-02T05:00:00.000Z","78.38","78.65","76.91","77.67","7,617,800","-29.91","78.87","77.70","78.36","0.3000","77.20","0.2144","0.5672","-0.3528","79.44","18.70","27.74","14.97"
"2025-01-03T05:00:00.000Z","78.13","79.16","78.07","79.11","3,757,856","19.73","78.95","78.39","78.48","-0.0894","77.29","0.2140","0.4966","-0.2825","79.25","19.90","25.59","14.79"
"2025-01-06T05:00:00.000Z","80.13","80.97","79.92","80.20","5,167,480","103.40","79.07","79.66","78.57","0.0222","77.38","0.2979","0.4568","-0.1589","79.25","27.20","23.18","14.30"
"2025-01-07T05:00:00.000Z","80.72","80.73","78.14","78.43","5,126,504","30.33","79.11","79.32","78.58","0.1147","77.44","0.2195","0.4094","-0.1899","79.27","23.83","28.80","13.96"
"2025-01-08T05:00:00.000Z","78.60","78.60","77.49","78.35","3,907,736","-23.88","79.13","78.39","78.59","0.0284","77.49","0.1489","0.3573","-0.2084","79.11","22.54","30.41","14.02"
"2025-01-10T05:00:00.000Z","77.65","77.65","76.14","76.68","6,786,040","-95.71","79.10","77.52","78.56","-0.1798","77.50","-0.0413","0.2775","-0.3189","79.04","20.21","33.56","14.79"
"2025-01-13T05:00:00.000Z","75.38","76.10","75.08","76.05","6,135,456","-147.18","79.04","76.37","78.52","-0.7701","77.53","-0.2400","0.1740","-0.4140","78.90","18.69","36.03","16.00"
"2025-01-14T05:00:00.000Z","76.73","76.96","75.67","76.23","3,346,120","-113.06","79.01","76.14","78.48","-1.57","77.55","-0.3784","0.0636","-0.4419","78.71","21.60","33.83","16.43"
"2025-01-15T05:00:00.000Z","77.45","78.13","77.15","77.92","5,859,136","-38.41","79.01","77.08","78.50","-1.94","77.60","-0.3477","-0.0187","-0.3290","78.51","25.13","30.85","15.99"
"2025-01-16T05:00:00.000Z","78.60","78.61","77.25","77.27","3,018,440","-44.27","78.97","77.60","78.55","-1.96","77.63","-0.3719","-0.0893","-0.2825","78.38","25.77","28.88","15.25"
"2025-01-17T05:00:00.000Z","78.76","78.79","78.06","78.43","3,730,960","-9.44","78.95","77.85","78.62","-1.67","77.67","-0.2937","-0.1302","-0.1635","78.27","24.80","26.82","14.44"
"2025-01-21T05:00:00.000Z","78.74","79.25","78.03","79.08","4,209,496","7.56","78.90","78.75","78.68","-1.11","77.72","-0.1780","-0.1398","-0.0382","78.30","25.54","25.26","13.45"
"2025-01-22T05:00:00.000Z","80.00","80.80","79.92","80.66","6,322,616","104.44","78.92","79.87","78.78","-0.3822","77.82","0.0410","-0.1036","0.1446","78.41","30.75","23.21","13.49"
"2025-01-23T05:00:00.000Z","80.08","80.79","79.91","80.79","3,654,936","100.71","78.93","80.73","78.87","0.1016","77.92","0.2228","-0.0383","0.2612","78.54","29.44","22.28","13.51"
"2025-01-24T05:00:00.000Z","81.09","81.09","79.80","80.02","3,362,232","84.02","78.93","80.40","78.93","0.5496","78.00","0.3008","0.0295","0.2713","78.76","29.05","20.86","13.72"
"2025-01-27T05:00:00.000Z","76.33","77.11","75.15","75.85","12,632,200","-165.65","78.83","77.93","78.88","0.2104","78.01","0.0259","0.0288","-0.0029","78.47","23.13","36.07","14.30"
"2025-01-28T05:00:00.000Z","76.41","78.33","75.60","78.21","4,975,488","-85.42","78.77","77.03","78.89","-0.0254","78.04","-0.0010","0.0228","-0.0238","78.14","25.47","32.12","14.10"
"2025-01-29T05:00:00.000Z","77.92","77.92","76.67","77.48","4,616,000","-87.97","78.70","77.85","78.90","-0.5429","78.08","-0.0806","0.0022","-0.0827","78.09","23.88","30.11","13.92"
"2025-01-30T05:00:00.000Z","77.33","77.86","76.67","77.49","4,323,216","-87.96","78.61","77.48","78.89","-1.08","78.16","-0.1414","-0.0266","-0.1148","78.06","22.70","28.64","13.75"
"2025-01-31T05:00:00.000Z","78.31","78.78","76.84","77.08","5,219,240","-72.14","78.48","77.28","78.85","-1.56","78.22","-0.2203","-0.0653","-0.1550","78.29","24.71","26.35","13.00"
"2025-02-03T05:00:00.000Z","75.19","76.42","74.77","75.98","7,942,160","-162.80","78.33","76.53","78.78","-1.55","78.26","-0.3669","-0.1256","-0.2413","78.17","22.41","32.27","13.36"
"2025-02-04T05:00:00.000Z","76.13","77.08","76.03","77.00","3,393,576","-104.37","78.31","76.49","78.69","-1.54","78.31","-0.3963","-0.1798","-0.2166","78.07","24.13","30.80","13.27"
"2025-02-05T05:00:00.000Z","77.10","78.13","76.94","78.09","5,762,944","-47.96","78.32","77.54","78.64","-1.41","78.33","-0.3282","-0.2094","-0.1188","77.95","27.35","29.25","12.56"
"2025-02-06T05:00:00.000Z","78.18","78.54","77.82","78.38","2,664,824","-16.92","78.30","78.23","78.58","-1.16","78.34","-0.2478","-0.2171","-0.0307","77.91","28.32","28.32","11.67"
"2025-02-07T05:00:00.000Z","78.63","79.00","77.35","77.63","3,815,480","-28.91","78.23","78.00","78.53","-1.02","78.33","-0.2416","-0.2220","-0.0196","77.90","26.26","28.35","11.11"
"2025-02-10T05:00:00.000Z","78.18","78.86","78.18","78.61","3,560,680","3.72","78.17","78.12","78.52","-0.4183","78.34","-0.1561","-0.2088","0.0527","77.76","24.81","26.79","10.59"
"2025-02-11T05:00:00.000Z","78.17","78.94","78.14","78.50","2,774,808","4.48","78.09","78.56","78.48","-0.0320","78.36","-0.0955","-0.1861","0.0907","77.61","24.25","25.80","10.05"
"2025-02-12T05:00:00.000Z","77.49","78.44","77.32","78.40","3,888,336","-21.67","78.06","78.45","78.45","0.0495","78.37","-0.0551","-0.1599","0.1048","77.34","22.89","28.24","10.08"
"2025-02-13T05:00:00.000Z","78.64","79.64","78.55","79.62","3,340,200","54.36","78.10","79.01","78.44","0.2352","78.41","0.0742","-0.1131","0.1873","77.51","27.27","26.56","9.46"
"2025-02-14T05:00:00.000Z","79.50","80.03","79.38","79.98","2,727,480","90.09","78.17","79.80","78.41","0.5558","78.49","0.2038","-0.0497","0.2535","77.75","28.30","25.70","9.12"
"2025-02-18T05:00:00.000Z","80.37","80.59","79.97","80.51","3,443,360","125.91","78.27","80.25","78.41","0.9129","78.57","0.3451","0.0292","0.3159","77.94","30.33","24.87","9.18"
"2025-02-19T05:00:00.000Z","80.48","80.78","79.84","80.46","2,620,464","118.54","78.31","80.49","78.48","1.24","78.63","0.4476","0.1129","0.3347","78.18","29.82","23.63","9.35"
"2025-02-20T05:00:00.000Z","80.50","80.50","79.26","80.19","3,354,392","90.11","78.31","80.32","78.55","1.60","78.69","0.5013","0.1906","0.3107","78.35","27.84","25.18","9.04"
"2025-02-21T05:00:00.000Z","80.35","80.35","77.98","78.02","4,850,944","18.54","78.30","79.10","78.52","1.58","78.70","0.3645","0.2254","0.1391","78.75","24.51","28.64","8.95"
"2025-02-24T05:00:00.000Z","78.27","78.53","76.67","76.88","4,652,952","-62.08","78.25","77.45","78.45","1.17","78.69","0.1624","0.2128","-0.0504","78.91","22.24","32.52","9.65"
"2025-02-25T05:00:00.000Z","76.73","76.74","75.14","75.74","6,431,728","-141.51","78.22","76.31","78.33","0.3756","78.66","-0.0885","0.1525","-0.2410","78.88","20.35","37.21","11.05"
"2025-02-26T05:00:00.000Z","76.32","77.12","75.79","76.31","4,005,784","-105.89","78.23","76.03","78.22","-0.2784","78.63","-0.2389","0.0742","-0.3131","78.74","20.86","34.70","12.04"
"2025-02-27T05:00:00.000Z","77.00","77.00","73.59","73.62","7,045,272","-189.49","78.14","74.97","78.08","-1.07","78.57","-0.5684","-0.0543","-0.5141","78.62","17.68","39.24","13.89"
"2025-02-28T05:00:00.000Z","73.28","74.81","72.66","74.81","7,009,168","-205.14","78.04","74.22","77.99","-2.03","78.52","-0.7253","-0.1885","-0.5368","78.24","16.02","39.63","15.93"
"2025-03-03T05:00:00.000Z","75.12","75.25","71.75","72.30","7,939,152","-229.18","77.87","73.55","77.85","-2.75","78.42","-1.04","-0.3589","-0.6817","78.00","13.76","37.71","18.11"
"2025-03-04T05:00:00.000Z","71.51","73.58","70.72","72.28","9,321,560","-241.74","77.67","72.29","77.72","-3.41","78.31","-1.28","-0.5426","-0.7347","77.54","12.24","37.52","20.45"
"2025-03-05T05:00:00.000Z","72.45","73.52","71.53","73.36","5,185,488","-194.29","77.47","72.82","77.57","-4.08","78.19","-1.36","-0.7063","-0.6550","77.07","11.30","34.64","22.62"
"2025-03-06T05:00:00.000Z","71.79","72.88","70.78","71.11","6,288,968","-220.86","77.16","72.24","77.35","-4.61","78.04","-1.59","-0.8834","-0.7083","76.47","10.21","34.08","24.85"
"2025-03-07T05:00:00.000Z","71.10","72.13","70.02","71.98","6,770,368","-203.69","76.86","71.55","77.18","-4.94","77.89","-1.68","-1.04","-0.6406","75.76","9.41","34.26","27.14"
"2025-03-10T04:00:00.000Z","70.49","70.51","67.99","68.76","11,074,032","-247.31","76.49","70.37","76.94","-5.52","77.71","-1.99","-1.23","-0.7608","74.99","8.11","36.52","29.75"
"2025-03-11T04:00:00.000Z","68.50","69.74","67.80","68.55","7,836,592","-227.04","76.24","68.65","76.74","-5.90","77.54","-2.23","-1.43","-0.7987","74.07","7.57","34.73","32.21"
"2025-03-12T04:00:00.000Z","69.81","70.28","68.75","69.56","6,599,608","-183.99","75.96","69.05","76.58","-6.19","77.36","-2.31","-1.61","-0.7029","73.26","9.01","32.62","33.96"
"2025-03-13T04:00:00.000Z","69.46","69.54","68.00","68.31","6,985,880","-185.33","75.65","68.93","76.38","-6.46","77.17","-2.45","-1.78","-0.6713","72.58","8.51","33.48","35.78"
"2025-03-14T04:00:00.000Z","69.20","70.48","69.20","70.38","5,037,456","-138.61","75.41","69.34","76.19","-6.39","77.01","-2.36","-1.89","-0.4679","72.00","11.18","30.90","36.58"
"2025-03-17T04:00:00.000Z","70.35","71.35","70.12","70.79","3,985,024","-113.10","75.20","70.59","76.03","-5.94","76.84","-2.23","-1.96","-0.2720","71.54","13.84","29.51","36.55"
"2025-03-18T04:00:00.000Z","70.29","70.44","69.48","69.79","4,284,344","-121.42","75.00","70.29","75.81","-5.49","76.66","-2.19","-2.01","-0.1812","71.03","13.16","30.45","36.77"
"2025-03-19T04:00:00.000Z","70.13","71.55","69.88","70.73","4,726,544","-97.41","74.79","70.26","75.60","-5.06","76.55","-2.05","-2.02","-0.0361","70.78","16.49","28.43","36.04"
"2025-03-20T04:00:00.000Z","70.09","71.13","69.93","70.34","4,428,232","-95.95","74.53","70.54","75.35","-4.51","76.42","-1.95","-2.00","0.0498","70.40","15.72","27.12","35.37"
"2025-03-21T04:00:00.000Z","69.47","70.64","69.20","70.58","3,028,240","-96.08","74.27","70.46","75.09","-4.26","76.28","-1.84","-1.97","0.1345","70.24","14.84","28.42","35.08"
"2025-03-24T04:00:00.000Z","71.71","72.16","71.58","71.92","4,049,624","-58.55","74.08","71.25","74.89","-3.93","76.16","-1.61","-1.90","0.2845","70.18","19.92","26.65","33.61"
"2025-03-25T04:00:00.000Z","71.93","72.25","71.80","72.14","2,626,624","-52.48","73.86","72.03","74.80","-3.38","76.02","-1.41","-1.80","0.3944","70.19","19.94","26.15","32.17"
"2025-03-26T04:00:00.000Z","71.90","71.99","70.10","70.40","4,110,792","-72.25","73.59","71.27","74.60","-3.12","75.84","-1.37","-1.71","0.3483","70.26","18.27","30.96","31.71"
"2025-03-27T04:00:00.000Z","69.98","70.25","69.29","69.66","3,713,264","-88.28","73.30","70.03","74.41","-3.03","75.68","-1.38","-1.65","0.2692","70.22","17.41","32.95","31.65"
"2025-03-28T04:00:00.000Z","69.32","69.55","67.64","67.91","6,382,064","-107.68","72.91","68.78","74.17","-3.01","75.50","-1.51","-1.62","0.1088","70.28","15.95","37.05","32.23"
"2025-03-31T04:00:00.000Z","66.60","67.89","65.86","67.80","7,152,824","-122.22","72.51","67.85","73.93","-3.66","75.34","-1.61","-1.62","0.0105","70.03","14.61","41.26","33.34"
"2025-04-01T04:00:00.000Z","67.50","68.44","66.97","68.37","3,973,600","-102.87","72.10","68.08","73.74","-4.21","75.18","-1.62","-1.62","-0.0005","69.88","15.99","38.73","33.92"
"2025-04-02T04:00:00.000Z","67.38","69.53","67.36","68.93","3,593,408","-86.70","71.72","68.65","73.54","-4.45","75.01","-1.56","-1.61","0.0432","69.74","19.01","35.30","33.64"
"2025-04-03T04:00:00.000Z","65.44","65.74","63.82","63.94","14,137,400","-150.85","71.17","66.43","73.19","-5.03","74.74","-1.90","-1.66","-0.2356","69.36","15.52","41.54","34.50"
"2025-04-04T04:00:00.000Z","61.78","62.25","59.54","59.83","22,274,496","-206.49","70.57","61.88","72.72","-6.02","74.43","-2.47","-1.83","-0.6453","68.71","13.27","49.66","36.16"
"2025-04-07T04:00:00.000Z","57.18","62.92","56.38","59.99","21,929,224","-206.48","70.01","59.91","72.28","-6.86","74.13","-2.88","-2.04","-0.8408","67.71","10.76","49.41","38.17"
"2025-04-08T04:00:00.000Z","62.45","63.19","57.69","58.80","12,530,016","-193.44","69.44","59.40","71.79","-7.73","73.83","-3.26","-2.28","-0.9772","67.13","9.91","42.20","39.87"
"2025-04-09T04:00:00.000Z","58.84","67.24","58.81","66.72","16,810,552","-117.76","69.12","62.76","71.49","-8.31","73.67","-2.89","-2.40","-0.4848","66.31","17.31","33.99","39.34"
"2025-04-10T04:00:00.000Z","64.51","64.95","61.53","63.72","9,768,480","-125.85","68.79","65.22","71.13","-8.15","73.47","-2.80","-2.48","-0.3204","65.75","15.33","30.12","38.86"
"2025-04-11T04:00:00.000Z","63.36","65.26","62.90","65.02","5,773,272","-105.87","68.46","64.37","70.76","-7.12","73.25","-2.60","-2.51","-0.0952","65.10","15.22","28.52","38.26"
"2025-04-14T04:00:00.000Z","67.06","67.18","64.83","65.48","6,410,744","-78.47","68.24","65.25","70.40","-5.55","73.05","-2.38","-2.48","0.1030","64.72","18.79","26.99","36.80"
"2025-04-15T04:00:00.000Z","65.56","66.24","65.42","65.72","5,141,216","-75.76","68.02","65.60","70.03","-4.16","72.84","-2.15","-2.41","0.2603","64.38","18.42","26.46","35.45"
"2025-04-16T04:00:00.000Z","63.97","64.63","62.34","63.47","6,375,808","-111.72","67.69","64.60","69.60","-3.72","72.58","-2.14","-2.36","0.2233","63.97","16.93","31.66","35.09"
"2025-04-17T04:00:00.000Z","63.88","63.88","62.80","63.19","4,118,312","-109.50","67.42","63.33","69.18","-3.40","72.29","-2.12","-2.31","0.1922","63.76","16.47","30.80","34.75"
"2025-04-21T04:00:00.000Z","62.18","62.26","60.61","61.47","6,149,744","-135.94","67.07","62.33","68.77","-3.57","71.97","-2.22","-2.29","0.0738","63.35","15.40","34.31","34.98"
"2025-04-22T04:00:00.000Z","62.29","63.39","62.01","62.98","5,443,880","-104.51","66.88","62.23","68.42","-3.96","71.68","-2.15","-2.26","0.1131","62.96","17.54","32.61","34.63"
"2025-04-23T04:00:00.000Z","65.50","66.21","64.65","64.86","5,252,288","-54.76","66.76","63.92","68.15","-3.83","71.50","-1.92","-2.20","0.2724","62.97","23.30","29.93","33.04"
"2025-04-24T04:00:00.000Z","65.44","67.37","65.38","67.30","4,780,952","-23.80","66.68","66.08","67.92","-3.09","71.32","-1.53","-2.06","0.5336","63.25","24.78","28.00","31.12"
"2025-04-25T04:00:00.000Z","67.14","68.48","67.05","68.32","4,045,664","4.68","66.68","67.81","67.79","-2.11","71.17","-1.12","-1.87","0.7532","64.01","26.79","26.93","28.92"
"2025-04-28T04:00:00.000Z","68.28","68.59","67.20","68.19","3,425,240","8.97","66.61","68.25","67.62","-0.7742","71.01","-0.7990","-1.66","0.8602","64.46","26.05","25.90","26.87"
"2025-04-29T04:00:00.000Z","67.94","68.84","67.84","68.52","2,861,824","20.75","66.54","68.35","67.53","0.3670","70.87","-0.5112","-1.43","0.9183","65.16","26.02","25.15","25.07"
"2025-04-30T04:00:00.000Z","67.19","68.89","66.65","68.68","3,406,312","16.35","66.50","68.60","67.44","0.8859","70.75","-0.2670","-1.20","0.9300","65.37","24.33","26.95","23.65"
"2025-05-01T04:00:00.000Z","70.34","71.03","69.85","69.89","4,720,912","68.22","66.47","69.29","67.35","1.65","70.63","0.0241","-0.9528","0.9769","65.91","28.88","25.11","22.46"
"2025-05-02T04:00:00.000Z","70.65","71.27","70.38","70.94","4,379,616","82.96","66.49","70.42","67.35","2.23","70.51","0.3355","-0.6951","1.03","66.18","28.41","24.07","21.45"
"2025-05-05T04:00:00.000Z","70.33","71.00","70.28","70.46","4,140,136","77.28","66.49","70.70","67.31","2.79","70.38","0.5375","-0.4486","0.9861","66.55","27.77","23.84","20.46"
"2025-05-06T04:00:00.000Z","69.44","70.46","69.23","69.87","3,521,104","59.66","66.42","70.16","67.34","3.09","70.25","0.6419","-0.2305","0.8725","66.97","26.65","26.30","19.04"
"2025-05-07T04:00:00.000Z","70.01","70.89","69.38","70.56","3,142,816","67.77","66.37","70.21","67.39","3.58","70.11","0.7721","-0.0300","0.8021","67.44","26.74","24.97","17.93"
"2025-05-08T04:00:00.000Z","71.42","72.09","70.78","71.40","5,878,240","91.63","66.40","70.98","67.43","3.75","70.00","0.9319","0.1624","0.7695","68.15","29.43","23.67","17.42"
"2025-05-09T04:00:00.000Z","71.84","71.94","71.00","71.40","4,076,704","88.92","66.46","71.40","67.51","3.83","69.88","1.05","0.3392","0.7074","68.89","28.45","22.87","16.95"
"2025-05-12T04:00:00.000Z","74.52","74.81","73.75","74.77","6,219,176","148.36","66.69","73.09","67.62","4.49","69.80","1.39","0.5501","0.8436","69.58","34.86","20.24","17.64"
"2025-05-13T04:00:00.000Z","75.08","76.66","75.00","76.44","7,194,024","173.66","66.97","75.61","67.76","5.58","69.74","1.78","0.7966","0.9858","70.32","38.90","18.94","18.84"
"2025-05-14T04:00:00.000Z","76.77","77.25","76.50","76.98","5,817,600","180.39","67.26","76.71","67.94","6.75","69.68","2.11","1.06","1.05","71.06","39.89","18.39","20.13"
"2025-05-15T04:00:00.000Z","76.56","77.34","76.28","76.94","8,249,568","169.70","67.53","76.96","68.10","7.62","69.62","2.34","1.32","1.02","71.70","38.33","18.51","21.19"
"2025-05-16T04:00:00.000Z","77.12","77.12","76.40","77.09","3,166,296","159.81","67.97","77.02","68.27","8.44","69.57","2.50","1.55","0.9513","72.41","37.26","17.99","22.16"
"2025-05-19T04:00:00.000Z","75.90","77.05","75.88","76.89","4,615,984","145.45","68.54","76.99","68.42","8.59","69.55","2.59","1.76","0.8286","73.08","35.47","19.22","22.70"
"2025-05-20T04:00:00.000Z","76.39","76.64","76.05","76.61","2,766,200","136.27","69.09","76.75","68.54","8.44","69.55","2.60","1.93","0.6749","73.54","34.25","18.56","23.20"
"2025-05-21T04:00:00.000Z","75.90","76.94","74.80","75.15","4,540,728","118.07","69.63","75.88","68.62","8.02","69.54","2.47","2.04","0.4320","73.95","31.29","21.99","22.79"
"2025-05-22T04:00:00.000Z","75.16","75.90","75.06","75.27","2,884,488","109.09","69.92","75.21","68.74","7.44","69.52","2.35","2.10","0.2466","74.32","30.18","21.22","22.41"
"2025-05-23T04:00:00.000Z","73.84","74.85","73.76","74.39","4,304,816","87.09","70.27","74.83","68.86","6.56","69.53","2.15","2.11","0.0417","74.66","28.24","25.37","21.19"
"2025-05-27T04:00:00.000Z","75.62","76.32","75.35","76.21","4,449,376","104.90","70.65","75.30","69.06","5.96","69.56","2.12","2.11","0.0085","75.09","32.11","23.31","20.81"
"2025-05-28T04:00:00.000Z","76.31","76.56","75.79","75.87","3,218,696","99.94","70.99","76.04","69.27","5.46","69.62","2.04","2.10","-0.0541","75.46","32.06","22.52","20.58"
"2025-05-29T04:00:00.000Z","77.27","77.27","75.79","76.14","3,829,064","98.41","71.34","76.01","69.46","5.19","69.68","1.98","2.07","-0.0922","75.88","33.09","21.06","20.69"
"2025-05-30T04:00:00.000Z","75.96","76.05","74.65","75.80","3,512,392","81.26","71.75","75.97","69.63","4.81","69.72","1.88","2.04","-0.1521","75.99","30.91","24.70","20.01"
"2025-06-02T04:00:00.000Z","75.63","76.51","75.51","76.48","3,539,264","86.21","72.20","76.14","69.95","4.80","69.81","1.84","2.00","-0.1564","76.03","31.58","23.58","19.62"
"2025-06-03T04:00:00.000Z","76.57","77.75","76.53","77.70","3,754,112","98.06","72.74","77.09","70.39","4.73","69.91","1.88","1.97","-0.0913","76.02","35.46","22.20","19.86"
"2025-06-04T04:00:00.000Z","77.84","78.16","77.56","77.91","3,828,088","101.29","73.23","77.81","70.84","4.72","70.06","1.91","1.96","-0.0503","76.11","36.42","21.57","20.27"
"2025-06-05T04:00:00.000Z","78.16","78.81","77.29","77.56","4,518,376","97.11","73.66","77.74","71.31","4.59","70.21","1.88","1.95","-0.0621","76.19","36.90","19.99","20.95"
"2025-06-06T04:00:00.000Z","78.33","78.72","78.18","78.30","3,384,128","99.43","74.03","77.93","71.60","4.77","70.35","1.90","1.94","-0.0369","76.38","34.82","18.86","21.57"
"2025-06-09T04:00:00.000Z","78.70","79.17","78.56","78.64","4,663,464","99.97","74.37","78.47","71.97","4.83","70.53","1.92","1.93","-0.0152","76.56","35.58","18.03","22.37"
"2025-06-10T04:00:00.000Z","78.69","79.05","78.31","78.97","4,256,128","95.22","74.73","78.81","72.32","4.66","70.67","1.94","1.93","0.0026","76.77","34.22","18.64","22.88"
"2025-06-11T04:00:00.000Z","79.13","79.43","78.33","78.66","3,296,456","91.55","75.07","78.81","72.65","4.47","70.80","1.90","1.93","-0.0240","77.08","34.27","17.56","23.55"
"2025-06-12T04:00:00.000Z","78.55","79.41","78.55","79.22","2,781,664","91.55","75.42","78.94","72.99","4.29","70.96","1.90","1.92","-0.0209","77.44","32.67","16.74","24.17"
"2025-06-13T04:00:00.000Z","78.28","78.81","77.67","77.91","4,944,848","75.22","75.69","78.57","73.35","3.94","71.08","1.77","1.89","-0.1192","77.65","29.94","20.06","23.85"
"2025-06-16T04:00:00.000Z","78.49","79.45","78.49","79.23","4,099,400","87.67","75.96","78.57","73.75","3.63","71.23","1.76","1.87","-0.1075","77.81","30.90","18.43","23.96"
"2025-06-17T04:00:00.000Z","78.84","79.33","78.53","78.65","3,065,248","83.23","76.23","78.94","74.18","3.37","71.36","1.68","1.83","-0.1488","77.93","29.54","17.62","24.05"
"2025-06-18T04:00:00.000Z","78.88","79.32","78.46","78.90","3,743,608","83.60","76.54","78.77","74.58","3.05","71.48","1.62","1.79","-0.1676","78.16","28.11","17.15","24.06"
"2025-06-20T04:00:00.000Z","79.29","79.44","78.17","78.56","3,081,112","79.09","76.80","78.73","74.92","2.77","71.58","1.53","1.74","-0.2085","78.44","26.11","17.54","23.75"
"2025-06-23T04:00:00.000Z","78.45","79.45","77.99","79.39","5,113,816","82.65","77.07","78.98","75.22","2.63","71.73","1.50","1.69","-0.1858","78.59","24.00","17.11","23.25"
"2025-06-24T04:00:00.000Z","80.15","80.92","80.14","80.82","3,946,960","118.99","77.38","80.11","75.53","2.65","71.92","1.58","1.67","-0.0860","78.76","30.04","15.68","23.83"
"2025-06-25T04:00:00.000Z","81.23","81.65","81.19","81.50","7,575,904","137.08","77.61","81.16","75.87","2.81","72.15","1.68","1.67","0.0092","79.00","32.72","14.95","24.79"
"2025-06-26T04:00:00.000Z","81.83","82.18","81.42","82.12","3,713,872","147.08","77.80","81.81","76.21","3.05","72.39","1.78","1.69","0.0923","79.27","34.33","14.29","25.97"
"2025-06-27T04:00:00.000Z","82.35","82.63","81.59","82.07","4,291,432","149.66","77.97","82.09","76.54","3.40","72.61","1.84","1.72","0.1211","79.55","34.86","13.43","27.28"
"2025-06-30T04:00:00.000Z","82.74","83.09","82.34","82.91","4,687,064","161.93","78.16","82.49","76.87","3.86","72.85","1.94","1.77","0.1708","79.86","35.52","12.61","28.73"
"2025-07-01T04:00:00.000Z","82.61","82.81","81.47","82.06","3,962,432","137.60","78.33","82.48","77.15","3.95","73.15","1.92","1.80","0.1223","80.13","32.53","16.63","28.99"
"2025-07-02T04:00:00.000Z","81.93","83.13","81.88","83.10","3,568,456","147.50","78.54","82.58","77.46","3.97","73.54","1.97","1.83","0.1356","80.39","31.99","15.42","29.42"
"2025-07-03T04:00:00.000Z","83.49","84.47","83.40","84.25","2,817,704","177.93","78.79","83.67","77.82","4.19","73.94","2.07","1.88","0.1940","80.79","37.24","14.20","30.51"
"2025-07-07T04:00:00.000Z","83.88","84.09","83.11","83.51","4,606,024","158.80","79.07","83.88","78.14","4.29","74.35","2.07","1.92","0.1558","81.21","34.76","14.95","31.18"
"2025-07-08T04:00:00.000Z","83.81","84.07","83.59","83.90","2,596,432","159.86","79.36","83.71","78.46","4.31","74.64","2.08","1.95","0.1314","81.59","33.58","14.44","31.80"
"2025-07-09T04:00:00.000Z","84.26","84.81","83.87","84.61","3,379,048","168.82","79.70","84.26","78.79","4.52","74.99","2.12","1.98","0.1363","82.00","36.16","13.61","32.77"
"2025-07-10T04:00:00.000Z","84.82","84.87","83.83","84.32","3,234,528","154.09","79.97","84.46","79.03","4.65","75.31","2.10","2.01","0.0960","82.43","34.22","12.73","33.69"
"2025-07-11T04:00:00.000Z","83.88","84.39","83.75","83.79","2,881,856","131.64","80.23","84.06","79.21","4.44","75.61","2.03","2.01","0.0135","82.85","32.81","12.70","34.45"
"2025-07-14T04:00:00.000Z","83.64","84.02","83.00","83.80","3,090,280","112.06","80.49","83.79","79.38","4.18","75.92","1.94","2.00","-0.0570","83.11","30.66","16.68","34.10"
"2025-07-15T04:00:00.000Z","84.83","85.02","84.50","84.51","3,740,704","128.89","80.78","84.15","79.57","4.06","76.27","1.91","1.98","-0.0711","83.39","34.63","15.38","34.41"
"2025-07-16T04:00:00.000Z","84.63","84.94","83.60","84.88","3,271,640","114.90","81.06","84.69","79.76","3.80","76.63","1.89","1.96","-0.0703","83.61","31.72","19.76","33.61"
"2025-07-17T04:00:00.000Z","85.03","85.95","84.92","85.74","3,196,936","130.46","81.33","85.31","79.99","3.74","77.03","1.93","1.95","-0.0291","83.81","35.98","18.43","33.51"
"2025-07-18T04:00:00.000Z","86.14","86.14","85.44","85.69","3,084,312","126.62","81.59","85.72","80.21","3.81","77.41","1.93","1.95","-0.0228","84.07","35.60","17.60","33.54"
"2025-07-21T04:00:00.000Z","85.82","86.45","85.73","85.81","3,498,232","124.28","81.86","85.75","80.48","4.01","77.76","1.91","1.94","-0.0277","84.32","35.88","16.71","33.75"
"2025-07-22T04:00:00.000Z","85.79","85.80","84.27","84.97","3,466,760","97.19","82.08","85.39","80.72","3.80","78.05","1.82","1.92","-0.1005","84.62","32.31","24.46","32.32"
"2025-07-23T04:00:00.000Z","85.35","85.65","84.79","85.65","2,813,048","100.27","82.32","85.31","81.00","3.76","78.34","1.77","1.89","-0.1153","84.76","30.50","23.10","31.00"
"2025-07-24T04:00:00.000Z","85.86","86.09","85.39","85.89","3,299,784","104.97","82.55","85.77","81.25","3.59","78.64","1.74","1.86","-0.1202","84.91","32.03","22.02","30.11"
"2025-07-25T04:00:00.000Z","85.96","86.31","85.75","86.09","2,244,296","106.30","82.79","85.99","81.50","3.40","78.93","1.71","1.83","-0.1215","85.08","32.32","21.16","29.45"
"2025-07-28T04:00:00.000Z","86.47","86.77","86.22","86.77","3,268,472","113.78","83.05","86.43","81.77","3.24","79.23","1.72","1.81","-0.0891","85.25","34.04","20.13","29.18"
"2025-07-29T04:00:00.000Z","87.32","87.74","86.43","86.62","3,550,200","117.65","83.34","86.69","82.04","3.41","79.51","1.69","1.78","-0.0903","85.44","37.68","18.28","29.57"
"2025-07-30T04:00:00.000Z","86.87","87.20","86.23","86.81","3,504,792","109.03","83.59","86.71","82.29","3.47","79.78","1.67","1.76","-0.0904","85.67","35.14","18.39","29.69"
"2025-07-31T04:00:00.000Z","88.16","88.16","85.99","86.31","3,914,512","106.27","83.84","86.56","82.51","3.50","80.04","1.59","1.73","-0.1335","86.02","36.41","15.80","30.39"
"2025-08-01T04:00:00.000Z","85.39","85.41","83.89","84.30","6,751,752","47.67","84.02","85.30","82.67","3.06","80.28","1.36","1.65","-0.2975","86.06","31.15","26.04","28.86"
"2025-08-04T04:00:00.000Z","85.12","86.22","85.12","86.22","4,146,648","78.12","84.28","85.26","82.89","2.67","80.54","1.31","1.58","-0.2775","86.10","32.37","23.19","27.98"
"2025-08-05T04:00:00.000Z","86.45","86.53","85.19","85.44","5,394,016","71.87","84.48","85.83","83.06","2.23","80.77","1.19","1.50","-0.3141","86.21","31.70","21.43","27.36"
"2025-08-06T04:00:00.000Z","85.64","86.56","85.58","86.48","3,959,040","81.97","84.67","85.96","83.26","1.89","81.03","1.17","1.44","-0.2681","86.17","29.86","20.05","26.81"
"2025-08-07T04:00:00.000Z","87.50","87.58","85.81","86.65","4,223,592","92.38","84.84","86.57","83.45","1.58","81.22","1.15","1.38","-0.2275","86.30","32.59","18.07","26.94"
"2025-08-08T04:00:00.000Z","86.97","87.56","86.69","87.42","3,647,008","105.27","85.02","87.03","83.67","1.83","81.41","1.19","1.34","-0.1537","86.39","30.90","17.13","27.07"
"2025-08-11T04:00:00.000Z","87.35","87.79","86.65","86.91","3,946,792","99.63","85.18","87.16","83.86","1.89","81.57","1.16","1.31","-0.1443","86.54","30.19","16.02","27.32"
"2025-08-12T04:00:00.000Z","87.32","88.27","86.78","88.26","6,050,712","117.41","85.36","87.58","84.12","2.02","81.76","1.24","1.29","-0.0565","86.66","30.36","14.67","27.86"
"2025-08-13T04:00:00.000Z","88.76","88.86","88.00","88.41","3,824,544","134.82","85.57","88.34","84.35","2.29","81.95","1.29","1.29","-0.0005","86.87","32.25","13.94","28.70"
"2025-08-14T04:00:00.000Z","87.80","88.34","87.57","88.06","3,273,008","118.05","85.74","88.24","84.59","2.36","82.14","1.29","1.29","0.0003","86.97","30.65","15.78","28.94"
"2025-08-15T04:00:00.000Z","88.01","88.01","87.16","87.51","3,078,920","100.12","85.84","87.78","84.80","2.29","82.32","1.23","1.28","-0.0462","87.03","28.99","17.40","28.66"
"2025-08-18T04:00:00.000Z","87.47","87.81","87.38","87.76","2,436,440","100.93","85.99","87.63","85.03","2.22","82.53","1.20","1.26","-0.0685","87.07","28.20","16.92","28.40"
"2025-08-19T04:00:00.000Z","87.75","87.75","85.92","86.10","4,686,696","58.05","86.06","86.93","85.20","1.94","82.71","1.02","1.21","-0.1962","87.04","25.07","23.87","26.55"
"2025-08-20T04:00:00.000Z","85.87","85.98","84.11","85.49","4,896,336","-3.75","86.09","85.79","85.32","1.19","82.89","0.8191","1.14","-0.3163","87.08","22.19","31.55","25.89"
"2025-08-21T04:00:00.000Z","85.19","85.66","84.83","85.26","5,334,168","-5.76","86.12","85.37","85.41","0.6100","83.04","0.6357","1.04","-0.3998","87.08","21.10","30.00","25.29"
"2025-08-22T04:00:00.000Z","85.18","87.25","84.93","86.77","4,592,208","41.63","86.22","86.02","85.53","0.2378","83.23","0.6053","0.9494","-0.3441","86.98","27.16","26.16","23.62"
"2025-08-25T04:00:00.000Z","86.62","87.13","86.32","86.56","4,037,976","56.37","86.31","86.67","85.64","-0.0224","83.40","0.5578","0.8711","-0.3133","87.06","25.91","24.95","22.06"
"2025-08-26T04:00:00.000Z","86.63","87.12","86.48","87.00","3,585,472","64.20","86.39","86.78","85.74","-0.1022","83.59","0.5495","0.8068","-0.2573","86.99","24.93","24.01","20.62"
"2025-08-27T04:00:00.000Z","87.11","87.73","86.81","87.61","2,866,424","90.20","86.49","87.31","85.88","0.2568","83.77","0.5856","0.7625","-0.1770","87.00","27.23","22.69","19.80"
"2025-08-28T04:00:00.000Z","87.86","88.68","87.46","88.48","3,871,872","133.18","86.58","88.05","86.02","0.7043","83.95","0.6765","0.7453","-0.0689","87.04","30.96","21.04","19.75"
"2025-08-29T04:00:00.000Z","88.12","88.12","86.81","87.13","4,680,848","78.63","86.62","87.81","86.09","0.8632","84.11","0.6318","0.7226","-0.0908","87.10","27.94","22.78","19.06"
"2025-09-02T04:00:00.000Z","85.45","86.25","85.01","86.23","4,950,992","-17.75","86.64","86.68","86.15","0.6197","84.25","0.5177","0.6816","-0.1640","86.85","24.67","30.08","18.41"
"2025-09-03T04:00:00.000Z","86.64","86.86","85.99","86.61","3,955,472","20.96","86.69","86.42","86.22","0.4817","84.39","0.4532","0.6359","-0.1828","86.76","26.91","28.59","17.31"
"2025-09-04T04:00:00.000Z","86.54","87.22","86.04","87.19","2,381,080","40.23","86.74","86.90","86.29","0.3180","84.53","0.4437","0.5975","-0.1538","86.65","27.13","26.67","16.13"
"2025-09-05T04:00:00.000Z","88.00","88.00","86.40","87.35","2,835,000","67.20","86.79","87.27","86.36","0.1018","84.67","0.4438","0.5668","-0.1230","86.69","29.07","24.29","15.62"
"2025-09-08T04:00:00.000Z","87.82","88.31","87.82","88.11","2,410,992","122.47","86.86","87.73","86.47","0.1635","84.83","0.4999","0.5534","-0.0535","86.69","29.23","22.97","15.36"
"2025-09-09T04:00:00.000Z","88.25","88.32","87.56","88.22","2,799,016","116.70","86.91","88.17","86.58","0.5401","84.98","0.5464","0.5520","-0.0056","86.88","27.93","23.46","14.89"
"2025-09-10T04:00:00.000Z","89.64","89.92","88.94","89.37","3,750,808","210.21","87.00","88.79","86.70","1.02","85.17","0.6681","0.5752","0.0929","87.22","34.30","21.19","15.51"
"2025-09-11T04:00:00.000Z","89.94","90.11","89.58","89.85","3,552,048","226.95","87.10","89.61","86.83","1.54","85.35","0.7942","0.6190","0.1752","87.59","33.93","20.27","16.20"
"2025-09-12T04:00:00.000Z","90.03","90.18","89.75","89.95","3,714,656","213.90","87.22","89.90","86.93","1.98","85.53","0.8919","0.6736","0.2183","87.85","33.47","19.73","16.89"
"2025-09-15T04:00:00.000Z","90.11","90.83","89.99","90.83","3,265,456","227.86","87.44","90.39","87.06","2.33","85.73","1.03","0.7446","0.2841","88.12","35.67","18.64","17.92"
"2025-09-16T04:00:00.000Z","90.98","90.98","90.36","90.52","3,315,072","209.53","87.58","90.67","87.18","2.77","85.93","1.10","0.8156","0.2840","88.41","35.24","17.90","18.97"
"2025-09-17T04:00:00.000Z","90.44","90.55","89.23","90.19","3,436,480","159.46","87.74","90.35","87.31","2.77","86.11","1.12","0.8757","0.2403","88.61","32.29","23.62","18.72"
"2025-09-18T04:00:00.000Z","91.31","92.02","90.95","91.79","4,126,872","226.04","87.92","90.99","87.46","2.97","86.29","1.24","0.9493","0.2945","88.86","37.68","20.98","19.42"
"2025-09-19T04:00:00.000Z","92.19","92.72","91.80","92.65","2,749,112","237.81","88.12","92.22","87.63","3.20","86.48","1.40","1.04","0.3592","89.38","39.84","19.76","20.44"
"2025-09-22T04:00:00.000Z","92.49","94.20","92.38","94.14","5,513,344","257.34","88.34","93.39","87.83","3.56","86.68","1.62","1.16","0.4669","89.83","44.28","17.62","22.06"
"2025-09-23T04:00:00.000Z","94.04","94.19","92.86","93.18","5,918,240","220.07","88.55","93.66","87.99","3.90","86.87","1.70","1.27","0.4377","90.40","40.82","16.24","23.56"
"2025-09-24T04:00:00.000Z","93.36","93.36","91.82","92.38","3,327,696","166.53","88.69","92.78","88.14","4.25","87.02","1.68","1.35","0.3343","90.82","37.18","20.83","23.89"
"2025-09-25T04:00:00.000Z","91.40","92.34","90.78","92.10","3,681,056","126.03","88.81","92.24","88.27","4.12","87.19","1.63","1.40","0.2218","91.09","33.81","24.82","23.28"
"2025-09-26T04:00:00.000Z","92.21","92.41","91.47","92.34","3,423,584","126.25","88.96","92.22","88.42","3.92","87.35","1.58","1.44","0.1418","91.40","32.38","23.46","22.76"
"2025-09-29T04:00:00.000Z","93.01","93.44","92.72","92.89","4,015,520","144.97","89.14","92.62","88.64","3.70","87.49","1.57","1.47","0.1067","91.65","36.27","21.97","22.89"
"2025-09-30T04:00:00.000Z","92.89","93.39","92.60","93.33","3,553,072","135.86","89.32","93.11","88.81","3.43","87.65","1.58","1.49","0.0934","91.88","34.57","21.65","22.89"
"2025-10-01T04:00:00.000Z","92.90","94.11","92.83","94.06","3,445,656","141.33","89.59","93.70","89.03","3.46","87.82","1.63","1.52","0.1136","92.10","36.25","20.00","23.32"
"2025-10-02T04:00:00.000Z","95.00","95.06","94.25","94.75","3,612,944","157.65","89.89","94.41","89.24","3.88","87.99","1.71","1.56","0.1501","92.48","39.81","18.80","24.21"
"2025-10-03T04:00:00.000Z","94.86","95.35","94.05","94.46","3,510,920","144.28","90.20","94.60","89.43","4.23","88.16","1.72","1.59","0.1324","92.78","38.46","17.34","25.19"
"2025-10-06T04:00:00.000Z","95.46","95.77","95.08","95.27","4,390,576","152.14","90.48","94.87","89.63","4.47","88.35","1.78","1.63","0.1518","93.16","37.95","15.99","26.30"
"2025-10-07T04:00:00.000Z","95.76","95.86","93.84","94.40","4,089,248","125.74","90.75","94.84","89.81","4.60","88.53","1.73","1.65","0.0854","93.50","33.61","21.21","26.03"
"2025-10-08T04:00:00.000Z","94.64","96.01","94.64","96.00","3,750,600","137.12","91.05","95.20","90.01","4.67","88.72","1.81","1.68","0.1267","93.69","31.44","19.31","25.88"
"2025-10-09T04:00:00.000Z","96.04","96.20","95.44","95.95","3,929,824","134.14","91.32","95.98","90.20","4.59","88.90","1.84","1.71","0.1275","93.97","31.15","18.47","25.86"
"2025-10-10T04:00:00.000Z","96.27","96.45","91.99","92.04","9,367,672","74.77","91.44","94.00","90.30","4.26","89.01","1.53","1.68","-0.1440","94.14","24.44","31.16","24.87"
"2025-10-13T04:00:00.000Z","94.22","94.67","93.59","94.44","4,733,320","86.93","91.69","93.24","90.47","3.78","89.16","1.46","1.63","-0.1690","94.20","21.50","27.41","23.96"
"2025-10-14T04:00:00.000Z","93.12","94.09","92.06","93.23","5,322,592","58.89","91.92","93.83","90.61","3.24","89.28","1.30","1.57","-0.2678","94.34","19.25","31.27","23.95"
"2025-10-15T04:00:00.000Z","94.57","94.84","92.85","94.10","3,563,904","73.38","92.17","93.66","90.81","2.75","89.43","1.22","1.50","-0.2746","94.52","20.84","28.56","23.35"
"2025-10-16T04:00:00.000Z","94.63","94.92","93.16","93.79","3,780,704","70.76","92.39","93.95","91.01","2.22","89.57","1.13","1.42","-0.2975","94.64","19.63","26.39","22.73"
"2025-10-17T04:00:00.000Z","93.16","94.23","92.67","94.02","3,244,800","60.40","92.61","93.91","91.23","1.89","89.70","1.06","1.35","-0.2947","94.66","18.31","26.71","22.44"
"2025-10-20T04:00:00.000Z","94.61","95.59","94.54","95.27","3,604,664","93.15","92.85","94.65","91.44","1.80","89.86","1.09","1.30","-0.2099","94.79","22.98","24.89","21.12"
"2025-10-21T04:00:00.000Z","95.19","95.56","94.71","95.18","2,721,560","90.44","93.08","95.22","91.66","1.95","90.00","1.09","1.26","-0.1638","94.81","22.10","23.94","19.90"
"2025-10-22T04:00:00.000Z","95.06","95.28","92.85","94.05","4,139,952","60.41","93.24","94.61","91.84","1.78","90.12","0.9945","1.20","-0.2095","94.82","19.77","29.48","19.89"
"2025-10-23T04:00:00.000Z","94.05","95.46","94.01","95.28","2,950,632","80.08","93.42","94.67","92.03","1.70","90.26","1.00","1.16","-0.1596","94.72","19.29","27.61","19.74"
"2025-10-24T04:00:00.000Z","96.41","97.05","96.31","96.77","5,260,704","123.85","93.65","96.03","92.24","2.09","90.44","1.12","1.16","-0.0357","94.77","24.72","25.49","18.43"
"2025-10-27T04:00:00.000Z","98.14","98.54","97.95","98.50","4,771,720","162.73","93.90","97.63","92.52","2.42","90.67","1.33","1.19","0.1438","95.04","29.28","23.53","17.90"
"2025-10-28T04:00:00.000Z","99.08","99.89","98.69","99.52","4,771,888","186.90","94.20","99.01","92.85","2.97","90.89","1.57","1.27","0.3029","95.27","33.40","22.10","18.07"
"2025-10-29T04:00:00.000Z","100.42","100.87","99.50","100.19","5,081,800","204.92","94.54","99.85","93.19","3.88","91.14","1.79","1.37","0.4180","95.59","35.71","20.75","18.67"
"2025-10-30T04:00:00.000Z","99.51","99.95","98.82","98.87","3,943,328","171.58","94.77","99.53","93.48","4.54","91.35","1.84","1.46","0.3715","96.00","33.53","22.49","18.75"
"2025-10-31T04:00:00.000Z","100.06","100.06","98.57","99.15","3,932,704","166.07","94.99","99.01","93.78","4.80","91.55","1.87","1.55","0.3275","96.53","31.28","22.12","18.63"
"2025-11-03T05:00:00.000Z","100.18","100.28","99.00","99.49","4,188,816","166.37","95.17","99.32","94.06","4.82","91.76","1.91","1.62","0.2905","96.96","30.44","20.83","18.64"
"2025-11-04T05:00:00.000Z","97.70","98.34","96.67","96.81","5,288,176","92.16","95.29","98.15","94.28","4.24","91.92","1.70","1.64","0.0659","97.20","26.73","28.35","17.52"
"2025-11-05T05:00:00.000Z","96.78","98.05","96.58","97.21","4,642,048","87.45","95.45","97.01","94.47","3.49","92.07","1.55","1.62","-0.0677","97.48","25.03","26.90","16.53"
"2025-11-06T05:00:00.000Z","97.26","97.34","94.83","95.30","5,976,992","39.21","95.56","96.25","94.61","2.72","92.18","1.26","1.55","-0.2844","97.68","22.39","31.43","16.55"
"2025-11-07T05:00:00.000Z","94.39","95.17","92.83","95.17","5,781,312","-10.51","95.65","95.24","94.74","1.63","92.30","1.01","1.44","-0.4276","97.62","20.15","36.40","17.42"
"2025-11-10T05:00:00.000Z","96.96","97.74","96.32","97.55","4,790,312","78.81","95.81","96.36","94.91","1.01","92.47","0.9947","1.35","-0.3565","97.77","28.20","32.73","16.70"
"2025-11-11T05:00:00.000Z","96.89","97.03","96.01","96.66","3,946,136","53.52","95.92","97.10","95.06","0.6948","92.62","0.8987","1.26","-0.3620","97.98","26.48","31.96","16.18"
"2025-11-12T05:00:00.000Z","97.41","97.41","96.23","96.77","2,886,632","57.57","96.01","96.72","95.23","0.4407","92.80","0.8219","1.17","-0.3510","98.06","26.76","30.42","15.48"
"2025-11-13T05:00:00.000Z","96.25","96.25","93.56","94.05","5,619,520","-23.74","95.98","95.41","95.28","0.1185","92.94","0.5350","1.05","-0.5104","97.91","23.46","36.93","15.97"
"2025-11-14T05:00:00.000Z","92.28","95.38","91.94","94.53","6,139,496","-50.72","95.99","94.29","95.33","0.0336","93.09","0.3429","0.9048","-0.5619","97.39","20.54","38.21","16.98"
"2025-11-17T05:00:00.000Z","93.59","94.58","92.21","92.96","4,692,824","-76.40","95.91","93.75","95.30","-0.7052","93.20","0.0633","0.7365","-0.6732","96.87","18.80","34.96","17.91"
"2025-11-18T05:00:00.000Z","92.18","92.57","90.69","91.57","5,809,752","-133.27","95.81","92.27","95.26","-1.63","93.28","-0.2673","0.5358","-0.8030","96.30","17.29","37.51","19.27"
"2025-11-19T05:00:00.000Z","91.69","93.28","91.38","92.20","4,179,688","-108.10","95.69","91.89","95.26","-2.46","93.37","-0.4736","0.3339","-0.8075","95.66","18.66","34.97","20.06"
"2025-11-20T05:00:00.000Z","94.44","94.75","89.23","89.46","9,250,680","-148.19","95.47","90.83","95.19","-2.96","93.40","-0.8479","0.0976","-0.9454","95.22","15.40","35.65","21.46"
"2025-11-21T05:00:00.000Z","89.56","91.06","87.87","89.86","8,729,760","-196.85","95.40","89.66","95.13","-3.63","93.42","-1.10","-0.1419","-0.9578","94.59","13.89","36.32","23.12"
"2025-11-24T05:00:00.000Z","90.51","92.31","90.41","92.12","5,136,360","-122.47","95.32","90.99","95.11","-3.93","93.50","-1.10","-0.3344","-0.7699","94.11","16.68","33.60","23.87"
"2025-11-25T05:00:00.000Z","91.25","92.61","89.97","92.40","4,708,968","-117.55","95.29","92.26","95.09","-3.88","93.61","-1.07","-0.4821","-0.5908","93.65","15.34","32.24","24.71"
"2025-11-26T05:00:00.000Z","93.28","93.81","92.68","93.37","2,914,840","-61.35","95.27","92.88","95.07","-3.62","93.72","-0.9590","-0.5774","-0.3815","93.56","18.42","30.82","24.74"
"2025-11-28T05:00:00.000Z","93.60","94.04","93.33","94.03","1,737,688","-42.78","95.28","93.70","95.05","-3.26","93.83","-0.8063","-0.6232","-0.1831","93.30","18.73","30.11","24.64"
"2025-12-01T05:00:00.000Z","93.11","94.31","92.79","93.99","3,324,816","-44.83","95.28","94.01","95.04","-2.43","93.94","-0.6806","-0.6347","-0.0459","93.01","17.77","30.36","24.74"
"2025-12-02T05:00:00.000Z","94.64","95.61","94.39","94.96","5,298,888","-1.49","95.27","94.48","95.03","-1.76","94.06","-0.4963","-0.6070","0.1107","92.80","21.21","28.67","24.05"
"2025-12-03T05:00:00.000Z","94.54","95.23","94.04","95.14","3,022,888","-7.71","95.26","95.05","95.05","-1.11","94.17","-0.3323","-0.5521","0.2198","92.67","20.32","28.69","23.55"
"2025-12-04T05:00:00.000Z","95.28","95.75","94.85","95.58","3,091,232","12.27","95.32","95.36","95.04","-0.7396","94.28","-0.1647","-0.4746","0.3099","92.90","21.54","27.75","22.76"
"2025-12-05T05:00:00.000Z","95.93","96.52","95.56","96.00","2,866,400","33.31","95.34","95.79","95.04","-0.3437","94.38","0.0015","-0.3794","0.3809","93.08","23.69","26.74","21.57"
"2025-12-08T05:00:00.000Z","96.52","97.22","96.32","96.83","3,098,296","55.84","95.34","96.42","95.16","0.2495","94.49","0.1986","-0.2638","0.4624","93.41","25.28","25.46","20.05"
"2025-12-09T05:00:00.000Z","96.63","97.26","96.41","97.05","2,296,400","56.52","95.29","96.94","95.22","0.5667","94.60","0.3676","-0.1375","0.5051","93.79","24.58","24.57","18.62"
"2025-12-10T05:00:00.000Z","96.84","97.70","96.25","97.39","3,363,008","60.00","95.22","97.22","95.33","0.9494","94.71","0.5236","-0.0053","0.5289","93.98","24.93","23.11","17.56"
"2025-12-11T05:00:00.000Z","96.46","97.10","95.20","97.04","4,366,104","36.11","95.12","97.22","95.40","1.08","94.83","0.6119","0.1181","0.4937","94.51","22.73","25.28","16.69"
"2025-12-12T05:00:00.000Z","96.44","96.51","94.01","94.24","5,752,104","-14.97","94.96","95.64","95.41","0.9626","94.87","0.4505","0.1846","0.2659","94.96","20.08","26.93","16.54"
"2025-12-15T05:00:00.000Z","94.86","95.03","93.03","93.19","3,850,120","-53.92","94.76","93.71","95.39","0.5379","94.88","0.2350","0.1947","0.0403","95.24","18.55","28.62","16.88"
"2025-12-16T05:00:00.000Z","92.88","93.58","92.57","93.33","3,084,448","-70.09","94.56","93.26","95.34","-0.0314","94.86","0.0752","0.1708","-0.0956","95.21","17.81","29.29","17.42"
"2025-12-17T05:00:00.000Z","93.41","93.43","91.27","91.30","4,332,080","-101.43","94.38","92.32","95.25","-0.7264","94.83","-0.2130","0.0940","-0.3071","95.20","16.32","31.87","18.48"
"2025-12-18T05:00:00.000Z","93.02","93.24","92.13","92.58","3,403,144","-78.87","94.22","91.94","95.21","-1.22","94.83","-0.3347","0.0083","-0.3430","95.19","15.09","29.48","19.46"
"2025-12-19T05:00:00.000Z","93.28","94.51","93.24","94.44","4,752,440","-34.22","94.19","93.51","95.19","-1.34","94.87","-0.2775","-0.0489","-0.2286","95.08","18.87","27.28","19.37"
"2025-12-22T05:00:00.000Z","95.59","95.59","94.82","95.10","3,510,160","0.5687","94.19","94.77","95.15","-0.9728","94.92","-0.1772","-0.0745","-0.1027","95.16","22.30","26.04","18.54"
"2025-12-23T05:00:00.000Z","94.76","95.64","94.56","95.63","2,706,760","6.53","94.13","95.36","95.08","-0.4971","94.97","-0.0542","-0.0705","0.0162","95.12","21.32","25.93","17.92"
"2025-12-24T05:00:00.000Z","95.48","95.90","95.42","95.79","1,401,608","24.46","94.10","95.71","94.98","0.2137","95.01","0.0556","-0.0453","0.1008","95.09","22.02","25.40","17.14"
"2025-12-26T05:00:00.000Z","95.97","96.16","95.69","95.90","2,635,688","37.19","94.07","95.84","94.88","0.8667","95.04","0.1495","-0.0063","0.1558","95.05","22.74","24.85","16.24"
"2025-12-29T05:00:00.000Z","95.17","95.77","94.95","95.39","8,392,080","22.15","94.11","95.64","94.79","1.12","95.05","0.1807","0.0311","0.1496","94.94","21.73","27.20","15.88"
"2025-12-30T05:00:00.000Z","95.39","95.68","95.11","95.11","2,807,016","24.57","94.13","95.25","94.69","1.21","95.06","0.1811","0.0611","0.1200","94.82","21.12","26.44","15.54"
"2025-12-31T05:00:00.000Z","95.28","95.39","94.17","94.22","3,168,448","1.79","94.17","94.67","94.56","1.20","95.04","0.1085","0.0706","0.0379","94.73","19.85","29.49","15.83"
"2026-01-02T05:00:00.000Z","95.24","95.89","93.92","94.50","4,808,608","12.00","94.27","94.36","94.50","1.10","95.04","0.0723","0.0709","0.0013","94.64","20.33","26.68","15.66"
"2026-01-05T05:00:00.000Z","95.56","95.75","94.43","94.68","5,078,240","23.42","94.35","94.59","94.43","0.9293","95.02","0.0574","0.0682","-0.0108","94.69","19.02","24.97","15.51"
"2026-01-06T05:00:00.000Z","95.11","95.87","94.64","95.81","4,504,336","46.19","94.57","95.24","94.45","0.8614","95.02","0.1356","0.0817","0.0539","94.87","18.46","23.45","15.25"
"2026-01-07T05:00:00.000Z","95.72","96.26","95.43","95.76","4,481,824","60.70","94.76","95.79","94.46","0.8795","95.08","0.1914","0.1036","0.0878","95.04","19.66","22.47","14.64"
"2026-01-08T05:00:00.000Z","95.34","95.34","93.78","94.35","4,573,216","4.56","94.84","95.06","94.38","0.7485","95.08","0.1203","0.1070","0.0134","95.22","17.74","28.42","15.24"
"2026-01-09T05:00:00.000Z","94.42","95.51","94.00","95.25","4,109,832","26.87","94.93","94.80","94.35","0.6478","95.11","0.1346","0.1125","0.0221","95.31","17.26","26.31","15.64"
"2026-01-12T05:00:00.000Z","94.63","96.02","94.51","95.69","4,642,392","52.71","95.01","95.47","94.32","0.5864","95.14","0.1797","0.1259","0.0537","95.24","18.48","24.36","15.50"
"2026-01-13T05:00:00.000Z","95.69","96.15","95.12","95.55","4,013,968","60.44","95.06","95.62","94.36","0.4812","95.17","0.2019","0.1411","0.0608","95.31","18.16","23.11","15.25"
"2026-01-14T05:00:00.000Z","95.00","95.19","93.59","94.41","5,286,168","2.03","95.07","94.98","94.35","0.1001","95.17","0.1260","0.1381","-0.0121","95.27","16.42","28.40","16.07"
"2026-01-15T05:00:00.000Z","95.82","96.12","94.80","94.92","5,040,024","42.82","95.07","94.66","94.40","0.1576","95.17","0.1057","0.1316","-0.0259","95.26","19.58","26.05","15.94"
"2026-01-16T05:00:00.000Z","95.57","95.69","94.62","94.87","3,213,296","29.62","95.06","94.89","94.49","0.1821","95.16","0.0846","0.1222","-0.0376","95.29","18.55","25.55","15.93"
"2026-01-20T05:00:00.000Z","93.13","93.81","92.19","92.34","7,499,080","-90.28","94.96","93.60","94.49","-0.2504","95.14","-0.1349","0.0708","-0.2057","95.12","16.25","33.66","17.28"
"2026-01-21T05:00:00.000Z","92.92","94.32","92.25","93.58","5,095,448","-65.17","94.87","92.96","94.59","-0.7124","95.11","-0.2065","0.0153","-0.2219","94.93","17.03","30.50","18.07"
"2026-01-22T05:00:00.000Z","94.74","94.81","93.84","94.28","3,702,656","-22.83","94.79","93.93","94.70","-0.7042","95.07","-0.2040","-0.0285","-0.1754","94.90","18.32","28.76","18.37"
"2026-01-23T05:00:00.000Z","94.19","94.82","93.67","94.37","3,481,280","-30.95","94.70","94.33","94.76","-0.9359","95.00","-0.1922","-0.0613","-0.1310","94.79","17.33","28.02","18.74"
"2026-01-26T05:00:00.000Z","94.51","95.42","94.29","95.05","3,166,400","7.39","94.62","94.71","94.82","-0.9830","94.92","-0.1266","-0.0743","-0.0523","94.75","19.26","26.51","18.53"
"2026-01-27T05:00:00.000Z","95.80","96.54","95.56","96.24","3,556,480","93.43","94.60","95.65","94.90","-0.3735","94.86","0.0206","-0.0553","0.0760","94.75","23.22","24.64","17.42"
"2026-01-28T05:00:00.000Z","97.01","97.29","96.44","96.90","3,789,208","144.27","94.68","96.57","94.97","0.3395","94.82","0.1884","-0.0066","0.1950","94.88","25.71","23.37","16.52"
"2026-01-29T05:00:00.000Z","95.86","95.88","92.81","95.10","6,393,864","-30.74","94.75","96.00","95.00","0.4165","94.76","0.1744","0.0296","0.1448","94.99","21.17","34.91","17.09"
"2026-01-30T05:00:00.000Z","94.58","95.06","92.91","93.49","4,362,904","-86.04","94.75","94.30","94.96","0.4528","94.66","0.0329","0.0303","0.0027","94.99","19.21","31.68","17.62"
"2026-02-02T05:00:00.000Z","93.07","94.79","93.05","94.13","4,427,192","-70.18","94.85","93.81","94.93","0.3309","94.61","-0.0271","0.0188","-0.0459","94.79","17.80","29.36","18.11"
"2026-02-03T05:00:00.000Z","94.43","94.48","90.77","92.06","7,667,280","-168.12","94.83","93.09","94.85","-0.2766","94.53","-0.2395","-0.0329","-0.2066","94.74","15.24","33.98","19.53"
"2026-02-04T05:00:00.000Z","91.65","91.90","88.87","90.22","8,434,392","-274.87","94.69","91.14","94.70","-1.47","94.44","-0.5496","-0.1362","-0.4134","94.42","13.45","37.01","21.47"
"2026-02-05T05:00:00.000Z","89.57","90.42","88.21","88.57","6,142,840","-308.38","94.47","89.39","94.50","-2.36","94.33","-0.9181","-0.2926","-0.6255","93.96","12.36","36.43","23.46"
"2026-02-06T05:00:00.000Z","90.17","92.74","89.92","92.44","5,075,656","-148.07","94.36","90.50","94.38","-2.86","94.25","-0.8872","-0.4115","-0.4757","93.73","18.45","31.29","23.63"
"2026-02-09T05:00:00.000Z","92.17","94.32","91.79","93.93","4,159,024","-53.66","94.30","93.19","94.29","-3.05","94.20","-0.7339","-0.4760","-0.2579","93.67","22.18","28.65","22.85"
"2026-02-10T05:00:00.000Z","94.36","94.49","93.47","93.53","3,084,896","-23.57","94.22","93.73","94.21","-2.78","94.15","-0.6375","-0.5083","-0.1292","93.64","22.00","27.64","22.03"
"2026-02-11T05:00:00.000Z","94.81","94.89","92.66","93.60","2,903,280","-28.43","94.16","93.56","94.19","-2.06","94.14","-0.5494","-0.5165","-0.0329","93.69","20.30","28.31","21.64"
"2026-02-12T05:00:00.000Z","94.06","94.24","91.05","91.20","5,183,960","-110.01","94.03","92.40","94.14","-1.32","94.08","-0.6651","-0.5462","-0.1188","93.66","18.16","30.64","21.92"
"2026-02-13T05:00:00.000Z","91.68","92.28","90.34","91.35","3,519,904","-146.89","93.94","91.28","94.09","-1.20","94.06","-0.7365","-0.5843","-0.1522","93.34","16.98","31.04","22.44"
"2026-02-17T05:00:00.000Z","90.78","92.05","89.73","91.39","3,371,192","-156.24","93.83","91.37","94.09","-1.48","94.05","-0.7813","-0.6237","-0.1576","92.86","15.67","30.66","23.15"
"2026-02-18T05:00:00.000Z","91.74","93.00","91.29","92.23","2,917,280","-97.28","93.75","91.81","94.08","-1.75","94.05","-0.7400","-0.6469","-0.0931","92.54","17.98","28.89","23.16"
"2026-02-19T05:00:00.000Z","91.72","92.09","91.24","91.83","2,650,520","-111.39","93.62","92.03","94.02","-2.07","94.09","-0.7311","-0.6638","-0.0673","92.32","17.35","28.08","23.19"
"2026-02-20T05:00:00.000Z","91.22","92.94","91.07","92.20","3,047,496","-88.57","93.50","92.02","93.95","-2.11","94.13","-0.6864","-0.6683","-0.0181","92.18","19.22","26.22","22.63"
"2026-02-23T05:00:00.000Z","91.89","92.14","90.48","90.86","3,569,651","-122.12","93.39","91.53","93.83","-2.01","94.11","-0.7507","-0.6848","-0.0659","91.99","18.05","26.71","22.40"
"2026-02-24T05:00:00.000Z","91.18","92.55","90.76","92.16","2,796,948","-86.22","93.28","91.51","93.74","-1.75","94.11","-0.6883","-0.6855","-0.0028","91.95","18.39","25.00","21.89"
"2026-02-25T05:00:00.000Z","92.84","94.17","92.75","93.91","3,939,389","-4.25","93.22","93.04","93.69","-1.44","94.12","-0.4924","-0.6469","0.1545","92.20","22.85","23.20","20.38"
"2026-02-26T05:00:00.000Z","94.00","94.00","91.56","92.52","3,160,724","-43.34","93.12","93.22","93.61","-1.12","94.09","-0.4437","-0.6062","0.1625","92.50","20.88","25.42","19.63"
"2026-02-27T05:00:00.000Z","90.83","91.57","90.42","90.84","4,237,331","-115.75","93.00","91.68","93.51","-1.22","94.04","-0.5350","-0.5920","0.0570","92.39","19.33","27.53","19.47"
"2026-03-02T05:00:00.000Z","89.59","92.00","89.50","91.74","3,877,924","-102.73","92.90","91.29","93.45","-1.22","93.98","-0.5287","-0.5793","0.0506","92.03","17.66","28.34","19.74"
"2026-03-03T05:00:00.000Z","89.57","91.00","88.77","90.46","10,904,410","-135.83","92.75","91.10","93.34","-1.41","93.91","-0.6196","-0.5874","-0.0322","91.62","15.90","27.97","20.30"
"2026-03-04T05:00:00.000Z","91.00","92.13","90.69","91.64","2,790,353","-72.39","92.73","91.05","93.27","-1.70","93.84","-0.5895","-0.5878","-0.0017","91.39","18.86","26.38","20.03"
"2026-03-05T05:00:00.000Z","91.16","92.40","90.33","91.66","3,611,202","-69.62","92.66","91.65","93.17","-1.89","93.77","-0.5578","-0.5818","0.0240","91.35","17.52","25.76","19.96"
"2026-03-06T05:00:00.000Z","90.28","91.46","89.51","89.88","3,296,592","-112.85","92.52","90.77","93.02","-1.85","93.65","-0.6686","-0.5992","-0.0695","91.31","16.24","26.67","20.27"
"2026-03-09T04:00:00.000Z","88.86","91.75","88.65","91.48","4,331,355","-93.34","92.42","90.68","92.95","-1.81","93.56","-0.6198","-0.6033","-0.0165","91.09","14.58","26.76","20.93"
"2026-03-10T04:00:00.000Z","91.46","92.53","90.95","91.50","4,539,535","-48.46","92.30","91.49","92.85","-1.40","93.46","-0.5732","-0.5973","0.0240","91.07","16.43","25.34","20.96"
"2026-03-11T04:00:00.000Z","92.05","92.56","91.25","91.88","2,370,744","-35.98","92.16","91.69","92.76","-1.26","93.38","-0.4999","-0.5778","0.0779","91.13","15.80","24.19","20.96"
"2026-03-12T04:00:00.000Z","91.20","91.38","89.99","90.08","3,788,356","-93.54","91.93","90.98","92.62","-1.29","93.31","-0.5800","-0.5782","-0.0018","91.08","14.76","26.98","21.55"
"2026-03-13T04:00:00.000Z","90.58","91.32","89.14","89.31","3,292,138","-112.93","91.74","89.69","92.49","-1.22","93.24","-0.6983","-0.6023","-0.0960","91.03","13.64","27.88","22.46"
"2026-03-16T04:00:00.000Z","90.51","91.52","90.43","90.62","3,323,354","-69.20","91.64","89.96","92.39","-0.9559","93.20","-0.6782","-0.6174","-0.0607","90.85","13.27","25.76","23.14"
"2026-03-17T04:00:00.000Z","90.92","91.50","90.56","90.92","2,542,813","-60.47","91.53","90.77","92.29","-0.9504","93.19","-0.6302","-0.6200","-0.0102","90.62","12.82","24.89","23.78"
"2026-03-18T04:00:00.000Z","90.78","91.30","89.97","89.98","2,521,523","-83.70","91.46","90.45","92.23","-1.02","93.15","-0.6608","-0.6282","-0.0326","90.61","12.20","25.81","24.64"
"2026-03-19T04:00:00.000Z","88.84","90.71","88.49","90.22","3,402,335","-107.49","91.46","90.10","92.14","-1.10","93.08","-0.6586","-0.6342","-0.0243","90.55","11.22","29.13","26.05"
"2026-03-20T04:00:00.000Z","89.95","89.95","87.54","88.14","5,389,853","-158.73","91.45","89.18","91.99","-1.24","92.96","-0.8147","-0.6703","-0.1444","90.58","10.15","29.73","27.69"
"2026-03-23T04:00:00.000Z","89.78","90.80","89.05","89.55","4,144,697","-97.55","91.35","88.85","91.87","-1.33","92.86","-0.8152","-0.6993","-0.1159","90.49","12.16","27.00","28.42"
"2026-03-24T04:00:00.000Z","88.78","89.52","88.22","88.99","2,956,480","-135.73","91.19","89.27","91.72","-1.65","92.75","-0.8514","-0.7297","-0.1217","90.31","11.59","28.66","29.42"
"2026-03-25T04:00:00.000Z","89.88","90.33","89.28","89.56","2,543,925","-94.39","91.06","89.27","91.55","-1.80","92.64","-0.8246","-0.7487","-0.0759","90.28","13.96","27.27","29.63"
"2026-03-26T04:00:00.000Z","88.53","88.93","86.96","87.00","5,991,634","-197.80","90.84","88.28","91.30","-2.09","92.50","-0.9977","-0.7985","-0.1992","90.25","12.67","32.98","30.69"
"2026-03-27T04:00:00.000Z","86.42","86.56","84.90","85.13","10,060,459","-285.86","90.63","86.07","91.05","-2.53","92.33","-1.27","-0.8932","-0.3788","89.86","11.73","37.85","32.26"
"2026-03-30T04:00:00.000Z","85.94","86.13","83.09","83.59","7,485,593","-309.31","90.38","84.36","90.81","-3.35","92.16","-1.60","-1.03","-0.5615","89.39","10.51","40.10","34.13"
"2026-03-31T04:00:00.000Z","84.63","87.39","84.57","87.22","5,690,711","-192.45","90.24","85.40","90.63","-3.69","92.04","-1.54","-1.14","-0.4057","88.89","13.32","35.16","34.91"
"2026-04-01T04:00:00.000Z","88.08","89.05","87.82","88.33","4,288,175","-95.93","90.11","87.77","90.54","-3.81","91.93","-1.39","-1.19","-0.2051","88.69","17.94","33.05","34.54"
"2026-04-02T04:00:00.000Z","86.40","89.13","86.10","89.08","3,590,071","-102.40","90.01","88.71","90.51","-3.73","91.82","-1.20","-1.19","-0.0100","88.38","16.21","35.36","34.72"
"2026-04-06T04:00:00.000Z","89.28","89.83","88.94","89.53","2,979,314","-46.73","89.93","89.30","90.54","-2.94","91.71","-0.9986","-1.15","0.1521","88.25","18.08","34.31","34.45"
"2026-04-07T04:00:00.000Z","89.06","89.83","87.70","89.81","4,506,807","-57.04","89.89","89.67","90.47","-2.04","91.64","-0.8081","-1.08","0.2741","88.12","16.79","35.99","34.59"
"2026-04-08T04:00:00.000Z","93.39","93.69","91.83","92.39","5,088,476","93.60","89.90","91.10","90.43","-0.7048","91.59","-0.4438","-0.9545","0.5107","88.47","26.88","31.59","32.70"
"2026-04-09T04:00:00.000Z","92.38","92.57","91.50","92.52","3,213,134","78.21","89.85","92.45","90.41","0.0036","91.54","-0.1428","-0.7922","0.6494","88.66","25.94","31.57","31.06"
"2026-04-10T04:00:00.000Z","92.83","93.48","92.50","92.91","3,282,031","113.70","89.86","92.71","90.39","1.05","91.49","0.1258","-0.6086","0.7344","88.89","28.18","30.51","29.13"
"2026-04-13T04:00:00.000Z","92.59","94.85","92.53","94.78","3,631,417","155.71","90.00","93.85","90.48","1.84","91.50","0.4842","-0.3900","0.8743","89.18","30.59","28.13","27.35"
"2026-04-14T04:00:00.000Z","95.63","96.26","95.25","96.25","5,971,403","216.93","90.15","95.52","90.60","3.12","91.52","0.8770","-0.1366","1.01","89.63","33.91","26.69","26.24"
"2026-04-15T04:00:00.000Z","96.50","98.09","96.49","98.00","5,603,293","252.32","90.40","97.13","90.77","3.91","91.57","1.31","0.1535","1.16","90.24","38.10","24.99","25.85"
"2026-04-16T04:00:00.000Z","98.47","99.09","97.58","98.99","4,996,677","262.26","90.64","98.50","90.94","5.01","91.69","1.72","0.4669","1.25","91.17","39.62","23.65","25.81"
"2026-04-17T04:00:00.000Z","100.27","100.94","100.00","100.70","6,283,093","288.24","90.94","99.85","91.16","6.22","91.80","2.16","0.8046","1.35","92.27","43.45","22.01","26.30"
"2026-04-20T04:00:00.000Z","100.52","101.17","99.99","101.14","5,049,988","257.97","91.32","100.92","91.38","7.31","91.92","2.51","1.15","1.36","93.49","42.41","21.07","26.83"
"2026-04-21T04:00:00.000Z","101.57","102.17","100.65","101.02","3,932,768","236.81","91.64","101.08","91.64","8.11","92.03","2.74","1.46","1.28","94.53","43.75","19.87","27.59"
"2026-04-22T04:00:00.000Z","102.05","103.05","101.55","103.03","3,867,798","231.95","92.02","102.03","91.91","8.79","92.16","3.06","1.78","1.28","95.73","43.72","18.38","28.54"
"2026-04-23T04:00:00.000Z","102.21","102.76","100.25","101.57","4,806,574","189.43","92.35","102.30","92.10","9.12","92.25","3.15","2.06","1.10","96.73","39.35","21.21","28.64"
"2026-04-24T04:00:00.000Z","102.95","104.27","102.31","104.16","4,139,060","202.40","92.81","102.87","92.39","9.31","92.37","3.40","2.33","1.07","97.80","40.92","19.21","29.17"
"2026-04-27T04:00:00.000Z","103.86","104.33","103.04","104.32","4,182,980","183.98","93.31","104.24","92.73","9.54","92.53","3.57","2.57","0.9919","98.60","39.24","18.31","29.68"
"2026-04-28T04:00:00.000Z","102.17","103.17","101.58","102.67","3,531,923","145.21","93.72","103.50","93.00","9.42","92.68","3.52","2.76","0.7599","99.35","35.47","21.67","29.29"
"2026-04-29T04:00:00.000Z","103.00","103.13","102.26","103.13","3,541,105","137.00","94.12","102.90","93.32","9.18","92.83","3.49","2.91","0.5788","100.14","34.34","20.98","28.92"
"2026-04-30T04:00:00.000Z","103.39","103.60","101.58","103.18","4,354,092","124.73","94.56","103.16","93.61","9.04","93.01","3.42","3.01","0.4117","100.97","31.81","21.93","28.17"
"2026-05-01T04:00:00.000Z","104.10","105.12","103.98","104.85","3,780,452","136.81","95.05","104.02","93.94","8.87","93.26","3.47","3.10","0.3644","101.62","35.09","20.38","28.05"
"2026-05-04T04:00:00.000Z","105.25","105.59","104.11","104.95","3,673,295","128.61","95.61","104.90","94.31","8.70","93.53","3.47","3.18","0.2938","102.29","34.91","19.26","28.11"
"2026-05-05T04:00:00.000Z","105.89","107.07","105.63","106.81","4,915,905","136.03","96.19","105.88","94.70","9.04","93.77","3.58","3.26","0.3239","102.86","37.63","17.75","28.67"
"2026-05-06T04:00:00.000Z","108.00","109.62","107.45","109.56","4,629,321","149.32","96.87","108.19","95.15","9.69","94.03","3.85","3.38","0.4716","103.46","42.96","15.97","29.89"
"2026-05-07T04:00:00.000Z","110.00","110.97","108.99","109.50","4,368,471","146.68","97.54","109.53","95.59","10.56","94.30","4.01","3.50","0.5048","104.19","44.74","14.84","31.34"
"2026-05-08T04:00:00.000Z","110.58","112.48","110.34","112.44","3,946,989","153.65","98.39","110.97","96.15","11.27","94.61","4.32","3.67","0.6549","104.88","45.36","13.32","33.00"
"2026-05-11T04:00:00.000Z","112.41","114.03","112.32","113.72","4,822,098","156.46","99.34","113.08","96.76","12.25","94.99","4.62","3.86","0.7629","105.68","48.06","12.52","34.84"
"2026-05-12T04:00:00.000Z","112.88","113.36","110.00","112.30","5,205,262","133.36","100.30","113.01","97.30","12.65","95.34","4.69","4.02","0.6648","106.50","42.16","18.64","35.11"
"2026-05-13T04:00:00.000Z","113.41","114.02","111.75","113.45","4,045,081","134.98","101.17","112.88","97.86","12.84","95.70","4.78","4.17","0.6052","107.30","41.20","17.25","35.53"
"2026-05-14T04:00:00.000Z","114.00","115.62","113.63","115.19","5,493,872","140.88","102.07","114.32","98.49","12.98","96.09","4.93","4.33","0.6091","108.08","43.52","16.02","36.29"
"2026-05-15T04:00:00.000Z","113.35","114.89","112.18","113.31","5,467,354","122.36","102.87","114.25","99.07","12.59","96.44","4.85","4.43","0.4202","108.94","39.33","19.12","36.17"
"2026-05-18T04:00:00.000Z","114.14","114.20","110.65","112.13","6,326,065","107.61","103.63","112.72","99.67","11.62","96.78","4.64","4.47","0.1641","109.80","35.04","21.73","35.26"
"2026-05-19T04:00:00.000Z","111.24","112.57","110.20","111.52","4,918,911","95.87","104.35","111.83","100.22","10.81","97.12","4.37","4.45","-0.0847","110.40","32.49","21.53","34.19"
"2026-05-20T04:00:00.000Z","112.33","113.97","111.81","113.83","4,997,012","106.53","105.06","112.68","100.84","10.10","97.48","4.29","4.42","-0.1294","111.04","34.34","19.92","33.64"
"2026-05-21T04:00:00.000Z","113.43","114.90","113.12","114.49","3,680,537","110.00","105.80","114.16","101.46","9.20","97.82","4.23","4.38","-0.1488","111.67","35.33","18.82","33.42"
"2026-05-22T04:00:00.000Z","115.51","116.50","115.14","115.75","3,715,972","118.80","106.56","115.12","102.18","8.88","98.21","4.24","4.35","-0.1127","112.41","38.12","17.63","33.66"
"2026-05-26T04:00:00.000Z","117.30","118.62","116.88","118.05","5,046,927","131.33","107.33","116.90","103.00","9.09","98.66","4.38","4.36","0.0230","113.12","41.28","16.07","34.39"
"2026-05-27T04:00:00.000Z","118.49","118.70","116.35","117.38","4,810,511","122.48","108.04","117.72","103.85","9.59","99.09","4.39","4.36","0.0243","113.77","38.30","16.54","34.77"
"2026-05-28T04:00:00.000Z","117.69","119.30","117.18","118.95","4,002,796","124.77","108.74","118.17","104.64","9.89","99.57","4.47","4.39","0.0843","114.32","37.64","15.46","35.27"
"2026-05-29T04:00:00.000Z","120.17","121.50","120.03","121.06","4,929,307","137.71","109.47","120.01","105.46","10.42","100.06","4.65","4.44","0.2121","114.92","41.45","14.24","36.24"